OpenROAD 41a51eaf4ca2171c92ff38afb91eb37bbd3f36da 
This program is licensed under the BSD-3 license. See the LICENSE file for details.
Components of this program may be licensed under more restrictive licenses which must be honored.
[INFO]: Reading ODB at '/home/zerotoasic/Documents/proyecto3/arqui-comp-proyecto-3/runs/computer_final/tmp/placement/7-global.odb'…
define_corners Typical
read_liberty -corner Typical /home/zerotoasic/asic_tools/pdk/sky130A/libs.ref/sky130_fd_sc_hd/lib/sky130_fd_sc_hd__tt_025C_1v80.lib
Using 1e-12 for capacitance...
Using 1e+03 for resistance...
Using 1e-09 for time...
Using 1e+00 for voltage...
Using 1e-03 for current...
Using 1e-09 for power...
Using 1e-06 for distance...
Reading design constraints file at '/home/zerotoasic/Documents/proyecto3/arqui-comp-proyecto-3/runs/computer_final/tmp/floorplan/3-initial_fp.sdc'…
[INFO]: Setting RC values...
min_report

===========================================================================
report_checks -path_delay min (Hold)
============================================================================
======================= Typical Corner ===================================

Startpoint: _401_ (rising edge-triggered flip-flop clocked by clk)
Endpoint: _401_ (rising edge-triggered flip-flop clocked by clk)
Path Group: clk
Path Type: min

Fanout     Cap    Slew   Delay    Time   Description
-----------------------------------------------------------------------------
                  0.15    0.00    0.00   clock clk (rise edge)
                          0.00    0.00   clock network delay (ideal)
                  0.15    0.00    0.00 ^ _401_/CLK (sky130_fd_sc_hd__dfrtp_2)
                  0.13    0.43    0.43 ^ _401_/Q (sky130_fd_sc_hd__dfrtp_2)
     8    0.03                           U_PC.pc[3] (net)
                  0.13    0.00    0.43 ^ _366_/B1 (sky130_fd_sc_hd__o21a_2)
                  0.03    0.13    0.57 ^ _366_/X (sky130_fd_sc_hd__o21a_2)
     1    0.00                           U_PC.next_pc[3] (net)
                  0.03    0.00    0.57 ^ _401_/D (sky130_fd_sc_hd__dfrtp_2)
                                  0.57   data arrival time

                  0.15    0.00    0.00   clock clk (rise edge)
                          0.00    0.00   clock network delay (ideal)
                          0.25    0.25   clock uncertainty
                          0.00    0.25   clock reconvergence pessimism
                                  0.25 ^ _401_/CLK (sky130_fd_sc_hd__dfrtp_2)
                         -0.02    0.23   library hold time
                                  0.23   data required time
-----------------------------------------------------------------------------
                                  0.23   data required time
                                 -0.57   data arrival time
-----------------------------------------------------------------------------
                                  0.33   slack (MET)


Startpoint: _399_ (rising edge-triggered flip-flop clocked by clk)
Endpoint: _398_ (rising edge-triggered flip-flop clocked by clk)
Path Group: clk
Path Type: min

Fanout     Cap    Slew   Delay    Time   Description
-----------------------------------------------------------------------------
                  0.15    0.00    0.00   clock clk (rise edge)
                          0.00    0.00   clock network delay (ideal)
                  0.15    0.00    0.00 ^ _399_/CLK (sky130_fd_sc_hd__dfrtp_2)
                  0.18    0.47    0.47 ^ _399_/Q (sky130_fd_sc_hd__dfrtp_2)
     9    0.04                           U_PC.pc[1] (net)
                  0.18    0.00    0.47 ^ _357_/A1 (sky130_fd_sc_hd__a21bo_2)
                  0.03    0.14    0.61 ^ _357_/X (sky130_fd_sc_hd__a21bo_2)
     1    0.00                           U_PC.next_pc[0] (net)
                  0.03    0.00    0.61 ^ _398_/D (sky130_fd_sc_hd__dfrtp_2)
                                  0.61   data arrival time

                  0.15    0.00    0.00   clock clk (rise edge)
                          0.00    0.00   clock network delay (ideal)
                          0.25    0.25   clock uncertainty
                          0.00    0.25   clock reconvergence pessimism
                                  0.25 ^ _398_/CLK (sky130_fd_sc_hd__dfrtp_2)
                         -0.02    0.23   library hold time
                                  0.23   data required time
-----------------------------------------------------------------------------
                                  0.23   data required time
                                 -0.61   data arrival time
-----------------------------------------------------------------------------
                                  0.38   slack (MET)


Startpoint: _418_ (rising edge-triggered flip-flop clocked by clk)
Endpoint: _418_ (rising edge-triggered flip-flop clocked by clk)
Path Group: clk
Path Type: min

Fanout     Cap    Slew   Delay    Time   Description
-----------------------------------------------------------------------------
                  0.15    0.00    0.00   clock clk (rise edge)
                          0.00    0.00   clock network delay (ideal)
                  0.15    0.00    0.00 ^ _418_/CLK (sky130_fd_sc_hd__dfrtp_2)
                  0.33    0.57    0.57 ^ _418_/Q (sky130_fd_sc_hd__dfrtp_2)
     5    0.07                           B_out[0] (net)
                  0.33    0.00    0.57 ^ _301_/A1 (sky130_fd_sc_hd__a21oi_2)
                  0.06    0.08    0.65 v _301_/Y (sky130_fd_sc_hd__a21oi_2)
     1    0.00                           _044_ (net)
                  0.06    0.00    0.65 v _418_/D (sky130_fd_sc_hd__dfrtp_2)
                                  0.65   data arrival time

                  0.15    0.00    0.00   clock clk (rise edge)
                          0.00    0.00   clock network delay (ideal)
                          0.25    0.25   clock uncertainty
                          0.00    0.25   clock reconvergence pessimism
                                  0.25 ^ _418_/CLK (sky130_fd_sc_hd__dfrtp_2)
                         -0.02    0.23   library hold time
                                  0.23   data required time
-----------------------------------------------------------------------------
                                  0.23   data required time
                                 -0.65   data arrival time
-----------------------------------------------------------------------------
                                  0.42   slack (MET)


Startpoint: _412_ (rising edge-triggered flip-flop clocked by clk)
Endpoint: _412_ (rising edge-triggered flip-flop clocked by clk)
Path Group: clk
Path Type: min

Fanout     Cap    Slew   Delay    Time   Description
-----------------------------------------------------------------------------
                  0.15    0.00    0.00   clock clk (rise edge)
                          0.00    0.00   clock network delay (ideal)
                  0.15    0.00    0.00 ^ _412_/CLK (sky130_fd_sc_hd__dfrtp_2)
                  0.25    0.52    0.52 ^ _412_/Q (sky130_fd_sc_hd__dfrtp_2)
     2    0.05                           last_opcode_out[3] (net)
                  0.25    0.00    0.52 ^ _336_/A1 (sky130_fd_sc_hd__a21o_2)
                  0.03    0.15    0.67 ^ _336_/X (sky130_fd_sc_hd__a21o_2)
     1    0.00                           _038_ (net)
                  0.03    0.00    0.67 ^ _412_/D (sky130_fd_sc_hd__dfrtp_2)
                                  0.67   data arrival time

                  0.15    0.00    0.00   clock clk (rise edge)
                          0.00    0.00   clock network delay (ideal)
                          0.25    0.25   clock uncertainty
                          0.00    0.25   clock reconvergence pessimism
                                  0.25 ^ _412_/CLK (sky130_fd_sc_hd__dfrtp_2)
                         -0.02    0.23   library hold time
                                  0.23   data required time
-----------------------------------------------------------------------------
                                  0.23   data required time
                                 -0.67   data arrival time
-----------------------------------------------------------------------------
                                  0.44   slack (MET)


Startpoint: _417_ (rising edge-triggered flip-flop clocked by clk)
Endpoint: _417_ (rising edge-triggered flip-flop clocked by clk)
Path Group: clk
Path Type: min

Fanout     Cap    Slew   Delay    Time   Description
-----------------------------------------------------------------------------
                  0.15    0.00    0.00   clock clk (rise edge)
                          0.00    0.00   clock network delay (ideal)
                  0.15    0.00    0.00 ^ _417_/CLK (sky130_fd_sc_hd__dfrtp_2)
                  0.17    0.53    0.53 v _417_/Q (sky130_fd_sc_hd__dfrtp_2)
     3    0.06                           flags_out[3] (net)
                  0.17    0.00    0.53 v _313_/A (sky130_fd_sc_hd__nand2_2)
                  0.06    0.09    0.62 ^ _313_/Y (sky130_fd_sc_hd__nand2_2)
     1    0.00                           _146_ (net)
                  0.06    0.00    0.62 ^ _314_/B1 (sky130_fd_sc_hd__o41ai_2)
                  0.03    0.06    0.68 v _314_/Y (sky130_fd_sc_hd__o41ai_2)
     1    0.00                           _043_ (net)
                  0.03    0.00    0.68 v _417_/D (sky130_fd_sc_hd__dfrtp_2)
                                  0.68   data arrival time

                  0.15    0.00    0.00   clock clk (rise edge)
                          0.00    0.00   clock network delay (ideal)
                          0.25    0.25   clock uncertainty
                          0.00    0.25   clock reconvergence pessimism
                                  0.25 ^ _417_/CLK (sky130_fd_sc_hd__dfrtp_2)
                         -0.01    0.24   library hold time
                                  0.24   data required time
-----------------------------------------------------------------------------
                                  0.24   data required time
                                 -0.68   data arrival time
-----------------------------------------------------------------------------
                                  0.44   slack (MET)


Startpoint: _406_ (rising edge-triggered flip-flop clocked by clk)
Endpoint: _406_ (rising edge-triggered flip-flop clocked by clk)
Path Group: clk
Path Type: min

Fanout     Cap    Slew   Delay    Time   Description
-----------------------------------------------------------------------------
                  0.15    0.00    0.00   clock clk (rise edge)
                          0.00    0.00   clock network delay (ideal)
                  0.15    0.00    0.00 ^ _406_/CLK (sky130_fd_sc_hd__dfrtp_2)
                  0.26    0.52    0.52 ^ _406_/Q (sky130_fd_sc_hd__dfrtp_2)
     3    0.05                           A_out[4] (net)
                  0.26    0.00    0.52 ^ _348_/A1 (sky130_fd_sc_hd__o21a_2)
                  0.03    0.16    0.68 ^ _348_/X (sky130_fd_sc_hd__o21a_2)
     1    0.00                           _032_ (net)
                  0.03    0.00    0.68 ^ _406_/D (sky130_fd_sc_hd__dfrtp_2)
                                  0.68   data arrival time

                  0.15    0.00    0.00   clock clk (rise edge)
                          0.00    0.00   clock network delay (ideal)
                          0.25    0.25   clock uncertainty
                          0.00    0.25   clock reconvergence pessimism
                                  0.25 ^ _406_/CLK (sky130_fd_sc_hd__dfrtp_2)
                         -0.02    0.23   library hold time
                                  0.23   data required time
-----------------------------------------------------------------------------
                                  0.23   data required time
                                 -0.68   data arrival time
-----------------------------------------------------------------------------
                                  0.45   slack (MET)


Startpoint: _408_ (rising edge-triggered flip-flop clocked by clk)
Endpoint: _408_ (rising edge-triggered flip-flop clocked by clk)
Path Group: clk
Path Type: min

Fanout     Cap    Slew   Delay    Time   Description
-----------------------------------------------------------------------------
                  0.15    0.00    0.00   clock clk (rise edge)
                          0.00    0.00   clock network delay (ideal)
                  0.15    0.00    0.00 ^ _408_/CLK (sky130_fd_sc_hd__dfrtp_2)
                  0.27    0.52    0.52 ^ _408_/Q (sky130_fd_sc_hd__dfrtp_2)
     3    0.06                           A_out[6] (net)
                  0.27    0.00    0.52 ^ _344_/A1 (sky130_fd_sc_hd__o21a_2)
                  0.03    0.17    0.69 ^ _344_/X (sky130_fd_sc_hd__o21a_2)
     1    0.00                           _034_ (net)
                  0.03    0.00    0.69 ^ _408_/D (sky130_fd_sc_hd__dfrtp_2)
                                  0.69   data arrival time

                  0.15    0.00    0.00   clock clk (rise edge)
                          0.00    0.00   clock network delay (ideal)
                          0.25    0.25   clock uncertainty
                          0.00    0.25   clock reconvergence pessimism
                                  0.25 ^ _408_/CLK (sky130_fd_sc_hd__dfrtp_2)
                         -0.02    0.23   library hold time
                                  0.23   data required time
-----------------------------------------------------------------------------
                                  0.23   data required time
                                 -0.69   data arrival time
-----------------------------------------------------------------------------
                                  0.46   slack (MET)


Startpoint: _400_ (rising edge-triggered flip-flop clocked by clk)
Endpoint: _400_ (rising edge-triggered flip-flop clocked by clk)
Path Group: clk
Path Type: min

Fanout     Cap    Slew   Delay    Time   Description
-----------------------------------------------------------------------------
                  0.15    0.00    0.00   clock clk (rise edge)
                          0.00    0.00   clock network delay (ideal)
                  0.15    0.00    0.00 ^ _400_/CLK (sky130_fd_sc_hd__dfrtp_2)
                  0.16    0.45    0.45 ^ _400_/Q (sky130_fd_sc_hd__dfrtp_2)
     7    0.03                           U_PC.pc[2] (net)
                  0.16    0.00    0.45 ^ _363_/A (sky130_fd_sc_hd__xnor2_2)
                  0.03    0.12    0.57 ^ _363_/Y (sky130_fd_sc_hd__xnor2_2)
     1    0.00                           _178_ (net)
                  0.03    0.00    0.57 ^ _364_/B1 (sky130_fd_sc_hd__o2bb2a_2)
                  0.04    0.15    0.72 ^ _364_/X (sky130_fd_sc_hd__o2bb2a_2)
     1    0.00                           U_PC.next_pc[2] (net)
                  0.04    0.00    0.72 ^ _400_/D (sky130_fd_sc_hd__dfrtp_2)
                                  0.72   data arrival time

                  0.15    0.00    0.00   clock clk (rise edge)
                          0.00    0.00   clock network delay (ideal)
                          0.25    0.25   clock uncertainty
                          0.00    0.25   clock reconvergence pessimism
                                  0.25 ^ _400_/CLK (sky130_fd_sc_hd__dfrtp_2)
                         -0.02    0.23   library hold time
                                  0.23   data required time
-----------------------------------------------------------------------------
                                  0.23   data required time
                                 -0.72   data arrival time
-----------------------------------------------------------------------------
                                  0.49   slack (MET)


Startpoint: _415_ (rising edge-triggered flip-flop clocked by clk)
Endpoint: _415_ (rising edge-triggered flip-flop clocked by clk)
Path Group: clk
Path Type: min

Fanout     Cap    Slew   Delay    Time   Description
-----------------------------------------------------------------------------
                  0.15    0.00    0.00   clock clk (rise edge)
                          0.00    0.00   clock network delay (ideal)
                  0.15    0.00    0.00 ^ _415_/CLK (sky130_fd_sc_hd__dfrtp_2)
                  0.27    0.53    0.53 ^ _415_/Q (sky130_fd_sc_hd__dfrtp_2)
     2    0.06                           flags_out[1] (net)
                  0.27    0.00    0.53 ^ _327_/B2 (sky130_fd_sc_hd__a2bb2o_2)
                  0.03    0.20    0.73 ^ _327_/X (sky130_fd_sc_hd__a2bb2o_2)
     1    0.00                           _041_ (net)
                  0.03    0.00    0.73 ^ _415_/D (sky130_fd_sc_hd__dfrtp_2)
                                  0.73   data arrival time

                  0.15    0.00    0.00   clock clk (rise edge)
                          0.00    0.00   clock network delay (ideal)
                          0.25    0.25   clock uncertainty
                          0.00    0.25   clock reconvergence pessimism
                                  0.25 ^ _415_/CLK (sky130_fd_sc_hd__dfrtp_2)
                         -0.02    0.23   library hold time
                                  0.23   data required time
-----------------------------------------------------------------------------
                                  0.23   data required time
                                 -0.73   data arrival time
-----------------------------------------------------------------------------
                                  0.49   slack (MET)


Startpoint: _424_ (rising edge-triggered flip-flop clocked by clk)
Endpoint: _424_ (rising edge-triggered flip-flop clocked by clk)
Path Group: clk
Path Type: min

Fanout     Cap    Slew   Delay    Time   Description
-----------------------------------------------------------------------------
                  0.15    0.00    0.00   clock clk (rise edge)
                          0.00    0.00   clock network delay (ideal)
                  0.15    0.00    0.00 ^ _424_/CLK (sky130_fd_sc_hd__dfrtp_2)
                  0.33    0.56    0.56 ^ _424_/Q (sky130_fd_sc_hd__dfrtp_2)
     6    0.07                           B_out[6] (net)
                  0.33    0.00    0.56 ^ _272_/A1 (sky130_fd_sc_hd__a21o_2)
                  0.03    0.17    0.73 ^ _272_/X (sky130_fd_sc_hd__a21o_2)
     1    0.00                           _050_ (net)
                  0.03    0.00    0.73 ^ _424_/D (sky130_fd_sc_hd__dfrtp_2)
                                  0.73   data arrival time

                  0.15    0.00    0.00   clock clk (rise edge)
                          0.00    0.00   clock network delay (ideal)
                          0.25    0.25   clock uncertainty
                          0.00    0.25   clock reconvergence pessimism
                                  0.25 ^ _424_/CLK (sky130_fd_sc_hd__dfrtp_2)
                         -0.02    0.23   library hold time
                                  0.23   data required time
-----------------------------------------------------------------------------
                                  0.23   data required time
                                 -0.73   data arrival time
-----------------------------------------------------------------------------
                                  0.50   slack (MET)


Startpoint: _414_ (rising edge-triggered flip-flop clocked by clk)
Endpoint: _414_ (rising edge-triggered flip-flop clocked by clk)
Path Group: clk
Path Type: min

Fanout     Cap    Slew   Delay    Time   Description
-----------------------------------------------------------------------------
                  0.15    0.00    0.00   clock clk (rise edge)
                          0.00    0.00   clock network delay (ideal)
                  0.15    0.00    0.00 ^ _414_/CLK (sky130_fd_sc_hd__dfrtp_2)
                  0.29    0.54    0.54 ^ _414_/Q (sky130_fd_sc_hd__dfrtp_2)
     2    0.06                           flags_out[0] (net)
                  0.29    0.00    0.54 ^ _333_/B2 (sky130_fd_sc_hd__a2bb2o_2)
                  0.03    0.21    0.74 ^ _333_/X (sky130_fd_sc_hd__a2bb2o_2)
     1    0.00                           _040_ (net)
                  0.03    0.00    0.74 ^ _414_/D (sky130_fd_sc_hd__dfrtp_2)
                                  0.74   data arrival time

                  0.15    0.00    0.00   clock clk (rise edge)
                          0.00    0.00   clock network delay (ideal)
                          0.25    0.25   clock uncertainty
                          0.00    0.25   clock reconvergence pessimism
                                  0.25 ^ _414_/CLK (sky130_fd_sc_hd__dfrtp_2)
                         -0.02    0.23   library hold time
                                  0.23   data required time
-----------------------------------------------------------------------------
                                  0.23   data required time
                                 -0.74   data arrival time
-----------------------------------------------------------------------------
                                  0.51   slack (MET)


Startpoint: _401_ (rising edge-triggered flip-flop clocked by clk)
Endpoint: _419_ (rising edge-triggered flip-flop clocked by clk)
Path Group: clk
Path Type: min

Fanout     Cap    Slew   Delay    Time   Description
-----------------------------------------------------------------------------
                  0.15    0.00    0.00   clock clk (rise edge)
                          0.00    0.00   clock network delay (ideal)
                  0.15    0.00    0.00 ^ _401_/CLK (sky130_fd_sc_hd__dfrtp_2)
                  0.13    0.43    0.43 ^ _401_/Q (sky130_fd_sc_hd__dfrtp_2)
     8    0.03                           U_PC.pc[3] (net)
                  0.13    0.00    0.43 ^ _232_/A (sky130_fd_sc_hd__nor3_2)
                  0.11    0.13    0.56 v _232_/Y (sky130_fd_sc_hd__nor3_2)
     9    0.04                           _073_ (net)
                  0.11    0.00    0.56 v _300_/A1 (sky130_fd_sc_hd__a21o_2)
                  0.03    0.20    0.76 v _300_/X (sky130_fd_sc_hd__a21o_2)
     1    0.00                           _045_ (net)
                  0.03    0.00    0.76 v _419_/D (sky130_fd_sc_hd__dfrtp_2)
                                  0.76   data arrival time

                  0.15    0.00    0.00   clock clk (rise edge)
                          0.00    0.00   clock network delay (ideal)
                          0.25    0.25   clock uncertainty
                          0.00    0.25   clock reconvergence pessimism
                                  0.25 ^ _419_/CLK (sky130_fd_sc_hd__dfrtp_2)
                         -0.01    0.24   library hold time
                                  0.24   data required time
-----------------------------------------------------------------------------
                                  0.24   data required time
                                 -0.76   data arrival time
-----------------------------------------------------------------------------
                                  0.52   slack (MET)


Startpoint: _398_ (rising edge-triggered flip-flop clocked by clk)
Endpoint: _399_ (rising edge-triggered flip-flop clocked by clk)
Path Group: clk
Path Type: min

Fanout     Cap    Slew   Delay    Time   Description
-----------------------------------------------------------------------------
                  0.15    0.00    0.00   clock clk (rise edge)
                          0.00    0.00   clock network delay (ideal)
                  0.15    0.00    0.00 ^ _398_/CLK (sky130_fd_sc_hd__dfrtp_2)
                  0.16    0.45    0.45 ^ _398_/Q (sky130_fd_sc_hd__dfrtp_2)
    10    0.03                           U_PC.pc[0] (net)
                  0.16    0.00    0.45 ^ _358_/A2 (sky130_fd_sc_hd__o21a_2)
                  0.04    0.14    0.59 ^ _358_/X (sky130_fd_sc_hd__o21a_2)
     2    0.01                           _174_ (net)
                  0.04    0.00    0.59 ^ _360_/B (sky130_fd_sc_hd__or3_2)
                  0.03    0.09    0.68 ^ _360_/X (sky130_fd_sc_hd__or3_2)
     1    0.00                           _176_ (net)
                  0.03    0.00    0.68 ^ _361_/A (sky130_fd_sc_hd__buf_1)
                  0.04    0.07    0.75 ^ _361_/X (sky130_fd_sc_hd__buf_1)
     1    0.00                           U_PC.next_pc[1] (net)
                  0.04    0.00    0.75 ^ _399_/D (sky130_fd_sc_hd__dfrtp_2)
                                  0.75   data arrival time

                  0.15    0.00    0.00   clock clk (rise edge)
                          0.00    0.00   clock network delay (ideal)
                          0.25    0.25   clock uncertainty
                          0.00    0.25   clock reconvergence pessimism
                                  0.25 ^ _399_/CLK (sky130_fd_sc_hd__dfrtp_2)
                         -0.02    0.23   library hold time
                                  0.23   data required time
-----------------------------------------------------------------------------
                                  0.23   data required time
                                 -0.75   data arrival time
-----------------------------------------------------------------------------
                                  0.52   slack (MET)


Startpoint: _401_ (rising edge-triggered flip-flop clocked by clk)
Endpoint: _420_ (rising edge-triggered flip-flop clocked by clk)
Path Group: clk
Path Type: min

Fanout     Cap    Slew   Delay    Time   Description
-----------------------------------------------------------------------------
                  0.15    0.00    0.00   clock clk (rise edge)
                          0.00    0.00   clock network delay (ideal)
                  0.15    0.00    0.00 ^ _401_/CLK (sky130_fd_sc_hd__dfrtp_2)
                  0.13    0.43    0.43 ^ _401_/Q (sky130_fd_sc_hd__dfrtp_2)
     8    0.03                           U_PC.pc[3] (net)
                  0.13    0.00    0.43 ^ _232_/A (sky130_fd_sc_hd__nor3_2)
                  0.11    0.13    0.56 v _232_/Y (sky130_fd_sc_hd__nor3_2)
     9    0.04                           _073_ (net)
                  0.11    0.00    0.56 v _292_/A1 (sky130_fd_sc_hd__a21bo_2)
                  0.03    0.20    0.76 v _292_/X (sky130_fd_sc_hd__a21bo_2)
     1    0.00                           _046_ (net)
                  0.03    0.00    0.76 v _420_/D (sky130_fd_sc_hd__dfrtp_2)
                                  0.76   data arrival time

                  0.15    0.00    0.00   clock clk (rise edge)
                          0.00    0.00   clock network delay (ideal)
                          0.25    0.25   clock uncertainty
                          0.00    0.25   clock reconvergence pessimism
                                  0.25 ^ _420_/CLK (sky130_fd_sc_hd__dfrtp_2)
                         -0.01    0.24   library hold time
                                  0.24   data required time
-----------------------------------------------------------------------------
                                  0.24   data required time
                                 -0.76   data arrival time
-----------------------------------------------------------------------------
                                  0.52   slack (MET)


Startpoint: _401_ (rising edge-triggered flip-flop clocked by clk)
Endpoint: _410_ (rising edge-triggered flip-flop clocked by clk)
Path Group: clk
Path Type: min

Fanout     Cap    Slew   Delay    Time   Description
-----------------------------------------------------------------------------
                  0.15    0.00    0.00   clock clk (rise edge)
                          0.00    0.00   clock network delay (ideal)
                  0.15    0.00    0.00 ^ _401_/CLK (sky130_fd_sc_hd__dfrtp_2)
                  0.13    0.43    0.43 ^ _401_/Q (sky130_fd_sc_hd__dfrtp_2)
     8    0.03                           U_PC.pc[3] (net)
                  0.13    0.00    0.43 ^ _232_/A (sky130_fd_sc_hd__nor3_2)
                  0.11    0.13    0.56 v _232_/Y (sky130_fd_sc_hd__nor3_2)
     9    0.04                           _073_ (net)
                  0.11    0.00    0.56 v _339_/B1 (sky130_fd_sc_hd__a31o_2)
                  0.03    0.22    0.78 v _339_/X (sky130_fd_sc_hd__a31o_2)
     1    0.00                           _036_ (net)
                  0.03    0.00    0.78 v _410_/D (sky130_fd_sc_hd__dfrtp_2)
                                  0.78   data arrival time

                  0.15    0.00    0.00   clock clk (rise edge)
                          0.00    0.00   clock network delay (ideal)
                          0.25    0.25   clock uncertainty
                          0.00    0.25   clock reconvergence pessimism
                                  0.25 ^ _410_/CLK (sky130_fd_sc_hd__dfrtp_2)
                         -0.01    0.24   library hold time
                                  0.24   data required time
-----------------------------------------------------------------------------
                                  0.24   data required time
                                 -0.78   data arrival time
-----------------------------------------------------------------------------
                                  0.54   slack (MET)


Startpoint: _416_ (rising edge-triggered flip-flop clocked by clk)
Endpoint: _416_ (rising edge-triggered flip-flop clocked by clk)
Path Group: clk
Path Type: min

Fanout     Cap    Slew   Delay    Time   Description
-----------------------------------------------------------------------------
                  0.15    0.00    0.00   clock clk (rise edge)
                          0.00    0.00   clock network delay (ideal)
                  0.15    0.00    0.00 ^ _416_/CLK (sky130_fd_sc_hd__dfrtp_2)
                  0.27    0.53    0.53 ^ _416_/Q (sky130_fd_sc_hd__dfrtp_2)
     2    0.06                           flags_out[2] (net)
                  0.27    0.00    0.53 ^ _316_/A (sky130_fd_sc_hd__or2_2)
                  0.03    0.16    0.68 ^ _316_/X (sky130_fd_sc_hd__or2_2)
     1    0.00                           _148_ (net)
                  0.03    0.00    0.68 ^ _317_/B1 (sky130_fd_sc_hd__o31a_2)
                  0.03    0.11    0.79 ^ _317_/X (sky130_fd_sc_hd__o31a_2)
     1    0.00                           _042_ (net)
                  0.03    0.00    0.79 ^ _416_/D (sky130_fd_sc_hd__dfrtp_2)
                                  0.79   data arrival time

                  0.15    0.00    0.00   clock clk (rise edge)
                          0.00    0.00   clock network delay (ideal)
                          0.25    0.25   clock uncertainty
                          0.00    0.25   clock reconvergence pessimism
                                  0.25 ^ _416_/CLK (sky130_fd_sc_hd__dfrtp_2)
                         -0.02    0.23   library hold time
                                  0.23   data required time
-----------------------------------------------------------------------------
                                  0.23   data required time
                                 -0.79   data arrival time
-----------------------------------------------------------------------------
                                  0.56   slack (MET)


Startpoint: _402_ (rising edge-triggered flip-flop clocked by clk)
Endpoint: _402_ (rising edge-triggered flip-flop clocked by clk)
Path Group: clk
Path Type: min

Fanout     Cap    Slew   Delay    Time   Description
-----------------------------------------------------------------------------
                  0.15    0.00    0.00   clock clk (rise edge)
                          0.00    0.00   clock network delay (ideal)
                  0.15    0.00    0.00 ^ _402_/CLK (sky130_fd_sc_hd__dfrtp_2)
                  0.27    0.53    0.53 ^ _402_/Q (sky130_fd_sc_hd__dfrtp_2)
     4    0.06                           A_out[0] (net)
                  0.27    0.00    0.53 ^ _355_/A0 (sky130_fd_sc_hd__mux2_2)
                  0.04    0.19    0.72 ^ _355_/X (sky130_fd_sc_hd__mux2_2)
     1    0.00                           _173_ (net)
                  0.04    0.00    0.72 ^ _356_/A (sky130_fd_sc_hd__buf_1)
                  0.04    0.07    0.79 ^ _356_/X (sky130_fd_sc_hd__buf_1)
     1    0.00                           _028_ (net)
                  0.04    0.00    0.79 ^ _402_/D (sky130_fd_sc_hd__dfrtp_2)
                                  0.79   data arrival time

                  0.15    0.00    0.00   clock clk (rise edge)
                          0.00    0.00   clock network delay (ideal)
                          0.25    0.25   clock uncertainty
                          0.00    0.25   clock reconvergence pessimism
                                  0.25 ^ _402_/CLK (sky130_fd_sc_hd__dfrtp_2)
                         -0.02    0.23   library hold time
                                  0.23   data required time
-----------------------------------------------------------------------------
                                  0.23   data required time
                                 -0.79   data arrival time
-----------------------------------------------------------------------------
                                  0.56   slack (MET)


Startpoint: _411_ (rising edge-triggered flip-flop clocked by clk)
Endpoint: _411_ (rising edge-triggered flip-flop clocked by clk)
Path Group: clk
Path Type: min

Fanout     Cap    Slew   Delay    Time   Description
-----------------------------------------------------------------------------
                  0.15    0.00    0.00   clock clk (rise edge)
                          0.00    0.00   clock network delay (ideal)
                  0.15    0.00    0.00 ^ _411_/CLK (sky130_fd_sc_hd__dfrtp_2)
                  0.16    0.52    0.52 v _411_/Q (sky130_fd_sc_hd__dfrtp_2)
     2    0.06                           last_opcode_out[2] (net)
                  0.16    0.00    0.52 v _337_/A (sky130_fd_sc_hd__and3_2)
                  0.03    0.21    0.73 v _337_/X (sky130_fd_sc_hd__and3_2)
     1    0.00                           _164_ (net)
                  0.03    0.00    0.73 v _338_/A (sky130_fd_sc_hd__buf_1)
                  0.02    0.08    0.80 v _338_/X (sky130_fd_sc_hd__buf_1)
     1    0.00                           _037_ (net)
                  0.02    0.00    0.80 v _411_/D (sky130_fd_sc_hd__dfrtp_2)
                                  0.80   data arrival time

                  0.15    0.00    0.00   clock clk (rise edge)
                          0.00    0.00   clock network delay (ideal)
                          0.25    0.25   clock uncertainty
                          0.00    0.25   clock reconvergence pessimism
                                  0.25 ^ _411_/CLK (sky130_fd_sc_hd__dfrtp_2)
                         -0.01    0.24   library hold time
                                  0.24   data required time
-----------------------------------------------------------------------------
                                  0.24   data required time
                                 -0.80   data arrival time
-----------------------------------------------------------------------------
                                  0.56   slack (MET)


Startpoint: _421_ (rising edge-triggered flip-flop clocked by clk)
Endpoint: _421_ (rising edge-triggered flip-flop clocked by clk)
Path Group: clk
Path Type: min

Fanout     Cap    Slew   Delay    Time   Description
-----------------------------------------------------------------------------
                  0.15    0.00    0.00   clock clk (rise edge)
                          0.00    0.00   clock network delay (ideal)
                  0.15    0.00    0.00 ^ _421_/CLK (sky130_fd_sc_hd__dfrtp_2)
                  0.29    0.54    0.54 ^ _421_/Q (sky130_fd_sc_hd__dfrtp_2)
     4    0.06                           B_out[3] (net)
                  0.29    0.00    0.54 ^ _285_/A0 (sky130_fd_sc_hd__mux2_2)
                  0.04    0.20    0.73 ^ _285_/X (sky130_fd_sc_hd__mux2_2)
     1    0.00                           _122_ (net)
                  0.04    0.00    0.73 ^ _286_/A (sky130_fd_sc_hd__buf_1)
                  0.05    0.07    0.81 ^ _286_/X (sky130_fd_sc_hd__buf_1)
     1    0.00                           _047_ (net)
                  0.05    0.00    0.81 ^ _421_/D (sky130_fd_sc_hd__dfrtp_2)
                                  0.81   data arrival time

                  0.15    0.00    0.00   clock clk (rise edge)
                          0.00    0.00   clock network delay (ideal)
                          0.25    0.25   clock uncertainty
                          0.00    0.25   clock reconvergence pessimism
                                  0.25 ^ _421_/CLK (sky130_fd_sc_hd__dfrtp_2)
                         -0.02    0.23   library hold time
                                  0.23   data required time
-----------------------------------------------------------------------------
                                  0.23   data required time
                                 -0.81   data arrival time
-----------------------------------------------------------------------------
                                  0.58   slack (MET)


Startpoint: _409_ (rising edge-triggered flip-flop clocked by clk)
Endpoint: _409_ (rising edge-triggered flip-flop clocked by clk)
Path Group: clk
Path Type: min

Fanout     Cap    Slew   Delay    Time   Description
-----------------------------------------------------------------------------
                  0.15    0.00    0.00   clock clk (rise edge)
                          0.00    0.00   clock network delay (ideal)
                  0.15    0.00    0.00 ^ _409_/CLK (sky130_fd_sc_hd__dfrtp_2)
                  0.30    0.54    0.54 ^ _409_/Q (sky130_fd_sc_hd__dfrtp_2)
     3    0.06                           A_out[7] (net)
                  0.30    0.00    0.54 ^ _341_/A (sky130_fd_sc_hd__or2_2)
                  0.03    0.16    0.70 ^ _341_/X (sky130_fd_sc_hd__or2_2)
     1    0.00                           _166_ (net)
                  0.03    0.00    0.70 ^ _342_/B1 (sky130_fd_sc_hd__o41a_2)
                  0.03    0.11    0.81 ^ _342_/X (sky130_fd_sc_hd__o41a_2)
     1    0.00                           _035_ (net)
                  0.03    0.00    0.81 ^ _409_/D (sky130_fd_sc_hd__dfrtp_2)
                                  0.81   data arrival time

                  0.15    0.00    0.00   clock clk (rise edge)
                          0.00    0.00   clock network delay (ideal)
                          0.25    0.25   clock uncertainty
                          0.00    0.25   clock reconvergence pessimism
                                  0.25 ^ _409_/CLK (sky130_fd_sc_hd__dfrtp_2)
                         -0.02    0.23   library hold time
                                  0.23   data required time
-----------------------------------------------------------------------------
                                  0.23   data required time
                                 -0.81   data arrival time
-----------------------------------------------------------------------------
                                  0.58   slack (MET)


Startpoint: _399_ (rising edge-triggered flip-flop clocked by clk)
Endpoint: _423_ (rising edge-triggered flip-flop clocked by clk)
Path Group: clk
Path Type: min

Fanout     Cap    Slew   Delay    Time   Description
-----------------------------------------------------------------------------
                  0.15    0.00    0.00   clock clk (rise edge)
                          0.00    0.00   clock network delay (ideal)
                  0.15    0.00    0.00 ^ _399_/CLK (sky130_fd_sc_hd__dfrtp_2)
                  0.11    0.48    0.48 v _399_/Q (sky130_fd_sc_hd__dfrtp_2)
     9    0.03                           U_PC.pc[1] (net)
                  0.11    0.00    0.48 v _276_/A (sky130_fd_sc_hd__nand2_2)
                  0.08    0.11    0.59 ^ _276_/Y (sky130_fd_sc_hd__nand2_2)
     3    0.01                           _115_ (net)
                  0.08    0.00    0.59 ^ _277_/C1 (sky130_fd_sc_hd__a211oi_2)
                  0.03    0.04    0.63 v _277_/Y (sky130_fd_sc_hd__a211oi_2)
     2    0.01                           _116_ (net)
                  0.03    0.00    0.63 v _278_/A2 (sky130_fd_sc_hd__a21o_2)
                  0.03    0.19    0.82 v _278_/X (sky130_fd_sc_hd__a21o_2)
     1    0.00                           _049_ (net)
                  0.03    0.00    0.82 v _423_/D (sky130_fd_sc_hd__dfrtp_2)
                                  0.82   data arrival time

                  0.15    0.00    0.00   clock clk (rise edge)
                          0.00    0.00   clock network delay (ideal)
                          0.25    0.25   clock uncertainty
                          0.00    0.25   clock reconvergence pessimism
                                  0.25 ^ _423_/CLK (sky130_fd_sc_hd__dfrtp_2)
                         -0.01    0.24   library hold time
                                  0.24   data required time
-----------------------------------------------------------------------------
                                  0.24   data required time
                                 -0.82   data arrival time
-----------------------------------------------------------------------------
                                  0.58   slack (MET)


Startpoint: _405_ (rising edge-triggered flip-flop clocked by clk)
Endpoint: _405_ (rising edge-triggered flip-flop clocked by clk)
Path Group: clk
Path Type: min

Fanout     Cap    Slew   Delay    Time   Description
-----------------------------------------------------------------------------
                  0.15    0.00    0.00   clock clk (rise edge)
                          0.00    0.00   clock network delay (ideal)
                  0.15    0.00    0.00 ^ _405_/CLK (sky130_fd_sc_hd__dfrtp_2)
                  0.30    0.54    0.54 ^ _405_/Q (sky130_fd_sc_hd__dfrtp_2)
     3    0.06                           A_out[3] (net)
                  0.30    0.00    0.54 ^ _349_/A0 (sky130_fd_sc_hd__mux2_2)
                  0.04    0.20    0.74 ^ _349_/X (sky130_fd_sc_hd__mux2_2)
     1    0.00                           _170_ (net)
                  0.04    0.00    0.74 ^ _350_/A (sky130_fd_sc_hd__buf_1)
                  0.04    0.07    0.81 ^ _350_/X (sky130_fd_sc_hd__buf_1)
     1    0.00                           _031_ (net)
                  0.04    0.00    0.81 ^ _405_/D (sky130_fd_sc_hd__dfrtp_2)
                                  0.81   data arrival time

                  0.15    0.00    0.00   clock clk (rise edge)
                          0.00    0.00   clock network delay (ideal)
                          0.25    0.25   clock uncertainty
                          0.00    0.25   clock reconvergence pessimism
                                  0.25 ^ _405_/CLK (sky130_fd_sc_hd__dfrtp_2)
                         -0.02    0.23   library hold time
                                  0.23   data required time
-----------------------------------------------------------------------------
                                  0.23   data required time
                                 -0.81   data arrival time
-----------------------------------------------------------------------------
                                  0.58   slack (MET)


Startpoint: _403_ (rising edge-triggered flip-flop clocked by clk)
Endpoint: _403_ (rising edge-triggered flip-flop clocked by clk)
Path Group: clk
Path Type: min

Fanout     Cap    Slew   Delay    Time   Description
-----------------------------------------------------------------------------
                  0.15    0.00    0.00   clock clk (rise edge)
                          0.00    0.00   clock network delay (ideal)
                  0.15    0.00    0.00 ^ _403_/CLK (sky130_fd_sc_hd__dfrtp_2)
                  0.33    0.56    0.56 ^ _403_/Q (sky130_fd_sc_hd__dfrtp_2)
     3    0.07                           A_out[1] (net)
                  0.33    0.00    0.56 ^ _353_/A0 (sky130_fd_sc_hd__mux2_2)
                  0.04    0.20    0.77 ^ _353_/X (sky130_fd_sc_hd__mux2_2)
     1    0.00                           _172_ (net)
                  0.04    0.00    0.77 ^ _354_/A (sky130_fd_sc_hd__buf_1)
                  0.04    0.07    0.84 ^ _354_/X (sky130_fd_sc_hd__buf_1)
     1    0.00                           _029_ (net)
                  0.04    0.00    0.84 ^ _403_/D (sky130_fd_sc_hd__dfrtp_2)
                                  0.84   data arrival time

                  0.15    0.00    0.00   clock clk (rise edge)
                          0.00    0.00   clock network delay (ideal)
                          0.25    0.25   clock uncertainty
                          0.00    0.25   clock reconvergence pessimism
                                  0.25 ^ _403_/CLK (sky130_fd_sc_hd__dfrtp_2)
                         -0.02    0.23   library hold time
                                  0.23   data required time
-----------------------------------------------------------------------------
                                  0.23   data required time
                                 -0.84   data arrival time
-----------------------------------------------------------------------------
                                  0.61   slack (MET)


Startpoint: _407_ (rising edge-triggered flip-flop clocked by clk)
Endpoint: _407_ (rising edge-triggered flip-flop clocked by clk)
Path Group: clk
Path Type: min

Fanout     Cap    Slew   Delay    Time   Description
-----------------------------------------------------------------------------
                  0.15    0.00    0.00   clock clk (rise edge)
                          0.00    0.00   clock network delay (ideal)
                  0.15    0.00    0.00 ^ _407_/CLK (sky130_fd_sc_hd__dfrtp_2)
                  0.33    0.56    0.56 ^ _407_/Q (sky130_fd_sc_hd__dfrtp_2)
     3    0.07                           A_out[5] (net)
                  0.33    0.00    0.56 ^ _345_/A0 (sky130_fd_sc_hd__mux2_2)
                  0.04    0.20    0.77 ^ _345_/X (sky130_fd_sc_hd__mux2_2)
     1    0.00                           _168_ (net)
                  0.04    0.00    0.77 ^ _346_/A (sky130_fd_sc_hd__buf_1)
                  0.04    0.07    0.84 ^ _346_/X (sky130_fd_sc_hd__buf_1)
     1    0.00                           _033_ (net)
                  0.04    0.00    0.84 ^ _407_/D (sky130_fd_sc_hd__dfrtp_2)
                                  0.84   data arrival time

                  0.15    0.00    0.00   clock clk (rise edge)
                          0.00    0.00   clock network delay (ideal)
                          0.25    0.25   clock uncertainty
                          0.00    0.25   clock reconvergence pessimism
                                  0.25 ^ _407_/CLK (sky130_fd_sc_hd__dfrtp_2)
                         -0.02    0.23   library hold time
                                  0.23   data required time
-----------------------------------------------------------------------------
                                  0.23   data required time
                                 -0.84   data arrival time
-----------------------------------------------------------------------------
                                  0.61   slack (MET)


Startpoint: _404_ (rising edge-triggered flip-flop clocked by clk)
Endpoint: _404_ (rising edge-triggered flip-flop clocked by clk)
Path Group: clk
Path Type: min

Fanout     Cap    Slew   Delay    Time   Description
-----------------------------------------------------------------------------
                  0.15    0.00    0.00   clock clk (rise edge)
                          0.00    0.00   clock network delay (ideal)
                  0.15    0.00    0.00 ^ _404_/CLK (sky130_fd_sc_hd__dfrtp_2)
                  0.36    0.58    0.58 ^ _404_/Q (sky130_fd_sc_hd__dfrtp_2)
     4    0.08                           A_out[2] (net)
                  0.36    0.00    0.58 ^ _351_/A0 (sky130_fd_sc_hd__mux2_2)
                  0.04    0.21    0.79 ^ _351_/X (sky130_fd_sc_hd__mux2_2)
     1    0.00                           _171_ (net)
                  0.04    0.00    0.79 ^ _352_/A (sky130_fd_sc_hd__buf_1)
                  0.04    0.07    0.86 ^ _352_/X (sky130_fd_sc_hd__buf_1)
     1    0.00                           _030_ (net)
                  0.04    0.00    0.86 ^ _404_/D (sky130_fd_sc_hd__dfrtp_2)
                                  0.86   data arrival time

                  0.15    0.00    0.00   clock clk (rise edge)
                          0.00    0.00   clock network delay (ideal)
                          0.25    0.25   clock uncertainty
                          0.00    0.25   clock reconvergence pessimism
                                  0.25 ^ _404_/CLK (sky130_fd_sc_hd__dfrtp_2)
                         -0.02    0.23   library hold time
                                  0.23   data required time
-----------------------------------------------------------------------------
                                  0.23   data required time
                                 -0.86   data arrival time
-----------------------------------------------------------------------------
                                  0.63   slack (MET)


Startpoint: _413_ (rising edge-triggered flip-flop clocked by clk)
Endpoint: _413_ (rising edge-triggered flip-flop clocked by clk)
Path Group: clk
Path Type: min

Fanout     Cap    Slew   Delay    Time   Description
-----------------------------------------------------------------------------
                  0.15    0.00    0.00   clock clk (rise edge)
                          0.00    0.00   clock network delay (ideal)
                  0.15    0.00    0.00 ^ _413_/CLK (sky130_fd_sc_hd__dfrtp_2)
                  0.22    0.56    0.56 v _413_/Q (sky130_fd_sc_hd__dfrtp_2)
     3    0.09                           last_opcode_out[6] (net)
                  0.22    0.00    0.56 v _334_/A (sky130_fd_sc_hd__and3_2)
                  0.03    0.23    0.80 v _334_/X (sky130_fd_sc_hd__and3_2)
     1    0.00                           _163_ (net)
                  0.03    0.00    0.80 v _335_/A (sky130_fd_sc_hd__buf_1)
                  0.03    0.08    0.88 v _335_/X (sky130_fd_sc_hd__buf_1)
     1    0.00                           _039_ (net)
                  0.03    0.00    0.88 v _413_/D (sky130_fd_sc_hd__dfrtp_2)
                                  0.88   data arrival time

                  0.15    0.00    0.00   clock clk (rise edge)
                          0.00    0.00   clock network delay (ideal)
                          0.25    0.25   clock uncertainty
                          0.00    0.25   clock reconvergence pessimism
                                  0.25 ^ _413_/CLK (sky130_fd_sc_hd__dfrtp_2)
                         -0.01    0.24   library hold time
                                  0.24   data required time
-----------------------------------------------------------------------------
                                  0.24   data required time
                                 -0.88   data arrival time
-----------------------------------------------------------------------------
                                  0.64   slack (MET)


Startpoint: _401_ (rising edge-triggered flip-flop clocked by clk)
Endpoint: _422_ (rising edge-triggered flip-flop clocked by clk)
Path Group: clk
Path Type: min

Fanout     Cap    Slew   Delay    Time   Description
-----------------------------------------------------------------------------
                  0.15    0.00    0.00   clock clk (rise edge)
                          0.00    0.00   clock network delay (ideal)
                  0.15    0.00    0.00 ^ _401_/CLK (sky130_fd_sc_hd__dfrtp_2)
                  0.13    0.43    0.43 ^ _401_/Q (sky130_fd_sc_hd__dfrtp_2)
     8    0.03                           U_PC.pc[3] (net)
                  0.13    0.00    0.43 ^ _197_/A (sky130_fd_sc_hd__or3_2)
                  0.11    0.19    0.62 ^ _197_/X (sky130_fd_sc_hd__or3_2)
     5    0.02                           _183_ (net)
                  0.11    0.00    0.62 ^ _214_/B (sky130_fd_sc_hd__and2_2)
                  0.07    0.17    0.79 ^ _214_/X (sky130_fd_sc_hd__and2_2)
     3    0.01                           _055_ (net)
                  0.07    0.00    0.79 ^ _280_/A (sky130_fd_sc_hd__or2_2)
                  0.03    0.10    0.90 ^ _280_/X (sky130_fd_sc_hd__or2_2)
     1    0.00                           _118_ (net)
                  0.03    0.00    0.90 ^ _281_/A (sky130_fd_sc_hd__buf_1)
                  0.04    0.07    0.97 ^ _281_/X (sky130_fd_sc_hd__buf_1)
     1    0.00                           _048_ (net)
                  0.04    0.00    0.97 ^ _422_/D (sky130_fd_sc_hd__dfrtp_2)
                                  0.97   data arrival time

                  0.15    0.00    0.00   clock clk (rise edge)
                          0.00    0.00   clock network delay (ideal)
                          0.25    0.25   clock uncertainty
                          0.00    0.25   clock reconvergence pessimism
                                  0.25 ^ _422_/CLK (sky130_fd_sc_hd__dfrtp_2)
                         -0.02    0.23   library hold time
                                  0.23   data required time
-----------------------------------------------------------------------------
                                  0.23   data required time
                                 -0.97   data arrival time
-----------------------------------------------------------------------------
                                  0.74   slack (MET)


Startpoint: _425_ (rising edge-triggered flip-flop clocked by clk)
Endpoint: _425_ (rising edge-triggered flip-flop clocked by clk)
Path Group: clk
Path Type: min

Fanout     Cap    Slew   Delay    Time   Description
-----------------------------------------------------------------------------
                  0.15    0.00    0.00   clock clk (rise edge)
                          0.00    0.00   clock network delay (ideal)
                  0.15    0.00    0.00 ^ _425_/CLK (sky130_fd_sc_hd__dfrtp_2)
                  0.31    0.55    0.55 ^ _425_/Q (sky130_fd_sc_hd__dfrtp_2)
     3    0.06                           B_out[7] (net)
                  0.31    0.00    0.55 ^ _199_/A (sky130_fd_sc_hd__and2_2)
                  0.11    0.25    0.81 ^ _199_/X (sky130_fd_sc_hd__and2_2)
     7    0.02                           _185_ (net)
                  0.11    0.00    0.81 ^ _268_/A (sky130_fd_sc_hd__or2_2)
                  0.03    0.11    0.92 ^ _268_/X (sky130_fd_sc_hd__or2_2)
     1    0.00                           _109_ (net)
                  0.03    0.00    0.92 ^ _269_/A (sky130_fd_sc_hd__buf_1)
                  0.04    0.07    0.99 ^ _269_/X (sky130_fd_sc_hd__buf_1)
     1    0.00                           _051_ (net)
                  0.04    0.00    0.99 ^ _425_/D (sky130_fd_sc_hd__dfrtp_2)
                                  0.99   data arrival time

                  0.15    0.00    0.00   clock clk (rise edge)
                          0.00    0.00   clock network delay (ideal)
                          0.25    0.25   clock uncertainty
                          0.00    0.25   clock reconvergence pessimism
                                  0.25 ^ _425_/CLK (sky130_fd_sc_hd__dfrtp_2)
                         -0.02    0.23   library hold time
                                  0.23   data required time
-----------------------------------------------------------------------------
                                  0.23   data required time
                                 -0.99   data arrival time
-----------------------------------------------------------------------------
                                  0.76   slack (MET)


Startpoint: rst (input port clocked by clk)
Endpoint: _424_ (removal check against rising-edge clock clk)
Path Group: asynchronous
Path Type: min

Fanout     Cap    Slew   Delay    Time   Description
-----------------------------------------------------------------------------
                  0.15    0.00    0.00   clock clk (rise edge)
                          0.00    0.00   clock network delay (ideal)
                          4.00    4.00 v input external delay
                  0.03    0.02    4.02 v rst (in)
     1    0.01                           rst (net)
                  0.03    0.00    4.02 v _367_/A (sky130_fd_sc_hd__buf_1)
                  0.29    0.26    4.28 v _367_/X (sky130_fd_sc_hd__buf_1)
    10    0.05                           _180_ (net)
                  0.29    0.00    4.28 v _396_/A (sky130_fd_sc_hd__inv_2)
                  0.07    0.10    4.39 ^ _396_/Y (sky130_fd_sc_hd__inv_2)
     1    0.00                           _026_ (net)
                  0.07    0.00    4.39 ^ _424_/RESET_B (sky130_fd_sc_hd__dfrtp_2)
                                  4.39   data arrival time

                  0.15    0.00    0.00   clock clk (rise edge)
                          0.00    0.00   clock network delay (ideal)
                          0.25    0.25   clock uncertainty
                          0.00    0.25   clock reconvergence pessimism
                                  0.25 ^ _424_/CLK (sky130_fd_sc_hd__dfrtp_2)
                          0.36    0.61   library removal time
                                  0.61   data required time
-----------------------------------------------------------------------------
                                  0.61   data required time
                                 -4.39   data arrival time
-----------------------------------------------------------------------------
                                  3.78   slack (MET)


Startpoint: rst (input port clocked by clk)
Endpoint: _420_ (removal check against rising-edge clock clk)
Path Group: asynchronous
Path Type: min

Fanout     Cap    Slew   Delay    Time   Description
-----------------------------------------------------------------------------
                  0.15    0.00    0.00   clock clk (rise edge)
                          0.00    0.00   clock network delay (ideal)
                          4.00    4.00 v input external delay
                  0.03    0.02    4.02 v rst (in)
     1    0.01                           rst (net)
                  0.03    0.00    4.02 v _367_/A (sky130_fd_sc_hd__buf_1)
                  0.29    0.26    4.28 v _367_/X (sky130_fd_sc_hd__buf_1)
    10    0.05                           _180_ (net)
                  0.29    0.00    4.28 v _392_/A (sky130_fd_sc_hd__inv_2)
                  0.07    0.10    4.39 ^ _392_/Y (sky130_fd_sc_hd__inv_2)
     1    0.00                           _022_ (net)
                  0.07    0.00    4.39 ^ _420_/RESET_B (sky130_fd_sc_hd__dfrtp_2)
                                  4.39   data arrival time

                  0.15    0.00    0.00   clock clk (rise edge)
                          0.00    0.00   clock network delay (ideal)
                          0.25    0.25   clock uncertainty
                          0.00    0.25   clock reconvergence pessimism
                                  0.25 ^ _420_/CLK (sky130_fd_sc_hd__dfrtp_2)
                          0.36    0.61   library removal time
                                  0.61   data required time
-----------------------------------------------------------------------------
                                  0.61   data required time
                                 -4.39   data arrival time
-----------------------------------------------------------------------------
                                  3.78   slack (MET)


Startpoint: rst (input port clocked by clk)
Endpoint: _422_ (removal check against rising-edge clock clk)
Path Group: asynchronous
Path Type: min

Fanout     Cap    Slew   Delay    Time   Description
-----------------------------------------------------------------------------
                  0.15    0.00    0.00   clock clk (rise edge)
                          0.00    0.00   clock network delay (ideal)
                          4.00    4.00 v input external delay
                  0.03    0.02    4.02 v rst (in)
     1    0.01                           rst (net)
                  0.03    0.00    4.02 v _367_/A (sky130_fd_sc_hd__buf_1)
                  0.29    0.26    4.28 v _367_/X (sky130_fd_sc_hd__buf_1)
    10    0.05                           _180_ (net)
                  0.29    0.00    4.28 v _394_/A (sky130_fd_sc_hd__inv_2)
                  0.07    0.10    4.39 ^ _394_/Y (sky130_fd_sc_hd__inv_2)
     1    0.00                           _024_ (net)
                  0.07    0.00    4.39 ^ _422_/RESET_B (sky130_fd_sc_hd__dfrtp_2)
                                  4.39   data arrival time

                  0.15    0.00    0.00   clock clk (rise edge)
                          0.00    0.00   clock network delay (ideal)
                          0.25    0.25   clock uncertainty
                          0.00    0.25   clock reconvergence pessimism
                                  0.25 ^ _422_/CLK (sky130_fd_sc_hd__dfrtp_2)
                          0.36    0.61   library removal time
                                  0.61   data required time
-----------------------------------------------------------------------------
                                  0.61   data required time
                                 -4.39   data arrival time
-----------------------------------------------------------------------------
                                  3.78   slack (MET)


Startpoint: rst (input port clocked by clk)
Endpoint: _418_ (removal check against rising-edge clock clk)
Path Group: asynchronous
Path Type: min

Fanout     Cap    Slew   Delay    Time   Description
-----------------------------------------------------------------------------
                  0.15    0.00    0.00   clock clk (rise edge)
                          0.00    0.00   clock network delay (ideal)
                          4.00    4.00 v input external delay
                  0.03    0.02    4.02 v rst (in)
     1    0.01                           rst (net)
                  0.03    0.00    4.02 v _367_/A (sky130_fd_sc_hd__buf_1)
                  0.29    0.26    4.28 v _367_/X (sky130_fd_sc_hd__buf_1)
    10    0.05                           _180_ (net)
                  0.29    0.00    4.28 v _390_/A (sky130_fd_sc_hd__inv_2)
                  0.07    0.10    4.39 ^ _390_/Y (sky130_fd_sc_hd__inv_2)
     1    0.00                           _020_ (net)
                  0.07    0.00    4.39 ^ _418_/RESET_B (sky130_fd_sc_hd__dfrtp_2)
                                  4.39   data arrival time

                  0.15    0.00    0.00   clock clk (rise edge)
                          0.00    0.00   clock network delay (ideal)
                          0.25    0.25   clock uncertainty
                          0.00    0.25   clock reconvergence pessimism
                                  0.25 ^ _418_/CLK (sky130_fd_sc_hd__dfrtp_2)
                          0.36    0.61   library removal time
                                  0.61   data required time
-----------------------------------------------------------------------------
                                  0.61   data required time
                                 -4.39   data arrival time
-----------------------------------------------------------------------------
                                  3.78   slack (MET)


Startpoint: rst (input port clocked by clk)
Endpoint: _419_ (removal check against rising-edge clock clk)
Path Group: asynchronous
Path Type: min

Fanout     Cap    Slew   Delay    Time   Description
-----------------------------------------------------------------------------
                  0.15    0.00    0.00   clock clk (rise edge)
                          0.00    0.00   clock network delay (ideal)
                          4.00    4.00 v input external delay
                  0.03    0.02    4.02 v rst (in)
     1    0.01                           rst (net)
                  0.03    0.00    4.02 v _367_/A (sky130_fd_sc_hd__buf_1)
                  0.29    0.26    4.28 v _367_/X (sky130_fd_sc_hd__buf_1)
    10    0.05                           _180_ (net)
                  0.29    0.00    4.28 v _391_/A (sky130_fd_sc_hd__inv_2)
                  0.07    0.10    4.39 ^ _391_/Y (sky130_fd_sc_hd__inv_2)
     1    0.00                           _021_ (net)
                  0.07    0.00    4.39 ^ _419_/RESET_B (sky130_fd_sc_hd__dfrtp_2)
                                  4.39   data arrival time

                  0.15    0.00    0.00   clock clk (rise edge)
                          0.00    0.00   clock network delay (ideal)
                          0.25    0.25   clock uncertainty
                          0.00    0.25   clock reconvergence pessimism
                                  0.25 ^ _419_/CLK (sky130_fd_sc_hd__dfrtp_2)
                          0.36    0.61   library removal time
                                  0.61   data required time
-----------------------------------------------------------------------------
                                  0.61   data required time
                                 -4.39   data arrival time
-----------------------------------------------------------------------------
                                  3.78   slack (MET)


Startpoint: rst (input port clocked by clk)
Endpoint: _425_ (removal check against rising-edge clock clk)
Path Group: asynchronous
Path Type: min

Fanout     Cap    Slew   Delay    Time   Description
-----------------------------------------------------------------------------
                  0.15    0.00    0.00   clock clk (rise edge)
                          0.00    0.00   clock network delay (ideal)
                          4.00    4.00 v input external delay
                  0.03    0.02    4.02 v rst (in)
     1    0.01                           rst (net)
                  0.03    0.00    4.02 v _367_/A (sky130_fd_sc_hd__buf_1)
                  0.29    0.26    4.28 v _367_/X (sky130_fd_sc_hd__buf_1)
    10    0.05                           _180_ (net)
                  0.29    0.00    4.28 v _397_/A (sky130_fd_sc_hd__inv_2)
                  0.07    0.11    4.39 ^ _397_/Y (sky130_fd_sc_hd__inv_2)
     1    0.00                           _027_ (net)
                  0.07    0.00    4.39 ^ _425_/RESET_B (sky130_fd_sc_hd__dfrtp_2)
                                  4.39   data arrival time

                  0.15    0.00    0.00   clock clk (rise edge)
                          0.00    0.00   clock network delay (ideal)
                          0.25    0.25   clock uncertainty
                          0.00    0.25   clock reconvergence pessimism
                                  0.25 ^ _425_/CLK (sky130_fd_sc_hd__dfrtp_2)
                          0.36    0.61   library removal time
                                  0.61   data required time
-----------------------------------------------------------------------------
                                  0.61   data required time
                                 -4.39   data arrival time
-----------------------------------------------------------------------------
                                  3.78   slack (MET)


Startpoint: rst (input port clocked by clk)
Endpoint: _421_ (removal check against rising-edge clock clk)
Path Group: asynchronous
Path Type: min

Fanout     Cap    Slew   Delay    Time   Description
-----------------------------------------------------------------------------
                  0.15    0.00    0.00   clock clk (rise edge)
                          0.00    0.00   clock network delay (ideal)
                          4.00    4.00 v input external delay
                  0.03    0.02    4.02 v rst (in)
     1    0.01                           rst (net)
                  0.03    0.00    4.02 v _367_/A (sky130_fd_sc_hd__buf_1)
                  0.29    0.26    4.28 v _367_/X (sky130_fd_sc_hd__buf_1)
    10    0.05                           _180_ (net)
                  0.29    0.00    4.28 v _393_/A (sky130_fd_sc_hd__inv_2)
                  0.07    0.11    4.39 ^ _393_/Y (sky130_fd_sc_hd__inv_2)
     1    0.00                           _023_ (net)
                  0.07    0.00    4.39 ^ _421_/RESET_B (sky130_fd_sc_hd__dfrtp_2)
                                  4.39   data arrival time

                  0.15    0.00    0.00   clock clk (rise edge)
                          0.00    0.00   clock network delay (ideal)
                          0.25    0.25   clock uncertainty
                          0.00    0.25   clock reconvergence pessimism
                                  0.25 ^ _421_/CLK (sky130_fd_sc_hd__dfrtp_2)
                          0.36    0.61   library removal time
                                  0.61   data required time
-----------------------------------------------------------------------------
                                  0.61   data required time
                                 -4.39   data arrival time
-----------------------------------------------------------------------------
                                  3.78   slack (MET)


Startpoint: rst (input port clocked by clk)
Endpoint: _423_ (removal check against rising-edge clock clk)
Path Group: asynchronous
Path Type: min

Fanout     Cap    Slew   Delay    Time   Description
-----------------------------------------------------------------------------
                  0.15    0.00    0.00   clock clk (rise edge)
                          0.00    0.00   clock network delay (ideal)
                          4.00    4.00 v input external delay
                  0.03    0.02    4.02 v rst (in)
     1    0.01                           rst (net)
                  0.03    0.00    4.02 v _367_/A (sky130_fd_sc_hd__buf_1)
                  0.29    0.26    4.28 v _367_/X (sky130_fd_sc_hd__buf_1)
    10    0.05                           _180_ (net)
                  0.29    0.00    4.28 v _395_/A (sky130_fd_sc_hd__inv_2)
                  0.08    0.12    4.41 ^ _395_/Y (sky130_fd_sc_hd__inv_2)
     1    0.01                           _025_ (net)
                  0.08    0.00    4.41 ^ _423_/RESET_B (sky130_fd_sc_hd__dfrtp_2)
                                  4.41   data arrival time

                  0.15    0.00    0.00   clock clk (rise edge)
                          0.00    0.00   clock network delay (ideal)
                          0.25    0.25   clock uncertainty
                          0.00    0.25   clock reconvergence pessimism
                                  0.25 ^ _423_/CLK (sky130_fd_sc_hd__dfrtp_2)
                          0.36    0.61   library removal time
                                  0.61   data required time
-----------------------------------------------------------------------------
                                  0.61   data required time
                                 -4.41   data arrival time
-----------------------------------------------------------------------------
                                  3.80   slack (MET)


Startpoint: rst (input port clocked by clk)
Endpoint: _416_ (removal check against rising-edge clock clk)
Path Group: asynchronous
Path Type: min

Fanout     Cap    Slew   Delay    Time   Description
-----------------------------------------------------------------------------
                  0.15    0.00    0.00   clock clk (rise edge)
                          0.00    0.00   clock network delay (ideal)
                          4.00    4.00 v input external delay
                  0.03    0.02    4.02 v rst (in)
     1    0.01                           rst (net)
                  0.03    0.00    4.02 v _367_/A (sky130_fd_sc_hd__buf_1)
                  0.29    0.26    4.28 v _367_/X (sky130_fd_sc_hd__buf_1)
    10    0.05                           _180_ (net)
                  0.29    0.00    4.28 v _379_/A (sky130_fd_sc_hd__buf_1)
                  0.33    0.38    4.67 v _379_/X (sky130_fd_sc_hd__buf_1)
    10    0.06                           _182_ (net)
                  0.33    0.00    4.67 v _388_/A (sky130_fd_sc_hd__inv_2)
                  0.08    0.11    4.78 ^ _388_/Y (sky130_fd_sc_hd__inv_2)
     1    0.00                           _018_ (net)
                  0.08    0.00    4.78 ^ _416_/RESET_B (sky130_fd_sc_hd__dfrtp_2)
                                  4.78   data arrival time

                  0.15    0.00    0.00   clock clk (rise edge)
                          0.00    0.00   clock network delay (ideal)
                          0.25    0.25   clock uncertainty
                          0.00    0.25   clock reconvergence pessimism
                                  0.25 ^ _416_/CLK (sky130_fd_sc_hd__dfrtp_2)
                          0.36    0.61   library removal time
                                  0.61   data required time
-----------------------------------------------------------------------------
                                  0.61   data required time
                                 -4.78   data arrival time
-----------------------------------------------------------------------------
                                  4.17   slack (MET)


Startpoint: rst (input port clocked by clk)
Endpoint: _408_ (removal check against rising-edge clock clk)
Path Group: asynchronous
Path Type: min

Fanout     Cap    Slew   Delay    Time   Description
-----------------------------------------------------------------------------
                  0.15    0.00    0.00   clock clk (rise edge)
                          0.00    0.00   clock network delay (ideal)
                          4.00    4.00 v input external delay
                  0.03    0.02    4.02 v rst (in)
     1    0.01                           rst (net)
                  0.03    0.00    4.02 v _367_/A (sky130_fd_sc_hd__buf_1)
                  0.29    0.26    4.28 v _367_/X (sky130_fd_sc_hd__buf_1)
    10    0.05                           _180_ (net)
                  0.29    0.00    4.28 v _379_/A (sky130_fd_sc_hd__buf_1)
                  0.33    0.38    4.67 v _379_/X (sky130_fd_sc_hd__buf_1)
    10    0.06                           _182_ (net)
                  0.33    0.00    4.67 v _380_/A (sky130_fd_sc_hd__inv_2)
                  0.08    0.11    4.78 ^ _380_/Y (sky130_fd_sc_hd__inv_2)
     1    0.00                           _010_ (net)
                  0.08    0.00    4.78 ^ _408_/RESET_B (sky130_fd_sc_hd__dfrtp_2)
                                  4.78   data arrival time

                  0.15    0.00    0.00   clock clk (rise edge)
                          0.00    0.00   clock network delay (ideal)
                          0.25    0.25   clock uncertainty
                          0.00    0.25   clock reconvergence pessimism
                                  0.25 ^ _408_/CLK (sky130_fd_sc_hd__dfrtp_2)
                          0.36    0.61   library removal time
                                  0.61   data required time
-----------------------------------------------------------------------------
                                  0.61   data required time
                                 -4.78   data arrival time
-----------------------------------------------------------------------------
                                  4.17   slack (MET)


Startpoint: rst (input port clocked by clk)
Endpoint: _415_ (removal check against rising-edge clock clk)
Path Group: asynchronous
Path Type: min

Fanout     Cap    Slew   Delay    Time   Description
-----------------------------------------------------------------------------
                  0.15    0.00    0.00   clock clk (rise edge)
                          0.00    0.00   clock network delay (ideal)
                          4.00    4.00 v input external delay
                  0.03    0.02    4.02 v rst (in)
     1    0.01                           rst (net)
                  0.03    0.00    4.02 v _367_/A (sky130_fd_sc_hd__buf_1)
                  0.29    0.26    4.28 v _367_/X (sky130_fd_sc_hd__buf_1)
    10    0.05                           _180_ (net)
                  0.29    0.00    4.28 v _379_/A (sky130_fd_sc_hd__buf_1)
                  0.33    0.38    4.67 v _379_/X (sky130_fd_sc_hd__buf_1)
    10    0.06                           _182_ (net)
                  0.33    0.00    4.67 v _387_/A (sky130_fd_sc_hd__inv_2)
                  0.08    0.11    4.78 ^ _387_/Y (sky130_fd_sc_hd__inv_2)
     1    0.00                           _017_ (net)
                  0.08    0.00    4.78 ^ _415_/RESET_B (sky130_fd_sc_hd__dfrtp_2)
                                  4.78   data arrival time

                  0.15    0.00    0.00   clock clk (rise edge)
                          0.00    0.00   clock network delay (ideal)
                          0.25    0.25   clock uncertainty
                          0.00    0.25   clock reconvergence pessimism
                                  0.25 ^ _415_/CLK (sky130_fd_sc_hd__dfrtp_2)
                          0.36    0.61   library removal time
                                  0.61   data required time
-----------------------------------------------------------------------------
                                  0.61   data required time
                                 -4.78   data arrival time
-----------------------------------------------------------------------------
                                  4.17   slack (MET)


Startpoint: rst (input port clocked by clk)
Endpoint: _414_ (removal check against rising-edge clock clk)
Path Group: asynchronous
Path Type: min

Fanout     Cap    Slew   Delay    Time   Description
-----------------------------------------------------------------------------
                  0.15    0.00    0.00   clock clk (rise edge)
                          0.00    0.00   clock network delay (ideal)
                          4.00    4.00 v input external delay
                  0.03    0.02    4.02 v rst (in)
     1    0.01                           rst (net)
                  0.03    0.00    4.02 v _367_/A (sky130_fd_sc_hd__buf_1)
                  0.29    0.26    4.28 v _367_/X (sky130_fd_sc_hd__buf_1)
    10    0.05                           _180_ (net)
                  0.29    0.00    4.28 v _379_/A (sky130_fd_sc_hd__buf_1)
                  0.33    0.38    4.67 v _379_/X (sky130_fd_sc_hd__buf_1)
    10    0.06                           _182_ (net)
                  0.33    0.00    4.67 v _386_/A (sky130_fd_sc_hd__inv_2)
                  0.08    0.11    4.78 ^ _386_/Y (sky130_fd_sc_hd__inv_2)
     1    0.00                           _016_ (net)
                  0.08    0.00    4.78 ^ _414_/RESET_B (sky130_fd_sc_hd__dfrtp_2)
                                  4.78   data arrival time

                  0.15    0.00    0.00   clock clk (rise edge)
                          0.00    0.00   clock network delay (ideal)
                          0.25    0.25   clock uncertainty
                          0.00    0.25   clock reconvergence pessimism
                                  0.25 ^ _414_/CLK (sky130_fd_sc_hd__dfrtp_2)
                          0.36    0.61   library removal time
                                  0.61   data required time
-----------------------------------------------------------------------------
                                  0.61   data required time
                                 -4.78   data arrival time
-----------------------------------------------------------------------------
                                  4.17   slack (MET)


Startpoint: rst (input port clocked by clk)
Endpoint: _410_ (removal check against rising-edge clock clk)
Path Group: asynchronous
Path Type: min

Fanout     Cap    Slew   Delay    Time   Description
-----------------------------------------------------------------------------
                  0.15    0.00    0.00   clock clk (rise edge)
                          0.00    0.00   clock network delay (ideal)
                          4.00    4.00 v input external delay
                  0.03    0.02    4.02 v rst (in)
     1    0.01                           rst (net)
                  0.03    0.00    4.02 v _367_/A (sky130_fd_sc_hd__buf_1)
                  0.29    0.26    4.28 v _367_/X (sky130_fd_sc_hd__buf_1)
    10    0.05                           _180_ (net)
                  0.29    0.00    4.28 v _379_/A (sky130_fd_sc_hd__buf_1)
                  0.33    0.38    4.67 v _379_/X (sky130_fd_sc_hd__buf_1)
    10    0.06                           _182_ (net)
                  0.33    0.00    4.67 v _382_/A (sky130_fd_sc_hd__inv_2)
                  0.08    0.11    4.78 ^ _382_/Y (sky130_fd_sc_hd__inv_2)
     1    0.00                           _012_ (net)
                  0.08    0.00    4.78 ^ _410_/RESET_B (sky130_fd_sc_hd__dfrtp_2)
                                  4.78   data arrival time

                  0.15    0.00    0.00   clock clk (rise edge)
                          0.00    0.00   clock network delay (ideal)
                          0.25    0.25   clock uncertainty
                          0.00    0.25   clock reconvergence pessimism
                                  0.25 ^ _410_/CLK (sky130_fd_sc_hd__dfrtp_2)
                          0.36    0.61   library removal time
                                  0.61   data required time
-----------------------------------------------------------------------------
                                  0.61   data required time
                                 -4.78   data arrival time
-----------------------------------------------------------------------------
                                  4.17   slack (MET)


Startpoint: rst (input port clocked by clk)
Endpoint: _417_ (removal check against rising-edge clock clk)
Path Group: asynchronous
Path Type: min

Fanout     Cap    Slew   Delay    Time   Description
-----------------------------------------------------------------------------
                  0.15    0.00    0.00   clock clk (rise edge)
                          0.00    0.00   clock network delay (ideal)
                          4.00    4.00 v input external delay
                  0.03    0.02    4.02 v rst (in)
     1    0.01                           rst (net)
                  0.03    0.00    4.02 v _367_/A (sky130_fd_sc_hd__buf_1)
                  0.29    0.26    4.28 v _367_/X (sky130_fd_sc_hd__buf_1)
    10    0.05                           _180_ (net)
                  0.29    0.00    4.28 v _379_/A (sky130_fd_sc_hd__buf_1)
                  0.33    0.38    4.67 v _379_/X (sky130_fd_sc_hd__buf_1)
    10    0.06                           _182_ (net)
                  0.33    0.00    4.67 v _389_/A (sky130_fd_sc_hd__inv_2)
                  0.08    0.11    4.78 ^ _389_/Y (sky130_fd_sc_hd__inv_2)
     1    0.00                           _019_ (net)
                  0.08    0.00    4.78 ^ _417_/RESET_B (sky130_fd_sc_hd__dfrtp_2)
                                  4.78   data arrival time

                  0.15    0.00    0.00   clock clk (rise edge)
                          0.00    0.00   clock network delay (ideal)
                          0.25    0.25   clock uncertainty
                          0.00    0.25   clock reconvergence pessimism
                                  0.25 ^ _417_/CLK (sky130_fd_sc_hd__dfrtp_2)
                          0.36    0.61   library removal time
                                  0.61   data required time
-----------------------------------------------------------------------------
                                  0.61   data required time
                                 -4.78   data arrival time
-----------------------------------------------------------------------------
                                  4.17   slack (MET)


Startpoint: rst (input port clocked by clk)
Endpoint: _409_ (removal check against rising-edge clock clk)
Path Group: asynchronous
Path Type: min

Fanout     Cap    Slew   Delay    Time   Description
-----------------------------------------------------------------------------
                  0.15    0.00    0.00   clock clk (rise edge)
                          0.00    0.00   clock network delay (ideal)
                          4.00    4.00 v input external delay
                  0.03    0.02    4.02 v rst (in)
     1    0.01                           rst (net)
                  0.03    0.00    4.02 v _367_/A (sky130_fd_sc_hd__buf_1)
                  0.29    0.26    4.28 v _367_/X (sky130_fd_sc_hd__buf_1)
    10    0.05                           _180_ (net)
                  0.29    0.00    4.28 v _379_/A (sky130_fd_sc_hd__buf_1)
                  0.33    0.38    4.67 v _379_/X (sky130_fd_sc_hd__buf_1)
    10    0.06                           _182_ (net)
                  0.33    0.00    4.67 v _381_/A (sky130_fd_sc_hd__inv_2)
                  0.08    0.11    4.78 ^ _381_/Y (sky130_fd_sc_hd__inv_2)
     1    0.00                           _011_ (net)
                  0.08    0.00    4.78 ^ _409_/RESET_B (sky130_fd_sc_hd__dfrtp_2)
                                  4.78   data arrival time

                  0.15    0.00    0.00   clock clk (rise edge)
                          0.00    0.00   clock network delay (ideal)
                          0.25    0.25   clock uncertainty
                          0.00    0.25   clock reconvergence pessimism
                                  0.25 ^ _409_/CLK (sky130_fd_sc_hd__dfrtp_2)
                          0.36    0.61   library removal time
                                  0.61   data required time
-----------------------------------------------------------------------------
                                  0.61   data required time
                                 -4.78   data arrival time
-----------------------------------------------------------------------------
                                  4.17   slack (MET)


Startpoint: rst (input port clocked by clk)
Endpoint: _413_ (removal check against rising-edge clock clk)
Path Group: asynchronous
Path Type: min

Fanout     Cap    Slew   Delay    Time   Description
-----------------------------------------------------------------------------
                  0.15    0.00    0.00   clock clk (rise edge)
                          0.00    0.00   clock network delay (ideal)
                          4.00    4.00 v input external delay
                  0.03    0.02    4.02 v rst (in)
     1    0.01                           rst (net)
                  0.03    0.00    4.02 v _367_/A (sky130_fd_sc_hd__buf_1)
                  0.29    0.26    4.28 v _367_/X (sky130_fd_sc_hd__buf_1)
    10    0.05                           _180_ (net)
                  0.29    0.00    4.28 v _379_/A (sky130_fd_sc_hd__buf_1)
                  0.33    0.38    4.67 v _379_/X (sky130_fd_sc_hd__buf_1)
    10    0.06                           _182_ (net)
                  0.33    0.00    4.67 v _385_/A (sky130_fd_sc_hd__inv_2)
                  0.08    0.11    4.78 ^ _385_/Y (sky130_fd_sc_hd__inv_2)
     1    0.00                           _015_ (net)
                  0.08    0.00    4.78 ^ _413_/RESET_B (sky130_fd_sc_hd__dfrtp_2)
                                  4.78   data arrival time

                  0.15    0.00    0.00   clock clk (rise edge)
                          0.00    0.00   clock network delay (ideal)
                          0.25    0.25   clock uncertainty
                          0.00    0.25   clock reconvergence pessimism
                                  0.25 ^ _413_/CLK (sky130_fd_sc_hd__dfrtp_2)
                          0.36    0.61   library removal time
                                  0.61   data required time
-----------------------------------------------------------------------------
                                  0.61   data required time
                                 -4.78   data arrival time
-----------------------------------------------------------------------------
                                  4.17   slack (MET)


Startpoint: rst (input port clocked by clk)
Endpoint: _412_ (removal check against rising-edge clock clk)
Path Group: asynchronous
Path Type: min

Fanout     Cap    Slew   Delay    Time   Description
-----------------------------------------------------------------------------
                  0.15    0.00    0.00   clock clk (rise edge)
                          0.00    0.00   clock network delay (ideal)
                          4.00    4.00 v input external delay
                  0.03    0.02    4.02 v rst (in)
     1    0.01                           rst (net)
                  0.03    0.00    4.02 v _367_/A (sky130_fd_sc_hd__buf_1)
                  0.29    0.26    4.28 v _367_/X (sky130_fd_sc_hd__buf_1)
    10    0.05                           _180_ (net)
                  0.29    0.00    4.28 v _379_/A (sky130_fd_sc_hd__buf_1)
                  0.33    0.38    4.67 v _379_/X (sky130_fd_sc_hd__buf_1)
    10    0.06                           _182_ (net)
                  0.33    0.00    4.67 v _384_/A (sky130_fd_sc_hd__inv_2)
                  0.08    0.11    4.78 ^ _384_/Y (sky130_fd_sc_hd__inv_2)
     1    0.00                           _014_ (net)
                  0.08    0.00    4.78 ^ _412_/RESET_B (sky130_fd_sc_hd__dfrtp_2)
                                  4.78   data arrival time

                  0.15    0.00    0.00   clock clk (rise edge)
                          0.00    0.00   clock network delay (ideal)
                          0.25    0.25   clock uncertainty
                          0.00    0.25   clock reconvergence pessimism
                                  0.25 ^ _412_/CLK (sky130_fd_sc_hd__dfrtp_2)
                          0.36    0.61   library removal time
                                  0.61   data required time
-----------------------------------------------------------------------------
                                  0.61   data required time
                                 -4.78   data arrival time
-----------------------------------------------------------------------------
                                  4.17   slack (MET)


Startpoint: rst (input port clocked by clk)
Endpoint: _411_ (removal check against rising-edge clock clk)
Path Group: asynchronous
Path Type: min

Fanout     Cap    Slew   Delay    Time   Description
-----------------------------------------------------------------------------
                  0.15    0.00    0.00   clock clk (rise edge)
                          0.00    0.00   clock network delay (ideal)
                          4.00    4.00 v input external delay
                  0.03    0.02    4.02 v rst (in)
     1    0.01                           rst (net)
                  0.03    0.00    4.02 v _367_/A (sky130_fd_sc_hd__buf_1)
                  0.29    0.26    4.28 v _367_/X (sky130_fd_sc_hd__buf_1)
    10    0.05                           _180_ (net)
                  0.29    0.00    4.28 v _379_/A (sky130_fd_sc_hd__buf_1)
                  0.33    0.38    4.67 v _379_/X (sky130_fd_sc_hd__buf_1)
    10    0.06                           _182_ (net)
                  0.33    0.00    4.67 v _383_/A (sky130_fd_sc_hd__inv_2)
                  0.08    0.12    4.78 ^ _383_/Y (sky130_fd_sc_hd__inv_2)
     1    0.00                           _013_ (net)
                  0.08    0.00    4.78 ^ _411_/RESET_B (sky130_fd_sc_hd__dfrtp_2)
                                  4.78   data arrival time

                  0.15    0.00    0.00   clock clk (rise edge)
                          0.00    0.00   clock network delay (ideal)
                          0.25    0.25   clock uncertainty
                          0.00    0.25   clock reconvergence pessimism
                                  0.25 ^ _411_/CLK (sky130_fd_sc_hd__dfrtp_2)
                          0.36    0.61   library removal time
                                  0.61   data required time
-----------------------------------------------------------------------------
                                  0.61   data required time
                                 -4.78   data arrival time
-----------------------------------------------------------------------------
                                  4.18   slack (MET)


Startpoint: rst (input port clocked by clk)
Endpoint: _403_ (removal check against rising-edge clock clk)
Path Group: asynchronous
Path Type: min

Fanout     Cap    Slew   Delay    Time   Description
-----------------------------------------------------------------------------
                  0.15    0.00    0.00   clock clk (rise edge)
                          0.00    0.00   clock network delay (ideal)
                          4.00    4.00 v input external delay
                  0.03    0.02    4.02 v rst (in)
     1    0.01                           rst (net)
                  0.03    0.00    4.02 v _367_/A (sky130_fd_sc_hd__buf_1)
                  0.29    0.26    4.28 v _367_/X (sky130_fd_sc_hd__buf_1)
    10    0.05                           _180_ (net)
                  0.29    0.00    4.28 v _368_/A (sky130_fd_sc_hd__buf_1)
                  0.34    0.39    4.67 v _368_/X (sky130_fd_sc_hd__buf_1)
    10    0.06                           _181_ (net)
                  0.34    0.00    4.68 v _374_/A (sky130_fd_sc_hd__inv_2)
                  0.08    0.11    4.79 ^ _374_/Y (sky130_fd_sc_hd__inv_2)
     1    0.00                           _005_ (net)
                  0.08    0.00    4.79 ^ _403_/RESET_B (sky130_fd_sc_hd__dfrtp_2)
                                  4.79   data arrival time

                  0.15    0.00    0.00   clock clk (rise edge)
                          0.00    0.00   clock network delay (ideal)
                          0.25    0.25   clock uncertainty
                          0.00    0.25   clock reconvergence pessimism
                                  0.25 ^ _403_/CLK (sky130_fd_sc_hd__dfrtp_2)
                          0.36    0.61   library removal time
                                  0.61   data required time
-----------------------------------------------------------------------------
                                  0.61   data required time
                                 -4.79   data arrival time
-----------------------------------------------------------------------------
                                  4.18   slack (MET)


Startpoint: rst (input port clocked by clk)
Endpoint: _402_ (removal check against rising-edge clock clk)
Path Group: asynchronous
Path Type: min

Fanout     Cap    Slew   Delay    Time   Description
-----------------------------------------------------------------------------
                  0.15    0.00    0.00   clock clk (rise edge)
                          0.00    0.00   clock network delay (ideal)
                          4.00    4.00 v input external delay
                  0.03    0.02    4.02 v rst (in)
     1    0.01                           rst (net)
                  0.03    0.00    4.02 v _367_/A (sky130_fd_sc_hd__buf_1)
                  0.29    0.26    4.28 v _367_/X (sky130_fd_sc_hd__buf_1)
    10    0.05                           _180_ (net)
                  0.29    0.00    4.28 v _368_/A (sky130_fd_sc_hd__buf_1)
                  0.34    0.39    4.67 v _368_/X (sky130_fd_sc_hd__buf_1)
    10    0.06                           _181_ (net)
                  0.34    0.00    4.67 v _373_/A (sky130_fd_sc_hd__inv_2)
                  0.08    0.11    4.79 ^ _373_/Y (sky130_fd_sc_hd__inv_2)
     1    0.00                           _004_ (net)
                  0.08    0.00    4.79 ^ _402_/RESET_B (sky130_fd_sc_hd__dfrtp_2)
                                  4.79   data arrival time

                  0.15    0.00    0.00   clock clk (rise edge)
                          0.00    0.00   clock network delay (ideal)
                          0.25    0.25   clock uncertainty
                          0.00    0.25   clock reconvergence pessimism
                                  0.25 ^ _402_/CLK (sky130_fd_sc_hd__dfrtp_2)
                          0.36    0.61   library removal time
                                  0.61   data required time
-----------------------------------------------------------------------------
                                  0.61   data required time
                                 -4.79   data arrival time
-----------------------------------------------------------------------------
                                  4.18   slack (MET)


Startpoint: rst (input port clocked by clk)
Endpoint: _401_ (removal check against rising-edge clock clk)
Path Group: asynchronous
Path Type: min

Fanout     Cap    Slew   Delay    Time   Description
-----------------------------------------------------------------------------
                  0.15    0.00    0.00   clock clk (rise edge)
                          0.00    0.00   clock network delay (ideal)
                          4.00    4.00 v input external delay
                  0.03    0.02    4.02 v rst (in)
     1    0.01                           rst (net)
                  0.03    0.00    4.02 v _367_/A (sky130_fd_sc_hd__buf_1)
                  0.29    0.26    4.28 v _367_/X (sky130_fd_sc_hd__buf_1)
    10    0.05                           _180_ (net)
                  0.29    0.00    4.28 v _368_/A (sky130_fd_sc_hd__buf_1)
                  0.34    0.39    4.67 v _368_/X (sky130_fd_sc_hd__buf_1)
    10    0.06                           _181_ (net)
                  0.34    0.00    4.68 v _372_/A (sky130_fd_sc_hd__inv_2)
                  0.08    0.11    4.79 ^ _372_/Y (sky130_fd_sc_hd__inv_2)
     1    0.00                           _003_ (net)
                  0.08    0.00    4.79 ^ _401_/RESET_B (sky130_fd_sc_hd__dfrtp_2)
                                  4.79   data arrival time

                  0.15    0.00    0.00   clock clk (rise edge)
                          0.00    0.00   clock network delay (ideal)
                          0.25    0.25   clock uncertainty
                          0.00    0.25   clock reconvergence pessimism
                                  0.25 ^ _401_/CLK (sky130_fd_sc_hd__dfrtp_2)
                          0.36    0.61   library removal time
                                  0.61   data required time
-----------------------------------------------------------------------------
                                  0.61   data required time
                                 -4.79   data arrival time
-----------------------------------------------------------------------------
                                  4.18   slack (MET)


Startpoint: rst (input port clocked by clk)
Endpoint: _406_ (removal check against rising-edge clock clk)
Path Group: asynchronous
Path Type: min

Fanout     Cap    Slew   Delay    Time   Description
-----------------------------------------------------------------------------
                  0.15    0.00    0.00   clock clk (rise edge)
                          0.00    0.00   clock network delay (ideal)
                          4.00    4.00 v input external delay
                  0.03    0.02    4.02 v rst (in)
     1    0.01                           rst (net)
                  0.03    0.00    4.02 v _367_/A (sky130_fd_sc_hd__buf_1)
                  0.29    0.26    4.28 v _367_/X (sky130_fd_sc_hd__buf_1)
    10    0.05                           _180_ (net)
                  0.29    0.00    4.28 v _368_/A (sky130_fd_sc_hd__buf_1)
                  0.34    0.39    4.67 v _368_/X (sky130_fd_sc_hd__buf_1)
    10    0.06                           _181_ (net)
                  0.34    0.00    4.67 v _377_/A (sky130_fd_sc_hd__inv_2)
                  0.08    0.11    4.79 ^ _377_/Y (sky130_fd_sc_hd__inv_2)
     1    0.00                           _008_ (net)
                  0.08    0.00    4.79 ^ _406_/RESET_B (sky130_fd_sc_hd__dfrtp_2)
                                  4.79   data arrival time

                  0.15    0.00    0.00   clock clk (rise edge)
                          0.00    0.00   clock network delay (ideal)
                          0.25    0.25   clock uncertainty
                          0.00    0.25   clock reconvergence pessimism
                                  0.25 ^ _406_/CLK (sky130_fd_sc_hd__dfrtp_2)
                          0.36    0.61   library removal time
                                  0.61   data required time
-----------------------------------------------------------------------------
                                  0.61   data required time
                                 -4.79   data arrival time
-----------------------------------------------------------------------------
                                  4.18   slack (MET)


Startpoint: rst (input port clocked by clk)
Endpoint: _398_ (removal check against rising-edge clock clk)
Path Group: asynchronous
Path Type: min

Fanout     Cap    Slew   Delay    Time   Description
-----------------------------------------------------------------------------
                  0.15    0.00    0.00   clock clk (rise edge)
                          0.00    0.00   clock network delay (ideal)
                          4.00    4.00 v input external delay
                  0.03    0.02    4.02 v rst (in)
     1    0.01                           rst (net)
                  0.03    0.00    4.02 v _367_/A (sky130_fd_sc_hd__buf_1)
                  0.29    0.26    4.28 v _367_/X (sky130_fd_sc_hd__buf_1)
    10    0.05                           _180_ (net)
                  0.29    0.00    4.28 v _368_/A (sky130_fd_sc_hd__buf_1)
                  0.34    0.39    4.67 v _368_/X (sky130_fd_sc_hd__buf_1)
    10    0.06                           _181_ (net)
                  0.34    0.00    4.68 v _369_/A (sky130_fd_sc_hd__inv_2)
                  0.08    0.11    4.79 ^ _369_/Y (sky130_fd_sc_hd__inv_2)
     1    0.00                           _000_ (net)
                  0.08    0.00    4.79 ^ _398_/RESET_B (sky130_fd_sc_hd__dfrtp_2)
                                  4.79   data arrival time

                  0.15    0.00    0.00   clock clk (rise edge)
                          0.00    0.00   clock network delay (ideal)
                          0.25    0.25   clock uncertainty
                          0.00    0.25   clock reconvergence pessimism
                                  0.25 ^ _398_/CLK (sky130_fd_sc_hd__dfrtp_2)
                          0.36    0.61   library removal time
                                  0.61   data required time
-----------------------------------------------------------------------------
                                  0.61   data required time
                                 -4.79   data arrival time
-----------------------------------------------------------------------------
                                  4.18   slack (MET)


Startpoint: rst (input port clocked by clk)
Endpoint: _400_ (removal check against rising-edge clock clk)
Path Group: asynchronous
Path Type: min

Fanout     Cap    Slew   Delay    Time   Description
-----------------------------------------------------------------------------
                  0.15    0.00    0.00   clock clk (rise edge)
                          0.00    0.00   clock network delay (ideal)
                          4.00    4.00 v input external delay
                  0.03    0.02    4.02 v rst (in)
     1    0.01                           rst (net)
                  0.03    0.00    4.02 v _367_/A (sky130_fd_sc_hd__buf_1)
                  0.29    0.26    4.28 v _367_/X (sky130_fd_sc_hd__buf_1)
    10    0.05                           _180_ (net)
                  0.29    0.00    4.28 v _368_/A (sky130_fd_sc_hd__buf_1)
                  0.34    0.39    4.67 v _368_/X (sky130_fd_sc_hd__buf_1)
    10    0.06                           _181_ (net)
                  0.34    0.00    4.68 v _371_/A (sky130_fd_sc_hd__inv_2)
                  0.08    0.11    4.79 ^ _371_/Y (sky130_fd_sc_hd__inv_2)
     1    0.00                           _002_ (net)
                  0.08    0.00    4.79 ^ _400_/RESET_B (sky130_fd_sc_hd__dfrtp_2)
                                  4.79   data arrival time

                  0.15    0.00    0.00   clock clk (rise edge)
                          0.00    0.00   clock network delay (ideal)
                          0.25    0.25   clock uncertainty
                          0.00    0.25   clock reconvergence pessimism
                                  0.25 ^ _400_/CLK (sky130_fd_sc_hd__dfrtp_2)
                          0.36    0.61   library removal time
                                  0.61   data required time
-----------------------------------------------------------------------------
                                  0.61   data required time
                                 -4.79   data arrival time
-----------------------------------------------------------------------------
                                  4.18   slack (MET)


Startpoint: rst (input port clocked by clk)
Endpoint: _399_ (removal check against rising-edge clock clk)
Path Group: asynchronous
Path Type: min

Fanout     Cap    Slew   Delay    Time   Description
-----------------------------------------------------------------------------
                  0.15    0.00    0.00   clock clk (rise edge)
                          0.00    0.00   clock network delay (ideal)
                          4.00    4.00 v input external delay
                  0.03    0.02    4.02 v rst (in)
     1    0.01                           rst (net)
                  0.03    0.00    4.02 v _367_/A (sky130_fd_sc_hd__buf_1)
                  0.29    0.26    4.28 v _367_/X (sky130_fd_sc_hd__buf_1)
    10    0.05                           _180_ (net)
                  0.29    0.00    4.28 v _368_/A (sky130_fd_sc_hd__buf_1)
                  0.34    0.39    4.67 v _368_/X (sky130_fd_sc_hd__buf_1)
    10    0.06                           _181_ (net)
                  0.34    0.00    4.68 v _370_/A (sky130_fd_sc_hd__inv_2)
                  0.08    0.11    4.79 ^ _370_/Y (sky130_fd_sc_hd__inv_2)
     1    0.00                           _001_ (net)
                  0.08    0.00    4.79 ^ _399_/RESET_B (sky130_fd_sc_hd__dfrtp_2)
                                  4.79   data arrival time

                  0.15    0.00    0.00   clock clk (rise edge)
                          0.00    0.00   clock network delay (ideal)
                          0.25    0.25   clock uncertainty
                          0.00    0.25   clock reconvergence pessimism
                                  0.25 ^ _399_/CLK (sky130_fd_sc_hd__dfrtp_2)
                          0.36    0.61   library removal time
                                  0.61   data required time
-----------------------------------------------------------------------------
                                  0.61   data required time
                                 -4.79   data arrival time
-----------------------------------------------------------------------------
                                  4.18   slack (MET)


Startpoint: rst (input port clocked by clk)
Endpoint: _407_ (removal check against rising-edge clock clk)
Path Group: asynchronous
Path Type: min

Fanout     Cap    Slew   Delay    Time   Description
-----------------------------------------------------------------------------
                  0.15    0.00    0.00   clock clk (rise edge)
                          0.00    0.00   clock network delay (ideal)
                          4.00    4.00 v input external delay
                  0.03    0.02    4.02 v rst (in)
     1    0.01                           rst (net)
                  0.03    0.00    4.02 v _367_/A (sky130_fd_sc_hd__buf_1)
                  0.29    0.26    4.28 v _367_/X (sky130_fd_sc_hd__buf_1)
    10    0.05                           _180_ (net)
                  0.29    0.00    4.28 v _368_/A (sky130_fd_sc_hd__buf_1)
                  0.34    0.39    4.67 v _368_/X (sky130_fd_sc_hd__buf_1)
    10    0.06                           _181_ (net)
                  0.34    0.00    4.68 v _378_/A (sky130_fd_sc_hd__inv_2)
                  0.08    0.11    4.79 ^ _378_/Y (sky130_fd_sc_hd__inv_2)
     1    0.00                           _009_ (net)
                  0.08    0.00    4.79 ^ _407_/RESET_B (sky130_fd_sc_hd__dfrtp_2)
                                  4.79   data arrival time

                  0.15    0.00    0.00   clock clk (rise edge)
                          0.00    0.00   clock network delay (ideal)
                          0.25    0.25   clock uncertainty
                          0.00    0.25   clock reconvergence pessimism
                                  0.25 ^ _407_/CLK (sky130_fd_sc_hd__dfrtp_2)
                          0.36    0.61   library removal time
                                  0.61   data required time
-----------------------------------------------------------------------------
                                  0.61   data required time
                                 -4.79   data arrival time
-----------------------------------------------------------------------------
                                  4.18   slack (MET)


Startpoint: rst (input port clocked by clk)
Endpoint: _404_ (removal check against rising-edge clock clk)
Path Group: asynchronous
Path Type: min

Fanout     Cap    Slew   Delay    Time   Description
-----------------------------------------------------------------------------
                  0.15    0.00    0.00   clock clk (rise edge)
                          0.00    0.00   clock network delay (ideal)
                          4.00    4.00 v input external delay
                  0.03    0.02    4.02 v rst (in)
     1    0.01                           rst (net)
                  0.03    0.00    4.02 v _367_/A (sky130_fd_sc_hd__buf_1)
                  0.29    0.26    4.28 v _367_/X (sky130_fd_sc_hd__buf_1)
    10    0.05                           _180_ (net)
                  0.29    0.00    4.28 v _368_/A (sky130_fd_sc_hd__buf_1)
                  0.34    0.39    4.67 v _368_/X (sky130_fd_sc_hd__buf_1)
    10    0.06                           _181_ (net)
                  0.34    0.00    4.68 v _375_/A (sky130_fd_sc_hd__inv_2)
                  0.08    0.11    4.79 ^ _375_/Y (sky130_fd_sc_hd__inv_2)
     1    0.00                           _006_ (net)
                  0.08    0.00    4.79 ^ _404_/RESET_B (sky130_fd_sc_hd__dfrtp_2)
                                  4.79   data arrival time

                  0.15    0.00    0.00   clock clk (rise edge)
                          0.00    0.00   clock network delay (ideal)
                          0.25    0.25   clock uncertainty
                          0.00    0.25   clock reconvergence pessimism
                                  0.25 ^ _404_/CLK (sky130_fd_sc_hd__dfrtp_2)
                          0.36    0.61   library removal time
                                  0.61   data required time
-----------------------------------------------------------------------------
                                  0.61   data required time
                                 -4.79   data arrival time
-----------------------------------------------------------------------------
                                  4.18   slack (MET)


Startpoint: rst (input port clocked by clk)
Endpoint: _405_ (removal check against rising-edge clock clk)
Path Group: asynchronous
Path Type: min

Fanout     Cap    Slew   Delay    Time   Description
-----------------------------------------------------------------------------
                  0.15    0.00    0.00   clock clk (rise edge)
                          0.00    0.00   clock network delay (ideal)
                          4.00    4.00 v input external delay
                  0.03    0.02    4.02 v rst (in)
     1    0.01                           rst (net)
                  0.03    0.00    4.02 v _367_/A (sky130_fd_sc_hd__buf_1)
                  0.29    0.26    4.28 v _367_/X (sky130_fd_sc_hd__buf_1)
    10    0.05                           _180_ (net)
                  0.29    0.00    4.28 v _368_/A (sky130_fd_sc_hd__buf_1)
                  0.34    0.39    4.67 v _368_/X (sky130_fd_sc_hd__buf_1)
    10    0.06                           _181_ (net)
                  0.34    0.00    4.68 v _376_/A (sky130_fd_sc_hd__inv_2)
                  0.08    0.11    4.79 ^ _376_/Y (sky130_fd_sc_hd__inv_2)
     1    0.00                           _007_ (net)
                  0.08    0.00    4.79 ^ _405_/RESET_B (sky130_fd_sc_hd__dfrtp_2)
                                  4.79   data arrival time

                  0.15    0.00    0.00   clock clk (rise edge)
                          0.00    0.00   clock network delay (ideal)
                          0.25    0.25   clock uncertainty
                          0.00    0.25   clock reconvergence pessimism
                                  0.25 ^ _405_/CLK (sky130_fd_sc_hd__dfrtp_2)
                          0.36    0.61   library removal time
                                  0.61   data required time
-----------------------------------------------------------------------------
                                  0.61   data required time
                                 -4.79   data arrival time
-----------------------------------------------------------------------------
                                  4.18   slack (MET)


Startpoint: _412_ (rising edge-triggered flip-flop clocked by clk)
Endpoint: last_opcode_out[3] (output port clocked by clk)
Path Group: clk
Path Type: min

Fanout     Cap    Slew   Delay    Time   Description
-----------------------------------------------------------------------------
                  0.15    0.00    0.00   clock clk (rise edge)
                          0.00    0.00   clock network delay (ideal)
                  0.15    0.00    0.00 ^ _412_/CLK (sky130_fd_sc_hd__dfrtp_2)
                  0.15    0.51    0.51 v _412_/Q (sky130_fd_sc_hd__dfrtp_2)
     2    0.05                           last_opcode_out[3] (net)
                  0.15    0.01    0.52 v last_opcode_out[3] (out)
                                  0.52   data arrival time

                  0.15    0.00    0.00   clock clk (rise edge)
                          0.00    0.00   clock network delay (ideal)
                          0.25    0.25   clock uncertainty
                          0.00    0.25   clock reconvergence pessimism
                         -4.00   -3.75   output external delay
                                 -3.75   data required time
-----------------------------------------------------------------------------
                                 -3.75   data required time
                                 -0.52   data arrival time
-----------------------------------------------------------------------------
                                  4.27   slack (MET)


Startpoint: _406_ (rising edge-triggered flip-flop clocked by clk)
Endpoint: A_out[4] (output port clocked by clk)
Path Group: clk
Path Type: min

Fanout     Cap    Slew   Delay    Time   Description
-----------------------------------------------------------------------------
                  0.15    0.00    0.00   clock clk (rise edge)
                          0.00    0.00   clock network delay (ideal)
                  0.15    0.00    0.00 ^ _406_/CLK (sky130_fd_sc_hd__dfrtp_2)
                  0.15    0.51    0.51 v _406_/Q (sky130_fd_sc_hd__dfrtp_2)
     3    0.05                           A_out[4] (net)
                  0.15    0.01    0.52 v A_out[4] (out)
                                  0.52   data arrival time

                  0.15    0.00    0.00   clock clk (rise edge)
                          0.00    0.00   clock network delay (ideal)
                          0.25    0.25   clock uncertainty
                          0.00    0.25   clock reconvergence pessimism
                         -4.00   -3.75   output external delay
                                 -3.75   data required time
-----------------------------------------------------------------------------
                                 -3.75   data required time
                                 -0.52   data arrival time
-----------------------------------------------------------------------------
                                  4.27   slack (MET)


Startpoint: _402_ (rising edge-triggered flip-flop clocked by clk)
Endpoint: A_out[0] (output port clocked by clk)
Path Group: clk
Path Type: min

Fanout     Cap    Slew   Delay    Time   Description
-----------------------------------------------------------------------------
                  0.15    0.00    0.00   clock clk (rise edge)
                          0.00    0.00   clock network delay (ideal)
                  0.15    0.00    0.00 ^ _402_/CLK (sky130_fd_sc_hd__dfrtp_2)
                  0.15    0.52    0.52 v _402_/Q (sky130_fd_sc_hd__dfrtp_2)
     4    0.05                           A_out[0] (net)
                  0.15    0.00    0.52 v A_out[0] (out)
                                  0.52   data arrival time

                  0.15    0.00    0.00   clock clk (rise edge)
                          0.00    0.00   clock network delay (ideal)
                          0.25    0.25   clock uncertainty
                          0.00    0.25   clock reconvergence pessimism
                         -4.00   -3.75   output external delay
                                 -3.75   data required time
-----------------------------------------------------------------------------
                                 -3.75   data required time
                                 -0.52   data arrival time
-----------------------------------------------------------------------------
                                  4.27   slack (MET)


Startpoint: _408_ (rising edge-triggered flip-flop clocked by clk)
Endpoint: A_out[6] (output port clocked by clk)
Path Group: clk
Path Type: min

Fanout     Cap    Slew   Delay    Time   Description
-----------------------------------------------------------------------------
                  0.15    0.00    0.00   clock clk (rise edge)
                          0.00    0.00   clock network delay (ideal)
                  0.15    0.00    0.00 ^ _408_/CLK (sky130_fd_sc_hd__dfrtp_2)
                  0.15    0.52    0.52 v _408_/Q (sky130_fd_sc_hd__dfrtp_2)
     3    0.05                           A_out[6] (net)
                  0.15    0.01    0.52 v A_out[6] (out)
                                  0.52   data arrival time

                  0.15    0.00    0.00   clock clk (rise edge)
                          0.00    0.00   clock network delay (ideal)
                          0.25    0.25   clock uncertainty
                          0.00    0.25   clock reconvergence pessimism
                         -4.00   -3.75   output external delay
                                 -3.75   data required time
-----------------------------------------------------------------------------
                                 -3.75   data required time
                                 -0.52   data arrival time
-----------------------------------------------------------------------------
                                  4.27   slack (MET)


Startpoint: _416_ (rising edge-triggered flip-flop clocked by clk)
Endpoint: flags_out[2] (output port clocked by clk)
Path Group: clk
Path Type: min

Fanout     Cap    Slew   Delay    Time   Description
-----------------------------------------------------------------------------
                  0.15    0.00    0.00   clock clk (rise edge)
                          0.00    0.00   clock network delay (ideal)
                  0.15    0.00    0.00 ^ _416_/CLK (sky130_fd_sc_hd__dfrtp_2)
                  0.16    0.52    0.52 v _416_/Q (sky130_fd_sc_hd__dfrtp_2)
     2    0.06                           flags_out[2] (net)
                  0.16    0.01    0.53 v flags_out[2] (out)
                                  0.53   data arrival time

                  0.15    0.00    0.00   clock clk (rise edge)
                          0.00    0.00   clock network delay (ideal)
                          0.25    0.25   clock uncertainty
                          0.00    0.25   clock reconvergence pessimism
                         -4.00   -3.75   output external delay
                                 -3.75   data required time
-----------------------------------------------------------------------------
                                 -3.75   data required time
                                 -0.53   data arrival time
-----------------------------------------------------------------------------
                                  4.28   slack (MET)


Startpoint: _415_ (rising edge-triggered flip-flop clocked by clk)
Endpoint: flags_out[1] (output port clocked by clk)
Path Group: clk
Path Type: min

Fanout     Cap    Slew   Delay    Time   Description
-----------------------------------------------------------------------------
                  0.15    0.00    0.00   clock clk (rise edge)
                          0.00    0.00   clock network delay (ideal)
                  0.15    0.00    0.00 ^ _415_/CLK (sky130_fd_sc_hd__dfrtp_2)
                  0.16    0.52    0.52 v _415_/Q (sky130_fd_sc_hd__dfrtp_2)
     2    0.06                           flags_out[1] (net)
                  0.16    0.01    0.53 v flags_out[1] (out)
                                  0.53   data arrival time

                  0.15    0.00    0.00   clock clk (rise edge)
                          0.00    0.00   clock network delay (ideal)
                          0.25    0.25   clock uncertainty
                          0.00    0.25   clock reconvergence pessimism
                         -4.00   -3.75   output external delay
                                 -3.75   data required time
-----------------------------------------------------------------------------
                                 -3.75   data required time
                                 -0.53   data arrival time
-----------------------------------------------------------------------------
                                  4.28   slack (MET)


Startpoint: _423_ (rising edge-triggered flip-flop clocked by clk)
Endpoint: B_out[5] (output port clocked by clk)
Path Group: clk
Path Type: min

Fanout     Cap    Slew   Delay    Time   Description
-----------------------------------------------------------------------------
                  0.15    0.00    0.00   clock clk (rise edge)
                          0.00    0.00   clock network delay (ideal)
                  0.15    0.00    0.00 ^ _423_/CLK (sky130_fd_sc_hd__dfrtp_2)
                  0.16    0.52    0.52 v _423_/Q (sky130_fd_sc_hd__dfrtp_2)
     3    0.06                           B_out[5] (net)
                  0.16    0.01    0.53 v B_out[5] (out)
                                  0.53   data arrival time

                  0.15    0.00    0.00   clock clk (rise edge)
                          0.00    0.00   clock network delay (ideal)
                          0.25    0.25   clock uncertainty
                          0.00    0.25   clock reconvergence pessimism
                         -4.00   -3.75   output external delay
                                 -3.75   data required time
-----------------------------------------------------------------------------
                                 -3.75   data required time
                                 -0.53   data arrival time
-----------------------------------------------------------------------------
                                  4.28   slack (MET)


Startpoint: _411_ (rising edge-triggered flip-flop clocked by clk)
Endpoint: last_opcode_out[2] (output port clocked by clk)
Path Group: clk
Path Type: min

Fanout     Cap    Slew   Delay    Time   Description
-----------------------------------------------------------------------------
                  0.15    0.00    0.00   clock clk (rise edge)
                          0.00    0.00   clock network delay (ideal)
                  0.15    0.00    0.00 ^ _411_/CLK (sky130_fd_sc_hd__dfrtp_2)
                  0.16    0.52    0.52 v _411_/Q (sky130_fd_sc_hd__dfrtp_2)
     2    0.06                           last_opcode_out[2] (net)
                  0.16    0.01    0.53 v last_opcode_out[2] (out)
                                  0.53   data arrival time

                  0.15    0.00    0.00   clock clk (rise edge)
                          0.00    0.00   clock network delay (ideal)
                          0.25    0.25   clock uncertainty
                          0.00    0.25   clock reconvergence pessimism
                         -4.00   -3.75   output external delay
                                 -3.75   data required time
-----------------------------------------------------------------------------
                                 -3.75   data required time
                                 -0.53   data arrival time
-----------------------------------------------------------------------------
                                  4.28   slack (MET)


Startpoint: _421_ (rising edge-triggered flip-flop clocked by clk)
Endpoint: B_out[3] (output port clocked by clk)
Path Group: clk
Path Type: min

Fanout     Cap    Slew   Delay    Time   Description
-----------------------------------------------------------------------------
                  0.15    0.00    0.00   clock clk (rise edge)
                          0.00    0.00   clock network delay (ideal)
                  0.15    0.00    0.00 ^ _421_/CLK (sky130_fd_sc_hd__dfrtp_2)
                  0.16    0.52    0.52 v _421_/Q (sky130_fd_sc_hd__dfrtp_2)
     4    0.06                           B_out[3] (net)
                  0.16    0.01    0.53 v B_out[3] (out)
                                  0.53   data arrival time

                  0.15    0.00    0.00   clock clk (rise edge)
                          0.00    0.00   clock network delay (ideal)
                          0.25    0.25   clock uncertainty
                          0.00    0.25   clock reconvergence pessimism
                         -4.00   -3.75   output external delay
                                 -3.75   data required time
-----------------------------------------------------------------------------
                                 -3.75   data required time
                                 -0.53   data arrival time
-----------------------------------------------------------------------------
                                  4.28   slack (MET)


Startpoint: _417_ (rising edge-triggered flip-flop clocked by clk)
Endpoint: flags_out[3] (output port clocked by clk)
Path Group: clk
Path Type: min

Fanout     Cap    Slew   Delay    Time   Description
-----------------------------------------------------------------------------
                  0.15    0.00    0.00   clock clk (rise edge)
                          0.00    0.00   clock network delay (ideal)
                  0.15    0.00    0.00 ^ _417_/CLK (sky130_fd_sc_hd__dfrtp_2)
                  0.17    0.53    0.53 v _417_/Q (sky130_fd_sc_hd__dfrtp_2)
     3    0.06                           flags_out[3] (net)
                  0.17    0.01    0.53 v flags_out[3] (out)
                                  0.53   data arrival time

                  0.15    0.00    0.00   clock clk (rise edge)
                          0.00    0.00   clock network delay (ideal)
                          0.25    0.25   clock uncertainty
                          0.00    0.25   clock reconvergence pessimism
                         -4.00   -3.75   output external delay
                                 -3.75   data required time
-----------------------------------------------------------------------------
                                 -3.75   data required time
                                 -0.53   data arrival time
-----------------------------------------------------------------------------
                                  4.28   slack (MET)


Startpoint: _414_ (rising edge-triggered flip-flop clocked by clk)
Endpoint: flags_out[0] (output port clocked by clk)
Path Group: clk
Path Type: min

Fanout     Cap    Slew   Delay    Time   Description
-----------------------------------------------------------------------------
                  0.15    0.00    0.00   clock clk (rise edge)
                          0.00    0.00   clock network delay (ideal)
                  0.15    0.00    0.00 ^ _414_/CLK (sky130_fd_sc_hd__dfrtp_2)
                  0.17    0.52    0.52 v _414_/Q (sky130_fd_sc_hd__dfrtp_2)
     2    0.06                           flags_out[0] (net)
                  0.17    0.01    0.54 v flags_out[0] (out)
                                  0.54   data arrival time

                  0.15    0.00    0.00   clock clk (rise edge)
                          0.00    0.00   clock network delay (ideal)
                          0.25    0.25   clock uncertainty
                          0.00    0.25   clock reconvergence pessimism
                         -4.00   -3.75   output external delay
                                 -3.75   data required time
-----------------------------------------------------------------------------
                                 -3.75   data required time
                                 -0.54   data arrival time
-----------------------------------------------------------------------------
                                  4.29   slack (MET)


Startpoint: _409_ (rising edge-triggered flip-flop clocked by clk)
Endpoint: A_out[7] (output port clocked by clk)
Path Group: clk
Path Type: min

Fanout     Cap    Slew   Delay    Time   Description
-----------------------------------------------------------------------------
                  0.15    0.00    0.00   clock clk (rise edge)
                          0.00    0.00   clock network delay (ideal)
                  0.15    0.00    0.00 ^ _409_/CLK (sky130_fd_sc_hd__dfrtp_2)
                  0.17    0.52    0.52 v _409_/Q (sky130_fd_sc_hd__dfrtp_2)
     3    0.06                           A_out[7] (net)
                  0.17    0.01    0.54 v A_out[7] (out)
                                  0.54   data arrival time

                  0.15    0.00    0.00   clock clk (rise edge)
                          0.00    0.00   clock network delay (ideal)
                          0.25    0.25   clock uncertainty
                          0.00    0.25   clock reconvergence pessimism
                         -4.00   -3.75   output external delay
                                 -3.75   data required time
-----------------------------------------------------------------------------
                                 -3.75   data required time
                                 -0.54   data arrival time
-----------------------------------------------------------------------------
                                  4.29   slack (MET)


Startpoint: _405_ (rising edge-triggered flip-flop clocked by clk)
Endpoint: A_out[3] (output port clocked by clk)
Path Group: clk
Path Type: min

Fanout     Cap    Slew   Delay    Time   Description
-----------------------------------------------------------------------------
                  0.15    0.00    0.00   clock clk (rise edge)
                          0.00    0.00   clock network delay (ideal)
                  0.15    0.00    0.00 ^ _405_/CLK (sky130_fd_sc_hd__dfrtp_2)
                  0.17    0.53    0.53 v _405_/Q (sky130_fd_sc_hd__dfrtp_2)
     3    0.06                           A_out[3] (net)
                  0.17    0.01    0.54 v A_out[3] (out)
                                  0.54   data arrival time

                  0.15    0.00    0.00   clock clk (rise edge)
                          0.00    0.00   clock network delay (ideal)
                          0.25    0.25   clock uncertainty
                          0.00    0.25   clock reconvergence pessimism
                         -4.00   -3.75   output external delay
                                 -3.75   data required time
-----------------------------------------------------------------------------
                                 -3.75   data required time
                                 -0.54   data arrival time
-----------------------------------------------------------------------------
                                  4.29   slack (MET)


Startpoint: _425_ (rising edge-triggered flip-flop clocked by clk)
Endpoint: B_out[7] (output port clocked by clk)
Path Group: clk
Path Type: min

Fanout     Cap    Slew   Delay    Time   Description
-----------------------------------------------------------------------------
                  0.15    0.00    0.00   clock clk (rise edge)
                          0.00    0.00   clock network delay (ideal)
                  0.15    0.00    0.00 ^ _425_/CLK (sky130_fd_sc_hd__dfrtp_2)
                  0.17    0.53    0.53 v _425_/Q (sky130_fd_sc_hd__dfrtp_2)
     3    0.06                           B_out[7] (net)
                  0.18    0.01    0.54 v B_out[7] (out)
                                  0.54   data arrival time

                  0.15    0.00    0.00   clock clk (rise edge)
                          0.00    0.00   clock network delay (ideal)
                          0.25    0.25   clock uncertainty
                          0.00    0.25   clock reconvergence pessimism
                         -4.00   -3.75   output external delay
                                 -3.75   data required time
-----------------------------------------------------------------------------
                                 -3.75   data required time
                                 -0.54   data arrival time
-----------------------------------------------------------------------------
                                  4.29   slack (MET)


Startpoint: _424_ (rising edge-triggered flip-flop clocked by clk)
Endpoint: B_out[6] (output port clocked by clk)
Path Group: clk
Path Type: min

Fanout     Cap    Slew   Delay    Time   Description
-----------------------------------------------------------------------------
                  0.15    0.00    0.00   clock clk (rise edge)
                          0.00    0.00   clock network delay (ideal)
                  0.15    0.00    0.00 ^ _424_/CLK (sky130_fd_sc_hd__dfrtp_2)
                  0.18    0.54    0.54 v _424_/Q (sky130_fd_sc_hd__dfrtp_2)
     6    0.07                           B_out[6] (net)
                  0.18    0.01    0.55 v B_out[6] (out)
                                  0.55   data arrival time

                  0.15    0.00    0.00   clock clk (rise edge)
                          0.00    0.00   clock network delay (ideal)
                          0.25    0.25   clock uncertainty
                          0.00    0.25   clock reconvergence pessimism
                         -4.00   -3.75   output external delay
                                 -3.75   data required time
-----------------------------------------------------------------------------
                                 -3.75   data required time
                                 -0.55   data arrival time
-----------------------------------------------------------------------------
                                  4.30   slack (MET)


Startpoint: _419_ (rising edge-triggered flip-flop clocked by clk)
Endpoint: B_out[1] (output port clocked by clk)
Path Group: clk
Path Type: min

Fanout     Cap    Slew   Delay    Time   Description
-----------------------------------------------------------------------------
                  0.15    0.00    0.00   clock clk (rise edge)
                          0.00    0.00   clock network delay (ideal)
                  0.15    0.00    0.00 ^ _419_/CLK (sky130_fd_sc_hd__dfrtp_2)
                  0.18    0.54    0.54 v _419_/Q (sky130_fd_sc_hd__dfrtp_2)
     4    0.07                           B_out[1] (net)
                  0.18    0.01    0.55 v B_out[1] (out)
                                  0.55   data arrival time

                  0.15    0.00    0.00   clock clk (rise edge)
                          0.00    0.00   clock network delay (ideal)
                          0.25    0.25   clock uncertainty
                          0.00    0.25   clock reconvergence pessimism
                         -4.00   -3.75   output external delay
                                 -3.75   data required time
-----------------------------------------------------------------------------
                                 -3.75   data required time
                                 -0.55   data arrival time
-----------------------------------------------------------------------------
                                  4.30   slack (MET)


Startpoint: _418_ (rising edge-triggered flip-flop clocked by clk)
Endpoint: B_out[0] (output port clocked by clk)
Path Group: clk
Path Type: min

Fanout     Cap    Slew   Delay    Time   Description
-----------------------------------------------------------------------------
                  0.15    0.00    0.00   clock clk (rise edge)
                          0.00    0.00   clock network delay (ideal)
                  0.15    0.00    0.00 ^ _418_/CLK (sky130_fd_sc_hd__dfrtp_2)
                  0.18    0.54    0.54 v _418_/Q (sky130_fd_sc_hd__dfrtp_2)
     5    0.07                           B_out[0] (net)
                  0.18    0.01    0.55 v B_out[0] (out)
                                  0.55   data arrival time

                  0.15    0.00    0.00   clock clk (rise edge)
                          0.00    0.00   clock network delay (ideal)
                          0.25    0.25   clock uncertainty
                          0.00    0.25   clock reconvergence pessimism
                         -4.00   -3.75   output external delay
                                 -3.75   data required time
-----------------------------------------------------------------------------
                                 -3.75   data required time
                                 -0.55   data arrival time
-----------------------------------------------------------------------------
                                  4.30   slack (MET)


Startpoint: _403_ (rising edge-triggered flip-flop clocked by clk)
Endpoint: A_out[1] (output port clocked by clk)
Path Group: clk
Path Type: min

Fanout     Cap    Slew   Delay    Time   Description
-----------------------------------------------------------------------------
                  0.15    0.00    0.00   clock clk (rise edge)
                          0.00    0.00   clock network delay (ideal)
                  0.15    0.00    0.00 ^ _403_/CLK (sky130_fd_sc_hd__dfrtp_2)
                  0.18    0.54    0.54 v _403_/Q (sky130_fd_sc_hd__dfrtp_2)
     3    0.07                           A_out[1] (net)
                  0.19    0.01    0.55 v A_out[1] (out)
                                  0.55   data arrival time

                  0.15    0.00    0.00   clock clk (rise edge)
                          0.00    0.00   clock network delay (ideal)
                          0.25    0.25   clock uncertainty
                          0.00    0.25   clock reconvergence pessimism
                         -4.00   -3.75   output external delay
                                 -3.75   data required time
-----------------------------------------------------------------------------
                                 -3.75   data required time
                                 -0.55   data arrival time
-----------------------------------------------------------------------------
                                  4.30   slack (MET)


Startpoint: _407_ (rising edge-triggered flip-flop clocked by clk)
Endpoint: A_out[5] (output port clocked by clk)
Path Group: clk
Path Type: min

Fanout     Cap    Slew   Delay    Time   Description
-----------------------------------------------------------------------------
                  0.15    0.00    0.00   clock clk (rise edge)
                          0.00    0.00   clock network delay (ideal)
                  0.15    0.00    0.00 ^ _407_/CLK (sky130_fd_sc_hd__dfrtp_2)
                  0.19    0.54    0.54 v _407_/Q (sky130_fd_sc_hd__dfrtp_2)
     3    0.07                           A_out[5] (net)
                  0.19    0.02    0.55 v A_out[5] (out)
                                  0.55   data arrival time

                  0.15    0.00    0.00   clock clk (rise edge)
                          0.00    0.00   clock network delay (ideal)
                          0.25    0.25   clock uncertainty
                          0.00    0.25   clock reconvergence pessimism
                         -4.00   -3.75   output external delay
                                 -3.75   data required time
-----------------------------------------------------------------------------
                                 -3.75   data required time
                                 -0.55   data arrival time
-----------------------------------------------------------------------------
                                  4.30   slack (MET)


Startpoint: _422_ (rising edge-triggered flip-flop clocked by clk)
Endpoint: B_out[4] (output port clocked by clk)
Path Group: clk
Path Type: min

Fanout     Cap    Slew   Delay    Time   Description
-----------------------------------------------------------------------------
                  0.15    0.00    0.00   clock clk (rise edge)
                          0.00    0.00   clock network delay (ideal)
                  0.15    0.00    0.00 ^ _422_/CLK (sky130_fd_sc_hd__dfrtp_2)
                  0.19    0.54    0.54 v _422_/Q (sky130_fd_sc_hd__dfrtp_2)
     5    0.07                           B_out[4] (net)
                  0.19    0.01    0.56 v B_out[4] (out)
                                  0.56   data arrival time

                  0.15    0.00    0.00   clock clk (rise edge)
                          0.00    0.00   clock network delay (ideal)
                          0.25    0.25   clock uncertainty
                          0.00    0.25   clock reconvergence pessimism
                         -4.00   -3.75   output external delay
                                 -3.75   data required time
-----------------------------------------------------------------------------
                                 -3.75   data required time
                                 -0.56   data arrival time
-----------------------------------------------------------------------------
                                  4.31   slack (MET)


Startpoint: _420_ (rising edge-triggered flip-flop clocked by clk)
Endpoint: B_out[2] (output port clocked by clk)
Path Group: clk
Path Type: min

Fanout     Cap    Slew   Delay    Time   Description
-----------------------------------------------------------------------------
                  0.15    0.00    0.00   clock clk (rise edge)
                          0.00    0.00   clock network delay (ideal)
                  0.15    0.00    0.00 ^ _420_/CLK (sky130_fd_sc_hd__dfrtp_2)
                  0.20    0.55    0.55 v _420_/Q (sky130_fd_sc_hd__dfrtp_2)
     4    0.07                           B_out[2] (net)
                  0.20    0.01    0.56 v B_out[2] (out)
                                  0.56   data arrival time

                  0.15    0.00    0.00   clock clk (rise edge)
                          0.00    0.00   clock network delay (ideal)
                          0.25    0.25   clock uncertainty
                          0.00    0.25   clock reconvergence pessimism
                         -4.00   -3.75   output external delay
                                 -3.75   data required time
-----------------------------------------------------------------------------
                                 -3.75   data required time
                                 -0.56   data arrival time
-----------------------------------------------------------------------------
                                  4.31   slack (MET)


Startpoint: _404_ (rising edge-triggered flip-flop clocked by clk)
Endpoint: A_out[2] (output port clocked by clk)
Path Group: clk
Path Type: min

Fanout     Cap    Slew   Delay    Time   Description
-----------------------------------------------------------------------------
                  0.15    0.00    0.00   clock clk (rise edge)
                          0.00    0.00   clock network delay (ideal)
                  0.15    0.00    0.00 ^ _404_/CLK (sky130_fd_sc_hd__dfrtp_2)
                  0.20    0.55    0.55 v _404_/Q (sky130_fd_sc_hd__dfrtp_2)
     4    0.07                           A_out[2] (net)
                  0.20    0.01    0.56 v A_out[2] (out)
                                  0.56   data arrival time

                  0.15    0.00    0.00   clock clk (rise edge)
                          0.00    0.00   clock network delay (ideal)
                          0.25    0.25   clock uncertainty
                          0.00    0.25   clock reconvergence pessimism
                         -4.00   -3.75   output external delay
                                 -3.75   data required time
-----------------------------------------------------------------------------
                                 -3.75   data required time
                                 -0.56   data arrival time
-----------------------------------------------------------------------------
                                  4.31   slack (MET)


Startpoint: _410_ (rising edge-triggered flip-flop clocked by clk)
Endpoint: last_opcode_out[1] (output port clocked by clk)
Path Group: clk
Path Type: min

Fanout     Cap    Slew   Delay    Time   Description
-----------------------------------------------------------------------------
                  0.15    0.00    0.00   clock clk (rise edge)
                          0.00    0.00   clock network delay (ideal)
                  0.15    0.00    0.00 ^ _410_/CLK (sky130_fd_sc_hd__dfrtp_2)
                  0.22    0.57    0.57 v _410_/Q (sky130_fd_sc_hd__dfrtp_2)
     3    0.09                           last_opcode_out[1] (net)
                  0.22    0.01    0.58 v last_opcode_out[1] (out)
                                  0.58   data arrival time

                  0.15    0.00    0.00   clock clk (rise edge)
                          0.00    0.00   clock network delay (ideal)
                          0.25    0.25   clock uncertainty
                          0.00    0.25   clock reconvergence pessimism
                         -4.00   -3.75   output external delay
                                 -3.75   data required time
-----------------------------------------------------------------------------
                                 -3.75   data required time
                                 -0.58   data arrival time
-----------------------------------------------------------------------------
                                  4.33   slack (MET)


Startpoint: _413_ (rising edge-triggered flip-flop clocked by clk)
Endpoint: last_opcode_out[6] (output port clocked by clk)
Path Group: clk
Path Type: min

Fanout     Cap    Slew   Delay    Time   Description
-----------------------------------------------------------------------------
                  0.15    0.00    0.00   clock clk (rise edge)
                          0.00    0.00   clock network delay (ideal)
                  0.15    0.00    0.00 ^ _413_/CLK (sky130_fd_sc_hd__dfrtp_2)
                  0.22    0.56    0.56 v _413_/Q (sky130_fd_sc_hd__dfrtp_2)
     3    0.09                           last_opcode_out[6] (net)
                  0.23    0.02    0.58 v last_opcode_out[6] (out)
                                  0.58   data arrival time

                  0.15    0.00    0.00   clock clk (rise edge)
                          0.00    0.00   clock network delay (ideal)
                          0.25    0.25   clock uncertainty
                          0.00    0.25   clock reconvergence pessimism
                         -4.00   -3.75   output external delay
                                 -3.75   data required time
-----------------------------------------------------------------------------
                                 -3.75   data required time
                                 -0.58   data arrival time
-----------------------------------------------------------------------------
                                  4.33   slack (MET)


Startpoint: _413_ (rising edge-triggered flip-flop clocked by clk)
Endpoint: last_opcode_out[4] (output port clocked by clk)
Path Group: clk
Path Type: min

Fanout     Cap    Slew   Delay    Time   Description
-----------------------------------------------------------------------------
                  0.15    0.00    0.00   clock clk (rise edge)
                          0.00    0.00   clock network delay (ideal)
                  0.15    0.00    0.00 ^ _413_/CLK (sky130_fd_sc_hd__dfrtp_2)
                  0.22    0.56    0.56 v _413_/Q (sky130_fd_sc_hd__dfrtp_2)
     3    0.09                           last_opcode_out[6] (net)
                  0.22    0.00    0.57 v _428_/A (sky130_fd_sc_hd__buf_2)
                  0.09    0.25    0.81 v _428_/X (sky130_fd_sc_hd__buf_2)
     1    0.04                           last_opcode_out[4] (net)
                  0.09    0.00    0.81 v last_opcode_out[4] (out)
                                  0.81   data arrival time

                  0.15    0.00    0.00   clock clk (rise edge)
                          0.00    0.00   clock network delay (ideal)
                          0.25    0.25   clock uncertainty
                          0.00    0.25   clock reconvergence pessimism
                         -4.00   -3.75   output external delay
                                 -3.75   data required time
-----------------------------------------------------------------------------
                                 -3.75   data required time
                                 -0.81   data arrival time
-----------------------------------------------------------------------------
                                  4.56   slack (MET)


Startpoint: _410_ (rising edge-triggered flip-flop clocked by clk)
Endpoint: last_opcode_out[0] (output port clocked by clk)
Path Group: clk
Path Type: min

Fanout     Cap    Slew   Delay    Time   Description
-----------------------------------------------------------------------------
                  0.15    0.00    0.00   clock clk (rise edge)
                          0.00    0.00   clock network delay (ideal)
                  0.15    0.00    0.00 ^ _410_/CLK (sky130_fd_sc_hd__dfrtp_2)
                  0.22    0.57    0.57 v _410_/Q (sky130_fd_sc_hd__dfrtp_2)
     3    0.09                           last_opcode_out[1] (net)
                  0.22    0.00    0.57 v _427_/A (sky130_fd_sc_hd__buf_2)
                  0.09    0.25    0.82 v _427_/X (sky130_fd_sc_hd__buf_2)
     1    0.04                           last_opcode_out[0] (net)
                  0.09    0.00    0.82 v last_opcode_out[0] (out)
                                  0.82   data arrival time

                  0.15    0.00    0.00   clock clk (rise edge)
                          0.00    0.00   clock network delay (ideal)
                          0.25    0.25   clock uncertainty
                          0.00    0.25   clock reconvergence pessimism
                         -4.00   -3.75   output external delay
                                 -3.75   data required time
-----------------------------------------------------------------------------
                                 -3.75   data required time
                                 -0.82   data arrival time
-----------------------------------------------------------------------------
                                  4.57   slack (MET)



min_report_end
max_report

===========================================================================
report_checks -path_delay max (Setup)
============================================================================
======================= Typical Corner ===================================

Startpoint: _399_ (rising edge-triggered flip-flop clocked by clk)
Endpoint: _417_ (rising edge-triggered flip-flop clocked by clk)
Path Group: clk
Path Type: max

Fanout     Cap    Slew   Delay    Time   Description
-----------------------------------------------------------------------------
                  0.15    0.00    0.00   clock clk (rise edge)
                          0.00    0.00   clock network delay (ideal)
                  0.15    0.00    0.00 ^ _399_/CLK (sky130_fd_sc_hd__dfrtp_2)
                  0.11    0.53    0.53 v _399_/Q (sky130_fd_sc_hd__dfrtp_2)
     9    0.03                           U_PC.pc[1] (net)
                  0.11    0.00    0.53 v _200_/B (sky130_fd_sc_hd__and2b_2)
                  0.05    0.25    0.79 v _200_/X (sky130_fd_sc_hd__and2b_2)
     4    0.01                           _186_ (net)
                  0.05    0.00    0.79 v _202_/B (sky130_fd_sc_hd__or3_2)
                  0.07    0.46    1.25 v _202_/X (sky130_fd_sc_hd__or3_2)
     1    0.00                           _188_ (net)
                  0.07    0.00    1.25 v _203_/A (sky130_fd_sc_hd__buf_1)
                  0.28    0.31    1.55 v _203_/X (sky130_fd_sc_hd__buf_1)
     9    0.05                           _189_ (net)
                  0.28    0.00    1.55 v _235_/A2 (sky130_fd_sc_hd__a221oi_2)
                  0.33    0.48    2.03 ^ _235_/Y (sky130_fd_sc_hd__a221oi_2)
     3    0.01                           _076_ (net)
                  0.33    0.00    2.03 ^ _238_/A3 (sky130_fd_sc_hd__a32oi_2)
                  0.18    0.25    2.28 v _238_/Y (sky130_fd_sc_hd__a32oi_2)
     5    0.02                           _079_ (net)
                  0.18    0.00    2.28 v _288_/A (sky130_fd_sc_hd__xor2_2)
                  0.07    0.22    2.51 v _288_/X (sky130_fd_sc_hd__xor2_2)
     1    0.00                           _124_ (net)
                  0.07    0.00    2.51 v _291_/A2 (sky130_fd_sc_hd__a211o_2)
                  0.07    0.38    2.89 v _291_/X (sky130_fd_sc_hd__a211o_2)
     3    0.01                           _127_ (net)
                  0.07    0.00    2.89 v _310_/B (sky130_fd_sc_hd__or4_2)
                  0.10    0.67    3.56 v _310_/X (sky130_fd_sc_hd__or4_2)
     1    0.00                           _143_ (net)
                  0.10    0.00    3.56 v _311_/D (sky130_fd_sc_hd__or4_2)
                  0.10    0.58    4.14 v _311_/X (sky130_fd_sc_hd__or4_2)
     1    0.00                           _144_ (net)
                  0.10    0.00    4.14 v _312_/D (sky130_fd_sc_hd__or4_2)
                  0.12    0.62    4.76 v _312_/X (sky130_fd_sc_hd__or4_2)
     1    0.01                           _145_ (net)
                  0.12    0.00    4.76 v _314_/A4 (sky130_fd_sc_hd__o41ai_2)
                  0.23    0.23    4.99 ^ _314_/Y (sky130_fd_sc_hd__o41ai_2)
     1    0.00                           _043_ (net)
                  0.23    0.00    4.99 ^ _417_/D (sky130_fd_sc_hd__dfrtp_2)
                                  4.99   data arrival time

                  0.15   20.00   20.00   clock clk (rise edge)
                          0.00   20.00   clock network delay (ideal)
                         -0.25   19.75   clock uncertainty
                          0.00   19.75   clock reconvergence pessimism
                                 19.75 ^ _417_/CLK (sky130_fd_sc_hd__dfrtp_2)
                         -0.09   19.66   library setup time
                                 19.66   data required time
-----------------------------------------------------------------------------
                                 19.66   data required time
                                 -4.99   data arrival time
-----------------------------------------------------------------------------
                                 14.67   slack (MET)


Startpoint: _410_ (rising edge-triggered flip-flop clocked by clk)
Endpoint: last_opcode_out[0] (output port clocked by clk)
Path Group: clk
Path Type: max

Fanout     Cap    Slew   Delay    Time   Description
-----------------------------------------------------------------------------
                  0.15    0.00    0.00   clock clk (rise edge)
                          0.00    0.00   clock network delay (ideal)
                  0.15    0.00    0.00 ^ _410_/CLK (sky130_fd_sc_hd__dfrtp_2)
                  0.41    0.68    0.68 ^ _410_/Q (sky130_fd_sc_hd__dfrtp_2)
     3    0.09                           last_opcode_out[1] (net)
                  0.41    0.00    0.68 ^ _427_/A (sky130_fd_sc_hd__buf_2)
                  0.18    0.31    0.99 ^ _427_/X (sky130_fd_sc_hd__buf_2)
     1    0.04                           last_opcode_out[0] (net)
                  0.18    0.00    0.99 ^ last_opcode_out[0] (out)
                                  0.99   data arrival time

                  0.15   20.00   20.00   clock clk (rise edge)
                          0.00   20.00   clock network delay (ideal)
                         -0.25   19.75   clock uncertainty
                          0.00   19.75   clock reconvergence pessimism
                         -4.00   15.75   output external delay
                                 15.75   data required time
-----------------------------------------------------------------------------
                                 15.75   data required time
                                 -0.99   data arrival time
-----------------------------------------------------------------------------
                                 14.76   slack (MET)


Startpoint: _413_ (rising edge-triggered flip-flop clocked by clk)
Endpoint: last_opcode_out[4] (output port clocked by clk)
Path Group: clk
Path Type: max

Fanout     Cap    Slew   Delay    Time   Description
-----------------------------------------------------------------------------
                  0.15    0.00    0.00   clock clk (rise edge)
                          0.00    0.00   clock network delay (ideal)
                  0.15    0.00    0.00 ^ _413_/CLK (sky130_fd_sc_hd__dfrtp_2)
                  0.41    0.68    0.68 ^ _413_/Q (sky130_fd_sc_hd__dfrtp_2)
     3    0.09                           last_opcode_out[6] (net)
                  0.41    0.00    0.68 ^ _428_/A (sky130_fd_sc_hd__buf_2)
                  0.18    0.31    0.99 ^ _428_/X (sky130_fd_sc_hd__buf_2)
     1    0.04                           last_opcode_out[4] (net)
                  0.18    0.00    0.99 ^ last_opcode_out[4] (out)
                                  0.99   data arrival time

                  0.15   20.00   20.00   clock clk (rise edge)
                          0.00   20.00   clock network delay (ideal)
                         -0.25   19.75   clock uncertainty
                          0.00   19.75   clock reconvergence pessimism
                         -4.00   15.75   output external delay
                                 15.75   data required time
-----------------------------------------------------------------------------
                                 15.75   data required time
                                 -0.99   data arrival time
-----------------------------------------------------------------------------
                                 14.76   slack (MET)


Startpoint: _413_ (rising edge-triggered flip-flop clocked by clk)
Endpoint: last_opcode_out[6] (output port clocked by clk)
Path Group: clk
Path Type: max

Fanout     Cap    Slew   Delay    Time   Description
-----------------------------------------------------------------------------
                  0.15    0.00    0.00   clock clk (rise edge)
                          0.00    0.00   clock network delay (ideal)
                  0.15    0.00    0.00 ^ _413_/CLK (sky130_fd_sc_hd__dfrtp_2)
                  0.41    0.68    0.68 ^ _413_/Q (sky130_fd_sc_hd__dfrtp_2)
     3    0.09                           last_opcode_out[6] (net)
                  0.41    0.02    0.70 ^ last_opcode_out[6] (out)
                                  0.70   data arrival time

                  0.15   20.00   20.00   clock clk (rise edge)
                          0.00   20.00   clock network delay (ideal)
                         -0.25   19.75   clock uncertainty
                          0.00   19.75   clock reconvergence pessimism
                         -4.00   15.75   output external delay
                                 15.75   data required time
-----------------------------------------------------------------------------
                                 15.75   data required time
                                 -0.70   data arrival time
-----------------------------------------------------------------------------
                                 15.05   slack (MET)


Startpoint: _410_ (rising edge-triggered flip-flop clocked by clk)
Endpoint: last_opcode_out[1] (output port clocked by clk)
Path Group: clk
Path Type: max

Fanout     Cap    Slew   Delay    Time   Description
-----------------------------------------------------------------------------
                  0.15    0.00    0.00   clock clk (rise edge)
                          0.00    0.00   clock network delay (ideal)
                  0.15    0.00    0.00 ^ _410_/CLK (sky130_fd_sc_hd__dfrtp_2)
                  0.41    0.68    0.68 ^ _410_/Q (sky130_fd_sc_hd__dfrtp_2)
     3    0.09                           last_opcode_out[1] (net)
                  0.41    0.01    0.70 ^ last_opcode_out[1] (out)
                                  0.70   data arrival time

                  0.15   20.00   20.00   clock clk (rise edge)
                          0.00   20.00   clock network delay (ideal)
                         -0.25   19.75   clock uncertainty
                          0.00   19.75   clock reconvergence pessimism
                         -4.00   15.75   output external delay
                                 15.75   data required time
-----------------------------------------------------------------------------
                                 15.75   data required time
                                 -0.70   data arrival time
-----------------------------------------------------------------------------
                                 15.05   slack (MET)


Startpoint: _404_ (rising edge-triggered flip-flop clocked by clk)
Endpoint: A_out[2] (output port clocked by clk)
Path Group: clk
Path Type: max

Fanout     Cap    Slew   Delay    Time   Description
-----------------------------------------------------------------------------
                  0.15    0.00    0.00   clock clk (rise edge)
                          0.00    0.00   clock network delay (ideal)
                  0.15    0.00    0.00 ^ _404_/CLK (sky130_fd_sc_hd__dfrtp_2)
                  0.36    0.64    0.64 ^ _404_/Q (sky130_fd_sc_hd__dfrtp_2)
     4    0.08                           A_out[2] (net)
                  0.36    0.02    0.66 ^ A_out[2] (out)
                                  0.66   data arrival time

                  0.15   20.00   20.00   clock clk (rise edge)
                          0.00   20.00   clock network delay (ideal)
                         -0.25   19.75   clock uncertainty
                          0.00   19.75   clock reconvergence pessimism
                         -4.00   15.75   output external delay
                                 15.75   data required time
-----------------------------------------------------------------------------
                                 15.75   data required time
                                 -0.66   data arrival time
-----------------------------------------------------------------------------
                                 15.09   slack (MET)


Startpoint: _420_ (rising edge-triggered flip-flop clocked by clk)
Endpoint: B_out[2] (output port clocked by clk)
Path Group: clk
Path Type: max

Fanout     Cap    Slew   Delay    Time   Description
-----------------------------------------------------------------------------
                  0.15    0.00    0.00   clock clk (rise edge)
                          0.00    0.00   clock network delay (ideal)
                  0.15    0.00    0.00 ^ _420_/CLK (sky130_fd_sc_hd__dfrtp_2)
                  0.36    0.64    0.64 ^ _420_/Q (sky130_fd_sc_hd__dfrtp_2)
     4    0.08                           B_out[2] (net)
                  0.36    0.01    0.66 ^ B_out[2] (out)
                                  0.66   data arrival time

                  0.15   20.00   20.00   clock clk (rise edge)
                          0.00   20.00   clock network delay (ideal)
                         -0.25   19.75   clock uncertainty
                          0.00   19.75   clock reconvergence pessimism
                         -4.00   15.75   output external delay
                                 15.75   data required time
-----------------------------------------------------------------------------
                                 15.75   data required time
                                 -0.66   data arrival time
-----------------------------------------------------------------------------
                                 15.09   slack (MET)


Startpoint: _422_ (rising edge-triggered flip-flop clocked by clk)
Endpoint: B_out[4] (output port clocked by clk)
Path Group: clk
Path Type: max

Fanout     Cap    Slew   Delay    Time   Description
-----------------------------------------------------------------------------
                  0.15    0.00    0.00   clock clk (rise edge)
                          0.00    0.00   clock network delay (ideal)
                  0.15    0.00    0.00 ^ _422_/CLK (sky130_fd_sc_hd__dfrtp_2)
                  0.35    0.64    0.64 ^ _422_/Q (sky130_fd_sc_hd__dfrtp_2)
     5    0.07                           B_out[4] (net)
                  0.35    0.01    0.65 ^ B_out[4] (out)
                                  0.65   data arrival time

                  0.15   20.00   20.00   clock clk (rise edge)
                          0.00   20.00   clock network delay (ideal)
                         -0.25   19.75   clock uncertainty
                          0.00   19.75   clock reconvergence pessimism
                         -4.00   15.75   output external delay
                                 15.75   data required time
-----------------------------------------------------------------------------
                                 15.75   data required time
                                 -0.65   data arrival time
-----------------------------------------------------------------------------
                                 15.10   slack (MET)


Startpoint: _418_ (rising edge-triggered flip-flop clocked by clk)
Endpoint: B_out[0] (output port clocked by clk)
Path Group: clk
Path Type: max

Fanout     Cap    Slew   Delay    Time   Description
-----------------------------------------------------------------------------
                  0.15    0.00    0.00   clock clk (rise edge)
                          0.00    0.00   clock network delay (ideal)
                  0.15    0.00    0.00 ^ _418_/CLK (sky130_fd_sc_hd__dfrtp_2)
                  0.33    0.63    0.63 ^ _418_/Q (sky130_fd_sc_hd__dfrtp_2)
     5    0.07                           B_out[0] (net)
                  0.33    0.01    0.64 ^ B_out[0] (out)
                                  0.64   data arrival time

                  0.15   20.00   20.00   clock clk (rise edge)
                          0.00   20.00   clock network delay (ideal)
                         -0.25   19.75   clock uncertainty
                          0.00   19.75   clock reconvergence pessimism
                         -4.00   15.75   output external delay
                                 15.75   data required time
-----------------------------------------------------------------------------
                                 15.75   data required time
                                 -0.64   data arrival time
-----------------------------------------------------------------------------
                                 15.11   slack (MET)


Startpoint: _407_ (rising edge-triggered flip-flop clocked by clk)
Endpoint: A_out[5] (output port clocked by clk)
Path Group: clk
Path Type: max

Fanout     Cap    Slew   Delay    Time   Description
-----------------------------------------------------------------------------
                  0.15    0.00    0.00   clock clk (rise edge)
                          0.00    0.00   clock network delay (ideal)
                  0.15    0.00    0.00 ^ _407_/CLK (sky130_fd_sc_hd__dfrtp_2)
                  0.33    0.62    0.62 ^ _407_/Q (sky130_fd_sc_hd__dfrtp_2)
     3    0.07                           A_out[5] (net)
                  0.33    0.02    0.64 ^ A_out[5] (out)
                                  0.64   data arrival time

                  0.15   20.00   20.00   clock clk (rise edge)
                          0.00   20.00   clock network delay (ideal)
                         -0.25   19.75   clock uncertainty
                          0.00   19.75   clock reconvergence pessimism
                         -4.00   15.75   output external delay
                                 15.75   data required time
-----------------------------------------------------------------------------
                                 15.75   data required time
                                 -0.64   data arrival time
-----------------------------------------------------------------------------
                                 15.11   slack (MET)


Startpoint: _403_ (rising edge-triggered flip-flop clocked by clk)
Endpoint: A_out[1] (output port clocked by clk)
Path Group: clk
Path Type: max

Fanout     Cap    Slew   Delay    Time   Description
-----------------------------------------------------------------------------
                  0.15    0.00    0.00   clock clk (rise edge)
                          0.00    0.00   clock network delay (ideal)
                  0.15    0.00    0.00 ^ _403_/CLK (sky130_fd_sc_hd__dfrtp_2)
                  0.33    0.62    0.62 ^ _403_/Q (sky130_fd_sc_hd__dfrtp_2)
     3    0.07                           A_out[1] (net)
                  0.33    0.02    0.64 ^ A_out[1] (out)
                                  0.64   data arrival time

                  0.15   20.00   20.00   clock clk (rise edge)
                          0.00   20.00   clock network delay (ideal)
                         -0.25   19.75   clock uncertainty
                          0.00   19.75   clock reconvergence pessimism
                         -4.00   15.75   output external delay
                                 15.75   data required time
-----------------------------------------------------------------------------
                                 15.75   data required time
                                 -0.64   data arrival time
-----------------------------------------------------------------------------
                                 15.11   slack (MET)


Startpoint: _419_ (rising edge-triggered flip-flop clocked by clk)
Endpoint: B_out[1] (output port clocked by clk)
Path Group: clk
Path Type: max

Fanout     Cap    Slew   Delay    Time   Description
-----------------------------------------------------------------------------
                  0.15    0.00    0.00   clock clk (rise edge)
                          0.00    0.00   clock network delay (ideal)
                  0.15    0.00    0.00 ^ _419_/CLK (sky130_fd_sc_hd__dfrtp_2)
                  0.33    0.62    0.62 ^ _419_/Q (sky130_fd_sc_hd__dfrtp_2)
     4    0.07                           B_out[1] (net)
                  0.33    0.01    0.64 ^ B_out[1] (out)
                                  0.64   data arrival time

                  0.15   20.00   20.00   clock clk (rise edge)
                          0.00   20.00   clock network delay (ideal)
                         -0.25   19.75   clock uncertainty
                          0.00   19.75   clock reconvergence pessimism
                         -4.00   15.75   output external delay
                                 15.75   data required time
-----------------------------------------------------------------------------
                                 15.75   data required time
                                 -0.64   data arrival time
-----------------------------------------------------------------------------
                                 15.11   slack (MET)


Startpoint: _424_ (rising edge-triggered flip-flop clocked by clk)
Endpoint: B_out[6] (output port clocked by clk)
Path Group: clk
Path Type: max

Fanout     Cap    Slew   Delay    Time   Description
-----------------------------------------------------------------------------
                  0.15    0.00    0.00   clock clk (rise edge)
                          0.00    0.00   clock network delay (ideal)
                  0.15    0.00    0.00 ^ _424_/CLK (sky130_fd_sc_hd__dfrtp_2)
                  0.33    0.62    0.62 ^ _424_/Q (sky130_fd_sc_hd__dfrtp_2)
     6    0.07                           B_out[6] (net)
                  0.33    0.01    0.63 ^ B_out[6] (out)
                                  0.63   data arrival time

                  0.15   20.00   20.00   clock clk (rise edge)
                          0.00   20.00   clock network delay (ideal)
                         -0.25   19.75   clock uncertainty
                          0.00   19.75   clock reconvergence pessimism
                         -4.00   15.75   output external delay
                                 15.75   data required time
-----------------------------------------------------------------------------
                                 15.75   data required time
                                 -0.63   data arrival time
-----------------------------------------------------------------------------
                                 15.12   slack (MET)


Startpoint: rst (input port clocked by clk)
Endpoint: _405_ (recovery check against rising-edge clock clk)
Path Group: asynchronous
Path Type: max

Fanout     Cap    Slew   Delay    Time   Description
-----------------------------------------------------------------------------
                  0.15    0.00    0.00   clock clk (rise edge)
                          0.00    0.00   clock network delay (ideal)
                          4.00    4.00 v input external delay
                  0.03    0.02    4.02 v rst (in)
     1    0.01                           rst (net)
                  0.03    0.00    4.02 v _367_/A (sky130_fd_sc_hd__buf_1)
                  0.29    0.29    4.31 v _367_/X (sky130_fd_sc_hd__buf_1)
    10    0.05                           _180_ (net)
                  0.29    0.00    4.31 v _368_/A (sky130_fd_sc_hd__buf_1)
                  0.34    0.43    4.74 v _368_/X (sky130_fd_sc_hd__buf_1)
    10    0.06                           _181_ (net)
                  0.34    0.00    4.75 v _376_/A (sky130_fd_sc_hd__inv_2)
                  0.08    0.13    4.87 ^ _376_/Y (sky130_fd_sc_hd__inv_2)
     1    0.00                           _007_ (net)
                  0.08    0.00    4.87 ^ _405_/RESET_B (sky130_fd_sc_hd__dfrtp_2)
                                  4.87   data arrival time

                  0.15   20.00   20.00   clock clk (rise edge)
                          0.00   20.00   clock network delay (ideal)
                         -0.25   19.75   clock uncertainty
                          0.00   19.75   clock reconvergence pessimism
                                 19.75 ^ _405_/CLK (sky130_fd_sc_hd__dfrtp_2)
                          0.24   19.99   library recovery time
                                 19.99   data required time
-----------------------------------------------------------------------------
                                 19.99   data required time
                                 -4.87   data arrival time
-----------------------------------------------------------------------------
                                 15.12   slack (MET)


Startpoint: rst (input port clocked by clk)
Endpoint: _404_ (recovery check against rising-edge clock clk)
Path Group: asynchronous
Path Type: max

Fanout     Cap    Slew   Delay    Time   Description
-----------------------------------------------------------------------------
                  0.15    0.00    0.00   clock clk (rise edge)
                          0.00    0.00   clock network delay (ideal)
                          4.00    4.00 v input external delay
                  0.03    0.02    4.02 v rst (in)
     1    0.01                           rst (net)
                  0.03    0.00    4.02 v _367_/A (sky130_fd_sc_hd__buf_1)
                  0.29    0.29    4.31 v _367_/X (sky130_fd_sc_hd__buf_1)
    10    0.05                           _180_ (net)
                  0.29    0.00    4.31 v _368_/A (sky130_fd_sc_hd__buf_1)
                  0.34    0.43    4.74 v _368_/X (sky130_fd_sc_hd__buf_1)
    10    0.06                           _181_ (net)
                  0.34    0.00    4.75 v _375_/A (sky130_fd_sc_hd__inv_2)
                  0.08    0.12    4.87 ^ _375_/Y (sky130_fd_sc_hd__inv_2)
     1    0.00                           _006_ (net)
                  0.08    0.00    4.87 ^ _404_/RESET_B (sky130_fd_sc_hd__dfrtp_2)
                                  4.87   data arrival time

                  0.15   20.00   20.00   clock clk (rise edge)
                          0.00   20.00   clock network delay (ideal)
                         -0.25   19.75   clock uncertainty
                          0.00   19.75   clock reconvergence pessimism
                                 19.75 ^ _404_/CLK (sky130_fd_sc_hd__dfrtp_2)
                          0.24   19.99   library recovery time
                                 19.99   data required time
-----------------------------------------------------------------------------
                                 19.99   data required time
                                 -4.87   data arrival time
-----------------------------------------------------------------------------
                                 15.12   slack (MET)


Startpoint: rst (input port clocked by clk)
Endpoint: _406_ (recovery check against rising-edge clock clk)
Path Group: asynchronous
Path Type: max

Fanout     Cap    Slew   Delay    Time   Description
-----------------------------------------------------------------------------
                  0.15    0.00    0.00   clock clk (rise edge)
                          0.00    0.00   clock network delay (ideal)
                          4.00    4.00 v input external delay
                  0.03    0.02    4.02 v rst (in)
     1    0.01                           rst (net)
                  0.03    0.00    4.02 v _367_/A (sky130_fd_sc_hd__buf_1)
                  0.29    0.29    4.31 v _367_/X (sky130_fd_sc_hd__buf_1)
    10    0.05                           _180_ (net)
                  0.29    0.00    4.31 v _368_/A (sky130_fd_sc_hd__buf_1)
                  0.34    0.43    4.74 v _368_/X (sky130_fd_sc_hd__buf_1)
    10    0.06                           _181_ (net)
                  0.34    0.00    4.75 v _377_/A (sky130_fd_sc_hd__inv_2)
                  0.08    0.13    4.87 ^ _377_/Y (sky130_fd_sc_hd__inv_2)
     1    0.00                           _008_ (net)
                  0.08    0.00    4.87 ^ _406_/RESET_B (sky130_fd_sc_hd__dfrtp_2)
                                  4.87   data arrival time

                  0.15   20.00   20.00   clock clk (rise edge)
                          0.00   20.00   clock network delay (ideal)
                         -0.25   19.75   clock uncertainty
                          0.00   19.75   clock reconvergence pessimism
                                 19.75 ^ _406_/CLK (sky130_fd_sc_hd__dfrtp_2)
                          0.24   19.99   library recovery time
                                 19.99   data required time
-----------------------------------------------------------------------------
                                 19.99   data required time
                                 -4.87   data arrival time
-----------------------------------------------------------------------------
                                 15.12   slack (MET)


Startpoint: rst (input port clocked by clk)
Endpoint: _407_ (recovery check against rising-edge clock clk)
Path Group: asynchronous
Path Type: max

Fanout     Cap    Slew   Delay    Time   Description
-----------------------------------------------------------------------------
                  0.15    0.00    0.00   clock clk (rise edge)
                          0.00    0.00   clock network delay (ideal)
                          4.00    4.00 v input external delay
                  0.03    0.02    4.02 v rst (in)
     1    0.01                           rst (net)
                  0.03    0.00    4.02 v _367_/A (sky130_fd_sc_hd__buf_1)
                  0.29    0.29    4.31 v _367_/X (sky130_fd_sc_hd__buf_1)
    10    0.05                           _180_ (net)
                  0.29    0.00    4.31 v _368_/A (sky130_fd_sc_hd__buf_1)
                  0.34    0.43    4.74 v _368_/X (sky130_fd_sc_hd__buf_1)
    10    0.06                           _181_ (net)
                  0.34    0.00    4.75 v _378_/A (sky130_fd_sc_hd__inv_2)
                  0.08    0.12    4.87 ^ _378_/Y (sky130_fd_sc_hd__inv_2)
     1    0.00                           _009_ (net)
                  0.08    0.00    4.87 ^ _407_/RESET_B (sky130_fd_sc_hd__dfrtp_2)
                                  4.87   data arrival time

                  0.15   20.00   20.00   clock clk (rise edge)
                          0.00   20.00   clock network delay (ideal)
                         -0.25   19.75   clock uncertainty
                          0.00   19.75   clock reconvergence pessimism
                                 19.75 ^ _407_/CLK (sky130_fd_sc_hd__dfrtp_2)
                          0.24   19.99   library recovery time
                                 19.99   data required time
-----------------------------------------------------------------------------
                                 19.99   data required time
                                 -4.87   data arrival time
-----------------------------------------------------------------------------
                                 15.12   slack (MET)


Startpoint: rst (input port clocked by clk)
Endpoint: _402_ (recovery check against rising-edge clock clk)
Path Group: asynchronous
Path Type: max

Fanout     Cap    Slew   Delay    Time   Description
-----------------------------------------------------------------------------
                  0.15    0.00    0.00   clock clk (rise edge)
                          0.00    0.00   clock network delay (ideal)
                          4.00    4.00 v input external delay
                  0.03    0.02    4.02 v rst (in)
     1    0.01                           rst (net)
                  0.03    0.00    4.02 v _367_/A (sky130_fd_sc_hd__buf_1)
                  0.29    0.29    4.31 v _367_/X (sky130_fd_sc_hd__buf_1)
    10    0.05                           _180_ (net)
                  0.29    0.00    4.31 v _368_/A (sky130_fd_sc_hd__buf_1)
                  0.34    0.43    4.74 v _368_/X (sky130_fd_sc_hd__buf_1)
    10    0.06                           _181_ (net)
                  0.34    0.00    4.75 v _373_/A (sky130_fd_sc_hd__inv_2)
                  0.08    0.12    4.87 ^ _373_/Y (sky130_fd_sc_hd__inv_2)
     1    0.00                           _004_ (net)
                  0.08    0.00    4.87 ^ _402_/RESET_B (sky130_fd_sc_hd__dfrtp_2)
                                  4.87   data arrival time

                  0.15   20.00   20.00   clock clk (rise edge)
                          0.00   20.00   clock network delay (ideal)
                         -0.25   19.75   clock uncertainty
                          0.00   19.75   clock reconvergence pessimism
                                 19.75 ^ _402_/CLK (sky130_fd_sc_hd__dfrtp_2)
                          0.24   19.99   library recovery time
                                 19.99   data required time
-----------------------------------------------------------------------------
                                 19.99   data required time
                                 -4.87   data arrival time
-----------------------------------------------------------------------------
                                 15.12   slack (MET)


Startpoint: rst (input port clocked by clk)
Endpoint: _399_ (recovery check against rising-edge clock clk)
Path Group: asynchronous
Path Type: max

Fanout     Cap    Slew   Delay    Time   Description
-----------------------------------------------------------------------------
                  0.15    0.00    0.00   clock clk (rise edge)
                          0.00    0.00   clock network delay (ideal)
                          4.00    4.00 v input external delay
                  0.03    0.02    4.02 v rst (in)
     1    0.01                           rst (net)
                  0.03    0.00    4.02 v _367_/A (sky130_fd_sc_hd__buf_1)
                  0.29    0.29    4.31 v _367_/X (sky130_fd_sc_hd__buf_1)
    10    0.05                           _180_ (net)
                  0.29    0.00    4.31 v _368_/A (sky130_fd_sc_hd__buf_1)
                  0.34    0.43    4.74 v _368_/X (sky130_fd_sc_hd__buf_1)
    10    0.06                           _181_ (net)
                  0.34    0.00    4.75 v _370_/A (sky130_fd_sc_hd__inv_2)
                  0.08    0.12    4.87 ^ _370_/Y (sky130_fd_sc_hd__inv_2)
     1    0.00                           _001_ (net)
                  0.08    0.00    4.87 ^ _399_/RESET_B (sky130_fd_sc_hd__dfrtp_2)
                                  4.87   data arrival time

                  0.15   20.00   20.00   clock clk (rise edge)
                          0.00   20.00   clock network delay (ideal)
                         -0.25   19.75   clock uncertainty
                          0.00   19.75   clock reconvergence pessimism
                                 19.75 ^ _399_/CLK (sky130_fd_sc_hd__dfrtp_2)
                          0.24   19.99   library recovery time
                                 19.99   data required time
-----------------------------------------------------------------------------
                                 19.99   data required time
                                 -4.87   data arrival time
-----------------------------------------------------------------------------
                                 15.12   slack (MET)


Startpoint: rst (input port clocked by clk)
Endpoint: _400_ (recovery check against rising-edge clock clk)
Path Group: asynchronous
Path Type: max

Fanout     Cap    Slew   Delay    Time   Description
-----------------------------------------------------------------------------
                  0.15    0.00    0.00   clock clk (rise edge)
                          0.00    0.00   clock network delay (ideal)
                          4.00    4.00 v input external delay
                  0.03    0.02    4.02 v rst (in)
     1    0.01                           rst (net)
                  0.03    0.00    4.02 v _367_/A (sky130_fd_sc_hd__buf_1)
                  0.29    0.29    4.31 v _367_/X (sky130_fd_sc_hd__buf_1)
    10    0.05                           _180_ (net)
                  0.29    0.00    4.31 v _368_/A (sky130_fd_sc_hd__buf_1)
                  0.34    0.43    4.74 v _368_/X (sky130_fd_sc_hd__buf_1)
    10    0.06                           _181_ (net)
                  0.34    0.00    4.75 v _371_/A (sky130_fd_sc_hd__inv_2)
                  0.08    0.12    4.87 ^ _371_/Y (sky130_fd_sc_hd__inv_2)
     1    0.00                           _002_ (net)
                  0.08    0.00    4.87 ^ _400_/RESET_B (sky130_fd_sc_hd__dfrtp_2)
                                  4.87   data arrival time

                  0.15   20.00   20.00   clock clk (rise edge)
                          0.00   20.00   clock network delay (ideal)
                         -0.25   19.75   clock uncertainty
                          0.00   19.75   clock reconvergence pessimism
                                 19.75 ^ _400_/CLK (sky130_fd_sc_hd__dfrtp_2)
                          0.24   19.99   library recovery time
                                 19.99   data required time
-----------------------------------------------------------------------------
                                 19.99   data required time
                                 -4.87   data arrival time
-----------------------------------------------------------------------------
                                 15.12   slack (MET)


Startpoint: rst (input port clocked by clk)
Endpoint: _398_ (recovery check against rising-edge clock clk)
Path Group: asynchronous
Path Type: max

Fanout     Cap    Slew   Delay    Time   Description
-----------------------------------------------------------------------------
                  0.15    0.00    0.00   clock clk (rise edge)
                          0.00    0.00   clock network delay (ideal)
                          4.00    4.00 v input external delay
                  0.03    0.02    4.02 v rst (in)
     1    0.01                           rst (net)
                  0.03    0.00    4.02 v _367_/A (sky130_fd_sc_hd__buf_1)
                  0.29    0.29    4.31 v _367_/X (sky130_fd_sc_hd__buf_1)
    10    0.05                           _180_ (net)
                  0.29    0.00    4.31 v _368_/A (sky130_fd_sc_hd__buf_1)
                  0.34    0.43    4.74 v _368_/X (sky130_fd_sc_hd__buf_1)
    10    0.06                           _181_ (net)
                  0.34    0.00    4.75 v _369_/A (sky130_fd_sc_hd__inv_2)
                  0.08    0.12    4.87 ^ _369_/Y (sky130_fd_sc_hd__inv_2)
     1    0.00                           _000_ (net)
                  0.08    0.00    4.87 ^ _398_/RESET_B (sky130_fd_sc_hd__dfrtp_2)
                                  4.87   data arrival time

                  0.15   20.00   20.00   clock clk (rise edge)
                          0.00   20.00   clock network delay (ideal)
                         -0.25   19.75   clock uncertainty
                          0.00   19.75   clock reconvergence pessimism
                                 19.75 ^ _398_/CLK (sky130_fd_sc_hd__dfrtp_2)
                          0.24   19.99   library recovery time
                                 19.99   data required time
-----------------------------------------------------------------------------
                                 19.99   data required time
                                 -4.87   data arrival time
-----------------------------------------------------------------------------
                                 15.12   slack (MET)


Startpoint: rst (input port clocked by clk)
Endpoint: _403_ (recovery check against rising-edge clock clk)
Path Group: asynchronous
Path Type: max

Fanout     Cap    Slew   Delay    Time   Description
-----------------------------------------------------------------------------
                  0.15    0.00    0.00   clock clk (rise edge)
                          0.00    0.00   clock network delay (ideal)
                          4.00    4.00 v input external delay
                  0.03    0.02    4.02 v rst (in)
     1    0.01                           rst (net)
                  0.03    0.00    4.02 v _367_/A (sky130_fd_sc_hd__buf_1)
                  0.29    0.29    4.31 v _367_/X (sky130_fd_sc_hd__buf_1)
    10    0.05                           _180_ (net)
                  0.29    0.00    4.31 v _368_/A (sky130_fd_sc_hd__buf_1)
                  0.34    0.43    4.74 v _368_/X (sky130_fd_sc_hd__buf_1)
    10    0.06                           _181_ (net)
                  0.34    0.00    4.75 v _374_/A (sky130_fd_sc_hd__inv_2)
                  0.08    0.12    4.87 ^ _374_/Y (sky130_fd_sc_hd__inv_2)
     1    0.00                           _005_ (net)
                  0.08    0.00    4.87 ^ _403_/RESET_B (sky130_fd_sc_hd__dfrtp_2)
                                  4.87   data arrival time

                  0.15   20.00   20.00   clock clk (rise edge)
                          0.00   20.00   clock network delay (ideal)
                         -0.25   19.75   clock uncertainty
                          0.00   19.75   clock reconvergence pessimism
                                 19.75 ^ _403_/CLK (sky130_fd_sc_hd__dfrtp_2)
                          0.24   19.99   library recovery time
                                 19.99   data required time
-----------------------------------------------------------------------------
                                 19.99   data required time
                                 -4.87   data arrival time
-----------------------------------------------------------------------------
                                 15.12   slack (MET)


Startpoint: rst (input port clocked by clk)
Endpoint: _401_ (recovery check against rising-edge clock clk)
Path Group: asynchronous
Path Type: max

Fanout     Cap    Slew   Delay    Time   Description
-----------------------------------------------------------------------------
                  0.15    0.00    0.00   clock clk (rise edge)
                          0.00    0.00   clock network delay (ideal)
                          4.00    4.00 v input external delay
                  0.03    0.02    4.02 v rst (in)
     1    0.01                           rst (net)
                  0.03    0.00    4.02 v _367_/A (sky130_fd_sc_hd__buf_1)
                  0.29    0.29    4.31 v _367_/X (sky130_fd_sc_hd__buf_1)
    10    0.05                           _180_ (net)
                  0.29    0.00    4.31 v _368_/A (sky130_fd_sc_hd__buf_1)
                  0.34    0.43    4.74 v _368_/X (sky130_fd_sc_hd__buf_1)
    10    0.06                           _181_ (net)
                  0.34    0.00    4.75 v _372_/A (sky130_fd_sc_hd__inv_2)
                  0.08    0.12    4.87 ^ _372_/Y (sky130_fd_sc_hd__inv_2)
     1    0.00                           _003_ (net)
                  0.08    0.00    4.87 ^ _401_/RESET_B (sky130_fd_sc_hd__dfrtp_2)
                                  4.87   data arrival time

                  0.15   20.00   20.00   clock clk (rise edge)
                          0.00   20.00   clock network delay (ideal)
                         -0.25   19.75   clock uncertainty
                          0.00   19.75   clock reconvergence pessimism
                                 19.75 ^ _401_/CLK (sky130_fd_sc_hd__dfrtp_2)
                          0.24   19.99   library recovery time
                                 19.99   data required time
-----------------------------------------------------------------------------
                                 19.99   data required time
                                 -4.87   data arrival time
-----------------------------------------------------------------------------
                                 15.12   slack (MET)


Startpoint: rst (input port clocked by clk)
Endpoint: _411_ (recovery check against rising-edge clock clk)
Path Group: asynchronous
Path Type: max

Fanout     Cap    Slew   Delay    Time   Description
-----------------------------------------------------------------------------
                  0.15    0.00    0.00   clock clk (rise edge)
                          0.00    0.00   clock network delay (ideal)
                          4.00    4.00 v input external delay
                  0.03    0.02    4.02 v rst (in)
     1    0.01                           rst (net)
                  0.03    0.00    4.02 v _367_/A (sky130_fd_sc_hd__buf_1)
                  0.29    0.29    4.31 v _367_/X (sky130_fd_sc_hd__buf_1)
    10    0.05                           _180_ (net)
                  0.29    0.00    4.31 v _379_/A (sky130_fd_sc_hd__buf_1)
                  0.33    0.42    4.74 v _379_/X (sky130_fd_sc_hd__buf_1)
    10    0.06                           _182_ (net)
                  0.33    0.00    4.74 v _383_/A (sky130_fd_sc_hd__inv_2)
                  0.08    0.13    4.87 ^ _383_/Y (sky130_fd_sc_hd__inv_2)
     1    0.00                           _013_ (net)
                  0.08    0.00    4.87 ^ _411_/RESET_B (sky130_fd_sc_hd__dfrtp_2)
                                  4.87   data arrival time

                  0.15   20.00   20.00   clock clk (rise edge)
                          0.00   20.00   clock network delay (ideal)
                         -0.25   19.75   clock uncertainty
                          0.00   19.75   clock reconvergence pessimism
                                 19.75 ^ _411_/CLK (sky130_fd_sc_hd__dfrtp_2)
                          0.24   19.99   library recovery time
                                 19.99   data required time
-----------------------------------------------------------------------------
                                 19.99   data required time
                                 -4.87   data arrival time
-----------------------------------------------------------------------------
                                 15.13   slack (MET)


Startpoint: _425_ (rising edge-triggered flip-flop clocked by clk)
Endpoint: B_out[7] (output port clocked by clk)
Path Group: clk
Path Type: max

Fanout     Cap    Slew   Delay    Time   Description
-----------------------------------------------------------------------------
                  0.15    0.00    0.00   clock clk (rise edge)
                          0.00    0.00   clock network delay (ideal)
                  0.15    0.00    0.00 ^ _425_/CLK (sky130_fd_sc_hd__dfrtp_2)
                  0.31    0.61    0.61 ^ _425_/Q (sky130_fd_sc_hd__dfrtp_2)
     3    0.06                           B_out[7] (net)
                  0.31    0.01    0.62 ^ B_out[7] (out)
                                  0.62   data arrival time

                  0.15   20.00   20.00   clock clk (rise edge)
                          0.00   20.00   clock network delay (ideal)
                         -0.25   19.75   clock uncertainty
                          0.00   19.75   clock reconvergence pessimism
                         -4.00   15.75   output external delay
                                 15.75   data required time
-----------------------------------------------------------------------------
                                 15.75   data required time
                                 -0.62   data arrival time
-----------------------------------------------------------------------------
                                 15.13   slack (MET)


Startpoint: rst (input port clocked by clk)
Endpoint: _412_ (recovery check against rising-edge clock clk)
Path Group: asynchronous
Path Type: max

Fanout     Cap    Slew   Delay    Time   Description
-----------------------------------------------------------------------------
                  0.15    0.00    0.00   clock clk (rise edge)
                          0.00    0.00   clock network delay (ideal)
                          4.00    4.00 v input external delay
                  0.03    0.02    4.02 v rst (in)
     1    0.01                           rst (net)
                  0.03    0.00    4.02 v _367_/A (sky130_fd_sc_hd__buf_1)
                  0.29    0.29    4.31 v _367_/X (sky130_fd_sc_hd__buf_1)
    10    0.05                           _180_ (net)
                  0.29    0.00    4.31 v _379_/A (sky130_fd_sc_hd__buf_1)
                  0.33    0.42    4.74 v _379_/X (sky130_fd_sc_hd__buf_1)
    10    0.06                           _182_ (net)
                  0.33    0.00    4.74 v _384_/A (sky130_fd_sc_hd__inv_2)
                  0.08    0.12    4.86 ^ _384_/Y (sky130_fd_sc_hd__inv_2)
     1    0.00                           _014_ (net)
                  0.08    0.00    4.86 ^ _412_/RESET_B (sky130_fd_sc_hd__dfrtp_2)
                                  4.86   data arrival time

                  0.15   20.00   20.00   clock clk (rise edge)
                          0.00   20.00   clock network delay (ideal)
                         -0.25   19.75   clock uncertainty
                          0.00   19.75   clock reconvergence pessimism
                                 19.75 ^ _412_/CLK (sky130_fd_sc_hd__dfrtp_2)
                          0.24   19.99   library recovery time
                                 19.99   data required time
-----------------------------------------------------------------------------
                                 19.99   data required time
                                 -4.86   data arrival time
-----------------------------------------------------------------------------
                                 15.13   slack (MET)


Startpoint: rst (input port clocked by clk)
Endpoint: _413_ (recovery check against rising-edge clock clk)
Path Group: asynchronous
Path Type: max

Fanout     Cap    Slew   Delay    Time   Description
-----------------------------------------------------------------------------
                  0.15    0.00    0.00   clock clk (rise edge)
                          0.00    0.00   clock network delay (ideal)
                          4.00    4.00 v input external delay
                  0.03    0.02    4.02 v rst (in)
     1    0.01                           rst (net)
                  0.03    0.00    4.02 v _367_/A (sky130_fd_sc_hd__buf_1)
                  0.29    0.29    4.31 v _367_/X (sky130_fd_sc_hd__buf_1)
    10    0.05                           _180_ (net)
                  0.29    0.00    4.31 v _379_/A (sky130_fd_sc_hd__buf_1)
                  0.33    0.42    4.74 v _379_/X (sky130_fd_sc_hd__buf_1)
    10    0.06                           _182_ (net)
                  0.33    0.00    4.74 v _385_/A (sky130_fd_sc_hd__inv_2)
                  0.08    0.12    4.86 ^ _385_/Y (sky130_fd_sc_hd__inv_2)
     1    0.00                           _015_ (net)
                  0.08    0.00    4.86 ^ _413_/RESET_B (sky130_fd_sc_hd__dfrtp_2)
                                  4.86   data arrival time

                  0.15   20.00   20.00   clock clk (rise edge)
                          0.00   20.00   clock network delay (ideal)
                         -0.25   19.75   clock uncertainty
                          0.00   19.75   clock reconvergence pessimism
                                 19.75 ^ _413_/CLK (sky130_fd_sc_hd__dfrtp_2)
                          0.24   19.99   library recovery time
                                 19.99   data required time
-----------------------------------------------------------------------------
                                 19.99   data required time
                                 -4.86   data arrival time
-----------------------------------------------------------------------------
                                 15.13   slack (MET)


Startpoint: rst (input port clocked by clk)
Endpoint: _414_ (recovery check against rising-edge clock clk)
Path Group: asynchronous
Path Type: max

Fanout     Cap    Slew   Delay    Time   Description
-----------------------------------------------------------------------------
                  0.15    0.00    0.00   clock clk (rise edge)
                          0.00    0.00   clock network delay (ideal)
                          4.00    4.00 v input external delay
                  0.03    0.02    4.02 v rst (in)
     1    0.01                           rst (net)
                  0.03    0.00    4.02 v _367_/A (sky130_fd_sc_hd__buf_1)
                  0.29    0.29    4.31 v _367_/X (sky130_fd_sc_hd__buf_1)
    10    0.05                           _180_ (net)
                  0.29    0.00    4.31 v _379_/A (sky130_fd_sc_hd__buf_1)
                  0.33    0.42    4.74 v _379_/X (sky130_fd_sc_hd__buf_1)
    10    0.06                           _182_ (net)
                  0.33    0.00    4.74 v _386_/A (sky130_fd_sc_hd__inv_2)
                  0.08    0.12    4.86 ^ _386_/Y (sky130_fd_sc_hd__inv_2)
     1    0.00                           _016_ (net)
                  0.08    0.00    4.86 ^ _414_/RESET_B (sky130_fd_sc_hd__dfrtp_2)
                                  4.86   data arrival time

                  0.15   20.00   20.00   clock clk (rise edge)
                          0.00   20.00   clock network delay (ideal)
                         -0.25   19.75   clock uncertainty
                          0.00   19.75   clock reconvergence pessimism
                                 19.75 ^ _414_/CLK (sky130_fd_sc_hd__dfrtp_2)
                          0.24   19.99   library recovery time
                                 19.99   data required time
-----------------------------------------------------------------------------
                                 19.99   data required time
                                 -4.86   data arrival time
-----------------------------------------------------------------------------
                                 15.13   slack (MET)


Startpoint: rst (input port clocked by clk)
Endpoint: _409_ (recovery check against rising-edge clock clk)
Path Group: asynchronous
Path Type: max

Fanout     Cap    Slew   Delay    Time   Description
-----------------------------------------------------------------------------
                  0.15    0.00    0.00   clock clk (rise edge)
                          0.00    0.00   clock network delay (ideal)
                          4.00    4.00 v input external delay
                  0.03    0.02    4.02 v rst (in)
     1    0.01                           rst (net)
                  0.03    0.00    4.02 v _367_/A (sky130_fd_sc_hd__buf_1)
                  0.29    0.29    4.31 v _367_/X (sky130_fd_sc_hd__buf_1)
    10    0.05                           _180_ (net)
                  0.29    0.00    4.31 v _379_/A (sky130_fd_sc_hd__buf_1)
                  0.33    0.42    4.74 v _379_/X (sky130_fd_sc_hd__buf_1)
    10    0.06                           _182_ (net)
                  0.33    0.00    4.74 v _381_/A (sky130_fd_sc_hd__inv_2)
                  0.08    0.12    4.86 ^ _381_/Y (sky130_fd_sc_hd__inv_2)
     1    0.00                           _011_ (net)
                  0.08    0.00    4.86 ^ _409_/RESET_B (sky130_fd_sc_hd__dfrtp_2)
                                  4.86   data arrival time

                  0.15   20.00   20.00   clock clk (rise edge)
                          0.00   20.00   clock network delay (ideal)
                         -0.25   19.75   clock uncertainty
                          0.00   19.75   clock reconvergence pessimism
                                 19.75 ^ _409_/CLK (sky130_fd_sc_hd__dfrtp_2)
                          0.24   19.99   library recovery time
                                 19.99   data required time
-----------------------------------------------------------------------------
                                 19.99   data required time
                                 -4.86   data arrival time
-----------------------------------------------------------------------------
                                 15.13   slack (MET)


Startpoint: rst (input port clocked by clk)
Endpoint: _417_ (recovery check against rising-edge clock clk)
Path Group: asynchronous
Path Type: max

Fanout     Cap    Slew   Delay    Time   Description
-----------------------------------------------------------------------------
                  0.15    0.00    0.00   clock clk (rise edge)
                          0.00    0.00   clock network delay (ideal)
                          4.00    4.00 v input external delay
                  0.03    0.02    4.02 v rst (in)
     1    0.01                           rst (net)
                  0.03    0.00    4.02 v _367_/A (sky130_fd_sc_hd__buf_1)
                  0.29    0.29    4.31 v _367_/X (sky130_fd_sc_hd__buf_1)
    10    0.05                           _180_ (net)
                  0.29    0.00    4.31 v _379_/A (sky130_fd_sc_hd__buf_1)
                  0.33    0.42    4.74 v _379_/X (sky130_fd_sc_hd__buf_1)
    10    0.06                           _182_ (net)
                  0.33    0.00    4.74 v _389_/A (sky130_fd_sc_hd__inv_2)
                  0.08    0.12    4.86 ^ _389_/Y (sky130_fd_sc_hd__inv_2)
     1    0.00                           _019_ (net)
                  0.08    0.00    4.86 ^ _417_/RESET_B (sky130_fd_sc_hd__dfrtp_2)
                                  4.86   data arrival time

                  0.15   20.00   20.00   clock clk (rise edge)
                          0.00   20.00   clock network delay (ideal)
                         -0.25   19.75   clock uncertainty
                          0.00   19.75   clock reconvergence pessimism
                                 19.75 ^ _417_/CLK (sky130_fd_sc_hd__dfrtp_2)
                          0.24   19.99   library recovery time
                                 19.99   data required time
-----------------------------------------------------------------------------
                                 19.99   data required time
                                 -4.86   data arrival time
-----------------------------------------------------------------------------
                                 15.13   slack (MET)


Startpoint: rst (input port clocked by clk)
Endpoint: _410_ (recovery check against rising-edge clock clk)
Path Group: asynchronous
Path Type: max

Fanout     Cap    Slew   Delay    Time   Description
-----------------------------------------------------------------------------
                  0.15    0.00    0.00   clock clk (rise edge)
                          0.00    0.00   clock network delay (ideal)
                          4.00    4.00 v input external delay
                  0.03    0.02    4.02 v rst (in)
     1    0.01                           rst (net)
                  0.03    0.00    4.02 v _367_/A (sky130_fd_sc_hd__buf_1)
                  0.29    0.29    4.31 v _367_/X (sky130_fd_sc_hd__buf_1)
    10    0.05                           _180_ (net)
                  0.29    0.00    4.31 v _379_/A (sky130_fd_sc_hd__buf_1)
                  0.33    0.42    4.74 v _379_/X (sky130_fd_sc_hd__buf_1)
    10    0.06                           _182_ (net)
                  0.33    0.00    4.74 v _382_/A (sky130_fd_sc_hd__inv_2)
                  0.08    0.12    4.86 ^ _382_/Y (sky130_fd_sc_hd__inv_2)
     1    0.00                           _012_ (net)
                  0.08    0.00    4.86 ^ _410_/RESET_B (sky130_fd_sc_hd__dfrtp_2)
                                  4.86   data arrival time

                  0.15   20.00   20.00   clock clk (rise edge)
                          0.00   20.00   clock network delay (ideal)
                         -0.25   19.75   clock uncertainty
                          0.00   19.75   clock reconvergence pessimism
                                 19.75 ^ _410_/CLK (sky130_fd_sc_hd__dfrtp_2)
                          0.24   19.99   library recovery time
                                 19.99   data required time
-----------------------------------------------------------------------------
                                 19.99   data required time
                                 -4.86   data arrival time
-----------------------------------------------------------------------------
                                 15.13   slack (MET)


Startpoint: rst (input port clocked by clk)
Endpoint: _415_ (recovery check against rising-edge clock clk)
Path Group: asynchronous
Path Type: max

Fanout     Cap    Slew   Delay    Time   Description
-----------------------------------------------------------------------------
                  0.15    0.00    0.00   clock clk (rise edge)
                          0.00    0.00   clock network delay (ideal)
                          4.00    4.00 v input external delay
                  0.03    0.02    4.02 v rst (in)
     1    0.01                           rst (net)
                  0.03    0.00    4.02 v _367_/A (sky130_fd_sc_hd__buf_1)
                  0.29    0.29    4.31 v _367_/X (sky130_fd_sc_hd__buf_1)
    10    0.05                           _180_ (net)
                  0.29    0.00    4.31 v _379_/A (sky130_fd_sc_hd__buf_1)
                  0.33    0.42    4.74 v _379_/X (sky130_fd_sc_hd__buf_1)
    10    0.06                           _182_ (net)
                  0.33    0.00    4.74 v _387_/A (sky130_fd_sc_hd__inv_2)
                  0.08    0.12    4.86 ^ _387_/Y (sky130_fd_sc_hd__inv_2)
     1    0.00                           _017_ (net)
                  0.08    0.00    4.86 ^ _415_/RESET_B (sky130_fd_sc_hd__dfrtp_2)
                                  4.86   data arrival time

                  0.15   20.00   20.00   clock clk (rise edge)
                          0.00   20.00   clock network delay (ideal)
                         -0.25   19.75   clock uncertainty
                          0.00   19.75   clock reconvergence pessimism
                                 19.75 ^ _415_/CLK (sky130_fd_sc_hd__dfrtp_2)
                          0.24   19.99   library recovery time
                                 19.99   data required time
-----------------------------------------------------------------------------
                                 19.99   data required time
                                 -4.86   data arrival time
-----------------------------------------------------------------------------
                                 15.13   slack (MET)


Startpoint: rst (input port clocked by clk)
Endpoint: _408_ (recovery check against rising-edge clock clk)
Path Group: asynchronous
Path Type: max

Fanout     Cap    Slew   Delay    Time   Description
-----------------------------------------------------------------------------
                  0.15    0.00    0.00   clock clk (rise edge)
                          0.00    0.00   clock network delay (ideal)
                          4.00    4.00 v input external delay
                  0.03    0.02    4.02 v rst (in)
     1    0.01                           rst (net)
                  0.03    0.00    4.02 v _367_/A (sky130_fd_sc_hd__buf_1)
                  0.29    0.29    4.31 v _367_/X (sky130_fd_sc_hd__buf_1)
    10    0.05                           _180_ (net)
                  0.29    0.00    4.31 v _379_/A (sky130_fd_sc_hd__buf_1)
                  0.33    0.42    4.74 v _379_/X (sky130_fd_sc_hd__buf_1)
    10    0.06                           _182_ (net)
                  0.33    0.00    4.74 v _380_/A (sky130_fd_sc_hd__inv_2)
                  0.08    0.12    4.86 ^ _380_/Y (sky130_fd_sc_hd__inv_2)
     1    0.00                           _010_ (net)
                  0.08    0.00    4.86 ^ _408_/RESET_B (sky130_fd_sc_hd__dfrtp_2)
                                  4.86   data arrival time

                  0.15   20.00   20.00   clock clk (rise edge)
                          0.00   20.00   clock network delay (ideal)
                         -0.25   19.75   clock uncertainty
                          0.00   19.75   clock reconvergence pessimism
                                 19.75 ^ _408_/CLK (sky130_fd_sc_hd__dfrtp_2)
                          0.24   19.99   library recovery time
                                 19.99   data required time
-----------------------------------------------------------------------------
                                 19.99   data required time
                                 -4.86   data arrival time
-----------------------------------------------------------------------------
                                 15.13   slack (MET)


Startpoint: rst (input port clocked by clk)
Endpoint: _416_ (recovery check against rising-edge clock clk)
Path Group: asynchronous
Path Type: max

Fanout     Cap    Slew   Delay    Time   Description
-----------------------------------------------------------------------------
                  0.15    0.00    0.00   clock clk (rise edge)
                          0.00    0.00   clock network delay (ideal)
                          4.00    4.00 v input external delay
                  0.03    0.02    4.02 v rst (in)
     1    0.01                           rst (net)
                  0.03    0.00    4.02 v _367_/A (sky130_fd_sc_hd__buf_1)
                  0.29    0.29    4.31 v _367_/X (sky130_fd_sc_hd__buf_1)
    10    0.05                           _180_ (net)
                  0.29    0.00    4.31 v _379_/A (sky130_fd_sc_hd__buf_1)
                  0.33    0.42    4.74 v _379_/X (sky130_fd_sc_hd__buf_1)
    10    0.06                           _182_ (net)
                  0.33    0.00    4.74 v _388_/A (sky130_fd_sc_hd__inv_2)
                  0.08    0.12    4.86 ^ _388_/Y (sky130_fd_sc_hd__inv_2)
     1    0.00                           _018_ (net)
                  0.08    0.00    4.86 ^ _416_/RESET_B (sky130_fd_sc_hd__dfrtp_2)
                                  4.86   data arrival time

                  0.15   20.00   20.00   clock clk (rise edge)
                          0.00   20.00   clock network delay (ideal)
                         -0.25   19.75   clock uncertainty
                          0.00   19.75   clock reconvergence pessimism
                                 19.75 ^ _416_/CLK (sky130_fd_sc_hd__dfrtp_2)
                          0.24   19.99   library recovery time
                                 19.99   data required time
-----------------------------------------------------------------------------
                                 19.99   data required time
                                 -4.86   data arrival time
-----------------------------------------------------------------------------
                                 15.14   slack (MET)


Startpoint: _405_ (rising edge-triggered flip-flop clocked by clk)
Endpoint: A_out[3] (output port clocked by clk)
Path Group: clk
Path Type: max

Fanout     Cap    Slew   Delay    Time   Description
-----------------------------------------------------------------------------
                  0.15    0.00    0.00   clock clk (rise edge)
                          0.00    0.00   clock network delay (ideal)
                  0.15    0.00    0.00 ^ _405_/CLK (sky130_fd_sc_hd__dfrtp_2)
                  0.30    0.60    0.60 ^ _405_/Q (sky130_fd_sc_hd__dfrtp_2)
     3    0.06                           A_out[3] (net)
                  0.30    0.01    0.61 ^ A_out[3] (out)
                                  0.61   data arrival time

                  0.15   20.00   20.00   clock clk (rise edge)
                          0.00   20.00   clock network delay (ideal)
                         -0.25   19.75   clock uncertainty
                          0.00   19.75   clock reconvergence pessimism
                         -4.00   15.75   output external delay
                                 15.75   data required time
-----------------------------------------------------------------------------
                                 15.75   data required time
                                 -0.61   data arrival time
-----------------------------------------------------------------------------
                                 15.14   slack (MET)


Startpoint: _409_ (rising edge-triggered flip-flop clocked by clk)
Endpoint: A_out[7] (output port clocked by clk)
Path Group: clk
Path Type: max

Fanout     Cap    Slew   Delay    Time   Description
-----------------------------------------------------------------------------
                  0.15    0.00    0.00   clock clk (rise edge)
                          0.00    0.00   clock network delay (ideal)
                  0.15    0.00    0.00 ^ _409_/CLK (sky130_fd_sc_hd__dfrtp_2)
                  0.30    0.60    0.60 ^ _409_/Q (sky130_fd_sc_hd__dfrtp_2)
     3    0.06                           A_out[7] (net)
                  0.30    0.01    0.61 ^ A_out[7] (out)
                                  0.61   data arrival time

                  0.15   20.00   20.00   clock clk (rise edge)
                          0.00   20.00   clock network delay (ideal)
                         -0.25   19.75   clock uncertainty
                          0.00   19.75   clock reconvergence pessimism
                         -4.00   15.75   output external delay
                                 15.75   data required time
-----------------------------------------------------------------------------
                                 15.75   data required time
                                 -0.61   data arrival time
-----------------------------------------------------------------------------
                                 15.14   slack (MET)


Startpoint: _414_ (rising edge-triggered flip-flop clocked by clk)
Endpoint: flags_out[0] (output port clocked by clk)
Path Group: clk
Path Type: max

Fanout     Cap    Slew   Delay    Time   Description
-----------------------------------------------------------------------------
                  0.15    0.00    0.00   clock clk (rise edge)
                          0.00    0.00   clock network delay (ideal)
                  0.15    0.00    0.00 ^ _414_/CLK (sky130_fd_sc_hd__dfrtp_2)
                  0.29    0.60    0.60 ^ _414_/Q (sky130_fd_sc_hd__dfrtp_2)
     2    0.06                           flags_out[0] (net)
                  0.29    0.01    0.61 ^ flags_out[0] (out)
                                  0.61   data arrival time

                  0.15   20.00   20.00   clock clk (rise edge)
                          0.00   20.00   clock network delay (ideal)
                         -0.25   19.75   clock uncertainty
                          0.00   19.75   clock reconvergence pessimism
                         -4.00   15.75   output external delay
                                 15.75   data required time
-----------------------------------------------------------------------------
                                 15.75   data required time
                                 -0.61   data arrival time
-----------------------------------------------------------------------------
                                 15.14   slack (MET)


Startpoint: _417_ (rising edge-triggered flip-flop clocked by clk)
Endpoint: flags_out[3] (output port clocked by clk)
Path Group: clk
Path Type: max

Fanout     Cap    Slew   Delay    Time   Description
-----------------------------------------------------------------------------
                  0.15    0.00    0.00   clock clk (rise edge)
                          0.00    0.00   clock network delay (ideal)
                  0.15    0.00    0.00 ^ _417_/CLK (sky130_fd_sc_hd__dfrtp_2)
                  0.29    0.60    0.60 ^ _417_/Q (sky130_fd_sc_hd__dfrtp_2)
     3    0.06                           flags_out[3] (net)
                  0.30    0.01    0.61 ^ flags_out[3] (out)
                                  0.61   data arrival time

                  0.15   20.00   20.00   clock clk (rise edge)
                          0.00   20.00   clock network delay (ideal)
                         -0.25   19.75   clock uncertainty
                          0.00   19.75   clock reconvergence pessimism
                         -4.00   15.75   output external delay
                                 15.75   data required time
-----------------------------------------------------------------------------
                                 15.75   data required time
                                 -0.61   data arrival time
-----------------------------------------------------------------------------
                                 15.14   slack (MET)


Startpoint: _421_ (rising edge-triggered flip-flop clocked by clk)
Endpoint: B_out[3] (output port clocked by clk)
Path Group: clk
Path Type: max

Fanout     Cap    Slew   Delay    Time   Description
-----------------------------------------------------------------------------
                  0.15    0.00    0.00   clock clk (rise edge)
                          0.00    0.00   clock network delay (ideal)
                  0.15    0.00    0.00 ^ _421_/CLK (sky130_fd_sc_hd__dfrtp_2)
                  0.29    0.59    0.59 ^ _421_/Q (sky130_fd_sc_hd__dfrtp_2)
     4    0.06                           B_out[3] (net)
                  0.29    0.01    0.60 ^ B_out[3] (out)
                                  0.60   data arrival time

                  0.15   20.00   20.00   clock clk (rise edge)
                          0.00   20.00   clock network delay (ideal)
                         -0.25   19.75   clock uncertainty
                          0.00   19.75   clock reconvergence pessimism
                         -4.00   15.75   output external delay
                                 15.75   data required time
-----------------------------------------------------------------------------
                                 15.75   data required time
                                 -0.60   data arrival time
-----------------------------------------------------------------------------
                                 15.15   slack (MET)


Startpoint: _423_ (rising edge-triggered flip-flop clocked by clk)
Endpoint: B_out[5] (output port clocked by clk)
Path Group: clk
Path Type: max

Fanout     Cap    Slew   Delay    Time   Description
-----------------------------------------------------------------------------
                  0.15    0.00    0.00   clock clk (rise edge)
                          0.00    0.00   clock network delay (ideal)
                  0.15    0.00    0.00 ^ _423_/CLK (sky130_fd_sc_hd__dfrtp_2)
                  0.28    0.59    0.59 ^ _423_/Q (sky130_fd_sc_hd__dfrtp_2)
     3    0.06                           B_out[5] (net)
                  0.28    0.01    0.60 ^ B_out[5] (out)
                                  0.60   data arrival time

                  0.15   20.00   20.00   clock clk (rise edge)
                          0.00   20.00   clock network delay (ideal)
                         -0.25   19.75   clock uncertainty
                          0.00   19.75   clock reconvergence pessimism
                         -4.00   15.75   output external delay
                                 15.75   data required time
-----------------------------------------------------------------------------
                                 15.75   data required time
                                 -0.60   data arrival time
-----------------------------------------------------------------------------
                                 15.15   slack (MET)


Startpoint: _411_ (rising edge-triggered flip-flop clocked by clk)
Endpoint: last_opcode_out[2] (output port clocked by clk)
Path Group: clk
Path Type: max

Fanout     Cap    Slew   Delay    Time   Description
-----------------------------------------------------------------------------
                  0.15    0.00    0.00   clock clk (rise edge)
                          0.00    0.00   clock network delay (ideal)
                  0.15    0.00    0.00 ^ _411_/CLK (sky130_fd_sc_hd__dfrtp_2)
                  0.28    0.59    0.59 ^ _411_/Q (sky130_fd_sc_hd__dfrtp_2)
     2    0.06                           last_opcode_out[2] (net)
                  0.28    0.01    0.60 ^ last_opcode_out[2] (out)
                                  0.60   data arrival time

                  0.15   20.00   20.00   clock clk (rise edge)
                          0.00   20.00   clock network delay (ideal)
                         -0.25   19.75   clock uncertainty
                          0.00   19.75   clock reconvergence pessimism
                         -4.00   15.75   output external delay
                                 15.75   data required time
-----------------------------------------------------------------------------
                                 15.75   data required time
                                 -0.60   data arrival time
-----------------------------------------------------------------------------
                                 15.15   slack (MET)


Startpoint: _415_ (rising edge-triggered flip-flop clocked by clk)
Endpoint: flags_out[1] (output port clocked by clk)
Path Group: clk
Path Type: max

Fanout     Cap    Slew   Delay    Time   Description
-----------------------------------------------------------------------------
                  0.15    0.00    0.00   clock clk (rise edge)
                          0.00    0.00   clock network delay (ideal)
                  0.15    0.00    0.00 ^ _415_/CLK (sky130_fd_sc_hd__dfrtp_2)
                  0.27    0.58    0.58 ^ _415_/Q (sky130_fd_sc_hd__dfrtp_2)
     2    0.06                           flags_out[1] (net)
                  0.27    0.01    0.59 ^ flags_out[1] (out)
                                  0.59   data arrival time

                  0.15   20.00   20.00   clock clk (rise edge)
                          0.00   20.00   clock network delay (ideal)
                         -0.25   19.75   clock uncertainty
                          0.00   19.75   clock reconvergence pessimism
                         -4.00   15.75   output external delay
                                 15.75   data required time
-----------------------------------------------------------------------------
                                 15.75   data required time
                                 -0.59   data arrival time
-----------------------------------------------------------------------------
                                 15.16   slack (MET)


Startpoint: _416_ (rising edge-triggered flip-flop clocked by clk)
Endpoint: flags_out[2] (output port clocked by clk)
Path Group: clk
Path Type: max

Fanout     Cap    Slew   Delay    Time   Description
-----------------------------------------------------------------------------
                  0.15    0.00    0.00   clock clk (rise edge)
                          0.00    0.00   clock network delay (ideal)
                  0.15    0.00    0.00 ^ _416_/CLK (sky130_fd_sc_hd__dfrtp_2)
                  0.27    0.58    0.58 ^ _416_/Q (sky130_fd_sc_hd__dfrtp_2)
     2    0.06                           flags_out[2] (net)
                  0.27    0.01    0.59 ^ flags_out[2] (out)
                                  0.59   data arrival time

                  0.15   20.00   20.00   clock clk (rise edge)
                          0.00   20.00   clock network delay (ideal)
                         -0.25   19.75   clock uncertainty
                          0.00   19.75   clock reconvergence pessimism
                         -4.00   15.75   output external delay
                                 15.75   data required time
-----------------------------------------------------------------------------
                                 15.75   data required time
                                 -0.59   data arrival time
-----------------------------------------------------------------------------
                                 15.16   slack (MET)


Startpoint: _408_ (rising edge-triggered flip-flop clocked by clk)
Endpoint: A_out[6] (output port clocked by clk)
Path Group: clk
Path Type: max

Fanout     Cap    Slew   Delay    Time   Description
-----------------------------------------------------------------------------
                  0.15    0.00    0.00   clock clk (rise edge)
                          0.00    0.00   clock network delay (ideal)
                  0.15    0.00    0.00 ^ _408_/CLK (sky130_fd_sc_hd__dfrtp_2)
                  0.27    0.58    0.58 ^ _408_/Q (sky130_fd_sc_hd__dfrtp_2)
     3    0.06                           A_out[6] (net)
                  0.27    0.01    0.59 ^ A_out[6] (out)
                                  0.59   data arrival time

                  0.15   20.00   20.00   clock clk (rise edge)
                          0.00   20.00   clock network delay (ideal)
                         -0.25   19.75   clock uncertainty
                          0.00   19.75   clock reconvergence pessimism
                         -4.00   15.75   output external delay
                                 15.75   data required time
-----------------------------------------------------------------------------
                                 15.75   data required time
                                 -0.59   data arrival time
-----------------------------------------------------------------------------
                                 15.16   slack (MET)


Startpoint: _402_ (rising edge-triggered flip-flop clocked by clk)
Endpoint: A_out[0] (output port clocked by clk)
Path Group: clk
Path Type: max

Fanout     Cap    Slew   Delay    Time   Description
-----------------------------------------------------------------------------
                  0.15    0.00    0.00   clock clk (rise edge)
                          0.00    0.00   clock network delay (ideal)
                  0.15    0.00    0.00 ^ _402_/CLK (sky130_fd_sc_hd__dfrtp_2)
                  0.27    0.58    0.58 ^ _402_/Q (sky130_fd_sc_hd__dfrtp_2)
     4    0.06                           A_out[0] (net)
                  0.27    0.00    0.59 ^ A_out[0] (out)
                                  0.59   data arrival time

                  0.15   20.00   20.00   clock clk (rise edge)
                          0.00   20.00   clock network delay (ideal)
                         -0.25   19.75   clock uncertainty
                          0.00   19.75   clock reconvergence pessimism
                         -4.00   15.75   output external delay
                                 15.75   data required time
-----------------------------------------------------------------------------
                                 15.75   data required time
                                 -0.59   data arrival time
-----------------------------------------------------------------------------
                                 15.16   slack (MET)


Startpoint: _406_ (rising edge-triggered flip-flop clocked by clk)
Endpoint: A_out[4] (output port clocked by clk)
Path Group: clk
Path Type: max

Fanout     Cap    Slew   Delay    Time   Description
-----------------------------------------------------------------------------
                  0.15    0.00    0.00   clock clk (rise edge)
                          0.00    0.00   clock network delay (ideal)
                  0.15    0.00    0.00 ^ _406_/CLK (sky130_fd_sc_hd__dfrtp_2)
                  0.26    0.57    0.57 ^ _406_/Q (sky130_fd_sc_hd__dfrtp_2)
     3    0.05                           A_out[4] (net)
                  0.26    0.01    0.58 ^ A_out[4] (out)
                                  0.58   data arrival time

                  0.15   20.00   20.00   clock clk (rise edge)
                          0.00   20.00   clock network delay (ideal)
                         -0.25   19.75   clock uncertainty
                          0.00   19.75   clock reconvergence pessimism
                         -4.00   15.75   output external delay
                                 15.75   data required time
-----------------------------------------------------------------------------
                                 15.75   data required time
                                 -0.58   data arrival time
-----------------------------------------------------------------------------
                                 15.17   slack (MET)


Startpoint: _412_ (rising edge-triggered flip-flop clocked by clk)
Endpoint: last_opcode_out[3] (output port clocked by clk)
Path Group: clk
Path Type: max

Fanout     Cap    Slew   Delay    Time   Description
-----------------------------------------------------------------------------
                  0.15    0.00    0.00   clock clk (rise edge)
                          0.00    0.00   clock network delay (ideal)
                  0.15    0.00    0.00 ^ _412_/CLK (sky130_fd_sc_hd__dfrtp_2)
                  0.25    0.57    0.57 ^ _412_/Q (sky130_fd_sc_hd__dfrtp_2)
     2    0.05                           last_opcode_out[3] (net)
                  0.25    0.01    0.58 ^ last_opcode_out[3] (out)
                                  0.58   data arrival time

                  0.15   20.00   20.00   clock clk (rise edge)
                          0.00   20.00   clock network delay (ideal)
                         -0.25   19.75   clock uncertainty
                          0.00   19.75   clock reconvergence pessimism
                         -4.00   15.75   output external delay
                                 15.75   data required time
-----------------------------------------------------------------------------
                                 15.75   data required time
                                 -0.58   data arrival time
-----------------------------------------------------------------------------
                                 15.17   slack (MET)


Startpoint: _399_ (rising edge-triggered flip-flop clocked by clk)
Endpoint: _408_ (rising edge-triggered flip-flop clocked by clk)
Path Group: clk
Path Type: max

Fanout     Cap    Slew   Delay    Time   Description
-----------------------------------------------------------------------------
                  0.15    0.00    0.00   clock clk (rise edge)
                          0.00    0.00   clock network delay (ideal)
                  0.15    0.00    0.00 ^ _399_/CLK (sky130_fd_sc_hd__dfrtp_2)
                  0.11    0.53    0.53 v _399_/Q (sky130_fd_sc_hd__dfrtp_2)
     9    0.03                           U_PC.pc[1] (net)
                  0.11    0.00    0.53 v _200_/B (sky130_fd_sc_hd__and2b_2)
                  0.05    0.25    0.79 v _200_/X (sky130_fd_sc_hd__and2b_2)
     4    0.01                           _186_ (net)
                  0.05    0.00    0.79 v _202_/B (sky130_fd_sc_hd__or3_2)
                  0.07    0.46    1.25 v _202_/X (sky130_fd_sc_hd__or3_2)
     1    0.00                           _188_ (net)
                  0.07    0.00    1.25 v _203_/A (sky130_fd_sc_hd__buf_1)
                  0.28    0.31    1.55 v _203_/X (sky130_fd_sc_hd__buf_1)
     9    0.05                           _189_ (net)
                  0.28    0.00    1.55 v _235_/A2 (sky130_fd_sc_hd__a221oi_2)
                  0.33    0.48    2.03 ^ _235_/Y (sky130_fd_sc_hd__a221oi_2)
     3    0.01                           _076_ (net)
                  0.33    0.00    2.03 ^ _238_/A3 (sky130_fd_sc_hd__a32oi_2)
                  0.18    0.25    2.28 v _238_/Y (sky130_fd_sc_hd__a32oi_2)
     5    0.02                           _079_ (net)
                  0.18    0.00    2.29 v _243_/A2 (sky130_fd_sc_hd__o211a_2)
                  0.05    0.32    2.60 v _243_/X (sky130_fd_sc_hd__o211a_2)
     2    0.01                           _084_ (net)
                  0.05    0.00    2.60 v _248_/A2 (sky130_fd_sc_hd__o211a_2)
                  0.06    0.28    2.88 v _248_/X (sky130_fd_sc_hd__o211a_2)
     3    0.01                           _089_ (net)
                  0.06    0.00    2.88 v _270_/C (sky130_fd_sc_hd__or3_2)
                  0.07    0.42    3.30 v _270_/X (sky130_fd_sc_hd__or3_2)
     1    0.00                           _110_ (net)
                  0.07    0.00    3.30 v _271_/C (sky130_fd_sc_hd__and3_2)
                  0.05    0.24    3.54 v _271_/X (sky130_fd_sc_hd__and3_2)
     3    0.01                           _111_ (net)
                  0.05    0.00    3.54 v _343_/A (sky130_fd_sc_hd__or3b_2)
                  0.08    0.48    4.02 v _343_/X (sky130_fd_sc_hd__or3b_2)
     1    0.00                           _167_ (net)
                  0.08    0.00    4.02 v _344_/B1 (sky130_fd_sc_hd__o21a_2)
                  0.03    0.13    4.15 v _344_/X (sky130_fd_sc_hd__o21a_2)
     1    0.00                           _034_ (net)
                  0.03    0.00    4.15 v _408_/D (sky130_fd_sc_hd__dfrtp_2)
                                  4.15   data arrival time

                  0.15   20.00   20.00   clock clk (rise edge)
                          0.00   20.00   clock network delay (ideal)
                         -0.25   19.75   clock uncertainty
                          0.00   19.75   clock reconvergence pessimism
                                 19.75 ^ _408_/CLK (sky130_fd_sc_hd__dfrtp_2)
                         -0.09   19.66   library setup time
                                 19.66   data required time
-----------------------------------------------------------------------------
                                 19.66   data required time
                                 -4.15   data arrival time
-----------------------------------------------------------------------------
                                 15.52   slack (MET)


Startpoint: rst (input port clocked by clk)
Endpoint: _423_ (recovery check against rising-edge clock clk)
Path Group: asynchronous
Path Type: max

Fanout     Cap    Slew   Delay    Time   Description
-----------------------------------------------------------------------------
                  0.15    0.00    0.00   clock clk (rise edge)
                          0.00    0.00   clock network delay (ideal)
                          4.00    4.00 v input external delay
                  0.03    0.02    4.02 v rst (in)
     1    0.01                           rst (net)
                  0.03    0.00    4.02 v _367_/A (sky130_fd_sc_hd__buf_1)
                  0.29    0.29    4.31 v _367_/X (sky130_fd_sc_hd__buf_1)
    10    0.05                           _180_ (net)
                  0.29    0.00    4.31 v _395_/A (sky130_fd_sc_hd__inv_2)
                  0.08    0.14    4.45 ^ _395_/Y (sky130_fd_sc_hd__inv_2)
     1    0.01                           _025_ (net)
                  0.08    0.00    4.45 ^ _423_/RESET_B (sky130_fd_sc_hd__dfrtp_2)
                                  4.45   data arrival time

                  0.15   20.00   20.00   clock clk (rise edge)
                          0.00   20.00   clock network delay (ideal)
                         -0.25   19.75   clock uncertainty
                          0.00   19.75   clock reconvergence pessimism
                                 19.75 ^ _423_/CLK (sky130_fd_sc_hd__dfrtp_2)
                          0.24   19.99   library recovery time
                                 19.99   data required time
-----------------------------------------------------------------------------
                                 19.99   data required time
                                 -4.45   data arrival time
-----------------------------------------------------------------------------
                                 15.54   slack (MET)


Startpoint: rst (input port clocked by clk)
Endpoint: _421_ (recovery check against rising-edge clock clk)
Path Group: asynchronous
Path Type: max

Fanout     Cap    Slew   Delay    Time   Description
-----------------------------------------------------------------------------
                  0.15    0.00    0.00   clock clk (rise edge)
                          0.00    0.00   clock network delay (ideal)
                          4.00    4.00 v input external delay
                  0.03    0.02    4.02 v rst (in)
     1    0.01                           rst (net)
                  0.03    0.00    4.02 v _367_/A (sky130_fd_sc_hd__buf_1)
                  0.29    0.29    4.31 v _367_/X (sky130_fd_sc_hd__buf_1)
    10    0.05                           _180_ (net)
                  0.29    0.00    4.31 v _393_/A (sky130_fd_sc_hd__inv_2)
                  0.07    0.12    4.43 ^ _393_/Y (sky130_fd_sc_hd__inv_2)
     1    0.00                           _023_ (net)
                  0.07    0.00    4.43 ^ _421_/RESET_B (sky130_fd_sc_hd__dfrtp_2)
                                  4.43   data arrival time

                  0.15   20.00   20.00   clock clk (rise edge)
                          0.00   20.00   clock network delay (ideal)
                         -0.25   19.75   clock uncertainty
                          0.00   19.75   clock reconvergence pessimism
                                 19.75 ^ _421_/CLK (sky130_fd_sc_hd__dfrtp_2)
                          0.24   19.99   library recovery time
                                 19.99   data required time
-----------------------------------------------------------------------------
                                 19.99   data required time
                                 -4.43   data arrival time
-----------------------------------------------------------------------------
                                 15.56   slack (MET)


Startpoint: rst (input port clocked by clk)
Endpoint: _425_ (recovery check against rising-edge clock clk)
Path Group: asynchronous
Path Type: max

Fanout     Cap    Slew   Delay    Time   Description
-----------------------------------------------------------------------------
                  0.15    0.00    0.00   clock clk (rise edge)
                          0.00    0.00   clock network delay (ideal)
                          4.00    4.00 v input external delay
                  0.03    0.02    4.02 v rst (in)
     1    0.01                           rst (net)
                  0.03    0.00    4.02 v _367_/A (sky130_fd_sc_hd__buf_1)
                  0.29    0.29    4.31 v _367_/X (sky130_fd_sc_hd__buf_1)
    10    0.05                           _180_ (net)
                  0.29    0.00    4.31 v _397_/A (sky130_fd_sc_hd__inv_2)
                  0.07    0.12    4.43 ^ _397_/Y (sky130_fd_sc_hd__inv_2)
     1    0.00                           _027_ (net)
                  0.07    0.00    4.43 ^ _425_/RESET_B (sky130_fd_sc_hd__dfrtp_2)
                                  4.43   data arrival time

                  0.15   20.00   20.00   clock clk (rise edge)
                          0.00   20.00   clock network delay (ideal)
                         -0.25   19.75   clock uncertainty
                          0.00   19.75   clock reconvergence pessimism
                                 19.75 ^ _425_/CLK (sky130_fd_sc_hd__dfrtp_2)
                          0.24   19.99   library recovery time
                                 19.99   data required time
-----------------------------------------------------------------------------
                                 19.99   data required time
                                 -4.43   data arrival time
-----------------------------------------------------------------------------
                                 15.56   slack (MET)


Startpoint: rst (input port clocked by clk)
Endpoint: _419_ (recovery check against rising-edge clock clk)
Path Group: asynchronous
Path Type: max

Fanout     Cap    Slew   Delay    Time   Description
-----------------------------------------------------------------------------
                  0.15    0.00    0.00   clock clk (rise edge)
                          0.00    0.00   clock network delay (ideal)
                          4.00    4.00 v input external delay
                  0.03    0.02    4.02 v rst (in)
     1    0.01                           rst (net)
                  0.03    0.00    4.02 v _367_/A (sky130_fd_sc_hd__buf_1)
                  0.29    0.29    4.31 v _367_/X (sky130_fd_sc_hd__buf_1)
    10    0.05                           _180_ (net)
                  0.29    0.00    4.31 v _391_/A (sky130_fd_sc_hd__inv_2)
                  0.07    0.11    4.43 ^ _391_/Y (sky130_fd_sc_hd__inv_2)
     1    0.00                           _021_ (net)
                  0.07    0.00    4.43 ^ _419_/RESET_B (sky130_fd_sc_hd__dfrtp_2)
                                  4.43   data arrival time

                  0.15   20.00   20.00   clock clk (rise edge)
                          0.00   20.00   clock network delay (ideal)
                         -0.25   19.75   clock uncertainty
                          0.00   19.75   clock reconvergence pessimism
                                 19.75 ^ _419_/CLK (sky130_fd_sc_hd__dfrtp_2)
                          0.24   19.99   library recovery time
                                 19.99   data required time
-----------------------------------------------------------------------------
                                 19.99   data required time
                                 -4.43   data arrival time
-----------------------------------------------------------------------------
                                 15.57   slack (MET)


Startpoint: rst (input port clocked by clk)
Endpoint: _422_ (recovery check against rising-edge clock clk)
Path Group: asynchronous
Path Type: max

Fanout     Cap    Slew   Delay    Time   Description
-----------------------------------------------------------------------------
                  0.15    0.00    0.00   clock clk (rise edge)
                          0.00    0.00   clock network delay (ideal)
                          4.00    4.00 v input external delay
                  0.03    0.02    4.02 v rst (in)
     1    0.01                           rst (net)
                  0.03    0.00    4.02 v _367_/A (sky130_fd_sc_hd__buf_1)
                  0.29    0.29    4.31 v _367_/X (sky130_fd_sc_hd__buf_1)
    10    0.05                           _180_ (net)
                  0.29    0.00    4.31 v _394_/A (sky130_fd_sc_hd__inv_2)
                  0.07    0.11    4.43 ^ _394_/Y (sky130_fd_sc_hd__inv_2)
     1    0.00                           _024_ (net)
                  0.07    0.00    4.43 ^ _422_/RESET_B (sky130_fd_sc_hd__dfrtp_2)
                                  4.43   data arrival time

                  0.15   20.00   20.00   clock clk (rise edge)
                          0.00   20.00   clock network delay (ideal)
                         -0.25   19.75   clock uncertainty
                          0.00   19.75   clock reconvergence pessimism
                                 19.75 ^ _422_/CLK (sky130_fd_sc_hd__dfrtp_2)
                          0.24   19.99   library recovery time
                                 19.99   data required time
-----------------------------------------------------------------------------
                                 19.99   data required time
                                 -4.43   data arrival time
-----------------------------------------------------------------------------
                                 15.57   slack (MET)


Startpoint: rst (input port clocked by clk)
Endpoint: _418_ (recovery check against rising-edge clock clk)
Path Group: asynchronous
Path Type: max

Fanout     Cap    Slew   Delay    Time   Description
-----------------------------------------------------------------------------
                  0.15    0.00    0.00   clock clk (rise edge)
                          0.00    0.00   clock network delay (ideal)
                          4.00    4.00 v input external delay
                  0.03    0.02    4.02 v rst (in)
     1    0.01                           rst (net)
                  0.03    0.00    4.02 v _367_/A (sky130_fd_sc_hd__buf_1)
                  0.29    0.29    4.31 v _367_/X (sky130_fd_sc_hd__buf_1)
    10    0.05                           _180_ (net)
                  0.29    0.00    4.31 v _390_/A (sky130_fd_sc_hd__inv_2)
                  0.07    0.11    4.43 ^ _390_/Y (sky130_fd_sc_hd__inv_2)
     1    0.00                           _020_ (net)
                  0.07    0.00    4.43 ^ _418_/RESET_B (sky130_fd_sc_hd__dfrtp_2)
                                  4.43   data arrival time

                  0.15   20.00   20.00   clock clk (rise edge)
                          0.00   20.00   clock network delay (ideal)
                         -0.25   19.75   clock uncertainty
                          0.00   19.75   clock reconvergence pessimism
                                 19.75 ^ _418_/CLK (sky130_fd_sc_hd__dfrtp_2)
                          0.24   19.99   library recovery time
                                 19.99   data required time
-----------------------------------------------------------------------------
                                 19.99   data required time
                                 -4.43   data arrival time
-----------------------------------------------------------------------------
                                 15.57   slack (MET)


Startpoint: rst (input port clocked by clk)
Endpoint: _420_ (recovery check against rising-edge clock clk)
Path Group: asynchronous
Path Type: max

Fanout     Cap    Slew   Delay    Time   Description
-----------------------------------------------------------------------------
                  0.15    0.00    0.00   clock clk (rise edge)
                          0.00    0.00   clock network delay (ideal)
                          4.00    4.00 v input external delay
                  0.03    0.02    4.02 v rst (in)
     1    0.01                           rst (net)
                  0.03    0.00    4.02 v _367_/A (sky130_fd_sc_hd__buf_1)
                  0.29    0.29    4.31 v _367_/X (sky130_fd_sc_hd__buf_1)
    10    0.05                           _180_ (net)
                  0.29    0.00    4.31 v _392_/A (sky130_fd_sc_hd__inv_2)
                  0.07    0.11    4.43 ^ _392_/Y (sky130_fd_sc_hd__inv_2)
     1    0.00                           _022_ (net)
                  0.07    0.00    4.43 ^ _420_/RESET_B (sky130_fd_sc_hd__dfrtp_2)
                                  4.43   data arrival time

                  0.15   20.00   20.00   clock clk (rise edge)
                          0.00   20.00   clock network delay (ideal)
                         -0.25   19.75   clock uncertainty
                          0.00   19.75   clock reconvergence pessimism
                                 19.75 ^ _420_/CLK (sky130_fd_sc_hd__dfrtp_2)
                          0.24   19.99   library recovery time
                                 19.99   data required time
-----------------------------------------------------------------------------
                                 19.99   data required time
                                 -4.43   data arrival time
-----------------------------------------------------------------------------
                                 15.57   slack (MET)


Startpoint: rst (input port clocked by clk)
Endpoint: _424_ (recovery check against rising-edge clock clk)
Path Group: asynchronous
Path Type: max

Fanout     Cap    Slew   Delay    Time   Description
-----------------------------------------------------------------------------
                  0.15    0.00    0.00   clock clk (rise edge)
                          0.00    0.00   clock network delay (ideal)
                          4.00    4.00 v input external delay
                  0.03    0.02    4.02 v rst (in)
     1    0.01                           rst (net)
                  0.03    0.00    4.02 v _367_/A (sky130_fd_sc_hd__buf_1)
                  0.29    0.29    4.31 v _367_/X (sky130_fd_sc_hd__buf_1)
    10    0.05                           _180_ (net)
                  0.29    0.00    4.31 v _396_/A (sky130_fd_sc_hd__inv_2)
                  0.07    0.11    4.43 ^ _396_/Y (sky130_fd_sc_hd__inv_2)
     1    0.00                           _026_ (net)
                  0.07    0.00    4.43 ^ _424_/RESET_B (sky130_fd_sc_hd__dfrtp_2)
                                  4.43   data arrival time

                  0.15   20.00   20.00   clock clk (rise edge)
                          0.00   20.00   clock network delay (ideal)
                         -0.25   19.75   clock uncertainty
                          0.00   19.75   clock reconvergence pessimism
                                 19.75 ^ _424_/CLK (sky130_fd_sc_hd__dfrtp_2)
                          0.24   19.99   library recovery time
                                 19.99   data required time
-----------------------------------------------------------------------------
                                 19.99   data required time
                                 -4.43   data arrival time
-----------------------------------------------------------------------------
                                 15.57   slack (MET)


Startpoint: _399_ (rising edge-triggered flip-flop clocked by clk)
Endpoint: _409_ (rising edge-triggered flip-flop clocked by clk)
Path Group: clk
Path Type: max

Fanout     Cap    Slew   Delay    Time   Description
-----------------------------------------------------------------------------
                  0.15    0.00    0.00   clock clk (rise edge)
                          0.00    0.00   clock network delay (ideal)
                  0.15    0.00    0.00 ^ _399_/CLK (sky130_fd_sc_hd__dfrtp_2)
                  0.11    0.53    0.53 v _399_/Q (sky130_fd_sc_hd__dfrtp_2)
     9    0.03                           U_PC.pc[1] (net)
                  0.11    0.00    0.53 v _200_/B (sky130_fd_sc_hd__and2b_2)
                  0.05    0.25    0.79 v _200_/X (sky130_fd_sc_hd__and2b_2)
     4    0.01                           _186_ (net)
                  0.05    0.00    0.79 v _202_/B (sky130_fd_sc_hd__or3_2)
                  0.07    0.46    1.25 v _202_/X (sky130_fd_sc_hd__or3_2)
     1    0.00                           _188_ (net)
                  0.07    0.00    1.25 v _203_/A (sky130_fd_sc_hd__buf_1)
                  0.28    0.31    1.55 v _203_/X (sky130_fd_sc_hd__buf_1)
     9    0.05                           _189_ (net)
                  0.28    0.00    1.55 v _235_/A2 (sky130_fd_sc_hd__a221oi_2)
                  0.33    0.48    2.03 ^ _235_/Y (sky130_fd_sc_hd__a221oi_2)
     3    0.01                           _076_ (net)
                  0.33    0.00    2.03 ^ _238_/A3 (sky130_fd_sc_hd__a32oi_2)
                  0.18    0.25    2.28 v _238_/Y (sky130_fd_sc_hd__a32oi_2)
     5    0.02                           _079_ (net)
                  0.18    0.00    2.29 v _243_/A2 (sky130_fd_sc_hd__o211a_2)
                  0.05    0.32    2.60 v _243_/X (sky130_fd_sc_hd__o211a_2)
     2    0.01                           _084_ (net)
                  0.05    0.00    2.60 v _248_/A2 (sky130_fd_sc_hd__o211a_2)
                  0.06    0.28    2.88 v _248_/X (sky130_fd_sc_hd__o211a_2)
     3    0.01                           _089_ (net)
                  0.06    0.00    2.88 v _255_/A2 (sky130_fd_sc_hd__o21ai_2)
                  0.23    0.22    3.11 ^ _255_/Y (sky130_fd_sc_hd__o21ai_2)
     5    0.02                           _096_ (net)
                  0.23    0.00    3.11 ^ _264_/A1 (sky130_fd_sc_hd__a21oi_2)
                  0.06    0.08    3.18 v _264_/Y (sky130_fd_sc_hd__a21oi_2)
     1    0.00                           _105_ (net)
                  0.06    0.00    3.18 v _267_/A2 (sky130_fd_sc_hd__o21a_2)
                  0.06    0.24    3.42 v _267_/X (sky130_fd_sc_hd__o21a_2)
     4    0.01                           _108_ (net)
                  0.06    0.00    3.42 v _342_/A4 (sky130_fd_sc_hd__o41a_2)
                  0.06    0.38    3.81 v _342_/X (sky130_fd_sc_hd__o41a_2)
     1    0.00                           _035_ (net)
                  0.06    0.00    3.81 v _409_/D (sky130_fd_sc_hd__dfrtp_2)
                                  3.81   data arrival time

                  0.15   20.00   20.00   clock clk (rise edge)
                          0.00   20.00   clock network delay (ideal)
                         -0.25   19.75   clock uncertainty
                          0.00   19.75   clock reconvergence pessimism
                                 19.75 ^ _409_/CLK (sky130_fd_sc_hd__dfrtp_2)
                         -0.10   19.65   library setup time
                                 19.65   data required time
-----------------------------------------------------------------------------
                                 19.65   data required time
                                 -3.81   data arrival time
-----------------------------------------------------------------------------
                                 15.84   slack (MET)


Startpoint: _399_ (rising edge-triggered flip-flop clocked by clk)
Endpoint: _425_ (rising edge-triggered flip-flop clocked by clk)
Path Group: clk
Path Type: max

Fanout     Cap    Slew   Delay    Time   Description
-----------------------------------------------------------------------------
                  0.15    0.00    0.00   clock clk (rise edge)
                          0.00    0.00   clock network delay (ideal)
                  0.15    0.00    0.00 ^ _399_/CLK (sky130_fd_sc_hd__dfrtp_2)
                  0.11    0.53    0.53 v _399_/Q (sky130_fd_sc_hd__dfrtp_2)
     9    0.03                           U_PC.pc[1] (net)
                  0.11    0.00    0.53 v _200_/B (sky130_fd_sc_hd__and2b_2)
                  0.05    0.25    0.79 v _200_/X (sky130_fd_sc_hd__and2b_2)
     4    0.01                           _186_ (net)
                  0.05    0.00    0.79 v _202_/B (sky130_fd_sc_hd__or3_2)
                  0.07    0.46    1.25 v _202_/X (sky130_fd_sc_hd__or3_2)
     1    0.00                           _188_ (net)
                  0.07    0.00    1.25 v _203_/A (sky130_fd_sc_hd__buf_1)
                  0.28    0.31    1.55 v _203_/X (sky130_fd_sc_hd__buf_1)
     9    0.05                           _189_ (net)
                  0.28    0.00    1.55 v _235_/A2 (sky130_fd_sc_hd__a221oi_2)
                  0.33    0.48    2.03 ^ _235_/Y (sky130_fd_sc_hd__a221oi_2)
     3    0.01                           _076_ (net)
                  0.33    0.00    2.03 ^ _238_/A3 (sky130_fd_sc_hd__a32oi_2)
                  0.18    0.25    2.28 v _238_/Y (sky130_fd_sc_hd__a32oi_2)
     5    0.02                           _079_ (net)
                  0.18    0.00    2.29 v _243_/A2 (sky130_fd_sc_hd__o211a_2)
                  0.05    0.32    2.60 v _243_/X (sky130_fd_sc_hd__o211a_2)
     2    0.01                           _084_ (net)
                  0.05    0.00    2.60 v _248_/A2 (sky130_fd_sc_hd__o211a_2)
                  0.06    0.28    2.88 v _248_/X (sky130_fd_sc_hd__o211a_2)
     3    0.01                           _089_ (net)
                  0.06    0.00    2.88 v _255_/A2 (sky130_fd_sc_hd__o21ai_2)
                  0.23    0.22    3.11 ^ _255_/Y (sky130_fd_sc_hd__o21ai_2)
     5    0.02                           _096_ (net)
                  0.23    0.00    3.11 ^ _264_/A1 (sky130_fd_sc_hd__a21oi_2)
                  0.06    0.08    3.18 v _264_/Y (sky130_fd_sc_hd__a21oi_2)
     1    0.00                           _105_ (net)
                  0.06    0.00    3.18 v _267_/A2 (sky130_fd_sc_hd__o21a_2)
                  0.06    0.24    3.42 v _267_/X (sky130_fd_sc_hd__o21a_2)
     4    0.01                           _108_ (net)
                  0.06    0.00    3.42 v _268_/B (sky130_fd_sc_hd__or2_2)
                  0.05    0.28    3.71 v _268_/X (sky130_fd_sc_hd__or2_2)
     1    0.00                           _109_ (net)
                  0.05    0.00    3.71 v _269_/A (sky130_fd_sc_hd__buf_1)
                  0.03    0.10    3.80 v _269_/X (sky130_fd_sc_hd__buf_1)
     1    0.00                           _051_ (net)
                  0.03    0.00    3.80 v _425_/D (sky130_fd_sc_hd__dfrtp_2)
                                  3.80   data arrival time

                  0.15   20.00   20.00   clock clk (rise edge)
                          0.00   20.00   clock network delay (ideal)
                         -0.25   19.75   clock uncertainty
                          0.00   19.75   clock reconvergence pessimism
                                 19.75 ^ _425_/CLK (sky130_fd_sc_hd__dfrtp_2)
                         -0.08   19.67   library setup time
                                 19.67   data required time
-----------------------------------------------------------------------------
                                 19.67   data required time
                                 -3.80   data arrival time
-----------------------------------------------------------------------------
                                 15.86   slack (MET)


Startpoint: _399_ (rising edge-triggered flip-flop clocked by clk)
Endpoint: _424_ (rising edge-triggered flip-flop clocked by clk)
Path Group: clk
Path Type: max

Fanout     Cap    Slew   Delay    Time   Description
-----------------------------------------------------------------------------
                  0.15    0.00    0.00   clock clk (rise edge)
                          0.00    0.00   clock network delay (ideal)
                  0.15    0.00    0.00 ^ _399_/CLK (sky130_fd_sc_hd__dfrtp_2)
                  0.11    0.53    0.53 v _399_/Q (sky130_fd_sc_hd__dfrtp_2)
     9    0.03                           U_PC.pc[1] (net)
                  0.11    0.00    0.53 v _200_/B (sky130_fd_sc_hd__and2b_2)
                  0.05    0.25    0.79 v _200_/X (sky130_fd_sc_hd__and2b_2)
     4    0.01                           _186_ (net)
                  0.05    0.00    0.79 v _202_/B (sky130_fd_sc_hd__or3_2)
                  0.07    0.46    1.25 v _202_/X (sky130_fd_sc_hd__or3_2)
     1    0.00                           _188_ (net)
                  0.07    0.00    1.25 v _203_/A (sky130_fd_sc_hd__buf_1)
                  0.28    0.31    1.55 v _203_/X (sky130_fd_sc_hd__buf_1)
     9    0.05                           _189_ (net)
                  0.28    0.00    1.55 v _235_/A2 (sky130_fd_sc_hd__a221oi_2)
                  0.33    0.48    2.03 ^ _235_/Y (sky130_fd_sc_hd__a221oi_2)
     3    0.01                           _076_ (net)
                  0.33    0.00    2.03 ^ _238_/A3 (sky130_fd_sc_hd__a32oi_2)
                  0.18    0.25    2.28 v _238_/Y (sky130_fd_sc_hd__a32oi_2)
     5    0.02                           _079_ (net)
                  0.18    0.00    2.29 v _243_/A2 (sky130_fd_sc_hd__o211a_2)
                  0.05    0.32    2.60 v _243_/X (sky130_fd_sc_hd__o211a_2)
     2    0.01                           _084_ (net)
                  0.05    0.00    2.60 v _248_/A2 (sky130_fd_sc_hd__o211a_2)
                  0.06    0.28    2.88 v _248_/X (sky130_fd_sc_hd__o211a_2)
     3    0.01                           _089_ (net)
                  0.06    0.00    2.88 v _270_/C (sky130_fd_sc_hd__or3_2)
                  0.07    0.42    3.30 v _270_/X (sky130_fd_sc_hd__or3_2)
     1    0.00                           _110_ (net)
                  0.07    0.00    3.30 v _271_/C (sky130_fd_sc_hd__and3_2)
                  0.05    0.24    3.54 v _271_/X (sky130_fd_sc_hd__and3_2)
     3    0.01                           _111_ (net)
                  0.05    0.00    3.54 v _272_/B1 (sky130_fd_sc_hd__a21o_2)
                  0.03    0.19    3.73 v _272_/X (sky130_fd_sc_hd__a21o_2)
     1    0.00                           _050_ (net)
                  0.03    0.00    3.73 v _424_/D (sky130_fd_sc_hd__dfrtp_2)
                                  3.73   data arrival time

                  0.15   20.00   20.00   clock clk (rise edge)
                          0.00   20.00   clock network delay (ideal)
                         -0.25   19.75   clock uncertainty
                          0.00   19.75   clock reconvergence pessimism
                                 19.75 ^ _424_/CLK (sky130_fd_sc_hd__dfrtp_2)
                         -0.09   19.66   library setup time
                                 19.66   data required time
-----------------------------------------------------------------------------
                                 19.66   data required time
                                 -3.73   data arrival time
-----------------------------------------------------------------------------
                                 15.94   slack (MET)


Startpoint: _399_ (rising edge-triggered flip-flop clocked by clk)
Endpoint: _416_ (rising edge-triggered flip-flop clocked by clk)
Path Group: clk
Path Type: max

Fanout     Cap    Slew   Delay    Time   Description
-----------------------------------------------------------------------------
                  0.15    0.00    0.00   clock clk (rise edge)
                          0.00    0.00   clock network delay (ideal)
                  0.15    0.00    0.00 ^ _399_/CLK (sky130_fd_sc_hd__dfrtp_2)
                  0.11    0.53    0.53 v _399_/Q (sky130_fd_sc_hd__dfrtp_2)
     9    0.03                           U_PC.pc[1] (net)
                  0.11    0.00    0.53 v _200_/B (sky130_fd_sc_hd__and2b_2)
                  0.05    0.25    0.79 v _200_/X (sky130_fd_sc_hd__and2b_2)
     4    0.01                           _186_ (net)
                  0.05    0.00    0.79 v _202_/B (sky130_fd_sc_hd__or3_2)
                  0.07    0.46    1.25 v _202_/X (sky130_fd_sc_hd__or3_2)
     1    0.00                           _188_ (net)
                  0.07    0.00    1.25 v _203_/A (sky130_fd_sc_hd__buf_1)
                  0.28    0.31    1.55 v _203_/X (sky130_fd_sc_hd__buf_1)
     9    0.05                           _189_ (net)
                  0.28    0.00    1.55 v _235_/A2 (sky130_fd_sc_hd__a221oi_2)
                  0.33    0.48    2.03 ^ _235_/Y (sky130_fd_sc_hd__a221oi_2)
     3    0.01                           _076_ (net)
                  0.33    0.00    2.03 ^ _238_/A3 (sky130_fd_sc_hd__a32oi_2)
                  0.18    0.25    2.28 v _238_/Y (sky130_fd_sc_hd__a32oi_2)
     5    0.02                           _079_ (net)
                  0.18    0.00    2.29 v _243_/A2 (sky130_fd_sc_hd__o211a_2)
                  0.05    0.32    2.60 v _243_/X (sky130_fd_sc_hd__o211a_2)
     2    0.01                           _084_ (net)
                  0.05    0.00    2.60 v _248_/A2 (sky130_fd_sc_hd__o211a_2)
                  0.06    0.28    2.88 v _248_/X (sky130_fd_sc_hd__o211a_2)
     3    0.01                           _089_ (net)
                  0.06    0.00    2.88 v _255_/A2 (sky130_fd_sc_hd__o21ai_2)
                  0.23    0.22    3.11 ^ _255_/Y (sky130_fd_sc_hd__o21ai_2)
     5    0.02                           _096_ (net)
                  0.23    0.00    3.11 ^ _264_/A1 (sky130_fd_sc_hd__a21oi_2)
                  0.06    0.08    3.18 v _264_/Y (sky130_fd_sc_hd__a21oi_2)
     1    0.00                           _105_ (net)
                  0.06    0.00    3.18 v _267_/A2 (sky130_fd_sc_hd__o21a_2)
                  0.06    0.24    3.42 v _267_/X (sky130_fd_sc_hd__o21a_2)
     4    0.01                           _108_ (net)
                  0.06    0.00    3.42 v _317_/A3 (sky130_fd_sc_hd__o31a_2)
                  0.05    0.29    3.72 v _317_/X (sky130_fd_sc_hd__o31a_2)
     1    0.00                           _042_ (net)
                  0.05    0.00    3.72 v _416_/D (sky130_fd_sc_hd__dfrtp_2)
                                  3.72   data arrival time

                  0.15   20.00   20.00   clock clk (rise edge)
                          0.00   20.00   clock network delay (ideal)
                         -0.25   19.75   clock uncertainty
                          0.00   19.75   clock reconvergence pessimism
                                 19.75 ^ _416_/CLK (sky130_fd_sc_hd__dfrtp_2)
                         -0.09   19.66   library setup time
                                 19.66   data required time
-----------------------------------------------------------------------------
                                 19.66   data required time
                                 -3.72   data arrival time
-----------------------------------------------------------------------------
                                 15.94   slack (MET)


Startpoint: _399_ (rising edge-triggered flip-flop clocked by clk)
Endpoint: _414_ (rising edge-triggered flip-flop clocked by clk)
Path Group: clk
Path Type: max

Fanout     Cap    Slew   Delay    Time   Description
-----------------------------------------------------------------------------
                  0.15    0.00    0.00   clock clk (rise edge)
                          0.00    0.00   clock network delay (ideal)
                  0.15    0.00    0.00 ^ _399_/CLK (sky130_fd_sc_hd__dfrtp_2)
                  0.11    0.53    0.53 v _399_/Q (sky130_fd_sc_hd__dfrtp_2)
     9    0.03                           U_PC.pc[1] (net)
                  0.11    0.00    0.53 v _200_/B (sky130_fd_sc_hd__and2b_2)
                  0.05    0.25    0.79 v _200_/X (sky130_fd_sc_hd__and2b_2)
     4    0.01                           _186_ (net)
                  0.05    0.00    0.79 v _202_/B (sky130_fd_sc_hd__or3_2)
                  0.07    0.46    1.25 v _202_/X (sky130_fd_sc_hd__or3_2)
     1    0.00                           _188_ (net)
                  0.07    0.00    1.25 v _203_/A (sky130_fd_sc_hd__buf_1)
                  0.28    0.31    1.55 v _203_/X (sky130_fd_sc_hd__buf_1)
     9    0.05                           _189_ (net)
                  0.28    0.00    1.55 v _235_/A2 (sky130_fd_sc_hd__a221oi_2)
                  0.33    0.48    2.03 ^ _235_/Y (sky130_fd_sc_hd__a221oi_2)
     3    0.01                           _076_ (net)
                  0.33    0.00    2.03 ^ _238_/A3 (sky130_fd_sc_hd__a32oi_2)
                  0.18    0.25    2.28 v _238_/Y (sky130_fd_sc_hd__a32oi_2)
     5    0.02                           _079_ (net)
                  0.18    0.00    2.29 v _243_/A2 (sky130_fd_sc_hd__o211a_2)
                  0.05    0.32    2.60 v _243_/X (sky130_fd_sc_hd__o211a_2)
     2    0.01                           _084_ (net)
                  0.05    0.00    2.60 v _248_/A2 (sky130_fd_sc_hd__o211a_2)
                  0.06    0.28    2.88 v _248_/X (sky130_fd_sc_hd__o211a_2)
     3    0.01                           _089_ (net)
                  0.06    0.00    2.88 v _255_/A2 (sky130_fd_sc_hd__o21ai_2)
                  0.23    0.22    3.11 ^ _255_/Y (sky130_fd_sc_hd__o21ai_2)
     5    0.02                           _096_ (net)
                  0.23    0.00    3.11 ^ _329_/A2 (sky130_fd_sc_hd__a31o_2)
                  0.04    0.20    3.30 ^ _329_/X (sky130_fd_sc_hd__a31o_2)
     1    0.00                           _159_ (net)
                  0.04    0.00    3.30 ^ _332_/A2 (sky130_fd_sc_hd__o21a_2)
                  0.03    0.11    3.41 ^ _332_/X (sky130_fd_sc_hd__o21a_2)
     1    0.00                           _162_ (net)
                  0.03    0.00    3.41 ^ _333_/A2_N (sky130_fd_sc_hd__a2bb2o_2)
                  0.04    0.26    3.68 v _333_/X (sky130_fd_sc_hd__a2bb2o_2)
     1    0.00                           _040_ (net)
                  0.04    0.00    3.68 v _414_/D (sky130_fd_sc_hd__dfrtp_2)
                                  3.68   data arrival time

                  0.15   20.00   20.00   clock clk (rise edge)
                          0.00   20.00   clock network delay (ideal)
                         -0.25   19.75   clock uncertainty
                          0.00   19.75   clock reconvergence pessimism
                                 19.75 ^ _414_/CLK (sky130_fd_sc_hd__dfrtp_2)
                         -0.09   19.66   library setup time
                                 19.66   data required time
-----------------------------------------------------------------------------
                                 19.66   data required time
                                 -3.68   data arrival time
-----------------------------------------------------------------------------
                                 15.98   slack (MET)


Startpoint: _399_ (rising edge-triggered flip-flop clocked by clk)
Endpoint: _406_ (rising edge-triggered flip-flop clocked by clk)
Path Group: clk
Path Type: max

Fanout     Cap    Slew   Delay    Time   Description
-----------------------------------------------------------------------------
                  0.15    0.00    0.00   clock clk (rise edge)
                          0.00    0.00   clock network delay (ideal)
                  0.15    0.00    0.00 ^ _399_/CLK (sky130_fd_sc_hd__dfrtp_2)
                  0.11    0.53    0.53 v _399_/Q (sky130_fd_sc_hd__dfrtp_2)
     9    0.03                           U_PC.pc[1] (net)
                  0.11    0.00    0.53 v _200_/B (sky130_fd_sc_hd__and2b_2)
                  0.05    0.25    0.79 v _200_/X (sky130_fd_sc_hd__and2b_2)
     4    0.01                           _186_ (net)
                  0.05    0.00    0.79 v _202_/B (sky130_fd_sc_hd__or3_2)
                  0.07    0.46    1.25 v _202_/X (sky130_fd_sc_hd__or3_2)
     1    0.00                           _188_ (net)
                  0.07    0.00    1.25 v _203_/A (sky130_fd_sc_hd__buf_1)
                  0.28    0.31    1.55 v _203_/X (sky130_fd_sc_hd__buf_1)
     9    0.05                           _189_ (net)
                  0.28    0.00    1.55 v _235_/A2 (sky130_fd_sc_hd__a221oi_2)
                  0.33    0.48    2.03 ^ _235_/Y (sky130_fd_sc_hd__a221oi_2)
     3    0.01                           _076_ (net)
                  0.33    0.00    2.03 ^ _238_/A3 (sky130_fd_sc_hd__a32oi_2)
                  0.18    0.25    2.28 v _238_/Y (sky130_fd_sc_hd__a32oi_2)
     5    0.02                           _079_ (net)
                  0.18    0.00    2.29 v _243_/A2 (sky130_fd_sc_hd__o211a_2)
                  0.05    0.32    2.60 v _243_/X (sky130_fd_sc_hd__o211a_2)
     2    0.01                           _084_ (net)
                  0.05    0.00    2.60 v _279_/A2 (sky130_fd_sc_hd__o311a_2)
                  0.07    0.40    3.01 v _279_/X (sky130_fd_sc_hd__o311a_2)
     3    0.01                           _117_ (net)
                  0.07    0.00    3.01 v _347_/A (sky130_fd_sc_hd__or3b_2)
                  0.08    0.48    3.49 v _347_/X (sky130_fd_sc_hd__or3b_2)
     1    0.00                           _169_ (net)
                  0.08    0.00    3.49 v _348_/B1 (sky130_fd_sc_hd__o21a_2)
                  0.03    0.13    3.62 v _348_/X (sky130_fd_sc_hd__o21a_2)
     1    0.00                           _032_ (net)
                  0.03    0.00    3.62 v _406_/D (sky130_fd_sc_hd__dfrtp_2)
                                  3.62   data arrival time

                  0.15   20.00   20.00   clock clk (rise edge)
                          0.00   20.00   clock network delay (ideal)
                         -0.25   19.75   clock uncertainty
                          0.00   19.75   clock reconvergence pessimism
                                 19.75 ^ _406_/CLK (sky130_fd_sc_hd__dfrtp_2)
                         -0.09   19.66   library setup time
                                 19.66   data required time
-----------------------------------------------------------------------------
                                 19.66   data required time
                                 -3.62   data arrival time
-----------------------------------------------------------------------------
                                 16.05   slack (MET)


Startpoint: _399_ (rising edge-triggered flip-flop clocked by clk)
Endpoint: _415_ (rising edge-triggered flip-flop clocked by clk)
Path Group: clk
Path Type: max

Fanout     Cap    Slew   Delay    Time   Description
-----------------------------------------------------------------------------
                  0.15    0.00    0.00   clock clk (rise edge)
                          0.00    0.00   clock network delay (ideal)
                  0.15    0.00    0.00 ^ _399_/CLK (sky130_fd_sc_hd__dfrtp_2)
                  0.11    0.53    0.53 v _399_/Q (sky130_fd_sc_hd__dfrtp_2)
     9    0.03                           U_PC.pc[1] (net)
                  0.11    0.00    0.53 v _200_/B (sky130_fd_sc_hd__and2b_2)
                  0.05    0.25    0.79 v _200_/X (sky130_fd_sc_hd__and2b_2)
     4    0.01                           _186_ (net)
                  0.05    0.00    0.79 v _202_/B (sky130_fd_sc_hd__or3_2)
                  0.07    0.46    1.25 v _202_/X (sky130_fd_sc_hd__or3_2)
     1    0.00                           _188_ (net)
                  0.07    0.00    1.25 v _203_/A (sky130_fd_sc_hd__buf_1)
                  0.28    0.31    1.55 v _203_/X (sky130_fd_sc_hd__buf_1)
     9    0.05                           _189_ (net)
                  0.28    0.00    1.55 v _225_/A2 (sky130_fd_sc_hd__a22oi_2)
                  0.32    0.42    1.97 ^ _225_/Y (sky130_fd_sc_hd__a22oi_2)
     4    0.02                           _066_ (net)
                  0.32    0.00    1.97 ^ _289_/A (sky130_fd_sc_hd__nor2_2)
                  0.07    0.09    2.05 v _289_/Y (sky130_fd_sc_hd__nor2_2)
     2    0.01                           _125_ (net)
                  0.07    0.00    2.05 v _321_/A2 (sky130_fd_sc_hd__a211o_2)
                  0.05    0.35    2.40 v _321_/X (sky130_fd_sc_hd__a211o_2)
     1    0.00                           _152_ (net)
                  0.05    0.00    2.40 v _323_/A2 (sky130_fd_sc_hd__o211a_2)
                  0.05    0.27    2.67 v _323_/X (sky130_fd_sc_hd__o211a_2)
     2    0.01                           _154_ (net)
                  0.05    0.00    2.67 v _324_/A3 (sky130_fd_sc_hd__o311a_2)
                  0.07    0.37    3.04 v _324_/X (sky130_fd_sc_hd__o311a_2)
     2    0.01                           _155_ (net)
                  0.07    0.00    3.04 v _325_/A2 (sky130_fd_sc_hd__o21ai_2)
                  0.08    0.11    3.15 ^ _325_/Y (sky130_fd_sc_hd__o21ai_2)
     1    0.00                           _156_ (net)
                  0.08    0.00    3.15 ^ _326_/C1 (sky130_fd_sc_hd__o211a_2)
                  0.05    0.18    3.33 ^ _326_/X (sky130_fd_sc_hd__o211a_2)
     1    0.00                           _157_ (net)
                  0.05    0.00    3.33 ^ _327_/A2_N (sky130_fd_sc_hd__a2bb2o_2)
                  0.04    0.27    3.60 v _327_/X (sky130_fd_sc_hd__a2bb2o_2)
     1    0.00                           _041_ (net)
                  0.04    0.00    3.60 v _415_/D (sky130_fd_sc_hd__dfrtp_2)
                                  3.60   data arrival time

                  0.15   20.00   20.00   clock clk (rise edge)
                          0.00   20.00   clock network delay (ideal)
                         -0.25   19.75   clock uncertainty
                          0.00   19.75   clock reconvergence pessimism
                                 19.75 ^ _415_/CLK (sky130_fd_sc_hd__dfrtp_2)
                         -0.09   19.66   library setup time
                                 19.66   data required time
-----------------------------------------------------------------------------
                                 19.66   data required time
                                 -3.60   data arrival time
-----------------------------------------------------------------------------
                                 16.06   slack (MET)


Startpoint: _399_ (rising edge-triggered flip-flop clocked by clk)
Endpoint: _421_ (rising edge-triggered flip-flop clocked by clk)
Path Group: clk
Path Type: max

Fanout     Cap    Slew   Delay    Time   Description
-----------------------------------------------------------------------------
                  0.15    0.00    0.00   clock clk (rise edge)
                          0.00    0.00   clock network delay (ideal)
                  0.15    0.00    0.00 ^ _399_/CLK (sky130_fd_sc_hd__dfrtp_2)
                  0.11    0.53    0.53 v _399_/Q (sky130_fd_sc_hd__dfrtp_2)
     9    0.03                           U_PC.pc[1] (net)
                  0.11    0.00    0.53 v _200_/B (sky130_fd_sc_hd__and2b_2)
                  0.05    0.25    0.79 v _200_/X (sky130_fd_sc_hd__and2b_2)
     4    0.01                           _186_ (net)
                  0.05    0.00    0.79 v _202_/B (sky130_fd_sc_hd__or3_2)
                  0.07    0.46    1.25 v _202_/X (sky130_fd_sc_hd__or3_2)
     1    0.00                           _188_ (net)
                  0.07    0.00    1.25 v _203_/A (sky130_fd_sc_hd__buf_1)
                  0.28    0.31    1.55 v _203_/X (sky130_fd_sc_hd__buf_1)
     9    0.05                           _189_ (net)
                  0.28    0.00    1.55 v _235_/A2 (sky130_fd_sc_hd__a221oi_2)
                  0.33    0.48    2.03 ^ _235_/Y (sky130_fd_sc_hd__a221oi_2)
     3    0.01                           _076_ (net)
                  0.33    0.00    2.03 ^ _238_/A3 (sky130_fd_sc_hd__a32oi_2)
                  0.18    0.25    2.28 v _238_/Y (sky130_fd_sc_hd__a32oi_2)
     5    0.02                           _079_ (net)
                  0.18    0.00    2.29 v _283_/C (sky130_fd_sc_hd__or3_2)
                  0.08    0.47    2.75 v _283_/X (sky130_fd_sc_hd__or3_2)
     1    0.00                           _120_ (net)
                  0.08    0.00    2.75 v _284_/A3 (sky130_fd_sc_hd__a311o_2)
                  0.08    0.46    3.21 v _284_/X (sky130_fd_sc_hd__a311o_2)
     3    0.01                           _121_ (net)
                  0.08    0.00    3.21 v _285_/A1 (sky130_fd_sc_hd__mux2_2)
                  0.05    0.28    3.49 v _285_/X (sky130_fd_sc_hd__mux2_2)
     1    0.00                           _122_ (net)
                  0.05    0.00    3.49 v _286_/A (sky130_fd_sc_hd__buf_1)
                  0.03    0.09    3.59 v _286_/X (sky130_fd_sc_hd__buf_1)
     1    0.00                           _047_ (net)
                  0.03    0.00    3.59 v _421_/D (sky130_fd_sc_hd__dfrtp_2)
                                  3.59   data arrival time

                  0.15   20.00   20.00   clock clk (rise edge)
                          0.00   20.00   clock network delay (ideal)
                         -0.25   19.75   clock uncertainty
                          0.00   19.75   clock reconvergence pessimism
                                 19.75 ^ _421_/CLK (sky130_fd_sc_hd__dfrtp_2)
                         -0.08   19.67   library setup time
                                 19.67   data required time
-----------------------------------------------------------------------------
                                 19.67   data required time
                                 -3.59   data arrival time
-----------------------------------------------------------------------------
                                 16.08   slack (MET)


Startpoint: _399_ (rising edge-triggered flip-flop clocked by clk)
Endpoint: _405_ (rising edge-triggered flip-flop clocked by clk)
Path Group: clk
Path Type: max

Fanout     Cap    Slew   Delay    Time   Description
-----------------------------------------------------------------------------
                  0.15    0.00    0.00   clock clk (rise edge)
                          0.00    0.00   clock network delay (ideal)
                  0.15    0.00    0.00 ^ _399_/CLK (sky130_fd_sc_hd__dfrtp_2)
                  0.11    0.53    0.53 v _399_/Q (sky130_fd_sc_hd__dfrtp_2)
     9    0.03                           U_PC.pc[1] (net)
                  0.11    0.00    0.53 v _200_/B (sky130_fd_sc_hd__and2b_2)
                  0.05    0.25    0.79 v _200_/X (sky130_fd_sc_hd__and2b_2)
     4    0.01                           _186_ (net)
                  0.05    0.00    0.79 v _202_/B (sky130_fd_sc_hd__or3_2)
                  0.07    0.46    1.25 v _202_/X (sky130_fd_sc_hd__or3_2)
     1    0.00                           _188_ (net)
                  0.07    0.00    1.25 v _203_/A (sky130_fd_sc_hd__buf_1)
                  0.28    0.31    1.55 v _203_/X (sky130_fd_sc_hd__buf_1)
     9    0.05                           _189_ (net)
                  0.28    0.00    1.55 v _235_/A2 (sky130_fd_sc_hd__a221oi_2)
                  0.33    0.48    2.03 ^ _235_/Y (sky130_fd_sc_hd__a221oi_2)
     3    0.01                           _076_ (net)
                  0.33    0.00    2.03 ^ _238_/A3 (sky130_fd_sc_hd__a32oi_2)
                  0.18    0.25    2.28 v _238_/Y (sky130_fd_sc_hd__a32oi_2)
     5    0.02                           _079_ (net)
                  0.18    0.00    2.29 v _283_/C (sky130_fd_sc_hd__or3_2)
                  0.08    0.47    2.75 v _283_/X (sky130_fd_sc_hd__or3_2)
     1    0.00                           _120_ (net)
                  0.08    0.00    2.75 v _284_/A3 (sky130_fd_sc_hd__a311o_2)
                  0.08    0.46    3.21 v _284_/X (sky130_fd_sc_hd__a311o_2)
     3    0.01                           _121_ (net)
                  0.08    0.00    3.21 v _349_/A1 (sky130_fd_sc_hd__mux2_2)
                  0.05    0.28    3.49 v _349_/X (sky130_fd_sc_hd__mux2_2)
     1    0.00                           _170_ (net)
                  0.05    0.00    3.49 v _350_/A (sky130_fd_sc_hd__buf_1)
                  0.03    0.09    3.58 v _350_/X (sky130_fd_sc_hd__buf_1)
     1    0.00                           _031_ (net)
                  0.03    0.00    3.58 v _405_/D (sky130_fd_sc_hd__dfrtp_2)
                                  3.58   data arrival time

                  0.15   20.00   20.00   clock clk (rise edge)
                          0.00   20.00   clock network delay (ideal)
                         -0.25   19.75   clock uncertainty
                          0.00   19.75   clock reconvergence pessimism
                                 19.75 ^ _405_/CLK (sky130_fd_sc_hd__dfrtp_2)
                         -0.08   19.67   library setup time
                                 19.67   data required time
-----------------------------------------------------------------------------
                                 19.67   data required time
                                 -3.58   data arrival time
-----------------------------------------------------------------------------
                                 16.08   slack (MET)


Startpoint: _399_ (rising edge-triggered flip-flop clocked by clk)
Endpoint: _407_ (rising edge-triggered flip-flop clocked by clk)
Path Group: clk
Path Type: max

Fanout     Cap    Slew   Delay    Time   Description
-----------------------------------------------------------------------------
                  0.15    0.00    0.00   clock clk (rise edge)
                          0.00    0.00   clock network delay (ideal)
                  0.15    0.00    0.00 ^ _399_/CLK (sky130_fd_sc_hd__dfrtp_2)
                  0.11    0.53    0.53 v _399_/Q (sky130_fd_sc_hd__dfrtp_2)
     9    0.03                           U_PC.pc[1] (net)
                  0.11    0.00    0.53 v _200_/B (sky130_fd_sc_hd__and2b_2)
                  0.05    0.25    0.79 v _200_/X (sky130_fd_sc_hd__and2b_2)
     4    0.01                           _186_ (net)
                  0.05    0.00    0.79 v _202_/B (sky130_fd_sc_hd__or3_2)
                  0.07    0.46    1.25 v _202_/X (sky130_fd_sc_hd__or3_2)
     1    0.00                           _188_ (net)
                  0.07    0.00    1.25 v _203_/A (sky130_fd_sc_hd__buf_1)
                  0.28    0.31    1.55 v _203_/X (sky130_fd_sc_hd__buf_1)
     9    0.05                           _189_ (net)
                  0.28    0.00    1.55 v _235_/A2 (sky130_fd_sc_hd__a221oi_2)
                  0.33    0.48    2.03 ^ _235_/Y (sky130_fd_sc_hd__a221oi_2)
     3    0.01                           _076_ (net)
                  0.33    0.00    2.03 ^ _238_/A3 (sky130_fd_sc_hd__a32oi_2)
                  0.18    0.25    2.28 v _238_/Y (sky130_fd_sc_hd__a32oi_2)
     5    0.02                           _079_ (net)
                  0.18    0.00    2.29 v _273_/A2 (sky130_fd_sc_hd__o211ai_2)
                  0.17    0.24    2.52 ^ _273_/Y (sky130_fd_sc_hd__o211ai_2)
     2    0.01                           _112_ (net)
                  0.17    0.00    2.52 ^ _274_/A2 (sky130_fd_sc_hd__a21o_2)
                  0.05    0.18    2.70 ^ _274_/X (sky130_fd_sc_hd__a21o_2)
     2    0.01                           _113_ (net)
                  0.05    0.00    2.70 ^ _277_/A1 (sky130_fd_sc_hd__a211oi_2)
                  0.05    0.06    2.76 v _277_/Y (sky130_fd_sc_hd__a211oi_2)
     2    0.01                           _116_ (net)
                  0.05    0.00    2.76 v _305_/A2 (sky130_fd_sc_hd__a211o_2)
                  0.06    0.36    3.12 v _305_/X (sky130_fd_sc_hd__a211o_2)
     2    0.01                           _138_ (net)
                  0.06    0.00    3.12 v _345_/A1 (sky130_fd_sc_hd__mux2_2)
                  0.05    0.27    3.40 v _345_/X (sky130_fd_sc_hd__mux2_2)
     1    0.00                           _168_ (net)
                  0.05    0.00    3.40 v _346_/A (sky130_fd_sc_hd__buf_1)
                  0.03    0.09    3.49 v _346_/X (sky130_fd_sc_hd__buf_1)
     1    0.00                           _033_ (net)
                  0.03    0.00    3.49 v _407_/D (sky130_fd_sc_hd__dfrtp_2)
                                  3.49   data arrival time

                  0.15   20.00   20.00   clock clk (rise edge)
                          0.00   20.00   clock network delay (ideal)
                         -0.25   19.75   clock uncertainty
                          0.00   19.75   clock reconvergence pessimism
                                 19.75 ^ _407_/CLK (sky130_fd_sc_hd__dfrtp_2)
                         -0.08   19.67   library setup time
                                 19.67   data required time
-----------------------------------------------------------------------------
                                 19.67   data required time
                                 -3.49   data arrival time
-----------------------------------------------------------------------------
                                 16.18   slack (MET)


Startpoint: _399_ (rising edge-triggered flip-flop clocked by clk)
Endpoint: _422_ (rising edge-triggered flip-flop clocked by clk)
Path Group: clk
Path Type: max

Fanout     Cap    Slew   Delay    Time   Description
-----------------------------------------------------------------------------
                  0.15    0.00    0.00   clock clk (rise edge)
                          0.00    0.00   clock network delay (ideal)
                  0.15    0.00    0.00 ^ _399_/CLK (sky130_fd_sc_hd__dfrtp_2)
                  0.11    0.53    0.53 v _399_/Q (sky130_fd_sc_hd__dfrtp_2)
     9    0.03                           U_PC.pc[1] (net)
                  0.11    0.00    0.53 v _200_/B (sky130_fd_sc_hd__and2b_2)
                  0.05    0.25    0.79 v _200_/X (sky130_fd_sc_hd__and2b_2)
     4    0.01                           _186_ (net)
                  0.05    0.00    0.79 v _202_/B (sky130_fd_sc_hd__or3_2)
                  0.07    0.46    1.25 v _202_/X (sky130_fd_sc_hd__or3_2)
     1    0.00                           _188_ (net)
                  0.07    0.00    1.25 v _203_/A (sky130_fd_sc_hd__buf_1)
                  0.28    0.31    1.55 v _203_/X (sky130_fd_sc_hd__buf_1)
     9    0.05                           _189_ (net)
                  0.28    0.00    1.55 v _235_/A2 (sky130_fd_sc_hd__a221oi_2)
                  0.33    0.48    2.03 ^ _235_/Y (sky130_fd_sc_hd__a221oi_2)
     3    0.01                           _076_ (net)
                  0.33    0.00    2.03 ^ _238_/A3 (sky130_fd_sc_hd__a32oi_2)
                  0.18    0.25    2.28 v _238_/Y (sky130_fd_sc_hd__a32oi_2)
     5    0.02                           _079_ (net)
                  0.18    0.00    2.29 v _243_/A2 (sky130_fd_sc_hd__o211a_2)
                  0.05    0.32    2.60 v _243_/X (sky130_fd_sc_hd__o211a_2)
     2    0.01                           _084_ (net)
                  0.05    0.00    2.60 v _279_/A2 (sky130_fd_sc_hd__o311a_2)
                  0.07    0.40    3.01 v _279_/X (sky130_fd_sc_hd__o311a_2)
     3    0.01                           _117_ (net)
                  0.07    0.00    3.01 v _280_/B (sky130_fd_sc_hd__or2_2)
                  0.05    0.29    3.30 v _280_/X (sky130_fd_sc_hd__or2_2)
     1    0.00                           _118_ (net)
                  0.05    0.00    3.30 v _281_/A (sky130_fd_sc_hd__buf_1)
                  0.03    0.10    3.39 v _281_/X (sky130_fd_sc_hd__buf_1)
     1    0.00                           _048_ (net)
                  0.03    0.00    3.39 v _422_/D (sky130_fd_sc_hd__dfrtp_2)
                                  3.39   data arrival time

                  0.15   20.00   20.00   clock clk (rise edge)
                          0.00   20.00   clock network delay (ideal)
                         -0.25   19.75   clock uncertainty
                          0.00   19.75   clock reconvergence pessimism
                                 19.75 ^ _422_/CLK (sky130_fd_sc_hd__dfrtp_2)
                         -0.08   19.67   library setup time
                                 19.67   data required time
-----------------------------------------------------------------------------
                                 19.67   data required time
                                 -3.39   data arrival time
-----------------------------------------------------------------------------
                                 16.28   slack (MET)


Startpoint: _399_ (rising edge-triggered flip-flop clocked by clk)
Endpoint: _404_ (rising edge-triggered flip-flop clocked by clk)
Path Group: clk
Path Type: max

Fanout     Cap    Slew   Delay    Time   Description
-----------------------------------------------------------------------------
                  0.15    0.00    0.00   clock clk (rise edge)
                          0.00    0.00   clock network delay (ideal)
                  0.15    0.00    0.00 ^ _399_/CLK (sky130_fd_sc_hd__dfrtp_2)
                  0.11    0.53    0.53 v _399_/Q (sky130_fd_sc_hd__dfrtp_2)
     9    0.03                           U_PC.pc[1] (net)
                  0.11    0.00    0.53 v _200_/B (sky130_fd_sc_hd__and2b_2)
                  0.05    0.25    0.79 v _200_/X (sky130_fd_sc_hd__and2b_2)
     4    0.01                           _186_ (net)
                  0.05    0.00    0.79 v _202_/B (sky130_fd_sc_hd__or3_2)
                  0.07    0.46    1.25 v _202_/X (sky130_fd_sc_hd__or3_2)
     1    0.00                           _188_ (net)
                  0.07    0.00    1.25 v _203_/A (sky130_fd_sc_hd__buf_1)
                  0.28    0.31    1.55 v _203_/X (sky130_fd_sc_hd__buf_1)
     9    0.05                           _189_ (net)
                  0.28    0.00    1.55 v _235_/A2 (sky130_fd_sc_hd__a221oi_2)
                  0.33    0.48    2.03 ^ _235_/Y (sky130_fd_sc_hd__a221oi_2)
     3    0.01                           _076_ (net)
                  0.33    0.00    2.03 ^ _238_/A3 (sky130_fd_sc_hd__a32oi_2)
                  0.18    0.25    2.28 v _238_/Y (sky130_fd_sc_hd__a32oi_2)
     5    0.02                           _079_ (net)
                  0.18    0.00    2.28 v _288_/A (sky130_fd_sc_hd__xor2_2)
                  0.07    0.22    2.51 v _288_/X (sky130_fd_sc_hd__xor2_2)
     1    0.00                           _124_ (net)
                  0.07    0.00    2.51 v _291_/A2 (sky130_fd_sc_hd__a211o_2)
                  0.07    0.38    2.89 v _291_/X (sky130_fd_sc_hd__a211o_2)
     3    0.01                           _127_ (net)
                  0.07    0.00    2.89 v _351_/A1 (sky130_fd_sc_hd__mux2_2)
                  0.05    0.28    3.17 v _351_/X (sky130_fd_sc_hd__mux2_2)
     1    0.00                           _171_ (net)
                  0.05    0.00    3.17 v _352_/A (sky130_fd_sc_hd__buf_1)
                  0.02    0.09    3.26 v _352_/X (sky130_fd_sc_hd__buf_1)
     1    0.00                           _030_ (net)
                  0.02    0.00    3.26 v _404_/D (sky130_fd_sc_hd__dfrtp_2)
                                  3.26   data arrival time

                  0.15   20.00   20.00   clock clk (rise edge)
                          0.00   20.00   clock network delay (ideal)
                         -0.25   19.75   clock uncertainty
                          0.00   19.75   clock reconvergence pessimism
                                 19.75 ^ _404_/CLK (sky130_fd_sc_hd__dfrtp_2)
                         -0.08   19.67   library setup time
                                 19.67   data required time
-----------------------------------------------------------------------------
                                 19.67   data required time
                                 -3.26   data arrival time
-----------------------------------------------------------------------------
                                 16.41   slack (MET)


Startpoint: _399_ (rising edge-triggered flip-flop clocked by clk)
Endpoint: _423_ (rising edge-triggered flip-flop clocked by clk)
Path Group: clk
Path Type: max

Fanout     Cap    Slew   Delay    Time   Description
-----------------------------------------------------------------------------
                  0.15    0.00    0.00   clock clk (rise edge)
                          0.00    0.00   clock network delay (ideal)
                  0.15    0.00    0.00 ^ _399_/CLK (sky130_fd_sc_hd__dfrtp_2)
                  0.11    0.53    0.53 v _399_/Q (sky130_fd_sc_hd__dfrtp_2)
     9    0.03                           U_PC.pc[1] (net)
                  0.11    0.00    0.53 v _200_/B (sky130_fd_sc_hd__and2b_2)
                  0.05    0.25    0.79 v _200_/X (sky130_fd_sc_hd__and2b_2)
     4    0.01                           _186_ (net)
                  0.05    0.00    0.79 v _202_/B (sky130_fd_sc_hd__or3_2)
                  0.07    0.46    1.25 v _202_/X (sky130_fd_sc_hd__or3_2)
     1    0.00                           _188_ (net)
                  0.07    0.00    1.25 v _203_/A (sky130_fd_sc_hd__buf_1)
                  0.28    0.31    1.55 v _203_/X (sky130_fd_sc_hd__buf_1)
     9    0.05                           _189_ (net)
                  0.28    0.00    1.55 v _235_/A2 (sky130_fd_sc_hd__a221oi_2)
                  0.33    0.48    2.03 ^ _235_/Y (sky130_fd_sc_hd__a221oi_2)
     3    0.01                           _076_ (net)
                  0.33    0.00    2.03 ^ _238_/A3 (sky130_fd_sc_hd__a32oi_2)
                  0.18    0.25    2.28 v _238_/Y (sky130_fd_sc_hd__a32oi_2)
     5    0.02                           _079_ (net)
                  0.18    0.00    2.29 v _243_/A2 (sky130_fd_sc_hd__o211a_2)
                  0.05    0.32    2.60 v _243_/X (sky130_fd_sc_hd__o211a_2)
     2    0.01                           _084_ (net)
                  0.05    0.00    2.60 v _248_/A2 (sky130_fd_sc_hd__o211a_2)
                  0.06    0.28    2.88 v _248_/X (sky130_fd_sc_hd__o211a_2)
     3    0.01                           _089_ (net)
                  0.06    0.00    2.88 v _277_/B1 (sky130_fd_sc_hd__a211oi_2)
                  0.19    0.23    3.11 ^ _277_/Y (sky130_fd_sc_hd__a211oi_2)
     2    0.01                           _116_ (net)
                  0.19    0.00    3.11 ^ _278_/A2 (sky130_fd_sc_hd__a21o_2)
                  0.03    0.16    3.27 ^ _278_/X (sky130_fd_sc_hd__a21o_2)
     1    0.00                           _049_ (net)
                  0.03    0.00    3.27 ^ _423_/D (sky130_fd_sc_hd__dfrtp_2)
                                  3.27   data arrival time

                  0.15   20.00   20.00   clock clk (rise edge)
                          0.00   20.00   clock network delay (ideal)
                         -0.25   19.75   clock uncertainty
                          0.00   19.75   clock reconvergence pessimism
                                 19.75 ^ _423_/CLK (sky130_fd_sc_hd__dfrtp_2)
                         -0.04   19.71   library setup time
                                 19.71   data required time
-----------------------------------------------------------------------------
                                 19.71   data required time
                                 -3.27   data arrival time
-----------------------------------------------------------------------------
                                 16.44   slack (MET)


Startpoint: _399_ (rising edge-triggered flip-flop clocked by clk)
Endpoint: _420_ (rising edge-triggered flip-flop clocked by clk)
Path Group: clk
Path Type: max

Fanout     Cap    Slew   Delay    Time   Description
-----------------------------------------------------------------------------
                  0.15    0.00    0.00   clock clk (rise edge)
                          0.00    0.00   clock network delay (ideal)
                  0.15    0.00    0.00 ^ _399_/CLK (sky130_fd_sc_hd__dfrtp_2)
                  0.11    0.53    0.53 v _399_/Q (sky130_fd_sc_hd__dfrtp_2)
     9    0.03                           U_PC.pc[1] (net)
                  0.11    0.00    0.53 v _200_/B (sky130_fd_sc_hd__and2b_2)
                  0.05    0.25    0.79 v _200_/X (sky130_fd_sc_hd__and2b_2)
     4    0.01                           _186_ (net)
                  0.05    0.00    0.79 v _202_/B (sky130_fd_sc_hd__or3_2)
                  0.07    0.46    1.25 v _202_/X (sky130_fd_sc_hd__or3_2)
     1    0.00                           _188_ (net)
                  0.07    0.00    1.25 v _203_/A (sky130_fd_sc_hd__buf_1)
                  0.28    0.31    1.55 v _203_/X (sky130_fd_sc_hd__buf_1)
     9    0.05                           _189_ (net)
                  0.28    0.00    1.55 v _235_/A2 (sky130_fd_sc_hd__a221oi_2)
                  0.33    0.48    2.03 ^ _235_/Y (sky130_fd_sc_hd__a221oi_2)
     3    0.01                           _076_ (net)
                  0.33    0.00    2.03 ^ _238_/A3 (sky130_fd_sc_hd__a32oi_2)
                  0.18    0.25    2.28 v _238_/Y (sky130_fd_sc_hd__a32oi_2)
     5    0.02                           _079_ (net)
                  0.18    0.00    2.28 v _288_/A (sky130_fd_sc_hd__xor2_2)
                  0.07    0.22    2.51 v _288_/X (sky130_fd_sc_hd__xor2_2)
     1    0.00                           _124_ (net)
                  0.07    0.00    2.51 v _291_/A2 (sky130_fd_sc_hd__a211o_2)
                  0.07    0.38    2.89 v _291_/X (sky130_fd_sc_hd__a211o_2)
     3    0.01                           _127_ (net)
                  0.07    0.00    2.89 v _292_/A2 (sky130_fd_sc_hd__a21bo_2)
                  0.03    0.23    3.11 v _292_/X (sky130_fd_sc_hd__a21bo_2)
     1    0.00                           _046_ (net)
                  0.03    0.00    3.11 v _420_/D (sky130_fd_sc_hd__dfrtp_2)
                                  3.11   data arrival time

                  0.15   20.00   20.00   clock clk (rise edge)
                          0.00   20.00   clock network delay (ideal)
                         -0.25   19.75   clock uncertainty
                          0.00   19.75   clock reconvergence pessimism
                                 19.75 ^ _420_/CLK (sky130_fd_sc_hd__dfrtp_2)
                         -0.09   19.66   library setup time
                                 19.66   data required time
-----------------------------------------------------------------------------
                                 19.66   data required time
                                 -3.11   data arrival time
-----------------------------------------------------------------------------
                                 16.55   slack (MET)


Startpoint: _399_ (rising edge-triggered flip-flop clocked by clk)
Endpoint: _403_ (rising edge-triggered flip-flop clocked by clk)
Path Group: clk
Path Type: max

Fanout     Cap    Slew   Delay    Time   Description
-----------------------------------------------------------------------------
                  0.15    0.00    0.00   clock clk (rise edge)
                          0.00    0.00   clock network delay (ideal)
                  0.15    0.00    0.00 ^ _399_/CLK (sky130_fd_sc_hd__dfrtp_2)
                  0.11    0.53    0.53 v _399_/Q (sky130_fd_sc_hd__dfrtp_2)
     9    0.03                           U_PC.pc[1] (net)
                  0.11    0.00    0.53 v _200_/B (sky130_fd_sc_hd__and2b_2)
                  0.05    0.25    0.79 v _200_/X (sky130_fd_sc_hd__and2b_2)
     4    0.01                           _186_ (net)
                  0.05    0.00    0.79 v _202_/B (sky130_fd_sc_hd__or3_2)
                  0.07    0.46    1.25 v _202_/X (sky130_fd_sc_hd__or3_2)
     1    0.00                           _188_ (net)
                  0.07    0.00    1.25 v _203_/A (sky130_fd_sc_hd__buf_1)
                  0.28    0.31    1.55 v _203_/X (sky130_fd_sc_hd__buf_1)
     9    0.05                           _189_ (net)
                  0.28    0.00    1.55 v _235_/A2 (sky130_fd_sc_hd__a221oi_2)
                  0.33    0.48    2.03 ^ _235_/Y (sky130_fd_sc_hd__a221oi_2)
     3    0.01                           _076_ (net)
                  0.33    0.00    2.03 ^ _294_/C1 (sky130_fd_sc_hd__a211o_2)
                  0.07    0.19    2.22 ^ _294_/X (sky130_fd_sc_hd__a211o_2)
     2    0.01                           _129_ (net)
                  0.07    0.00    2.22 ^ _296_/A (sky130_fd_sc_hd__nand2_2)
                  0.03    0.04    2.27 v _296_/Y (sky130_fd_sc_hd__nand2_2)
     1    0.00                           _131_ (net)
                  0.03    0.00    2.27 v _299_/A2 (sky130_fd_sc_hd__a21o_2)
                  0.05    0.23    2.50 v _299_/X (sky130_fd_sc_hd__a21o_2)
     3    0.01                           _134_ (net)
                  0.05    0.00    2.50 v _353_/A1 (sky130_fd_sc_hd__mux2_2)
                  0.05    0.27    2.77 v _353_/X (sky130_fd_sc_hd__mux2_2)
     1    0.00                           _172_ (net)
                  0.05    0.00    2.77 v _354_/A (sky130_fd_sc_hd__buf_1)
                  0.02    0.09    2.86 v _354_/X (sky130_fd_sc_hd__buf_1)
     1    0.00                           _029_ (net)
                  0.02    0.00    2.86 v _403_/D (sky130_fd_sc_hd__dfrtp_2)
                                  2.86   data arrival time

                  0.15   20.00   20.00   clock clk (rise edge)
                          0.00   20.00   clock network delay (ideal)
                         -0.25   19.75   clock uncertainty
                          0.00   19.75   clock reconvergence pessimism
                                 19.75 ^ _403_/CLK (sky130_fd_sc_hd__dfrtp_2)
                         -0.08   19.67   library setup time
                                 19.67   data required time
-----------------------------------------------------------------------------
                                 19.67   data required time
                                 -2.86   data arrival time
-----------------------------------------------------------------------------
                                 16.81   slack (MET)


Startpoint: _399_ (rising edge-triggered flip-flop clocked by clk)
Endpoint: _419_ (rising edge-triggered flip-flop clocked by clk)
Path Group: clk
Path Type: max

Fanout     Cap    Slew   Delay    Time   Description
-----------------------------------------------------------------------------
                  0.15    0.00    0.00   clock clk (rise edge)
                          0.00    0.00   clock network delay (ideal)
                  0.15    0.00    0.00 ^ _399_/CLK (sky130_fd_sc_hd__dfrtp_2)
                  0.11    0.53    0.53 v _399_/Q (sky130_fd_sc_hd__dfrtp_2)
     9    0.03                           U_PC.pc[1] (net)
                  0.11    0.00    0.53 v _200_/B (sky130_fd_sc_hd__and2b_2)
                  0.05    0.25    0.79 v _200_/X (sky130_fd_sc_hd__and2b_2)
     4    0.01                           _186_ (net)
                  0.05    0.00    0.79 v _202_/B (sky130_fd_sc_hd__or3_2)
                  0.07    0.46    1.25 v _202_/X (sky130_fd_sc_hd__or3_2)
     1    0.00                           _188_ (net)
                  0.07    0.00    1.25 v _203_/A (sky130_fd_sc_hd__buf_1)
                  0.28    0.31    1.55 v _203_/X (sky130_fd_sc_hd__buf_1)
     9    0.05                           _189_ (net)
                  0.28    0.00    1.55 v _235_/A2 (sky130_fd_sc_hd__a221oi_2)
                  0.33    0.48    2.03 ^ _235_/Y (sky130_fd_sc_hd__a221oi_2)
     3    0.01                           _076_ (net)
                  0.33    0.00    2.03 ^ _294_/C1 (sky130_fd_sc_hd__a211o_2)
                  0.07    0.19    2.22 ^ _294_/X (sky130_fd_sc_hd__a211o_2)
     2    0.01                           _129_ (net)
                  0.07    0.00    2.22 ^ _296_/A (sky130_fd_sc_hd__nand2_2)
                  0.03    0.04    2.27 v _296_/Y (sky130_fd_sc_hd__nand2_2)
     1    0.00                           _131_ (net)
                  0.03    0.00    2.27 v _299_/A2 (sky130_fd_sc_hd__a21o_2)
                  0.05    0.23    2.50 v _299_/X (sky130_fd_sc_hd__a21o_2)
     3    0.01                           _134_ (net)
                  0.05    0.00    2.50 v _300_/A2 (sky130_fd_sc_hd__a21o_2)
                  0.03    0.22    2.71 v _300_/X (sky130_fd_sc_hd__a21o_2)
     1    0.00                           _045_ (net)
                  0.03    0.00    2.71 v _419_/D (sky130_fd_sc_hd__dfrtp_2)
                                  2.71   data arrival time

                  0.15   20.00   20.00   clock clk (rise edge)
                          0.00   20.00   clock network delay (ideal)
                         -0.25   19.75   clock uncertainty
                          0.00   19.75   clock reconvergence pessimism
                                 19.75 ^ _419_/CLK (sky130_fd_sc_hd__dfrtp_2)
                         -0.09   19.66   library setup time
                                 19.66   data required time
-----------------------------------------------------------------------------
                                 19.66   data required time
                                 -2.71   data arrival time
-----------------------------------------------------------------------------
                                 16.95   slack (MET)


Startpoint: _399_ (rising edge-triggered flip-flop clocked by clk)
Endpoint: _402_ (rising edge-triggered flip-flop clocked by clk)
Path Group: clk
Path Type: max

Fanout     Cap    Slew   Delay    Time   Description
-----------------------------------------------------------------------------
                  0.15    0.00    0.00   clock clk (rise edge)
                          0.00    0.00   clock network delay (ideal)
                  0.15    0.00    0.00 ^ _399_/CLK (sky130_fd_sc_hd__dfrtp_2)
                  0.18    0.52    0.52 ^ _399_/Q (sky130_fd_sc_hd__dfrtp_2)
     9    0.04                           U_PC.pc[1] (net)
                  0.18    0.00    0.52 ^ _204_/B_N (sky130_fd_sc_hd__or2b_2)
                  0.06    0.34    0.86 v _204_/X (sky130_fd_sc_hd__or2b_2)
     2    0.00                           _190_ (net)
                  0.06    0.00    0.86 v _205_/A (sky130_fd_sc_hd__buf_1)
                  0.22    0.25    1.11 v _205_/X (sky130_fd_sc_hd__buf_1)
    10    0.04                           _191_ (net)
                  0.22    0.00    1.11 v _224_/A (sky130_fd_sc_hd__and2_2)
                  0.08    0.31    1.42 v _224_/X (sky130_fd_sc_hd__and2_2)
     6    0.02                           _065_ (net)
                  0.08    0.00    1.42 v _307_/A (sky130_fd_sc_hd__buf_1)
                  0.24    0.27    1.70 v _307_/X (sky130_fd_sc_hd__buf_1)
    10    0.04                           _140_ (net)
                  0.24    0.00    1.70 v _340_/B (sky130_fd_sc_hd__nor2_2)
                  0.49    0.49    2.18 ^ _340_/Y (sky130_fd_sc_hd__nor2_2)
    10    0.05                           _165_ (net)
                  0.49    0.00    2.19 ^ _355_/S (sky130_fd_sc_hd__mux2_2)
                  0.05    0.41    2.60 v _355_/X (sky130_fd_sc_hd__mux2_2)
     1    0.00                           _173_ (net)
                  0.05    0.00    2.60 v _356_/A (sky130_fd_sc_hd__buf_1)
                  0.02    0.09    2.69 v _356_/X (sky130_fd_sc_hd__buf_1)
     1    0.00                           _028_ (net)
                  0.02    0.00    2.69 v _402_/D (sky130_fd_sc_hd__dfrtp_2)
                                  2.69   data arrival time

                  0.15   20.00   20.00   clock clk (rise edge)
                          0.00   20.00   clock network delay (ideal)
                         -0.25   19.75   clock uncertainty
                          0.00   19.75   clock reconvergence pessimism
                                 19.75 ^ _402_/CLK (sky130_fd_sc_hd__dfrtp_2)
                         -0.08   19.67   library setup time
                                 19.67   data required time
-----------------------------------------------------------------------------
                                 19.67   data required time
                                 -2.69   data arrival time
-----------------------------------------------------------------------------
                                 16.98   slack (MET)


Startpoint: _399_ (rising edge-triggered flip-flop clocked by clk)
Endpoint: _399_ (rising edge-triggered flip-flop clocked by clk)
Path Group: clk
Path Type: max

Fanout     Cap    Slew   Delay    Time   Description
-----------------------------------------------------------------------------
                  0.15    0.00    0.00   clock clk (rise edge)
                          0.00    0.00   clock network delay (ideal)
                  0.15    0.00    0.00 ^ _399_/CLK (sky130_fd_sc_hd__dfrtp_2)
                  0.18    0.52    0.52 ^ _399_/Q (sky130_fd_sc_hd__dfrtp_2)
     9    0.04                           U_PC.pc[1] (net)
                  0.18    0.00    0.52 ^ _204_/B_N (sky130_fd_sc_hd__or2b_2)
                  0.06    0.34    0.86 v _204_/X (sky130_fd_sc_hd__or2b_2)
     2    0.00                           _190_ (net)
                  0.06    0.00    0.86 v _205_/A (sky130_fd_sc_hd__buf_1)
                  0.22    0.25    1.11 v _205_/X (sky130_fd_sc_hd__buf_1)
    10    0.04                           _191_ (net)
                  0.22    0.00    1.11 v _224_/A (sky130_fd_sc_hd__and2_2)
                  0.08    0.31    1.42 v _224_/X (sky130_fd_sc_hd__and2_2)
     6    0.02                           _065_ (net)
                  0.08    0.00    1.42 v _307_/A (sky130_fd_sc_hd__buf_1)
                  0.24    0.27    1.70 v _307_/X (sky130_fd_sc_hd__buf_1)
    10    0.04                           _140_ (net)
                  0.24    0.00    1.70 v _358_/B1 (sky130_fd_sc_hd__o21a_2)
                  0.04    0.21    1.91 v _358_/X (sky130_fd_sc_hd__o21a_2)
     2    0.00                           _174_ (net)
                  0.04    0.00    1.91 v _360_/B (sky130_fd_sc_hd__or3_2)
                  0.07    0.46    2.37 v _360_/X (sky130_fd_sc_hd__or3_2)
     1    0.00                           _176_ (net)
                  0.07    0.00    2.37 v _361_/A (sky130_fd_sc_hd__buf_1)
                  0.03    0.11    2.47 v _361_/X (sky130_fd_sc_hd__buf_1)
     1    0.00                           U_PC.next_pc[1] (net)
                  0.03    0.00    2.47 v _399_/D (sky130_fd_sc_hd__dfrtp_2)
                                  2.47   data arrival time

                  0.15   20.00   20.00   clock clk (rise edge)
                          0.00   20.00   clock network delay (ideal)
                         -0.25   19.75   clock uncertainty
                          0.00   19.75   clock reconvergence pessimism
                                 19.75 ^ _399_/CLK (sky130_fd_sc_hd__dfrtp_2)
                         -0.08   19.67   library setup time
                                 19.67   data required time
-----------------------------------------------------------------------------
                                 19.67   data required time
                                 -2.47   data arrival time
-----------------------------------------------------------------------------
                                 17.20   slack (MET)


Startpoint: _399_ (rising edge-triggered flip-flop clocked by clk)
Endpoint: _400_ (rising edge-triggered flip-flop clocked by clk)
Path Group: clk
Path Type: max

Fanout     Cap    Slew   Delay    Time   Description
-----------------------------------------------------------------------------
                  0.15    0.00    0.00   clock clk (rise edge)
                          0.00    0.00   clock network delay (ideal)
                  0.15    0.00    0.00 ^ _399_/CLK (sky130_fd_sc_hd__dfrtp_2)
                  0.11    0.53    0.53 v _399_/Q (sky130_fd_sc_hd__dfrtp_2)
     9    0.03                           U_PC.pc[1] (net)
                  0.11    0.00    0.53 v _204_/B_N (sky130_fd_sc_hd__or2b_2)
                  0.04    0.20    0.73 ^ _204_/X (sky130_fd_sc_hd__or2b_2)
     2    0.00                           _190_ (net)
                  0.04    0.00    0.73 ^ _205_/A (sky130_fd_sc_hd__buf_1)
                  0.45    0.38    1.11 ^ _205_/X (sky130_fd_sc_hd__buf_1)
    10    0.04                           _191_ (net)
                  0.45    0.00    1.11 ^ _224_/A (sky130_fd_sc_hd__and2_2)
                  0.14    0.33    1.44 ^ _224_/X (sky130_fd_sc_hd__and2_2)
     6    0.02                           _065_ (net)
                  0.14    0.00    1.44 ^ _307_/A (sky130_fd_sc_hd__buf_1)
                  0.50    0.44    1.89 ^ _307_/X (sky130_fd_sc_hd__buf_1)
    10    0.04                           _140_ (net)
                  0.50    0.00    1.89 ^ _358_/B1 (sky130_fd_sc_hd__o21a_2)
                  0.05    0.24    2.13 ^ _358_/X (sky130_fd_sc_hd__o21a_2)
     2    0.01                           _174_ (net)
                  0.05    0.00    2.13 ^ _364_/B2 (sky130_fd_sc_hd__o2bb2a_2)
                  0.04    0.15    2.28 ^ _364_/X (sky130_fd_sc_hd__o2bb2a_2)
     1    0.00                           U_PC.next_pc[2] (net)
                  0.04    0.00    2.28 ^ _400_/D (sky130_fd_sc_hd__dfrtp_2)
                                  2.28   data arrival time

                  0.15   20.00   20.00   clock clk (rise edge)
                          0.00   20.00   clock network delay (ideal)
                         -0.25   19.75   clock uncertainty
                          0.00   19.75   clock reconvergence pessimism
                                 19.75 ^ _400_/CLK (sky130_fd_sc_hd__dfrtp_2)
                         -0.05   19.70   library setup time
                                 19.70   data required time
-----------------------------------------------------------------------------
                                 19.70   data required time
                                 -2.28   data arrival time
-----------------------------------------------------------------------------
                                 17.43   slack (MET)


Startpoint: _399_ (rising edge-triggered flip-flop clocked by clk)
Endpoint: _412_ (rising edge-triggered flip-flop clocked by clk)
Path Group: clk
Path Type: max

Fanout     Cap    Slew   Delay    Time   Description
-----------------------------------------------------------------------------
                  0.15    0.00    0.00   clock clk (rise edge)
                          0.00    0.00   clock network delay (ideal)
                  0.15    0.00    0.00 ^ _399_/CLK (sky130_fd_sc_hd__dfrtp_2)
                  0.11    0.53    0.53 v _399_/Q (sky130_fd_sc_hd__dfrtp_2)
     9    0.03                           U_PC.pc[1] (net)
                  0.11    0.00    0.53 v _204_/B_N (sky130_fd_sc_hd__or2b_2)
                  0.04    0.20    0.73 ^ _204_/X (sky130_fd_sc_hd__or2b_2)
     2    0.00                           _190_ (net)
                  0.04    0.00    0.73 ^ _205_/A (sky130_fd_sc_hd__buf_1)
                  0.45    0.38    1.11 ^ _205_/X (sky130_fd_sc_hd__buf_1)
    10    0.04                           _191_ (net)
                  0.45    0.00    1.11 ^ _224_/A (sky130_fd_sc_hd__and2_2)
                  0.14    0.33    1.44 ^ _224_/X (sky130_fd_sc_hd__and2_2)
     6    0.02                           _065_ (net)
                  0.14    0.00    1.44 ^ _307_/A (sky130_fd_sc_hd__buf_1)
                  0.50    0.44    1.89 ^ _307_/X (sky130_fd_sc_hd__buf_1)
    10    0.04                           _140_ (net)
                  0.50    0.00    1.89 ^ _336_/A2 (sky130_fd_sc_hd__a21o_2)
                  0.04    0.21    2.10 ^ _336_/X (sky130_fd_sc_hd__a21o_2)
     1    0.00                           _038_ (net)
                  0.04    0.00    2.10 ^ _412_/D (sky130_fd_sc_hd__dfrtp_2)
                                  2.10   data arrival time

                  0.15   20.00   20.00   clock clk (rise edge)
                          0.00   20.00   clock network delay (ideal)
                         -0.25   19.75   clock uncertainty
                          0.00   19.75   clock reconvergence pessimism
                                 19.75 ^ _412_/CLK (sky130_fd_sc_hd__dfrtp_2)
                         -0.05   19.70   library setup time
                                 19.70   data required time
-----------------------------------------------------------------------------
                                 19.70   data required time
                                 -2.10   data arrival time
-----------------------------------------------------------------------------
                                 17.60   slack (MET)


Startpoint: _401_ (rising edge-triggered flip-flop clocked by clk)
Endpoint: _418_ (rising edge-triggered flip-flop clocked by clk)
Path Group: clk
Path Type: max

Fanout     Cap    Slew   Delay    Time   Description
-----------------------------------------------------------------------------
                  0.15    0.00    0.00   clock clk (rise edge)
                          0.00    0.00   clock network delay (ideal)
                  0.15    0.00    0.00 ^ _401_/CLK (sky130_fd_sc_hd__dfrtp_2)
                  0.09    0.50    0.50 v _401_/Q (sky130_fd_sc_hd__dfrtp_2)
     8    0.02                           U_PC.pc[3] (net)
                  0.09    0.00    0.50 v _232_/A (sky130_fd_sc_hd__nor3_2)
                  0.71    0.65    1.16 ^ _232_/Y (sky130_fd_sc_hd__nor3_2)
     9    0.04                           _073_ (net)
                  0.71    0.00    1.16 ^ _265_/B (sky130_fd_sc_hd__and2_2)
                  0.05    0.26    1.42 ^ _265_/X (sky130_fd_sc_hd__and2_2)
     1    0.00                           _106_ (net)
                  0.05    0.00    1.42 ^ _266_/A (sky130_fd_sc_hd__buf_1)
                  0.43    0.37    1.78 ^ _266_/X (sky130_fd_sc_hd__buf_1)
     9    0.04                           _107_ (net)
                  0.43    0.00    1.78 ^ _301_/A2 (sky130_fd_sc_hd__a21oi_2)
                  0.07    0.10    1.89 v _301_/Y (sky130_fd_sc_hd__a21oi_2)
     1    0.00                           _044_ (net)
                  0.07    0.00    1.89 v _418_/D (sky130_fd_sc_hd__dfrtp_2)
                                  1.89   data arrival time

                  0.15   20.00   20.00   clock clk (rise edge)
                          0.00   20.00   clock network delay (ideal)
                         -0.25   19.75   clock uncertainty
                          0.00   19.75   clock reconvergence pessimism
                                 19.75 ^ _418_/CLK (sky130_fd_sc_hd__dfrtp_2)
                         -0.10   19.65   library setup time
                                 19.65   data required time
-----------------------------------------------------------------------------
                                 19.65   data required time
                                 -1.89   data arrival time
-----------------------------------------------------------------------------
                                 17.76   slack (MET)


Startpoint: _399_ (rising edge-triggered flip-flop clocked by clk)
Endpoint: _411_ (rising edge-triggered flip-flop clocked by clk)
Path Group: clk
Path Type: max

Fanout     Cap    Slew   Delay    Time   Description
-----------------------------------------------------------------------------
                  0.15    0.00    0.00   clock clk (rise edge)
                          0.00    0.00   clock network delay (ideal)
                  0.15    0.00    0.00 ^ _399_/CLK (sky130_fd_sc_hd__dfrtp_2)
                  0.18    0.52    0.52 ^ _399_/Q (sky130_fd_sc_hd__dfrtp_2)
     9    0.04                           U_PC.pc[1] (net)
                  0.18    0.00    0.52 ^ _204_/B_N (sky130_fd_sc_hd__or2b_2)
                  0.06    0.34    0.86 v _204_/X (sky130_fd_sc_hd__or2b_2)
     2    0.00                           _190_ (net)
                  0.06    0.00    0.86 v _205_/A (sky130_fd_sc_hd__buf_1)
                  0.22    0.25    1.11 v _205_/X (sky130_fd_sc_hd__buf_1)
    10    0.04                           _191_ (net)
                  0.22    0.00    1.11 v _337_/B (sky130_fd_sc_hd__and3_2)
                  0.04    0.28    1.39 v _337_/X (sky130_fd_sc_hd__and3_2)
     1    0.00                           _164_ (net)
                  0.04    0.00    1.39 v _338_/A (sky130_fd_sc_hd__buf_1)
                  0.02    0.09    1.48 v _338_/X (sky130_fd_sc_hd__buf_1)
     1    0.00                           _037_ (net)
                  0.02    0.00    1.48 v _411_/D (sky130_fd_sc_hd__dfrtp_2)
                                  1.48   data arrival time

                  0.15   20.00   20.00   clock clk (rise edge)
                          0.00   20.00   clock network delay (ideal)
                         -0.25   19.75   clock uncertainty
                          0.00   19.75   clock reconvergence pessimism
                                 19.75 ^ _411_/CLK (sky130_fd_sc_hd__dfrtp_2)
                         -0.08   19.67   library setup time
                                 19.67   data required time
-----------------------------------------------------------------------------
                                 19.67   data required time
                                 -1.48   data arrival time
-----------------------------------------------------------------------------
                                 18.19   slack (MET)


Startpoint: _399_ (rising edge-triggered flip-flop clocked by clk)
Endpoint: _413_ (rising edge-triggered flip-flop clocked by clk)
Path Group: clk
Path Type: max

Fanout     Cap    Slew   Delay    Time   Description
-----------------------------------------------------------------------------
                  0.15    0.00    0.00   clock clk (rise edge)
                          0.00    0.00   clock network delay (ideal)
                  0.15    0.00    0.00 ^ _399_/CLK (sky130_fd_sc_hd__dfrtp_2)
                  0.18    0.52    0.52 ^ _399_/Q (sky130_fd_sc_hd__dfrtp_2)
     9    0.04                           U_PC.pc[1] (net)
                  0.18    0.00    0.52 ^ _204_/B_N (sky130_fd_sc_hd__or2b_2)
                  0.06    0.34    0.86 v _204_/X (sky130_fd_sc_hd__or2b_2)
     2    0.00                           _190_ (net)
                  0.06    0.00    0.86 v _205_/A (sky130_fd_sc_hd__buf_1)
                  0.22    0.25    1.11 v _205_/X (sky130_fd_sc_hd__buf_1)
    10    0.04                           _191_ (net)
                  0.22    0.00    1.11 v _334_/B (sky130_fd_sc_hd__and3_2)
                  0.04    0.28    1.39 v _334_/X (sky130_fd_sc_hd__and3_2)
     1    0.00                           _163_ (net)
                  0.04    0.00    1.39 v _335_/A (sky130_fd_sc_hd__buf_1)
                  0.03    0.09    1.48 v _335_/X (sky130_fd_sc_hd__buf_1)
     1    0.00                           _039_ (net)
                  0.03    0.00    1.48 v _413_/D (sky130_fd_sc_hd__dfrtp_2)
                                  1.48   data arrival time

                  0.15   20.00   20.00   clock clk (rise edge)
                          0.00   20.00   clock network delay (ideal)
                         -0.25   19.75   clock uncertainty
                          0.00   19.75   clock reconvergence pessimism
                                 19.75 ^ _413_/CLK (sky130_fd_sc_hd__dfrtp_2)
                         -0.08   19.67   library setup time
                                 19.67   data required time
-----------------------------------------------------------------------------
                                 19.67   data required time
                                 -1.48   data arrival time
-----------------------------------------------------------------------------
                                 18.19   slack (MET)


Startpoint: _399_ (rising edge-triggered flip-flop clocked by clk)
Endpoint: _410_ (rising edge-triggered flip-flop clocked by clk)
Path Group: clk
Path Type: max

Fanout     Cap    Slew   Delay    Time   Description
-----------------------------------------------------------------------------
                  0.15    0.00    0.00   clock clk (rise edge)
                          0.00    0.00   clock network delay (ideal)
                  0.15    0.00    0.00 ^ _399_/CLK (sky130_fd_sc_hd__dfrtp_2)
                  0.18    0.52    0.52 ^ _399_/Q (sky130_fd_sc_hd__dfrtp_2)
     9    0.04                           U_PC.pc[1] (net)
                  0.18    0.00    0.52 ^ _204_/B_N (sky130_fd_sc_hd__or2b_2)
                  0.06    0.34    0.86 v _204_/X (sky130_fd_sc_hd__or2b_2)
     2    0.00                           _190_ (net)
                  0.06    0.00    0.86 v _205_/A (sky130_fd_sc_hd__buf_1)
                  0.22    0.25    1.11 v _205_/X (sky130_fd_sc_hd__buf_1)
    10    0.04                           _191_ (net)
                  0.22    0.00    1.11 v _339_/A2 (sky130_fd_sc_hd__a31o_2)
                  0.04    0.31    1.42 v _339_/X (sky130_fd_sc_hd__a31o_2)
     1    0.00                           _036_ (net)
                  0.04    0.00    1.42 v _410_/D (sky130_fd_sc_hd__dfrtp_2)
                                  1.42   data arrival time

                  0.15   20.00   20.00   clock clk (rise edge)
                          0.00   20.00   clock network delay (ideal)
                         -0.25   19.75   clock uncertainty
                          0.00   19.75   clock reconvergence pessimism
                                 19.75 ^ _410_/CLK (sky130_fd_sc_hd__dfrtp_2)
                         -0.09   19.66   library setup time
                                 19.66   data required time
-----------------------------------------------------------------------------
                                 19.66   data required time
                                 -1.42   data arrival time
-----------------------------------------------------------------------------
                                 18.24   slack (MET)


Startpoint: _401_ (rising edge-triggered flip-flop clocked by clk)
Endpoint: _398_ (rising edge-triggered flip-flop clocked by clk)
Path Group: clk
Path Type: max

Fanout     Cap    Slew   Delay    Time   Description
-----------------------------------------------------------------------------
                  0.15    0.00    0.00   clock clk (rise edge)
                          0.00    0.00   clock network delay (ideal)
                  0.15    0.00    0.00 ^ _401_/CLK (sky130_fd_sc_hd__dfrtp_2)
                  0.09    0.50    0.50 v _401_/Q (sky130_fd_sc_hd__dfrtp_2)
     8    0.02                           U_PC.pc[3] (net)
                  0.09    0.00    0.50 v _206_/A_N (sky130_fd_sc_hd__and2b_2)
                  0.06    0.26    0.76 ^ _206_/X (sky130_fd_sc_hd__and2b_2)
     4    0.01                           _192_ (net)
                  0.06    0.00    0.76 ^ _207_/A (sky130_fd_sc_hd__buf_1)
                  0.48    0.41    1.17 ^ _207_/X (sky130_fd_sc_hd__buf_1)
    10    0.04                           _193_ (net)
                  0.48    0.00    1.17 ^ _357_/A2 (sky130_fd_sc_hd__a21bo_2)
                  0.04    0.22    1.38 ^ _357_/X (sky130_fd_sc_hd__a21bo_2)
     1    0.00                           U_PC.next_pc[0] (net)
                  0.04    0.00    1.38 ^ _398_/D (sky130_fd_sc_hd__dfrtp_2)
                                  1.38   data arrival time

                  0.15   20.00   20.00   clock clk (rise edge)
                          0.00   20.00   clock network delay (ideal)
                         -0.25   19.75   clock uncertainty
                          0.00   19.75   clock reconvergence pessimism
                                 19.75 ^ _398_/CLK (sky130_fd_sc_hd__dfrtp_2)
                         -0.05   19.70   library setup time
                                 19.70   data required time
-----------------------------------------------------------------------------
                                 19.70   data required time
                                 -1.38   data arrival time
-----------------------------------------------------------------------------
                                 18.32   slack (MET)


Startpoint: _399_ (rising edge-triggered flip-flop clocked by clk)
Endpoint: _401_ (rising edge-triggered flip-flop clocked by clk)
Path Group: clk
Path Type: max

Fanout     Cap    Slew   Delay    Time   Description
-----------------------------------------------------------------------------
                  0.15    0.00    0.00   clock clk (rise edge)
                          0.00    0.00   clock network delay (ideal)
                  0.15    0.00    0.00 ^ _399_/CLK (sky130_fd_sc_hd__dfrtp_2)
                  0.18    0.52    0.52 ^ _399_/Q (sky130_fd_sc_hd__dfrtp_2)
     9    0.04                           U_PC.pc[1] (net)
                  0.18    0.00    0.52 ^ _362_/B (sky130_fd_sc_hd__nand2_2)
                  0.07    0.11    0.63 v _362_/Y (sky130_fd_sc_hd__nand2_2)
     2    0.01                           _177_ (net)
                  0.07    0.00    0.63 v _366_/A2 (sky130_fd_sc_hd__o21a_2)
                  0.03    0.20    0.83 v _366_/X (sky130_fd_sc_hd__o21a_2)
     1    0.00                           U_PC.next_pc[3] (net)
                  0.03    0.00    0.83 v _401_/D (sky130_fd_sc_hd__dfrtp_2)
                                  0.83   data arrival time

                  0.15   20.00   20.00   clock clk (rise edge)
                          0.00   20.00   clock network delay (ideal)
                         -0.25   19.75   clock uncertainty
                          0.00   19.75   clock reconvergence pessimism
                                 19.75 ^ _401_/CLK (sky130_fd_sc_hd__dfrtp_2)
                         -0.09   19.66   library setup time
                                 19.66   data required time
-----------------------------------------------------------------------------
                                 19.66   data required time
                                 -0.83   data arrival time
-----------------------------------------------------------------------------
                                 18.83   slack (MET)



max_report_end
checks_report

===========================================================================
report_checks -unconstrained
===========================================================================
======================= Typical Corner ===================================

Startpoint: rst (input port clocked by clk)
Endpoint: _405_ (recovery check against rising-edge clock clk)
Path Group: asynchronous
Path Type: max

Fanout     Cap    Slew   Delay    Time   Description
-----------------------------------------------------------------------------
                  0.15    0.00    0.00   clock clk (rise edge)
                          0.00    0.00   clock network delay (ideal)
                          4.00    4.00 v input external delay
                  0.03    0.02    4.02 v rst (in)
     1    0.01                           rst (net)
                  0.03    0.00    4.02 v _367_/A (sky130_fd_sc_hd__buf_1)
                  0.29    0.29    4.31 v _367_/X (sky130_fd_sc_hd__buf_1)
    10    0.05                           _180_ (net)
                  0.29    0.00    4.31 v _368_/A (sky130_fd_sc_hd__buf_1)
                  0.34    0.43    4.74 v _368_/X (sky130_fd_sc_hd__buf_1)
    10    0.06                           _181_ (net)
                  0.34    0.00    4.75 v _376_/A (sky130_fd_sc_hd__inv_2)
                  0.08    0.13    4.87 ^ _376_/Y (sky130_fd_sc_hd__inv_2)
     1    0.00                           _007_ (net)
                  0.08    0.00    4.87 ^ _405_/RESET_B (sky130_fd_sc_hd__dfrtp_2)
                                  4.87   data arrival time

                  0.15   20.00   20.00   clock clk (rise edge)
                          0.00   20.00   clock network delay (ideal)
                         -0.25   19.75   clock uncertainty
                          0.00   19.75   clock reconvergence pessimism
                                 19.75 ^ _405_/CLK (sky130_fd_sc_hd__dfrtp_2)
                          0.24   19.99   library recovery time
                                 19.99   data required time
-----------------------------------------------------------------------------
                                 19.99   data required time
                                 -4.87   data arrival time
-----------------------------------------------------------------------------
                                 15.12   slack (MET)


Startpoint: _399_ (rising edge-triggered flip-flop clocked by clk)
Endpoint: _417_ (rising edge-triggered flip-flop clocked by clk)
Path Group: clk
Path Type: max

Fanout     Cap    Slew   Delay    Time   Description
-----------------------------------------------------------------------------
                  0.15    0.00    0.00   clock clk (rise edge)
                          0.00    0.00   clock network delay (ideal)
                  0.15    0.00    0.00 ^ _399_/CLK (sky130_fd_sc_hd__dfrtp_2)
                  0.11    0.53    0.53 v _399_/Q (sky130_fd_sc_hd__dfrtp_2)
     9    0.03                           U_PC.pc[1] (net)
                  0.11    0.00    0.53 v _200_/B (sky130_fd_sc_hd__and2b_2)
                  0.05    0.25    0.79 v _200_/X (sky130_fd_sc_hd__and2b_2)
     4    0.01                           _186_ (net)
                  0.05    0.00    0.79 v _202_/B (sky130_fd_sc_hd__or3_2)
                  0.07    0.46    1.25 v _202_/X (sky130_fd_sc_hd__or3_2)
     1    0.00                           _188_ (net)
                  0.07    0.00    1.25 v _203_/A (sky130_fd_sc_hd__buf_1)
                  0.28    0.31    1.55 v _203_/X (sky130_fd_sc_hd__buf_1)
     9    0.05                           _189_ (net)
                  0.28    0.00    1.55 v _235_/A2 (sky130_fd_sc_hd__a221oi_2)
                  0.33    0.48    2.03 ^ _235_/Y (sky130_fd_sc_hd__a221oi_2)
     3    0.01                           _076_ (net)
                  0.33    0.00    2.03 ^ _238_/A3 (sky130_fd_sc_hd__a32oi_2)
                  0.18    0.25    2.28 v _238_/Y (sky130_fd_sc_hd__a32oi_2)
     5    0.02                           _079_ (net)
                  0.18    0.00    2.28 v _288_/A (sky130_fd_sc_hd__xor2_2)
                  0.07    0.22    2.51 v _288_/X (sky130_fd_sc_hd__xor2_2)
     1    0.00                           _124_ (net)
                  0.07    0.00    2.51 v _291_/A2 (sky130_fd_sc_hd__a211o_2)
                  0.07    0.38    2.89 v _291_/X (sky130_fd_sc_hd__a211o_2)
     3    0.01                           _127_ (net)
                  0.07    0.00    2.89 v _310_/B (sky130_fd_sc_hd__or4_2)
                  0.10    0.67    3.56 v _310_/X (sky130_fd_sc_hd__or4_2)
     1    0.00                           _143_ (net)
                  0.10    0.00    3.56 v _311_/D (sky130_fd_sc_hd__or4_2)
                  0.10    0.58    4.14 v _311_/X (sky130_fd_sc_hd__or4_2)
     1    0.00                           _144_ (net)
                  0.10    0.00    4.14 v _312_/D (sky130_fd_sc_hd__or4_2)
                  0.12    0.62    4.76 v _312_/X (sky130_fd_sc_hd__or4_2)
     1    0.01                           _145_ (net)
                  0.12    0.00    4.76 v _314_/A4 (sky130_fd_sc_hd__o41ai_2)
                  0.23    0.23    4.99 ^ _314_/Y (sky130_fd_sc_hd__o41ai_2)
     1    0.00                           _043_ (net)
                  0.23    0.00    4.99 ^ _417_/D (sky130_fd_sc_hd__dfrtp_2)
                                  4.99   data arrival time

                  0.15   20.00   20.00   clock clk (rise edge)
                          0.00   20.00   clock network delay (ideal)
                         -0.25   19.75   clock uncertainty
                          0.00   19.75   clock reconvergence pessimism
                                 19.75 ^ _417_/CLK (sky130_fd_sc_hd__dfrtp_2)
                         -0.09   19.66   library setup time
                                 19.66   data required time
-----------------------------------------------------------------------------
                                 19.66   data required time
                                 -4.99   data arrival time
-----------------------------------------------------------------------------
                                 14.67   slack (MET)




===========================================================================
report_checks --slack_max -0.01
============================================================================
======================= Typical Corner ===================================

No paths found.


===========================================================================
 report_check_types -max_slew -max_cap -max_fanout -violators
============================================================================
======================= Typical Corner ===================================



===========================================================================
report_parasitic_annotation -report_unannotated
============================================================================
Found 235 unannotated drivers.
 clk
 rst
 _197_/X
 _198_/X
 _199_/X
 _200_/X
 _201_/X
 _202_/X
 _203_/X
 _204_/X
 _205_/X
 _206_/X
 _207_/X
 _208_/X
 _209_/Y
 _210_/X
 _211_/X
 _212_/X
 _213_/Y
 _214_/X
 _215_/Y
 _216_/Y
 _217_/Y
 _218_/X
 _219_/X
 _220_/Y
 _221_/X
 _222_/Y
 _223_/Y
 _224_/X
 _225_/Y
 _226_/Y
 _227_/X
 _228_/X
 _229_/X
 _230_/Y
 _231_/Y
 _232_/Y
 _233_/Y
 _234_/Y
 _235_/Y
 _236_/Y
 _237_/X
 _238_/Y
 _239_/Y
 _240_/X
 _241_/X
 _242_/Y
 _243_/X
 _244_/X
 _245_/X
 _246_/X
 _247_/Y
 _248_/X
 _249_/X
 _250_/Y
 _251_/X
 _252_/X
 _253_/Y
 _254_/Y
 _255_/Y
 _256_/X
 _257_/X
 _258_/Y
 _259_/X
 _260_/X
 _261_/X
 _262_/Y
 _263_/X
 _264_/Y
 _265_/X
 _266_/X
 _267_/X
 _268_/X
 _269_/X
 _270_/X
 _271_/X
 _272_/X
 _273_/Y
 _274_/X
 _275_/Y
 _276_/Y
 _277_/Y
 _278_/X
 _279_/X
 _280_/X
 _281_/X
 _282_/Y
 _283_/X
 _284_/X
 _285_/X
 _286_/X
 _287_/Y
 _288_/X
 _289_/Y
 _290_/X
 _291_/X
 _292_/X
 _293_/X
 _294_/X
 _295_/Y
 _296_/Y
 _297_/X
 _298_/X
 _299_/X
 _300_/X
 _301_/Y
 _302_/Y
 _303_/X
 _304_/X
 _305_/X
 _306_/X
 _307_/X
 _308_/X
 _309_/X
 _310_/X
 _311_/X
 _312_/X
 _313_/Y
 _314_/Y
 _315_/Y
 _316_/X
 _317_/X
 _318_/Y
 _319_/X
 _320_/Y
 _321_/X
 _322_/X
 _323_/X
 _324_/X
 _325_/Y
 _326_/X
 _327_/X
 _328_/Y
 _329_/X
 _330_/Y
 _331_/X
 _332_/X
 _333_/X
 _334_/X
 _335_/X
 _336_/X
 _337_/X
 _338_/X
 _339_/X
 _340_/Y
 _341_/X
 _342_/X
 _343_/X
 _344_/X
 _345_/X
 _346_/X
 _347_/X
 _348_/X
 _349_/X
 _350_/X
 _351_/X
 _352_/X
 _353_/X
 _354_/X
 _355_/X
 _356_/X
 _357_/X
 _358_/X
 _359_/X
 _360_/X
 _361_/X
 _362_/Y
 _363_/Y
 _364_/X
 _365_/Y
 _366_/X
 _367_/X
 _368_/X
 _369_/Y
 _370_/Y
 _371_/Y
 _372_/Y
 _373_/Y
 _374_/Y
 _375_/Y
 _376_/Y
 _377_/Y
 _378_/Y
 _379_/X
 _380_/Y
 _381_/Y
 _382_/Y
 _383_/Y
 _384_/Y
 _385_/Y
 _386_/Y
 _387_/Y
 _388_/Y
 _389_/Y
 _390_/Y
 _391_/Y
 _392_/Y
 _393_/Y
 _394_/Y
 _395_/Y
 _396_/Y
 _397_/Y
 _398_/Q
 _399_/Q
 _400_/Q
 _401_/Q
 _402_/Q
 _403_/Q
 _404_/Q
 _405_/Q
 _406_/Q
 _407_/Q
 _408_/Q
 _409_/Q
 _410_/Q
 _411_/Q
 _412_/Q
 _413_/Q
 _414_/Q
 _415_/Q
 _416_/Q
 _417_/Q
 _418_/Q
 _419_/Q
 _420_/Q
 _421_/Q
 _422_/Q
 _423_/Q
 _424_/Q
 _425_/Q
 _426_/HI
 _426_/LO
 _427_/X
 _428_/X
Found 0 partially unannotated drivers.

===========================================================================
max slew violation count 0
max fanout violation count 0
max cap violation count 0
============================================================================

===========================================================================
check_setup -verbose -unconstrained_endpoints -multiple_clock -no_clock -no_input_delay -loops -generated_clocks
===========================================================================
Warning: There is 1 unconstrained endpoint.
  last_opcode_out[5]
checks_report_end
power_report

===========================================================================
 report_power
============================================================================
======================= Typical Corner ===================================

Group                  Internal  Switching    Leakage      Total
                          Power      Power      Power      Power (Watts)
----------------------------------------------------------------
Sequential             6.83e-05   1.23e-04   2.98e-10   1.92e-04  31.2%
Combinational          2.25e-04   1.98e-04   1.57e-09   4.22e-04  68.8%
Macro                  0.00e+00   0.00e+00   0.00e+00   0.00e+00   0.0%
Pad                    0.00e+00   0.00e+00   0.00e+00   0.00e+00   0.0%
----------------------------------------------------------------
Total                  2.93e-04   3.21e-04   1.86e-09   6.14e-04 100.0%
                          47.7%      52.3%       0.0%

power_report_end
skew_report

===========================================================================
report_clock_skew
============================================================================
Clock clk
Latency      CRPR       Skew
_398_/CLK ^
   0.17
_398_/CLK ^
   0.16      0.00       0.02

skew_report_end
summary_report

===========================================================================
report_tns
============================================================================
tns 0.00

===========================================================================
report_wns
============================================================================
wns 0.00

===========================================================================
report_worst_slack -max (Setup)
============================================================================
worst slack 14.67

===========================================================================
report_worst_slack -min (Hold)
============================================================================
worst slack 0.33
summary_report_end
area_report

===========================================================================
report_design_area
============================================================================
Design area 4868 u^2 3% utilization.
area_report_end
[WARNING] Did not save OpenROAD database!
Writing SDF to '/home/zerotoasic/Documents/proyecto3/arqui-comp-proyecto-3/runs/computer_final/results/signoff/computer.sdf'…
