OpenROAD 41a51eaf4ca2171c92ff38afb91eb37bbd3f36da 
This program is licensed under the BSD-3 license. See the LICENSE file for details.
Components of this program may be licensed under more restrictive licenses which must be honored.
[INFO]: Reading ODB at '/home/zerotoasic/Documents/proyecto3/arqui-comp-proyecto-3/runs/computer_final/tmp/15-computer.odb'…
define_corners Typical
read_liberty -corner Typical /home/zerotoasic/asic_tools/pdk/sky130A/libs.ref/sky130_fd_sc_hd/lib/sky130_fd_sc_hd__tt_025C_1v80.lib
Using 1e-12 for capacitance...
Using 1e+03 for resistance...
Using 1e-09 for time...
Using 1e+00 for voltage...
Using 1e-03 for current...
Using 1e-09 for power...
Using 1e-06 for distance...
Reading design constraints file at '/home/zerotoasic/Documents/proyecto3/arqui-comp-proyecto-3/runs/computer_final/tmp/15-computer.sdc'…
[INFO]: Setting RC values...
[WARNING GRT-0026] Missing route to pin _240_/A3.
[WARNING GRT-0026] Missing route to pin _240_/B1.
[WARNING GRT-0026] Missing route to pin output2/A.
min_report

===========================================================================
report_checks -path_delay min (Hold)
============================================================================
======================= Typical Corner ===================================

Startpoint: _408_ (rising edge-triggered flip-flop clocked by clk)
Endpoint: _408_ (rising edge-triggered flip-flop clocked by clk)
Path Group: clk
Path Type: min

Fanout     Cap    Slew   Delay    Time   Description
-----------------------------------------------------------------------------
                          0.00    0.00   clock clk (rise edge)
                          0.00    0.00   clock source latency
                  0.20    0.14    0.14 ^ clk (in)
     1    0.04                           clk (net)
                  0.20    0.00    0.14 ^ clkbuf_0_clk/A (sky130_fd_sc_hd__clkbuf_16)
                  0.04    0.16    0.30 ^ clkbuf_0_clk/X (sky130_fd_sc_hd__clkbuf_16)
     2    0.02                           clknet_0_clk (net)
                  0.04    0.00    0.30 ^ clkbuf_1_0__f_clk/A (sky130_fd_sc_hd__clkbuf_16)
                  0.05    0.12    0.42 ^ clkbuf_1_0__f_clk/X (sky130_fd_sc_hd__clkbuf_16)
    14    0.03                           clknet_1_0__leaf_clk (net)
                  0.05    0.00    0.42 ^ _408_/CLK (sky130_fd_sc_hd__dfrtp_4)
                  0.06    0.38    0.80 ^ _408_/Q (sky130_fd_sc_hd__dfrtp_4)
     3    0.01                           net8 (net)
                  0.06    0.00    0.80 ^ _344_/A1 (sky130_fd_sc_hd__o21a_1)
                  0.04    0.11    0.91 ^ _344_/X (sky130_fd_sc_hd__o21a_1)
     1    0.00                           _034_ (net)
                  0.04    0.00    0.91 ^ _408_/D (sky130_fd_sc_hd__dfrtp_4)
                                  0.91   data arrival time

                          0.00    0.00   clock clk (rise edge)
                          0.00    0.00   clock source latency
                  0.20    0.15    0.15 ^ clk (in)
     1    0.04                           clk (net)
                  0.20    0.00    0.15 ^ clkbuf_0_clk/A (sky130_fd_sc_hd__clkbuf_16)
                  0.04    0.18    0.33 ^ clkbuf_0_clk/X (sky130_fd_sc_hd__clkbuf_16)
     2    0.02                           clknet_0_clk (net)
                  0.04    0.00    0.33 ^ clkbuf_1_0__f_clk/A (sky130_fd_sc_hd__clkbuf_16)
                  0.05    0.14    0.47 ^ clkbuf_1_0__f_clk/X (sky130_fd_sc_hd__clkbuf_16)
    14    0.03                           clknet_1_0__leaf_clk (net)
                  0.05    0.00    0.47 ^ _408_/CLK (sky130_fd_sc_hd__dfrtp_4)
                          0.25    0.72   clock uncertainty
                         -0.04    0.67   clock reconvergence pessimism
                         -0.03    0.64   library hold time
                                  0.64   data required time
-----------------------------------------------------------------------------
                                  0.64   data required time
                                 -0.91   data arrival time
-----------------------------------------------------------------------------
                                  0.27   slack (MET)


Startpoint: _399_ (rising edge-triggered flip-flop clocked by clk)
Endpoint: _398_ (rising edge-triggered flip-flop clocked by clk)
Path Group: clk
Path Type: min

Fanout     Cap    Slew   Delay    Time   Description
-----------------------------------------------------------------------------
                          0.00    0.00   clock clk (rise edge)
                          0.00    0.00   clock source latency
                  0.20    0.14    0.14 ^ clk (in)
     1    0.04                           clk (net)
                  0.20    0.00    0.14 ^ clkbuf_0_clk/A (sky130_fd_sc_hd__clkbuf_16)
                  0.04    0.16    0.30 ^ clkbuf_0_clk/X (sky130_fd_sc_hd__clkbuf_16)
     2    0.02                           clknet_0_clk (net)
                  0.04    0.00    0.30 ^ clkbuf_1_1__f_clk/A (sky130_fd_sc_hd__clkbuf_16)
                  0.05    0.12    0.42 ^ clkbuf_1_1__f_clk/X (sky130_fd_sc_hd__clkbuf_16)
    14    0.03                           clknet_1_1__leaf_clk (net)
                  0.05    0.00    0.42 ^ _399_/CLK (sky130_fd_sc_hd__dfrtp_4)
                  0.11    0.43    0.85 ^ _399_/Q (sky130_fd_sc_hd__dfrtp_4)
     9    0.03                           U_PC.pc[1] (net)
                  0.11    0.00    0.85 ^ _357_/A1 (sky130_fd_sc_hd__a21bo_1)
                  0.04    0.11    0.96 ^ _357_/X (sky130_fd_sc_hd__a21bo_1)
     1    0.00                           U_PC.next_pc[0] (net)
                  0.04    0.00    0.96 ^ _398_/D (sky130_fd_sc_hd__dfrtp_4)
                                  0.96   data arrival time

                          0.00    0.00   clock clk (rise edge)
                          0.00    0.00   clock source latency
                  0.20    0.15    0.15 ^ clk (in)
     1    0.04                           clk (net)
                  0.20    0.00    0.15 ^ clkbuf_0_clk/A (sky130_fd_sc_hd__clkbuf_16)
                  0.04    0.18    0.33 ^ clkbuf_0_clk/X (sky130_fd_sc_hd__clkbuf_16)
     2    0.02                           clknet_0_clk (net)
                  0.04    0.00    0.33 ^ clkbuf_1_1__f_clk/A (sky130_fd_sc_hd__clkbuf_16)
                  0.05    0.14    0.47 ^ clkbuf_1_1__f_clk/X (sky130_fd_sc_hd__clkbuf_16)
    14    0.03                           clknet_1_1__leaf_clk (net)
                  0.05    0.00    0.47 ^ _398_/CLK (sky130_fd_sc_hd__dfrtp_4)
                          0.25    0.72   clock uncertainty
                         -0.04    0.67   clock reconvergence pessimism
                         -0.03    0.64   library hold time
                                  0.64   data required time
-----------------------------------------------------------------------------
                                  0.64   data required time
                                 -0.96   data arrival time
-----------------------------------------------------------------------------
                                  0.32   slack (MET)


Startpoint: _418_ (rising edge-triggered flip-flop clocked by clk)
Endpoint: _418_ (rising edge-triggered flip-flop clocked by clk)
Path Group: clk
Path Type: min

Fanout     Cap    Slew   Delay    Time   Description
-----------------------------------------------------------------------------
                          0.00    0.00   clock clk (rise edge)
                          0.00    0.00   clock source latency
                  0.20    0.14    0.14 ^ clk (in)
     1    0.04                           clk (net)
                  0.20    0.00    0.14 ^ clkbuf_0_clk/A (sky130_fd_sc_hd__clkbuf_16)
                  0.04    0.16    0.30 ^ clkbuf_0_clk/X (sky130_fd_sc_hd__clkbuf_16)
     2    0.02                           clknet_0_clk (net)
                  0.04    0.00    0.30 ^ clkbuf_1_1__f_clk/A (sky130_fd_sc_hd__clkbuf_16)
                  0.05    0.12    0.42 ^ clkbuf_1_1__f_clk/X (sky130_fd_sc_hd__clkbuf_16)
    14    0.03                           clknet_1_1__leaf_clk (net)
                  0.05    0.00    0.42 ^ _418_/CLK (sky130_fd_sc_hd__dfrtp_4)
                  0.14    0.46    0.88 ^ _418_/Q (sky130_fd_sc_hd__dfrtp_4)
     5    0.04                           net10 (net)
                  0.14    0.00    0.88 ^ _301_/A1 (sky130_fd_sc_hd__a21oi_1)
                  0.05    0.08    0.96 v _301_/Y (sky130_fd_sc_hd__a21oi_1)
     1    0.00                           _044_ (net)
                  0.05    0.00    0.96 v _418_/D (sky130_fd_sc_hd__dfrtp_4)
                                  0.96   data arrival time

                          0.00    0.00   clock clk (rise edge)
                          0.00    0.00   clock source latency
                  0.20    0.15    0.15 ^ clk (in)
     1    0.04                           clk (net)
                  0.20    0.00    0.15 ^ clkbuf_0_clk/A (sky130_fd_sc_hd__clkbuf_16)
                  0.04    0.18    0.33 ^ clkbuf_0_clk/X (sky130_fd_sc_hd__clkbuf_16)
     2    0.02                           clknet_0_clk (net)
                  0.04    0.00    0.33 ^ clkbuf_1_1__f_clk/A (sky130_fd_sc_hd__clkbuf_16)
                  0.05    0.14    0.47 ^ clkbuf_1_1__f_clk/X (sky130_fd_sc_hd__clkbuf_16)
    14    0.03                           clknet_1_1__leaf_clk (net)
                  0.05    0.00    0.47 ^ _418_/CLK (sky130_fd_sc_hd__dfrtp_4)
                          0.25    0.72   clock uncertainty
                         -0.04    0.67   clock reconvergence pessimism
                         -0.04    0.63   library hold time
                                  0.63   data required time
-----------------------------------------------------------------------------
                                  0.63   data required time
                                 -0.96   data arrival time
-----------------------------------------------------------------------------
                                  0.33   slack (MET)


Startpoint: _415_ (rising edge-triggered flip-flop clocked by clk)
Endpoint: _415_ (rising edge-triggered flip-flop clocked by clk)
Path Group: clk
Path Type: min

Fanout     Cap    Slew   Delay    Time   Description
-----------------------------------------------------------------------------
                          0.00    0.00   clock clk (rise edge)
                          0.00    0.00   clock source latency
                  0.20    0.14    0.14 ^ clk (in)
     1    0.04                           clk (net)
                  0.20    0.00    0.14 ^ clkbuf_0_clk/A (sky130_fd_sc_hd__clkbuf_16)
                  0.04    0.16    0.30 ^ clkbuf_0_clk/X (sky130_fd_sc_hd__clkbuf_16)
     2    0.02                           clknet_0_clk (net)
                  0.04    0.00    0.30 ^ clkbuf_1_0__f_clk/A (sky130_fd_sc_hd__clkbuf_16)
                  0.05    0.12    0.42 ^ clkbuf_1_0__f_clk/X (sky130_fd_sc_hd__clkbuf_16)
    14    0.03                           clknet_1_0__leaf_clk (net)
                  0.05    0.00    0.42 ^ _415_/CLK (sky130_fd_sc_hd__dfrtp_4)
                  0.10    0.42    0.85 ^ _415_/Q (sky130_fd_sc_hd__dfrtp_4)
     2    0.02                           net19 (net)
                  0.10    0.00    0.85 ^ _327_/B2 (sky130_fd_sc_hd__a2bb2o_1)
                  0.04    0.13    0.97 ^ _327_/X (sky130_fd_sc_hd__a2bb2o_1)
     1    0.00                           _041_ (net)
                  0.04    0.00    0.97 ^ _415_/D (sky130_fd_sc_hd__dfrtp_4)
                                  0.97   data arrival time

                          0.00    0.00   clock clk (rise edge)
                          0.00    0.00   clock source latency
                  0.20    0.15    0.15 ^ clk (in)
     1    0.04                           clk (net)
                  0.20    0.00    0.15 ^ clkbuf_0_clk/A (sky130_fd_sc_hd__clkbuf_16)
                  0.04    0.18    0.33 ^ clkbuf_0_clk/X (sky130_fd_sc_hd__clkbuf_16)
     2    0.02                           clknet_0_clk (net)
                  0.04    0.00    0.33 ^ clkbuf_1_0__f_clk/A (sky130_fd_sc_hd__clkbuf_16)
                  0.05    0.14    0.47 ^ clkbuf_1_0__f_clk/X (sky130_fd_sc_hd__clkbuf_16)
    14    0.03                           clknet_1_0__leaf_clk (net)
                  0.05    0.00    0.47 ^ _415_/CLK (sky130_fd_sc_hd__dfrtp_4)
                          0.25    0.72   clock uncertainty
                         -0.04    0.67   clock reconvergence pessimism
                         -0.03    0.64   library hold time
                                  0.64   data required time
-----------------------------------------------------------------------------
                                  0.64   data required time
                                 -0.97   data arrival time
-----------------------------------------------------------------------------
                                  0.33   slack (MET)


Startpoint: _417_ (rising edge-triggered flip-flop clocked by clk)
Endpoint: _417_ (rising edge-triggered flip-flop clocked by clk)
Path Group: clk
Path Type: min

Fanout     Cap    Slew   Delay    Time   Description
-----------------------------------------------------------------------------
                          0.00    0.00   clock clk (rise edge)
                          0.00    0.00   clock source latency
                  0.20    0.14    0.14 ^ clk (in)
     1    0.04                           clk (net)
                  0.20    0.00    0.14 ^ clkbuf_0_clk/A (sky130_fd_sc_hd__clkbuf_16)
                  0.04    0.16    0.30 ^ clkbuf_0_clk/X (sky130_fd_sc_hd__clkbuf_16)
     2    0.02                           clknet_0_clk (net)
                  0.04    0.00    0.30 ^ clkbuf_1_0__f_clk/A (sky130_fd_sc_hd__clkbuf_16)
                  0.05    0.12    0.42 ^ clkbuf_1_0__f_clk/X (sky130_fd_sc_hd__clkbuf_16)
    14    0.03                           clknet_1_0__leaf_clk (net)
                  0.05    0.00    0.42 ^ _417_/CLK (sky130_fd_sc_hd__dfrtp_4)
                  0.11    0.43    0.85 ^ _417_/Q (sky130_fd_sc_hd__dfrtp_4)
     3    0.03                           net21 (net)
                  0.11    0.00    0.85 ^ _313_/A (sky130_fd_sc_hd__nand2_1)
                  0.04    0.06    0.91 v _313_/Y (sky130_fd_sc_hd__nand2_1)
     1    0.00                           _146_ (net)
                  0.04    0.00    0.91 v _314_/B1 (sky130_fd_sc_hd__o41ai_1)
                  0.06    0.06    0.97 ^ _314_/Y (sky130_fd_sc_hd__o41ai_1)
     1    0.00                           _043_ (net)
                  0.06    0.00    0.97 ^ _417_/D (sky130_fd_sc_hd__dfrtp_4)
                                  0.97   data arrival time

                          0.00    0.00   clock clk (rise edge)
                          0.00    0.00   clock source latency
                  0.20    0.15    0.15 ^ clk (in)
     1    0.04                           clk (net)
                  0.20    0.00    0.15 ^ clkbuf_0_clk/A (sky130_fd_sc_hd__clkbuf_16)
                  0.04    0.18    0.33 ^ clkbuf_0_clk/X (sky130_fd_sc_hd__clkbuf_16)
     2    0.02                           clknet_0_clk (net)
                  0.04    0.00    0.33 ^ clkbuf_1_0__f_clk/A (sky130_fd_sc_hd__clkbuf_16)
                  0.05    0.14    0.47 ^ clkbuf_1_0__f_clk/X (sky130_fd_sc_hd__clkbuf_16)
    14    0.03                           clknet_1_0__leaf_clk (net)
                  0.05    0.00    0.47 ^ _417_/CLK (sky130_fd_sc_hd__dfrtp_4)
                          0.25    0.72   clock uncertainty
                         -0.04    0.67   clock reconvergence pessimism
                         -0.04    0.64   library hold time
                                  0.64   data required time
-----------------------------------------------------------------------------
                                  0.64   data required time
                                 -0.97   data arrival time
-----------------------------------------------------------------------------
                                  0.34   slack (MET)


Startpoint: _403_ (rising edge-triggered flip-flop clocked by clk)
Endpoint: _403_ (rising edge-triggered flip-flop clocked by clk)
Path Group: clk
Path Type: min

Fanout     Cap    Slew   Delay    Time   Description
-----------------------------------------------------------------------------
                          0.00    0.00   clock clk (rise edge)
                          0.00    0.00   clock source latency
                  0.20    0.14    0.14 ^ clk (in)
     1    0.04                           clk (net)
                  0.20    0.00    0.14 ^ clkbuf_0_clk/A (sky130_fd_sc_hd__clkbuf_16)
                  0.04    0.16    0.30 ^ clkbuf_0_clk/X (sky130_fd_sc_hd__clkbuf_16)
     2    0.02                           clknet_0_clk (net)
                  0.04    0.00    0.30 ^ clkbuf_1_1__f_clk/A (sky130_fd_sc_hd__clkbuf_16)
                  0.05    0.12    0.42 ^ clkbuf_1_1__f_clk/X (sky130_fd_sc_hd__clkbuf_16)
    14    0.03                           clknet_1_1__leaf_clk (net)
                  0.05    0.00    0.42 ^ _403_/CLK (sky130_fd_sc_hd__dfrtp_4)
                  0.05    0.37    0.80 ^ _403_/Q (sky130_fd_sc_hd__dfrtp_4)
     3    0.01                           net3 (net)
                  0.05    0.00    0.80 ^ _353_/A0 (sky130_fd_sc_hd__mux2_1)
                  0.04    0.11    0.91 ^ _353_/X (sky130_fd_sc_hd__mux2_1)
     1    0.00                           _172_ (net)
                  0.04    0.00    0.91 ^ _354_/A (sky130_fd_sc_hd__clkbuf_1)
                  0.04    0.07    0.99 ^ _354_/X (sky130_fd_sc_hd__clkbuf_1)
     1    0.00                           _029_ (net)
                  0.04    0.00    0.99 ^ _403_/D (sky130_fd_sc_hd__dfrtp_4)
                                  0.99   data arrival time

                          0.00    0.00   clock clk (rise edge)
                          0.00    0.00   clock source latency
                  0.20    0.15    0.15 ^ clk (in)
     1    0.04                           clk (net)
                  0.20    0.00    0.15 ^ clkbuf_0_clk/A (sky130_fd_sc_hd__clkbuf_16)
                  0.04    0.18    0.33 ^ clkbuf_0_clk/X (sky130_fd_sc_hd__clkbuf_16)
     2    0.02                           clknet_0_clk (net)
                  0.04    0.00    0.33 ^ clkbuf_1_1__f_clk/A (sky130_fd_sc_hd__clkbuf_16)
                  0.05    0.14    0.47 ^ clkbuf_1_1__f_clk/X (sky130_fd_sc_hd__clkbuf_16)
    14    0.03                           clknet_1_1__leaf_clk (net)
                  0.05    0.00    0.47 ^ _403_/CLK (sky130_fd_sc_hd__dfrtp_4)
                          0.25    0.72   clock uncertainty
                         -0.04    0.67   clock reconvergence pessimism
                         -0.03    0.64   library hold time
                                  0.64   data required time
-----------------------------------------------------------------------------
                                  0.64   data required time
                                 -0.99   data arrival time
-----------------------------------------------------------------------------
                                  0.35   slack (MET)


Startpoint: _405_ (rising edge-triggered flip-flop clocked by clk)
Endpoint: _405_ (rising edge-triggered flip-flop clocked by clk)
Path Group: clk
Path Type: min

Fanout     Cap    Slew   Delay    Time   Description
-----------------------------------------------------------------------------
                          0.00    0.00   clock clk (rise edge)
                          0.00    0.00   clock source latency
                  0.20    0.14    0.14 ^ clk (in)
     1    0.04                           clk (net)
                  0.20    0.00    0.14 ^ clkbuf_0_clk/A (sky130_fd_sc_hd__clkbuf_16)
                  0.04    0.16    0.30 ^ clkbuf_0_clk/X (sky130_fd_sc_hd__clkbuf_16)
     2    0.02                           clknet_0_clk (net)
                  0.04    0.00    0.30 ^ clkbuf_1_1__f_clk/A (sky130_fd_sc_hd__clkbuf_16)
                  0.05    0.12    0.42 ^ clkbuf_1_1__f_clk/X (sky130_fd_sc_hd__clkbuf_16)
    14    0.03                           clknet_1_1__leaf_clk (net)
                  0.05    0.00    0.42 ^ _405_/CLK (sky130_fd_sc_hd__dfrtp_4)
                  0.05    0.37    0.80 ^ _405_/Q (sky130_fd_sc_hd__dfrtp_4)
     3    0.01                           net5 (net)
                  0.05    0.00    0.80 ^ _349_/A0 (sky130_fd_sc_hd__mux2_1)
                  0.04    0.11    0.91 ^ _349_/X (sky130_fd_sc_hd__mux2_1)
     1    0.00                           _170_ (net)
                  0.04    0.00    0.91 ^ _350_/A (sky130_fd_sc_hd__clkbuf_1)
                  0.04    0.08    0.98 ^ _350_/X (sky130_fd_sc_hd__clkbuf_1)
     1    0.00                           _031_ (net)
                  0.04    0.00    0.98 ^ _405_/D (sky130_fd_sc_hd__dfrtp_4)
                                  0.98   data arrival time

                          0.00    0.00   clock clk (rise edge)
                          0.00    0.00   clock source latency
                  0.20    0.15    0.15 ^ clk (in)
     1    0.04                           clk (net)
                  0.20    0.00    0.15 ^ clkbuf_0_clk/A (sky130_fd_sc_hd__clkbuf_16)
                  0.04    0.18    0.33 ^ clkbuf_0_clk/X (sky130_fd_sc_hd__clkbuf_16)
     2    0.02                           clknet_0_clk (net)
                  0.04    0.00    0.33 ^ clkbuf_1_1__f_clk/A (sky130_fd_sc_hd__clkbuf_16)
                  0.05    0.14    0.47 ^ clkbuf_1_1__f_clk/X (sky130_fd_sc_hd__clkbuf_16)
    14    0.03                           clknet_1_1__leaf_clk (net)
                  0.05    0.00    0.47 ^ _405_/CLK (sky130_fd_sc_hd__dfrtp_4)
                          0.25    0.72   clock uncertainty
                         -0.04    0.67   clock reconvergence pessimism
                         -0.03    0.64   library hold time
                                  0.64   data required time
-----------------------------------------------------------------------------
                                  0.64   data required time
                                 -0.98   data arrival time
-----------------------------------------------------------------------------
                                  0.35   slack (MET)


Startpoint: _407_ (rising edge-triggered flip-flop clocked by clk)
Endpoint: _407_ (rising edge-triggered flip-flop clocked by clk)
Path Group: clk
Path Type: min

Fanout     Cap    Slew   Delay    Time   Description
-----------------------------------------------------------------------------
                          0.00    0.00   clock clk (rise edge)
                          0.00    0.00   clock source latency
                  0.20    0.14    0.14 ^ clk (in)
     1    0.04                           clk (net)
                  0.20    0.00    0.14 ^ clkbuf_0_clk/A (sky130_fd_sc_hd__clkbuf_16)
                  0.04    0.16    0.30 ^ clkbuf_0_clk/X (sky130_fd_sc_hd__clkbuf_16)
     2    0.02                           clknet_0_clk (net)
                  0.04    0.00    0.30 ^ clkbuf_1_0__f_clk/A (sky130_fd_sc_hd__clkbuf_16)
                  0.05    0.12    0.42 ^ clkbuf_1_0__f_clk/X (sky130_fd_sc_hd__clkbuf_16)
    14    0.03                           clknet_1_0__leaf_clk (net)
                  0.05    0.00    0.42 ^ _407_/CLK (sky130_fd_sc_hd__dfrtp_4)
                  0.05    0.37    0.80 ^ _407_/Q (sky130_fd_sc_hd__dfrtp_4)
     3    0.00                           net7 (net)
                  0.05    0.00    0.80 ^ _345_/A0 (sky130_fd_sc_hd__mux2_1)
                  0.05    0.12    0.91 ^ _345_/X (sky130_fd_sc_hd__mux2_1)
     1    0.00                           _168_ (net)
                  0.05    0.00    0.91 ^ _346_/A (sky130_fd_sc_hd__clkbuf_1)
                  0.04    0.08    0.99 ^ _346_/X (sky130_fd_sc_hd__clkbuf_1)
     1    0.00                           _033_ (net)
                  0.04    0.00    0.99 ^ _407_/D (sky130_fd_sc_hd__dfrtp_4)
                                  0.99   data arrival time

                          0.00    0.00   clock clk (rise edge)
                          0.00    0.00   clock source latency
                  0.20    0.15    0.15 ^ clk (in)
     1    0.04                           clk (net)
                  0.20    0.00    0.15 ^ clkbuf_0_clk/A (sky130_fd_sc_hd__clkbuf_16)
                  0.04    0.18    0.33 ^ clkbuf_0_clk/X (sky130_fd_sc_hd__clkbuf_16)
     2    0.02                           clknet_0_clk (net)
                  0.04    0.00    0.33 ^ clkbuf_1_0__f_clk/A (sky130_fd_sc_hd__clkbuf_16)
                  0.05    0.14    0.47 ^ clkbuf_1_0__f_clk/X (sky130_fd_sc_hd__clkbuf_16)
    14    0.03                           clknet_1_0__leaf_clk (net)
                  0.05    0.00    0.47 ^ _407_/CLK (sky130_fd_sc_hd__dfrtp_4)
                          0.25    0.72   clock uncertainty
                         -0.04    0.67   clock reconvergence pessimism
                         -0.03    0.64   library hold time
                                  0.64   data required time
-----------------------------------------------------------------------------
                                  0.64   data required time
                                 -0.99   data arrival time
-----------------------------------------------------------------------------
                                  0.35   slack (MET)


Startpoint: _424_ (rising edge-triggered flip-flop clocked by clk)
Endpoint: _424_ (rising edge-triggered flip-flop clocked by clk)
Path Group: clk
Path Type: min

Fanout     Cap    Slew   Delay    Time   Description
-----------------------------------------------------------------------------
                          0.00    0.00   clock clk (rise edge)
                          0.00    0.00   clock source latency
                  0.20    0.14    0.14 ^ clk (in)
     1    0.04                           clk (net)
                  0.20    0.00    0.14 ^ clkbuf_0_clk/A (sky130_fd_sc_hd__clkbuf_16)
                  0.04    0.16    0.30 ^ clkbuf_0_clk/X (sky130_fd_sc_hd__clkbuf_16)
     2    0.02                           clknet_0_clk (net)
                  0.04    0.00    0.30 ^ clkbuf_1_0__f_clk/A (sky130_fd_sc_hd__clkbuf_16)
                  0.05    0.12    0.42 ^ clkbuf_1_0__f_clk/X (sky130_fd_sc_hd__clkbuf_16)
    14    0.03                           clknet_1_0__leaf_clk (net)
                  0.05    0.00    0.42 ^ _424_/CLK (sky130_fd_sc_hd__dfrtp_4)
                  0.13    0.45    0.87 ^ _424_/Q (sky130_fd_sc_hd__dfrtp_4)
     6    0.04                           net16 (net)
                  0.13    0.00    0.87 ^ _272_/A1 (sky130_fd_sc_hd__a21o_1)
                  0.04    0.12    0.99 ^ _272_/X (sky130_fd_sc_hd__a21o_1)
     1    0.00                           _050_ (net)
                  0.04    0.00    0.99 ^ _424_/D (sky130_fd_sc_hd__dfrtp_4)
                                  0.99   data arrival time

                          0.00    0.00   clock clk (rise edge)
                          0.00    0.00   clock source latency
                  0.20    0.15    0.15 ^ clk (in)
     1    0.04                           clk (net)
                  0.20    0.00    0.15 ^ clkbuf_0_clk/A (sky130_fd_sc_hd__clkbuf_16)
                  0.04    0.18    0.33 ^ clkbuf_0_clk/X (sky130_fd_sc_hd__clkbuf_16)
     2    0.02                           clknet_0_clk (net)
                  0.04    0.00    0.33 ^ clkbuf_1_0__f_clk/A (sky130_fd_sc_hd__clkbuf_16)
                  0.05    0.14    0.47 ^ clkbuf_1_0__f_clk/X (sky130_fd_sc_hd__clkbuf_16)
    14    0.03                           clknet_1_0__leaf_clk (net)
                  0.05    0.00    0.47 ^ _424_/CLK (sky130_fd_sc_hd__dfrtp_4)
                          0.25    0.72   clock uncertainty
                         -0.04    0.67   clock reconvergence pessimism
                         -0.03    0.64   library hold time
                                  0.64   data required time
-----------------------------------------------------------------------------
                                  0.64   data required time
                                 -0.99   data arrival time
-----------------------------------------------------------------------------
                                  0.35   slack (MET)


Startpoint: _414_ (rising edge-triggered flip-flop clocked by clk)
Endpoint: _414_ (rising edge-triggered flip-flop clocked by clk)
Path Group: clk
Path Type: min

Fanout     Cap    Slew   Delay    Time   Description
-----------------------------------------------------------------------------
                          0.00    0.00   clock clk (rise edge)
                          0.00    0.00   clock source latency
                  0.20    0.14    0.14 ^ clk (in)
     1    0.04                           clk (net)
                  0.20    0.00    0.14 ^ clkbuf_0_clk/A (sky130_fd_sc_hd__clkbuf_16)
                  0.04    0.16    0.30 ^ clkbuf_0_clk/X (sky130_fd_sc_hd__clkbuf_16)
     2    0.02                           clknet_0_clk (net)
                  0.04    0.00    0.30 ^ clkbuf_1_0__f_clk/A (sky130_fd_sc_hd__clkbuf_16)
                  0.05    0.12    0.42 ^ clkbuf_1_0__f_clk/X (sky130_fd_sc_hd__clkbuf_16)
    14    0.03                           clknet_1_0__leaf_clk (net)
                  0.05    0.00    0.42 ^ _414_/CLK (sky130_fd_sc_hd__dfrtp_4)
                  0.11    0.43    0.86 ^ _414_/Q (sky130_fd_sc_hd__dfrtp_4)
     2    0.03                           net18 (net)
                  0.11    0.00    0.86 ^ _333_/B2 (sky130_fd_sc_hd__a2bb2o_1)
                  0.05    0.14    1.00 ^ _333_/X (sky130_fd_sc_hd__a2bb2o_1)
     1    0.00                           _040_ (net)
                  0.05    0.00    1.00 ^ _414_/D (sky130_fd_sc_hd__dfrtp_4)
                                  1.00   data arrival time

                          0.00    0.00   clock clk (rise edge)
                          0.00    0.00   clock source latency
                  0.20    0.15    0.15 ^ clk (in)
     1    0.04                           clk (net)
                  0.20    0.00    0.15 ^ clkbuf_0_clk/A (sky130_fd_sc_hd__clkbuf_16)
                  0.04    0.18    0.33 ^ clkbuf_0_clk/X (sky130_fd_sc_hd__clkbuf_16)
     2    0.02                           clknet_0_clk (net)
                  0.04    0.00    0.33 ^ clkbuf_1_0__f_clk/A (sky130_fd_sc_hd__clkbuf_16)
                  0.05    0.14    0.47 ^ clkbuf_1_0__f_clk/X (sky130_fd_sc_hd__clkbuf_16)
    14    0.03                           clknet_1_0__leaf_clk (net)
                  0.05    0.00    0.47 ^ _414_/CLK (sky130_fd_sc_hd__dfrtp_4)
                          0.25    0.72   clock uncertainty
                         -0.04    0.67   clock reconvergence pessimism
                         -0.03    0.64   library hold time
                                  0.64   data required time
-----------------------------------------------------------------------------
                                  0.64   data required time
                                 -1.00   data arrival time
-----------------------------------------------------------------------------
                                  0.36   slack (MET)


Startpoint: _416_ (rising edge-triggered flip-flop clocked by clk)
Endpoint: _416_ (rising edge-triggered flip-flop clocked by clk)
Path Group: clk
Path Type: min

Fanout     Cap    Slew   Delay    Time   Description
-----------------------------------------------------------------------------
                          0.00    0.00   clock clk (rise edge)
                          0.00    0.00   clock source latency
                  0.20    0.14    0.14 ^ clk (in)
     1    0.04                           clk (net)
                  0.20    0.00    0.14 ^ clkbuf_0_clk/A (sky130_fd_sc_hd__clkbuf_16)
                  0.04    0.16    0.30 ^ clkbuf_0_clk/X (sky130_fd_sc_hd__clkbuf_16)
     2    0.02                           clknet_0_clk (net)
                  0.04    0.00    0.30 ^ clkbuf_1_0__f_clk/A (sky130_fd_sc_hd__clkbuf_16)
                  0.05    0.12    0.42 ^ clkbuf_1_0__f_clk/X (sky130_fd_sc_hd__clkbuf_16)
    14    0.03                           clknet_1_0__leaf_clk (net)
                  0.05    0.00    0.42 ^ _416_/CLK (sky130_fd_sc_hd__dfrtp_4)
                  0.05    0.37    0.79 ^ _416_/Q (sky130_fd_sc_hd__dfrtp_4)
     2    0.00                           net20 (net)
                  0.05    0.00    0.79 ^ _316_/A (sky130_fd_sc_hd__or2_1)
                  0.04    0.09    0.88 ^ _316_/X (sky130_fd_sc_hd__or2_1)
     1    0.00                           _148_ (net)
                  0.04    0.00    0.88 ^ _317_/B1 (sky130_fd_sc_hd__o31a_1)
                  0.05    0.12    1.00 ^ _317_/X (sky130_fd_sc_hd__o31a_1)
     1    0.00                           _042_ (net)
                  0.05    0.00    1.00 ^ _416_/D (sky130_fd_sc_hd__dfrtp_4)
                                  1.00   data arrival time

                          0.00    0.00   clock clk (rise edge)
                          0.00    0.00   clock source latency
                  0.20    0.15    0.15 ^ clk (in)
     1    0.04                           clk (net)
                  0.20    0.00    0.15 ^ clkbuf_0_clk/A (sky130_fd_sc_hd__clkbuf_16)
                  0.04    0.18    0.33 ^ clkbuf_0_clk/X (sky130_fd_sc_hd__clkbuf_16)
     2    0.02                           clknet_0_clk (net)
                  0.04    0.00    0.33 ^ clkbuf_1_0__f_clk/A (sky130_fd_sc_hd__clkbuf_16)
                  0.05    0.14    0.47 ^ clkbuf_1_0__f_clk/X (sky130_fd_sc_hd__clkbuf_16)
    14    0.03                           clknet_1_0__leaf_clk (net)
                  0.05    0.00    0.47 ^ _416_/CLK (sky130_fd_sc_hd__dfrtp_4)
                          0.25    0.72   clock uncertainty
                         -0.04    0.67   clock reconvergence pessimism
                         -0.04    0.64   library hold time
                                  0.64   data required time
-----------------------------------------------------------------------------
                                  0.64   data required time
                                 -1.00   data arrival time
-----------------------------------------------------------------------------
                                  0.36   slack (MET)


Startpoint: _413_ (rising edge-triggered flip-flop clocked by clk)
Endpoint: _413_ (rising edge-triggered flip-flop clocked by clk)
Path Group: clk
Path Type: min

Fanout     Cap    Slew   Delay    Time   Description
-----------------------------------------------------------------------------
                          0.00    0.00   clock clk (rise edge)
                          0.00    0.00   clock source latency
                  0.20    0.14    0.14 ^ clk (in)
     1    0.04                           clk (net)
                  0.20    0.00    0.14 ^ clkbuf_0_clk/A (sky130_fd_sc_hd__clkbuf_16)
                  0.04    0.16    0.30 ^ clkbuf_0_clk/X (sky130_fd_sc_hd__clkbuf_16)
     2    0.02                           clknet_0_clk (net)
                  0.04    0.00    0.30 ^ clkbuf_1_0__f_clk/A (sky130_fd_sc_hd__clkbuf_16)
                  0.05    0.12    0.42 ^ clkbuf_1_0__f_clk/X (sky130_fd_sc_hd__clkbuf_16)
    14    0.03                           clknet_1_0__leaf_clk (net)
                  0.05    0.00    0.42 ^ _413_/CLK (sky130_fd_sc_hd__dfrtp_4)
                  0.06    0.38    0.80 ^ _413_/Q (sky130_fd_sc_hd__dfrtp_4)
     3    0.01                           net27 (net)
                  0.06    0.00    0.80 ^ _334_/A (sky130_fd_sc_hd__and3_1)
                  0.05    0.13    0.93 ^ _334_/X (sky130_fd_sc_hd__and3_1)
     1    0.00                           _163_ (net)
                  0.05    0.00    0.93 ^ _335_/A (sky130_fd_sc_hd__clkbuf_1)
                  0.05    0.08    1.01 ^ _335_/X (sky130_fd_sc_hd__clkbuf_1)
     1    0.00                           _039_ (net)
                  0.05    0.00    1.01 ^ _413_/D (sky130_fd_sc_hd__dfrtp_4)
                                  1.01   data arrival time

                          0.00    0.00   clock clk (rise edge)
                          0.00    0.00   clock source latency
                  0.20    0.15    0.15 ^ clk (in)
     1    0.04                           clk (net)
                  0.20    0.00    0.15 ^ clkbuf_0_clk/A (sky130_fd_sc_hd__clkbuf_16)
                  0.04    0.18    0.33 ^ clkbuf_0_clk/X (sky130_fd_sc_hd__clkbuf_16)
     2    0.02                           clknet_0_clk (net)
                  0.04    0.00    0.33 ^ clkbuf_1_0__f_clk/A (sky130_fd_sc_hd__clkbuf_16)
                  0.05    0.14    0.47 ^ clkbuf_1_0__f_clk/X (sky130_fd_sc_hd__clkbuf_16)
    14    0.03                           clknet_1_0__leaf_clk (net)
                  0.05    0.00    0.47 ^ _413_/CLK (sky130_fd_sc_hd__dfrtp_4)
                          0.25    0.72   clock uncertainty
                         -0.04    0.67   clock reconvergence pessimism
                         -0.03    0.64   library hold time
                                  0.64   data required time
-----------------------------------------------------------------------------
                                  0.64   data required time
                                 -1.01   data arrival time
-----------------------------------------------------------------------------
                                  0.37   slack (MET)


Startpoint: _411_ (rising edge-triggered flip-flop clocked by clk)
Endpoint: _411_ (rising edge-triggered flip-flop clocked by clk)
Path Group: clk
Path Type: min

Fanout     Cap    Slew   Delay    Time   Description
-----------------------------------------------------------------------------
                          0.00    0.00   clock clk (rise edge)
                          0.00    0.00   clock source latency
                  0.20    0.14    0.14 ^ clk (in)
     1    0.04                           clk (net)
                  0.20    0.00    0.14 ^ clkbuf_0_clk/A (sky130_fd_sc_hd__clkbuf_16)
                  0.04    0.16    0.30 ^ clkbuf_0_clk/X (sky130_fd_sc_hd__clkbuf_16)
     2    0.02                           clknet_0_clk (net)
                  0.04    0.00    0.30 ^ clkbuf_1_1__f_clk/A (sky130_fd_sc_hd__clkbuf_16)
                  0.05    0.12    0.42 ^ clkbuf_1_1__f_clk/X (sky130_fd_sc_hd__clkbuf_16)
    14    0.03                           clknet_1_1__leaf_clk (net)
                  0.05    0.00    0.42 ^ _411_/CLK (sky130_fd_sc_hd__dfrtp_4)
                  0.05    0.37    0.79 ^ _411_/Q (sky130_fd_sc_hd__dfrtp_4)
     2    0.00                           net24 (net)
                  0.05    0.00    0.79 ^ _337_/A (sky130_fd_sc_hd__and3_1)
                  0.06    0.14    0.93 ^ _337_/X (sky130_fd_sc_hd__and3_1)
     1    0.00                           _164_ (net)
                  0.06    0.00    0.93 ^ _338_/A (sky130_fd_sc_hd__clkbuf_1)
                  0.05    0.09    1.02 ^ _338_/X (sky130_fd_sc_hd__clkbuf_1)
     1    0.00                           _037_ (net)
                  0.05    0.00    1.02 ^ _411_/D (sky130_fd_sc_hd__dfrtp_4)
                                  1.02   data arrival time

                          0.00    0.00   clock clk (rise edge)
                          0.00    0.00   clock source latency
                  0.20    0.15    0.15 ^ clk (in)
     1    0.04                           clk (net)
                  0.20    0.00    0.15 ^ clkbuf_0_clk/A (sky130_fd_sc_hd__clkbuf_16)
                  0.04    0.18    0.33 ^ clkbuf_0_clk/X (sky130_fd_sc_hd__clkbuf_16)
     2    0.02                           clknet_0_clk (net)
                  0.04    0.00    0.33 ^ clkbuf_1_1__f_clk/A (sky130_fd_sc_hd__clkbuf_16)
                  0.05    0.14    0.47 ^ clkbuf_1_1__f_clk/X (sky130_fd_sc_hd__clkbuf_16)
    14    0.03                           clknet_1_1__leaf_clk (net)
                  0.05    0.00    0.47 ^ _411_/CLK (sky130_fd_sc_hd__dfrtp_4)
                          0.25    0.72   clock uncertainty
                         -0.04    0.67   clock reconvergence pessimism
                         -0.04    0.64   library hold time
                                  0.64   data required time
-----------------------------------------------------------------------------
                                  0.64   data required time
                                 -1.02   data arrival time
-----------------------------------------------------------------------------
                                  0.38   slack (MET)


Startpoint: _409_ (rising edge-triggered flip-flop clocked by clk)
Endpoint: _409_ (rising edge-triggered flip-flop clocked by clk)
Path Group: clk
Path Type: min

Fanout     Cap    Slew   Delay    Time   Description
-----------------------------------------------------------------------------
                          0.00    0.00   clock clk (rise edge)
                          0.00    0.00   clock source latency
                  0.20    0.14    0.14 ^ clk (in)
     1    0.04                           clk (net)
                  0.20    0.00    0.14 ^ clkbuf_0_clk/A (sky130_fd_sc_hd__clkbuf_16)
                  0.04    0.16    0.30 ^ clkbuf_0_clk/X (sky130_fd_sc_hd__clkbuf_16)
     2    0.02                           clknet_0_clk (net)
                  0.04    0.00    0.30 ^ clkbuf_1_0__f_clk/A (sky130_fd_sc_hd__clkbuf_16)
                  0.05    0.12    0.42 ^ clkbuf_1_0__f_clk/X (sky130_fd_sc_hd__clkbuf_16)
    14    0.03                           clknet_1_0__leaf_clk (net)
                  0.05    0.00    0.42 ^ _409_/CLK (sky130_fd_sc_hd__dfrtp_4)
                  0.05    0.37    0.80 ^ _409_/Q (sky130_fd_sc_hd__dfrtp_4)
     3    0.01                           net9 (net)
                  0.05    0.00    0.80 ^ _341_/A (sky130_fd_sc_hd__or2_1)
                  0.05    0.09    0.89 ^ _341_/X (sky130_fd_sc_hd__or2_1)
     1    0.00                           _166_ (net)
                  0.05    0.00    0.89 ^ _342_/B1 (sky130_fd_sc_hd__o41a_1)
                  0.05    0.12    1.02 ^ _342_/X (sky130_fd_sc_hd__o41a_1)
     1    0.00                           _035_ (net)
                  0.05    0.00    1.02 ^ _409_/D (sky130_fd_sc_hd__dfrtp_4)
                                  1.02   data arrival time

                          0.00    0.00   clock clk (rise edge)
                          0.00    0.00   clock source latency
                  0.20    0.15    0.15 ^ clk (in)
     1    0.04                           clk (net)
                  0.20    0.00    0.15 ^ clkbuf_0_clk/A (sky130_fd_sc_hd__clkbuf_16)
                  0.04    0.18    0.33 ^ clkbuf_0_clk/X (sky130_fd_sc_hd__clkbuf_16)
     2    0.02                           clknet_0_clk (net)
                  0.04    0.00    0.33 ^ clkbuf_1_0__f_clk/A (sky130_fd_sc_hd__clkbuf_16)
                  0.05    0.14    0.47 ^ clkbuf_1_0__f_clk/X (sky130_fd_sc_hd__clkbuf_16)
    14    0.03                           clknet_1_0__leaf_clk (net)
                  0.05    0.00    0.47 ^ _409_/CLK (sky130_fd_sc_hd__dfrtp_4)
                          0.25    0.72   clock uncertainty
                         -0.04    0.67   clock reconvergence pessimism
                         -0.04    0.64   library hold time
                                  0.64   data required time
-----------------------------------------------------------------------------
                                  0.64   data required time
                                 -1.02   data arrival time
-----------------------------------------------------------------------------
                                  0.38   slack (MET)


Startpoint: _402_ (rising edge-triggered flip-flop clocked by clk)
Endpoint: _402_ (rising edge-triggered flip-flop clocked by clk)
Path Group: clk
Path Type: min

Fanout     Cap    Slew   Delay    Time   Description
-----------------------------------------------------------------------------
                          0.00    0.00   clock clk (rise edge)
                          0.00    0.00   clock source latency
                  0.20    0.14    0.14 ^ clk (in)
     1    0.04                           clk (net)
                  0.20    0.00    0.14 ^ clkbuf_0_clk/A (sky130_fd_sc_hd__clkbuf_16)
                  0.04    0.16    0.30 ^ clkbuf_0_clk/X (sky130_fd_sc_hd__clkbuf_16)
     2    0.02                           clknet_0_clk (net)
                  0.04    0.00    0.30 ^ clkbuf_1_1__f_clk/A (sky130_fd_sc_hd__clkbuf_16)
                  0.05    0.12    0.42 ^ clkbuf_1_1__f_clk/X (sky130_fd_sc_hd__clkbuf_16)
    14    0.03                           clknet_1_1__leaf_clk (net)
                  0.05    0.00    0.42 ^ _402_/CLK (sky130_fd_sc_hd__dfrtp_4)
                  0.08    0.40    0.83 ^ _402_/Q (sky130_fd_sc_hd__dfrtp_4)
     4    0.02                           net2 (net)
                  0.08    0.00    0.83 ^ _355_/A0 (sky130_fd_sc_hd__mux2_1)
                  0.05    0.13    0.95 ^ _355_/X (sky130_fd_sc_hd__mux2_1)
     1    0.00                           _173_ (net)
                  0.05    0.00    0.95 ^ _356_/A (sky130_fd_sc_hd__clkbuf_1)
                  0.05    0.08    1.03 ^ _356_/X (sky130_fd_sc_hd__clkbuf_1)
     1    0.00                           _028_ (net)
                  0.05    0.00    1.03 ^ _402_/D (sky130_fd_sc_hd__dfrtp_4)
                                  1.03   data arrival time

                          0.00    0.00   clock clk (rise edge)
                          0.00    0.00   clock source latency
                  0.20    0.15    0.15 ^ clk (in)
     1    0.04                           clk (net)
                  0.20    0.00    0.15 ^ clkbuf_0_clk/A (sky130_fd_sc_hd__clkbuf_16)
                  0.04    0.18    0.33 ^ clkbuf_0_clk/X (sky130_fd_sc_hd__clkbuf_16)
     2    0.02                           clknet_0_clk (net)
                  0.04    0.00    0.33 ^ clkbuf_1_1__f_clk/A (sky130_fd_sc_hd__clkbuf_16)
                  0.05    0.14    0.47 ^ clkbuf_1_1__f_clk/X (sky130_fd_sc_hd__clkbuf_16)
    14    0.03                           clknet_1_1__leaf_clk (net)
                  0.05    0.00    0.47 ^ _402_/CLK (sky130_fd_sc_hd__dfrtp_4)
                          0.25    0.72   clock uncertainty
                         -0.04    0.67   clock reconvergence pessimism
                         -0.03    0.64   library hold time
                                  0.64   data required time
-----------------------------------------------------------------------------
                                  0.64   data required time
                                 -1.03   data arrival time
-----------------------------------------------------------------------------
                                  0.39   slack (MET)


Startpoint: _400_ (rising edge-triggered flip-flop clocked by clk)
Endpoint: _401_ (rising edge-triggered flip-flop clocked by clk)
Path Group: clk
Path Type: min

Fanout     Cap    Slew   Delay    Time   Description
-----------------------------------------------------------------------------
                          0.00    0.00   clock clk (rise edge)
                          0.00    0.00   clock source latency
                  0.20    0.14    0.14 ^ clk (in)
     1    0.04                           clk (net)
                  0.20    0.00    0.14 ^ clkbuf_0_clk/A (sky130_fd_sc_hd__clkbuf_16)
                  0.04    0.16    0.30 ^ clkbuf_0_clk/X (sky130_fd_sc_hd__clkbuf_16)
     2    0.02                           clknet_0_clk (net)
                  0.04    0.00    0.30 ^ clkbuf_1_1__f_clk/A (sky130_fd_sc_hd__clkbuf_16)
                  0.05    0.12    0.42 ^ clkbuf_1_1__f_clk/X (sky130_fd_sc_hd__clkbuf_16)
    14    0.03                           clknet_1_1__leaf_clk (net)
                  0.05    0.00    0.42 ^ _400_/CLK (sky130_fd_sc_hd__dfrtp_4)
                  0.10    0.43    0.85 ^ _400_/Q (sky130_fd_sc_hd__dfrtp_4)
     7    0.03                           U_PC.pc[2] (net)
                  0.10    0.00    0.85 ^ _365_/A (sky130_fd_sc_hd__inv_2)
                  0.02    0.03    0.88 v _365_/Y (sky130_fd_sc_hd__inv_2)
     1    0.00                           _179_ (net)
                  0.02    0.00    0.88 v _366_/A1 (sky130_fd_sc_hd__o21a_1)
                  0.03    0.16    1.05 v _366_/X (sky130_fd_sc_hd__o21a_1)
     1    0.00                           U_PC.next_pc[3] (net)
                  0.03    0.00    1.05 v _401_/D (sky130_fd_sc_hd__dfrtp_4)
                                  1.05   data arrival time

                          0.00    0.00   clock clk (rise edge)
                          0.00    0.00   clock source latency
                  0.20    0.15    0.15 ^ clk (in)
     1    0.04                           clk (net)
                  0.20    0.00    0.15 ^ clkbuf_0_clk/A (sky130_fd_sc_hd__clkbuf_16)
                  0.04    0.18    0.33 ^ clkbuf_0_clk/X (sky130_fd_sc_hd__clkbuf_16)
     2    0.02                           clknet_0_clk (net)
                  0.04    0.00    0.33 ^ clkbuf_1_1__f_clk/A (sky130_fd_sc_hd__clkbuf_16)
                  0.05    0.14    0.47 ^ clkbuf_1_1__f_clk/X (sky130_fd_sc_hd__clkbuf_16)
    14    0.03                           clknet_1_1__leaf_clk (net)
                  0.05    0.00    0.47 ^ _401_/CLK (sky130_fd_sc_hd__dfrtp_4)
                          0.25    0.72   clock uncertainty
                         -0.04    0.67   clock reconvergence pessimism
                         -0.04    0.64   library hold time
                                  0.64   data required time
-----------------------------------------------------------------------------
                                  0.64   data required time
                                 -1.05   data arrival time
-----------------------------------------------------------------------------
                                  0.41   slack (MET)


Startpoint: _410_ (rising edge-triggered flip-flop clocked by clk)
Endpoint: _410_ (rising edge-triggered flip-flop clocked by clk)
Path Group: clk
Path Type: min

Fanout     Cap    Slew   Delay    Time   Description
-----------------------------------------------------------------------------
                          0.00    0.00   clock clk (rise edge)
                          0.00    0.00   clock source latency
                  0.20    0.14    0.14 ^ clk (in)
     1    0.04                           clk (net)
                  0.20    0.00    0.14 ^ clkbuf_0_clk/A (sky130_fd_sc_hd__clkbuf_16)
                  0.04    0.16    0.30 ^ clkbuf_0_clk/X (sky130_fd_sc_hd__clkbuf_16)
     2    0.02                           clknet_0_clk (net)
                  0.04    0.00    0.30 ^ clkbuf_1_0__f_clk/A (sky130_fd_sc_hd__clkbuf_16)
                  0.05    0.12    0.42 ^ clkbuf_1_0__f_clk/X (sky130_fd_sc_hd__clkbuf_16)
    14    0.03                           clknet_1_0__leaf_clk (net)
                  0.05    0.00    0.42 ^ _410_/CLK (sky130_fd_sc_hd__dfrtp_4)
                  0.17    0.49    0.91 ^ _410_/Q (sky130_fd_sc_hd__dfrtp_4)
     3    0.05                           net23 (net)
                  0.17    0.00    0.91 ^ _339_/A1 (sky130_fd_sc_hd__a31o_1)
                  0.04    0.15    1.06 ^ _339_/X (sky130_fd_sc_hd__a31o_1)
     1    0.00                           _036_ (net)
                  0.04    0.00    1.06 ^ _410_/D (sky130_fd_sc_hd__dfrtp_4)
                                  1.06   data arrival time

                          0.00    0.00   clock clk (rise edge)
                          0.00    0.00   clock source latency
                  0.20    0.15    0.15 ^ clk (in)
     1    0.04                           clk (net)
                  0.20    0.00    0.15 ^ clkbuf_0_clk/A (sky130_fd_sc_hd__clkbuf_16)
                  0.04    0.18    0.33 ^ clkbuf_0_clk/X (sky130_fd_sc_hd__clkbuf_16)
     2    0.02                           clknet_0_clk (net)
                  0.04    0.00    0.33 ^ clkbuf_1_0__f_clk/A (sky130_fd_sc_hd__clkbuf_16)
                  0.05    0.14    0.47 ^ clkbuf_1_0__f_clk/X (sky130_fd_sc_hd__clkbuf_16)
    14    0.03                           clknet_1_0__leaf_clk (net)
                  0.05    0.00    0.47 ^ _410_/CLK (sky130_fd_sc_hd__dfrtp_4)
                          0.25    0.72   clock uncertainty
                         -0.04    0.67   clock reconvergence pessimism
                         -0.03    0.64   library hold time
                                  0.64   data required time
-----------------------------------------------------------------------------
                                  0.64   data required time
                                 -1.06   data arrival time
-----------------------------------------------------------------------------
                                  0.42   slack (MET)


Startpoint: _421_ (rising edge-triggered flip-flop clocked by clk)
Endpoint: _421_ (rising edge-triggered flip-flop clocked by clk)
Path Group: clk
Path Type: min

Fanout     Cap    Slew   Delay    Time   Description
-----------------------------------------------------------------------------
                          0.00    0.00   clock clk (rise edge)
                          0.00    0.00   clock source latency
                  0.20    0.14    0.14 ^ clk (in)
     1    0.04                           clk (net)
                  0.20    0.00    0.14 ^ clkbuf_0_clk/A (sky130_fd_sc_hd__clkbuf_16)
                  0.04    0.16    0.30 ^ clkbuf_0_clk/X (sky130_fd_sc_hd__clkbuf_16)
     2    0.02                           clknet_0_clk (net)
                  0.04    0.00    0.30 ^ clkbuf_1_1__f_clk/A (sky130_fd_sc_hd__clkbuf_16)
                  0.05    0.12    0.42 ^ clkbuf_1_1__f_clk/X (sky130_fd_sc_hd__clkbuf_16)
    14    0.03                           clknet_1_1__leaf_clk (net)
                  0.05    0.00    0.42 ^ _421_/CLK (sky130_fd_sc_hd__dfrtp_4)
                  0.11    0.43    0.85 ^ _421_/Q (sky130_fd_sc_hd__dfrtp_4)
     4    0.03                           net13 (net)
                  0.11    0.00    0.86 ^ _285_/A0 (sky130_fd_sc_hd__mux2_1)
                  0.05    0.14    0.99 ^ _285_/X (sky130_fd_sc_hd__mux2_1)
     1    0.00                           _122_ (net)
                  0.05    0.00    0.99 ^ _286_/A (sky130_fd_sc_hd__clkbuf_1)
                  0.05    0.08    1.07 ^ _286_/X (sky130_fd_sc_hd__clkbuf_1)
     1    0.00                           _047_ (net)
                  0.05    0.00    1.07 ^ _421_/D (sky130_fd_sc_hd__dfrtp_4)
                                  1.07   data arrival time

                          0.00    0.00   clock clk (rise edge)
                          0.00    0.00   clock source latency
                  0.20    0.15    0.15 ^ clk (in)
     1    0.04                           clk (net)
                  0.20    0.00    0.15 ^ clkbuf_0_clk/A (sky130_fd_sc_hd__clkbuf_16)
                  0.04    0.18    0.33 ^ clkbuf_0_clk/X (sky130_fd_sc_hd__clkbuf_16)
     2    0.02                           clknet_0_clk (net)
                  0.04    0.00    0.33 ^ clkbuf_1_1__f_clk/A (sky130_fd_sc_hd__clkbuf_16)
                  0.05    0.14    0.47 ^ clkbuf_1_1__f_clk/X (sky130_fd_sc_hd__clkbuf_16)
    14    0.03                           clknet_1_1__leaf_clk (net)
                  0.05    0.00    0.47 ^ _421_/CLK (sky130_fd_sc_hd__dfrtp_4)
                          0.25    0.72   clock uncertainty
                         -0.04    0.67   clock reconvergence pessimism
                         -0.04    0.64   library hold time
                                  0.64   data required time
-----------------------------------------------------------------------------
                                  0.64   data required time
                                 -1.07   data arrival time
-----------------------------------------------------------------------------
                                  0.44   slack (MET)


Startpoint: _401_ (rising edge-triggered flip-flop clocked by clk)
Endpoint: _419_ (rising edge-triggered flip-flop clocked by clk)
Path Group: clk
Path Type: min

Fanout     Cap    Slew   Delay    Time   Description
-----------------------------------------------------------------------------
                          0.00    0.00   clock clk (rise edge)
                          0.00    0.00   clock source latency
                  0.20    0.14    0.14 ^ clk (in)
     1    0.04                           clk (net)
                  0.20    0.00    0.14 ^ clkbuf_0_clk/A (sky130_fd_sc_hd__clkbuf_16)
                  0.04    0.16    0.30 ^ clkbuf_0_clk/X (sky130_fd_sc_hd__clkbuf_16)
     2    0.02                           clknet_0_clk (net)
                  0.04    0.00    0.30 ^ clkbuf_1_1__f_clk/A (sky130_fd_sc_hd__clkbuf_16)
                  0.05    0.12    0.42 ^ clkbuf_1_1__f_clk/X (sky130_fd_sc_hd__clkbuf_16)
    14    0.03                           clknet_1_1__leaf_clk (net)
                  0.05    0.00    0.42 ^ _401_/CLK (sky130_fd_sc_hd__dfrtp_4)
                  0.10    0.43    0.85 ^ _401_/Q (sky130_fd_sc_hd__dfrtp_4)
     8    0.03                           U_PC.pc[3] (net)
                  0.10    0.00    0.85 ^ _232_/A (sky130_fd_sc_hd__nor3_2)
                  0.05    0.07    0.92 v _232_/Y (sky130_fd_sc_hd__nor3_2)
     5    0.01                           _073_ (net)
                  0.05    0.00    0.92 v _300_/A1 (sky130_fd_sc_hd__a21o_1)
                  0.04    0.15    1.07 v _300_/X (sky130_fd_sc_hd__a21o_1)
     1    0.00                           _045_ (net)
                  0.04    0.00    1.07 v _419_/D (sky130_fd_sc_hd__dfrtp_4)
                                  1.07   data arrival time

                          0.00    0.00   clock clk (rise edge)
                          0.00    0.00   clock source latency
                  0.20    0.15    0.15 ^ clk (in)
     1    0.04                           clk (net)
                  0.20    0.00    0.15 ^ clkbuf_0_clk/A (sky130_fd_sc_hd__clkbuf_16)
                  0.04    0.18    0.33 ^ clkbuf_0_clk/X (sky130_fd_sc_hd__clkbuf_16)
     2    0.02                           clknet_0_clk (net)
                  0.04    0.00    0.33 ^ clkbuf_1_1__f_clk/A (sky130_fd_sc_hd__clkbuf_16)
                  0.05    0.14    0.47 ^ clkbuf_1_1__f_clk/X (sky130_fd_sc_hd__clkbuf_16)
    14    0.03                           clknet_1_1__leaf_clk (net)
                  0.05    0.00    0.47 ^ _419_/CLK (sky130_fd_sc_hd__dfrtp_4)
                          0.25    0.72   clock uncertainty
                         -0.04    0.67   clock reconvergence pessimism
                         -0.04    0.64   library hold time
                                  0.64   data required time
-----------------------------------------------------------------------------
                                  0.64   data required time
                                 -1.07   data arrival time
-----------------------------------------------------------------------------
                                  0.44   slack (MET)


Startpoint: _401_ (rising edge-triggered flip-flop clocked by clk)
Endpoint: _420_ (rising edge-triggered flip-flop clocked by clk)
Path Group: clk
Path Type: min

Fanout     Cap    Slew   Delay    Time   Description
-----------------------------------------------------------------------------
                          0.00    0.00   clock clk (rise edge)
                          0.00    0.00   clock source latency
                  0.20    0.14    0.14 ^ clk (in)
     1    0.04                           clk (net)
                  0.20    0.00    0.14 ^ clkbuf_0_clk/A (sky130_fd_sc_hd__clkbuf_16)
                  0.04    0.16    0.30 ^ clkbuf_0_clk/X (sky130_fd_sc_hd__clkbuf_16)
     2    0.02                           clknet_0_clk (net)
                  0.04    0.00    0.30 ^ clkbuf_1_1__f_clk/A (sky130_fd_sc_hd__clkbuf_16)
                  0.05    0.12    0.42 ^ clkbuf_1_1__f_clk/X (sky130_fd_sc_hd__clkbuf_16)
    14    0.03                           clknet_1_1__leaf_clk (net)
                  0.05    0.00    0.42 ^ _401_/CLK (sky130_fd_sc_hd__dfrtp_4)
                  0.10    0.43    0.85 ^ _401_/Q (sky130_fd_sc_hd__dfrtp_4)
     8    0.03                           U_PC.pc[3] (net)
                  0.10    0.00    0.85 ^ _232_/A (sky130_fd_sc_hd__nor3_2)
                  0.05    0.07    0.92 v _232_/Y (sky130_fd_sc_hd__nor3_2)
     5    0.01                           _073_ (net)
                  0.05    0.00    0.92 v _292_/A1 (sky130_fd_sc_hd__a21bo_1)
                  0.03    0.16    1.08 v _292_/X (sky130_fd_sc_hd__a21bo_1)
     1    0.00                           _046_ (net)
                  0.03    0.00    1.08 v _420_/D (sky130_fd_sc_hd__dfrtp_4)
                                  1.08   data arrival time

                          0.00    0.00   clock clk (rise edge)
                          0.00    0.00   clock source latency
                  0.20    0.15    0.15 ^ clk (in)
     1    0.04                           clk (net)
                  0.20    0.00    0.15 ^ clkbuf_0_clk/A (sky130_fd_sc_hd__clkbuf_16)
                  0.04    0.18    0.33 ^ clkbuf_0_clk/X (sky130_fd_sc_hd__clkbuf_16)
     2    0.02                           clknet_0_clk (net)
                  0.04    0.00    0.33 ^ clkbuf_1_1__f_clk/A (sky130_fd_sc_hd__clkbuf_16)
                  0.05    0.14    0.47 ^ clkbuf_1_1__f_clk/X (sky130_fd_sc_hd__clkbuf_16)
    14    0.03                           clknet_1_1__leaf_clk (net)
                  0.05    0.00    0.47 ^ _420_/CLK (sky130_fd_sc_hd__dfrtp_4)
                          0.25    0.72   clock uncertainty
                         -0.04    0.67   clock reconvergence pessimism
                         -0.04    0.64   library hold time
                                  0.64   data required time
-----------------------------------------------------------------------------
                                  0.64   data required time
                                 -1.08   data arrival time
-----------------------------------------------------------------------------
                                  0.44   slack (MET)


Startpoint: _417_ (rising edge-triggered flip-flop clocked by clk)
Endpoint: _400_ (rising edge-triggered flip-flop clocked by clk)
Path Group: clk
Path Type: min

Fanout     Cap    Slew   Delay    Time   Description
-----------------------------------------------------------------------------
                          0.00    0.00   clock clk (rise edge)
                          0.00    0.00   clock source latency
                  0.20    0.14    0.14 ^ clk (in)
     1    0.04                           clk (net)
                  0.20    0.00    0.14 ^ clkbuf_0_clk/A (sky130_fd_sc_hd__clkbuf_16)
                  0.04    0.16    0.30 ^ clkbuf_0_clk/X (sky130_fd_sc_hd__clkbuf_16)
     2    0.02                           clknet_0_clk (net)
                  0.04    0.00    0.30 ^ clkbuf_1_0__f_clk/A (sky130_fd_sc_hd__clkbuf_16)
                  0.05    0.12    0.42 ^ clkbuf_1_0__f_clk/X (sky130_fd_sc_hd__clkbuf_16)
    14    0.03                           clknet_1_0__leaf_clk (net)
                  0.05    0.00    0.42 ^ _417_/CLK (sky130_fd_sc_hd__dfrtp_4)
                  0.11    0.43    0.85 ^ _417_/Q (sky130_fd_sc_hd__dfrtp_4)
     3    0.03                           net21 (net)
                  0.11    0.00    0.85 ^ _358_/A1 (sky130_fd_sc_hd__o21a_1)
                  0.05    0.13    0.98 ^ _358_/X (sky130_fd_sc_hd__o21a_1)
     2    0.00                           _174_ (net)
                  0.05    0.00    0.98 ^ _364_/B2 (sky130_fd_sc_hd__o2bb2a_1)
                  0.05    0.12    1.11 ^ _364_/X (sky130_fd_sc_hd__o2bb2a_1)
     1    0.00                           U_PC.next_pc[2] (net)
                  0.05    0.00    1.11 ^ _400_/D (sky130_fd_sc_hd__dfrtp_4)
                                  1.11   data arrival time

                          0.00    0.00   clock clk (rise edge)
                          0.00    0.00   clock source latency
                  0.20    0.15    0.15 ^ clk (in)
     1    0.04                           clk (net)
                  0.20    0.00    0.15 ^ clkbuf_0_clk/A (sky130_fd_sc_hd__clkbuf_16)
                  0.04    0.18    0.33 ^ clkbuf_0_clk/X (sky130_fd_sc_hd__clkbuf_16)
     2    0.02                           clknet_0_clk (net)
                  0.04    0.00    0.33 ^ clkbuf_1_1__f_clk/A (sky130_fd_sc_hd__clkbuf_16)
                  0.05    0.14    0.47 ^ clkbuf_1_1__f_clk/X (sky130_fd_sc_hd__clkbuf_16)
    14    0.03                           clknet_1_1__leaf_clk (net)
                  0.05    0.00    0.47 ^ _400_/CLK (sky130_fd_sc_hd__dfrtp_4)
                          0.25    0.72   clock uncertainty
                         -0.03    0.69   clock reconvergence pessimism
                         -0.03    0.65   library hold time
                                  0.65   data required time
-----------------------------------------------------------------------------
                                  0.65   data required time
                                 -1.11   data arrival time
-----------------------------------------------------------------------------
                                  0.45   slack (MET)


Startpoint: _404_ (rising edge-triggered flip-flop clocked by clk)
Endpoint: _404_ (rising edge-triggered flip-flop clocked by clk)
Path Group: clk
Path Type: min

Fanout     Cap    Slew   Delay    Time   Description
-----------------------------------------------------------------------------
                          0.00    0.00   clock clk (rise edge)
                          0.00    0.00   clock source latency
                  0.20    0.14    0.14 ^ clk (in)
     1    0.04                           clk (net)
                  0.20    0.00    0.14 ^ clkbuf_0_clk/A (sky130_fd_sc_hd__clkbuf_16)
                  0.04    0.16    0.30 ^ clkbuf_0_clk/X (sky130_fd_sc_hd__clkbuf_16)
     2    0.02                           clknet_0_clk (net)
                  0.04    0.00    0.30 ^ clkbuf_1_1__f_clk/A (sky130_fd_sc_hd__clkbuf_16)
                  0.05    0.12    0.42 ^ clkbuf_1_1__f_clk/X (sky130_fd_sc_hd__clkbuf_16)
    14    0.03                           clknet_1_1__leaf_clk (net)
                  0.05    0.00    0.42 ^ _404_/CLK (sky130_fd_sc_hd__dfrtp_4)
                  0.16    0.47    0.90 ^ _404_/Q (sky130_fd_sc_hd__dfrtp_4)
     4    0.05                           net4 (net)
                  0.16    0.00    0.90 ^ _351_/A0 (sky130_fd_sc_hd__mux2_1)
                  0.04    0.15    1.04 ^ _351_/X (sky130_fd_sc_hd__mux2_1)
     1    0.00                           _171_ (net)
                  0.04    0.00    1.04 ^ _352_/A (sky130_fd_sc_hd__clkbuf_1)
                  0.05    0.08    1.12 ^ _352_/X (sky130_fd_sc_hd__clkbuf_1)
     1    0.00                           _030_ (net)
                  0.05    0.00    1.12 ^ _404_/D (sky130_fd_sc_hd__dfrtp_4)
                                  1.12   data arrival time

                          0.00    0.00   clock clk (rise edge)
                          0.00    0.00   clock source latency
                  0.20    0.15    0.15 ^ clk (in)
     1    0.04                           clk (net)
                  0.20    0.00    0.15 ^ clkbuf_0_clk/A (sky130_fd_sc_hd__clkbuf_16)
                  0.04    0.18    0.33 ^ clkbuf_0_clk/X (sky130_fd_sc_hd__clkbuf_16)
     2    0.02                           clknet_0_clk (net)
                  0.04    0.00    0.33 ^ clkbuf_1_1__f_clk/A (sky130_fd_sc_hd__clkbuf_16)
                  0.05    0.14    0.47 ^ clkbuf_1_1__f_clk/X (sky130_fd_sc_hd__clkbuf_16)
    14    0.03                           clknet_1_1__leaf_clk (net)
                  0.05    0.00    0.47 ^ _404_/CLK (sky130_fd_sc_hd__dfrtp_4)
                          0.25    0.72   clock uncertainty
                         -0.04    0.67   clock reconvergence pessimism
                         -0.03    0.64   library hold time
                                  0.64   data required time
-----------------------------------------------------------------------------
                                  0.64   data required time
                                 -1.12   data arrival time
-----------------------------------------------------------------------------
                                  0.48   slack (MET)


Startpoint: _417_ (rising edge-triggered flip-flop clocked by clk)
Endpoint: _399_ (rising edge-triggered flip-flop clocked by clk)
Path Group: clk
Path Type: min

Fanout     Cap    Slew   Delay    Time   Description
-----------------------------------------------------------------------------
                          0.00    0.00   clock clk (rise edge)
                          0.00    0.00   clock source latency
                  0.20    0.14    0.14 ^ clk (in)
     1    0.04                           clk (net)
                  0.20    0.00    0.14 ^ clkbuf_0_clk/A (sky130_fd_sc_hd__clkbuf_16)
                  0.04    0.16    0.30 ^ clkbuf_0_clk/X (sky130_fd_sc_hd__clkbuf_16)
     2    0.02                           clknet_0_clk (net)
                  0.04    0.00    0.30 ^ clkbuf_1_0__f_clk/A (sky130_fd_sc_hd__clkbuf_16)
                  0.05    0.12    0.42 ^ clkbuf_1_0__f_clk/X (sky130_fd_sc_hd__clkbuf_16)
    14    0.03                           clknet_1_0__leaf_clk (net)
                  0.05    0.00    0.42 ^ _417_/CLK (sky130_fd_sc_hd__dfrtp_4)
                  0.11    0.43    0.85 ^ _417_/Q (sky130_fd_sc_hd__dfrtp_4)
     3    0.03                           net21 (net)
                  0.11    0.00    0.85 ^ _358_/A1 (sky130_fd_sc_hd__o21a_1)
                  0.05    0.13    0.98 ^ _358_/X (sky130_fd_sc_hd__o21a_1)
     2    0.00                           _174_ (net)
                  0.05    0.00    0.98 ^ _360_/B (sky130_fd_sc_hd__or3_1)
                  0.04    0.09    1.07 ^ _360_/X (sky130_fd_sc_hd__or3_1)
     1    0.00                           _176_ (net)
                  0.04    0.00    1.07 ^ _361_/A (sky130_fd_sc_hd__clkbuf_1)
                  0.05    0.08    1.15 ^ _361_/X (sky130_fd_sc_hd__clkbuf_1)
     1    0.00                           U_PC.next_pc[1] (net)
                  0.05    0.00    1.15 ^ _399_/D (sky130_fd_sc_hd__dfrtp_4)
                                  1.15   data arrival time

                          0.00    0.00   clock clk (rise edge)
                          0.00    0.00   clock source latency
                  0.20    0.15    0.15 ^ clk (in)
     1    0.04                           clk (net)
                  0.20    0.00    0.15 ^ clkbuf_0_clk/A (sky130_fd_sc_hd__clkbuf_16)
                  0.04    0.18    0.33 ^ clkbuf_0_clk/X (sky130_fd_sc_hd__clkbuf_16)
     2    0.02                           clknet_0_clk (net)
                  0.04    0.00    0.33 ^ clkbuf_1_1__f_clk/A (sky130_fd_sc_hd__clkbuf_16)
                  0.05    0.14    0.47 ^ clkbuf_1_1__f_clk/X (sky130_fd_sc_hd__clkbuf_16)
    14    0.03                           clknet_1_1__leaf_clk (net)
                  0.05    0.00    0.47 ^ _399_/CLK (sky130_fd_sc_hd__dfrtp_4)
                          0.25    0.72   clock uncertainty
                         -0.03    0.69   clock reconvergence pessimism
                         -0.04    0.65   library hold time
                                  0.65   data required time
-----------------------------------------------------------------------------
                                  0.65   data required time
                                 -1.15   data arrival time
-----------------------------------------------------------------------------
                                  0.50   slack (MET)


Startpoint: _425_ (rising edge-triggered flip-flop clocked by clk)
Endpoint: _425_ (rising edge-triggered flip-flop clocked by clk)
Path Group: clk
Path Type: min

Fanout     Cap    Slew   Delay    Time   Description
-----------------------------------------------------------------------------
                          0.00    0.00   clock clk (rise edge)
                          0.00    0.00   clock source latency
                  0.20    0.14    0.14 ^ clk (in)
     1    0.04                           clk (net)
                  0.20    0.00    0.14 ^ clkbuf_0_clk/A (sky130_fd_sc_hd__clkbuf_16)
                  0.04    0.16    0.30 ^ clkbuf_0_clk/X (sky130_fd_sc_hd__clkbuf_16)
     2    0.02                           clknet_0_clk (net)
                  0.04    0.00    0.30 ^ clkbuf_1_0__f_clk/A (sky130_fd_sc_hd__clkbuf_16)
                  0.05    0.12    0.42 ^ clkbuf_1_0__f_clk/X (sky130_fd_sc_hd__clkbuf_16)
    14    0.03                           clknet_1_0__leaf_clk (net)
                  0.05    0.00    0.42 ^ _425_/CLK (sky130_fd_sc_hd__dfrtp_4)
                  0.06    0.38    0.81 ^ _425_/Q (sky130_fd_sc_hd__dfrtp_4)
     3    0.01                           net17 (net)
                  0.06    0.00    0.81 ^ _199_/A (sky130_fd_sc_hd__and2_2)
                  0.11    0.18    0.99 ^ _199_/X (sky130_fd_sc_hd__and2_2)
     7    0.02                           _185_ (net)
                  0.11    0.00    0.99 ^ _268_/A (sky130_fd_sc_hd__or2_1)
                  0.05    0.11    1.10 ^ _268_/X (sky130_fd_sc_hd__or2_1)
     1    0.00                           _109_ (net)
                  0.05    0.00    1.10 ^ _269_/A (sky130_fd_sc_hd__clkbuf_1)
                  0.05    0.08    1.18 ^ _269_/X (sky130_fd_sc_hd__clkbuf_1)
     1    0.00                           _051_ (net)
                  0.05    0.00    1.18 ^ _425_/D (sky130_fd_sc_hd__dfrtp_4)
                                  1.18   data arrival time

                          0.00    0.00   clock clk (rise edge)
                          0.00    0.00   clock source latency
                  0.20    0.15    0.15 ^ clk (in)
     1    0.04                           clk (net)
                  0.20    0.00    0.15 ^ clkbuf_0_clk/A (sky130_fd_sc_hd__clkbuf_16)
                  0.04    0.18    0.33 ^ clkbuf_0_clk/X (sky130_fd_sc_hd__clkbuf_16)
     2    0.02                           clknet_0_clk (net)
                  0.04    0.00    0.33 ^ clkbuf_1_0__f_clk/A (sky130_fd_sc_hd__clkbuf_16)
                  0.05    0.14    0.47 ^ clkbuf_1_0__f_clk/X (sky130_fd_sc_hd__clkbuf_16)
    14    0.03                           clknet_1_0__leaf_clk (net)
                  0.05    0.00    0.47 ^ _425_/CLK (sky130_fd_sc_hd__dfrtp_4)
                          0.25    0.72   clock uncertainty
                         -0.04    0.67   clock reconvergence pessimism
                         -0.03    0.64   library hold time
                                  0.64   data required time
-----------------------------------------------------------------------------
                                  0.64   data required time
                                 -1.18   data arrival time
-----------------------------------------------------------------------------
                                  0.54   slack (MET)


Startpoint: _423_ (rising edge-triggered flip-flop clocked by clk)
Endpoint: _423_ (rising edge-triggered flip-flop clocked by clk)
Path Group: clk
Path Type: min

Fanout     Cap    Slew   Delay    Time   Description
-----------------------------------------------------------------------------
                          0.00    0.00   clock clk (rise edge)
                          0.00    0.00   clock source latency
                  0.20    0.14    0.14 ^ clk (in)
     1    0.04                           clk (net)
                  0.20    0.00    0.14 ^ clkbuf_0_clk/A (sky130_fd_sc_hd__clkbuf_16)
                  0.04    0.16    0.30 ^ clkbuf_0_clk/X (sky130_fd_sc_hd__clkbuf_16)
     2    0.02                           clknet_0_clk (net)
                  0.04    0.00    0.30 ^ clkbuf_1_0__f_clk/A (sky130_fd_sc_hd__clkbuf_16)
                  0.05    0.12    0.42 ^ clkbuf_1_0__f_clk/X (sky130_fd_sc_hd__clkbuf_16)
    14    0.03                           clknet_1_0__leaf_clk (net)
                  0.05    0.00    0.42 ^ _423_/CLK (sky130_fd_sc_hd__dfrtp_4)
                  0.11    0.43    0.86 ^ _423_/Q (sky130_fd_sc_hd__dfrtp_4)
     3    0.03                           net15 (net)
                  0.11    0.00    0.86 ^ _210_/A (sky130_fd_sc_hd__and2_1)
                  0.18    0.22    1.08 ^ _210_/X (sky130_fd_sc_hd__and2_1)
     5    0.02                           _196_ (net)
                  0.18    0.00    1.08 ^ _278_/B1 (sky130_fd_sc_hd__a21o_1)
                  0.04    0.11    1.19 ^ _278_/X (sky130_fd_sc_hd__a21o_1)
     1    0.00                           _049_ (net)
                  0.04    0.00    1.19 ^ _423_/D (sky130_fd_sc_hd__dfrtp_4)
                                  1.19   data arrival time

                          0.00    0.00   clock clk (rise edge)
                          0.00    0.00   clock source latency
                  0.20    0.15    0.15 ^ clk (in)
     1    0.04                           clk (net)
                  0.20    0.00    0.15 ^ clkbuf_0_clk/A (sky130_fd_sc_hd__clkbuf_16)
                  0.04    0.18    0.33 ^ clkbuf_0_clk/X (sky130_fd_sc_hd__clkbuf_16)
     2    0.02                           clknet_0_clk (net)
                  0.04    0.00    0.33 ^ clkbuf_1_0__f_clk/A (sky130_fd_sc_hd__clkbuf_16)
                  0.05    0.14    0.47 ^ clkbuf_1_0__f_clk/X (sky130_fd_sc_hd__clkbuf_16)
    14    0.03                           clknet_1_0__leaf_clk (net)
                  0.05    0.00    0.47 ^ _423_/CLK (sky130_fd_sc_hd__dfrtp_4)
                          0.25    0.72   clock uncertainty
                         -0.04    0.67   clock reconvergence pessimism
                         -0.03    0.64   library hold time
                                  0.64   data required time
-----------------------------------------------------------------------------
                                  0.64   data required time
                                 -1.19   data arrival time
-----------------------------------------------------------------------------
                                  0.55   slack (MET)


Startpoint: _399_ (rising edge-triggered flip-flop clocked by clk)
Endpoint: _412_ (rising edge-triggered flip-flop clocked by clk)
Path Group: clk
Path Type: min

Fanout     Cap    Slew   Delay    Time   Description
-----------------------------------------------------------------------------
                          0.00    0.00   clock clk (rise edge)
                          0.00    0.00   clock source latency
                  0.20    0.14    0.14 ^ clk (in)
     1    0.04                           clk (net)
                  0.20    0.00    0.14 ^ clkbuf_0_clk/A (sky130_fd_sc_hd__clkbuf_16)
                  0.04    0.16    0.30 ^ clkbuf_0_clk/X (sky130_fd_sc_hd__clkbuf_16)
     2    0.02                           clknet_0_clk (net)
                  0.04    0.00    0.30 ^ clkbuf_1_1__f_clk/A (sky130_fd_sc_hd__clkbuf_16)
                  0.05    0.12    0.42 ^ clkbuf_1_1__f_clk/X (sky130_fd_sc_hd__clkbuf_16)
    14    0.03                           clknet_1_1__leaf_clk (net)
                  0.05    0.00    0.42 ^ _399_/CLK (sky130_fd_sc_hd__dfrtp_4)
                  0.11    0.43    0.85 ^ _399_/Q (sky130_fd_sc_hd__dfrtp_4)
     9    0.03                           U_PC.pc[1] (net)
                  0.11    0.00    0.85 ^ _265_/A (sky130_fd_sc_hd__and2_1)
                  0.04    0.12    0.97 ^ _265_/X (sky130_fd_sc_hd__and2_1)
     1    0.00                           _106_ (net)
                  0.04    0.00    0.97 ^ _266_/A (sky130_fd_sc_hd__clkbuf_4)
                  0.08    0.15    1.12 ^ _266_/X (sky130_fd_sc_hd__clkbuf_4)
     9    0.02                           _107_ (net)
                  0.08    0.00    1.12 ^ _336_/B1 (sky130_fd_sc_hd__a21o_1)
                  0.04    0.08    1.21 ^ _336_/X (sky130_fd_sc_hd__a21o_1)
     1    0.00                           _038_ (net)
                  0.04    0.00    1.21 ^ _412_/D (sky130_fd_sc_hd__dfrtp_2)
                                  1.21   data arrival time

                          0.00    0.00   clock clk (rise edge)
                          0.00    0.00   clock source latency
                  0.20    0.15    0.15 ^ clk (in)
     1    0.04                           clk (net)
                  0.20    0.00    0.15 ^ clkbuf_0_clk/A (sky130_fd_sc_hd__clkbuf_16)
                  0.04    0.18    0.33 ^ clkbuf_0_clk/X (sky130_fd_sc_hd__clkbuf_16)
     2    0.02                           clknet_0_clk (net)
                  0.04    0.00    0.33 ^ clkbuf_1_1__f_clk/A (sky130_fd_sc_hd__clkbuf_16)
                  0.05    0.14    0.47 ^ clkbuf_1_1__f_clk/X (sky130_fd_sc_hd__clkbuf_16)
    14    0.03                           clknet_1_1__leaf_clk (net)
                  0.05    0.00    0.47 ^ _412_/CLK (sky130_fd_sc_hd__dfrtp_2)
                          0.25    0.72   clock uncertainty
                         -0.04    0.67   clock reconvergence pessimism
                         -0.03    0.64   library hold time
                                  0.64   data required time
-----------------------------------------------------------------------------
                                  0.64   data required time
                                 -1.21   data arrival time
-----------------------------------------------------------------------------
                                  0.56   slack (MET)


Startpoint: _422_ (rising edge-triggered flip-flop clocked by clk)
Endpoint: _422_ (rising edge-triggered flip-flop clocked by clk)
Path Group: clk
Path Type: min

Fanout     Cap    Slew   Delay    Time   Description
-----------------------------------------------------------------------------
                          0.00    0.00   clock clk (rise edge)
                          0.00    0.00   clock source latency
                  0.20    0.14    0.14 ^ clk (in)
     1    0.04                           clk (net)
                  0.20    0.00    0.14 ^ clkbuf_0_clk/A (sky130_fd_sc_hd__clkbuf_16)
                  0.04    0.16    0.30 ^ clkbuf_0_clk/X (sky130_fd_sc_hd__clkbuf_16)
     2    0.02                           clknet_0_clk (net)
                  0.04    0.00    0.30 ^ clkbuf_1_0__f_clk/A (sky130_fd_sc_hd__clkbuf_16)
                  0.05    0.12    0.42 ^ clkbuf_1_0__f_clk/X (sky130_fd_sc_hd__clkbuf_16)
    14    0.03                           clknet_1_0__leaf_clk (net)
                  0.05    0.00    0.42 ^ _422_/CLK (sky130_fd_sc_hd__dfrtp_4)
                  0.14    0.46    0.88 ^ _422_/Q (sky130_fd_sc_hd__dfrtp_4)
     5    0.04                           net14 (net)
                  0.14    0.00    0.88 ^ _214_/A (sky130_fd_sc_hd__and2_1)
                  0.10    0.18    1.06 ^ _214_/X (sky130_fd_sc_hd__and2_1)
     3    0.01                           _055_ (net)
                  0.10    0.00    1.06 ^ _280_/A (sky130_fd_sc_hd__or2_1)
                  0.05    0.11    1.17 ^ _280_/X (sky130_fd_sc_hd__or2_1)
     1    0.00                           _118_ (net)
                  0.05    0.00    1.17 ^ _281_/A (sky130_fd_sc_hd__clkbuf_1)
                  0.05    0.08    1.25 ^ _281_/X (sky130_fd_sc_hd__clkbuf_1)
     1    0.00                           _048_ (net)
                  0.05    0.00    1.25 ^ _422_/D (sky130_fd_sc_hd__dfrtp_4)
                                  1.25   data arrival time

                          0.00    0.00   clock clk (rise edge)
                          0.00    0.00   clock source latency
                  0.20    0.15    0.15 ^ clk (in)
     1    0.04                           clk (net)
                  0.20    0.00    0.15 ^ clkbuf_0_clk/A (sky130_fd_sc_hd__clkbuf_16)
                  0.04    0.18    0.33 ^ clkbuf_0_clk/X (sky130_fd_sc_hd__clkbuf_16)
     2    0.02                           clknet_0_clk (net)
                  0.04    0.00    0.33 ^ clkbuf_1_0__f_clk/A (sky130_fd_sc_hd__clkbuf_16)
                  0.05    0.14    0.47 ^ clkbuf_1_0__f_clk/X (sky130_fd_sc_hd__clkbuf_16)
    14    0.03                           clknet_1_0__leaf_clk (net)
                  0.05    0.00    0.47 ^ _422_/CLK (sky130_fd_sc_hd__dfrtp_4)
                          0.25    0.72   clock uncertainty
                         -0.04    0.67   clock reconvergence pessimism
                         -0.03    0.64   library hold time
                                  0.64   data required time
-----------------------------------------------------------------------------
                                  0.64   data required time
                                 -1.25   data arrival time
-----------------------------------------------------------------------------
                                  0.61   slack (MET)


Startpoint: _406_ (rising edge-triggered flip-flop clocked by clk)
Endpoint: _406_ (rising edge-triggered flip-flop clocked by clk)
Path Group: clk
Path Type: min

Fanout     Cap    Slew   Delay    Time   Description
-----------------------------------------------------------------------------
                          0.00    0.00   clock clk (rise edge)
                          0.00    0.00   clock source latency
                  0.20    0.14    0.14 ^ clk (in)
     1    0.04                           clk (net)
                  0.20    0.00    0.14 ^ clkbuf_0_clk/A (sky130_fd_sc_hd__clkbuf_16)
                  0.04    0.16    0.30 ^ clkbuf_0_clk/X (sky130_fd_sc_hd__clkbuf_16)
     2    0.02                           clknet_0_clk (net)
                  0.04    0.00    0.30 ^ clkbuf_1_0__f_clk/A (sky130_fd_sc_hd__clkbuf_16)
                  0.05    0.12    0.42 ^ clkbuf_1_0__f_clk/X (sky130_fd_sc_hd__clkbuf_16)
    14    0.03                           clknet_1_0__leaf_clk (net)
                  0.05    0.00    0.42 ^ _406_/CLK (sky130_fd_sc_hd__dfrtp_2)
                  0.05    0.33    0.75 ^ _406_/Q (sky130_fd_sc_hd__dfrtp_2)
     3    0.01                           net6 (net)
                  0.05    0.00    0.75 ^ _212_/A (sky130_fd_sc_hd__and3_1)
                  0.13    0.19    0.94 ^ _212_/X (sky130_fd_sc_hd__and3_1)
     4    0.01                           _053_ (net)
                  0.13    0.00    0.94 ^ _306_/A (sky130_fd_sc_hd__or2_1)
                  0.06    0.12    1.07 ^ _306_/X (sky130_fd_sc_hd__or2_1)
     2    0.00                           _139_ (net)
                  0.06    0.00    1.07 ^ _347_/B (sky130_fd_sc_hd__or3b_1)
                  0.04    0.10    1.16 ^ _347_/X (sky130_fd_sc_hd__or3b_1)
     1    0.00                           _169_ (net)
                  0.04    0.00    1.16 ^ _348_/B1 (sky130_fd_sc_hd__o21a_1)
                  0.04    0.10    1.26 ^ _348_/X (sky130_fd_sc_hd__o21a_1)
     1    0.00                           _032_ (net)
                  0.04    0.00    1.26 ^ _406_/D (sky130_fd_sc_hd__dfrtp_2)
                                  1.26   data arrival time

                          0.00    0.00   clock clk (rise edge)
                          0.00    0.00   clock source latency
                  0.20    0.15    0.15 ^ clk (in)
     1    0.04                           clk (net)
                  0.20    0.00    0.15 ^ clkbuf_0_clk/A (sky130_fd_sc_hd__clkbuf_16)
                  0.04    0.18    0.33 ^ clkbuf_0_clk/X (sky130_fd_sc_hd__clkbuf_16)
     2    0.02                           clknet_0_clk (net)
                  0.04    0.00    0.33 ^ clkbuf_1_0__f_clk/A (sky130_fd_sc_hd__clkbuf_16)
                  0.05    0.14    0.47 ^ clkbuf_1_0__f_clk/X (sky130_fd_sc_hd__clkbuf_16)
    14    0.03                           clknet_1_0__leaf_clk (net)
                  0.05    0.00    0.47 ^ _406_/CLK (sky130_fd_sc_hd__dfrtp_2)
                          0.25    0.72   clock uncertainty
                         -0.04    0.67   clock reconvergence pessimism
                         -0.03    0.64   library hold time
                                  0.64   data required time
-----------------------------------------------------------------------------
                                  0.64   data required time
                                 -1.26   data arrival time
-----------------------------------------------------------------------------
                                  0.62   slack (MET)


Startpoint: rst (input port clocked by clk)
Endpoint: _425_ (removal check against rising-edge clock clk)
Path Group: asynchronous
Path Type: min

Fanout     Cap    Slew   Delay    Time   Description
-----------------------------------------------------------------------------
                          0.00    0.00   clock clk (rise edge)
                          0.00    0.00   clock network delay (propagated)
                          4.00    4.00 v input external delay
                  0.02    0.01    4.01 v rst (in)
     1    0.01                           rst (net)
                  0.02    0.00    4.01 v input1/A (sky130_fd_sc_hd__buf_1)
                  0.08    0.11    4.12 v input1/X (sky130_fd_sc_hd__buf_1)
     1    0.01                           net1 (net)
                  0.08    0.00    4.12 v _367_/A (sky130_fd_sc_hd__buf_4)
                  0.08    0.19    4.32 v _367_/X (sky130_fd_sc_hd__buf_4)
    10    0.05                           _180_ (net)
                  0.08    0.00    4.32 v _397_/A (sky130_fd_sc_hd__inv_2)
                  0.03    0.05    4.37 ^ _397_/Y (sky130_fd_sc_hd__inv_2)
     1    0.00                           _027_ (net)
                  0.03    0.00    4.37 ^ _425_/RESET_B (sky130_fd_sc_hd__dfrtp_4)
                                  4.37   data arrival time

                          0.00    0.00   clock clk (rise edge)
                          0.00    0.00   clock source latency
                  0.20    0.15    0.15 ^ clk (in)
     1    0.04                           clk (net)
                  0.20    0.00    0.15 ^ clkbuf_0_clk/A (sky130_fd_sc_hd__clkbuf_16)
                  0.04    0.18    0.33 ^ clkbuf_0_clk/X (sky130_fd_sc_hd__clkbuf_16)
     2    0.02                           clknet_0_clk (net)
                  0.04    0.00    0.33 ^ clkbuf_1_0__f_clk/A (sky130_fd_sc_hd__clkbuf_16)
                  0.05    0.14    0.47 ^ clkbuf_1_0__f_clk/X (sky130_fd_sc_hd__clkbuf_16)
    14    0.03                           clknet_1_0__leaf_clk (net)
                  0.05    0.00    0.47 ^ _425_/CLK (sky130_fd_sc_hd__dfrtp_4)
                          0.25    0.72   clock uncertainty
                          0.00    0.72   clock reconvergence pessimism
                          0.32    1.04   library removal time
                                  1.04   data required time
-----------------------------------------------------------------------------
                                  1.04   data required time
                                 -4.37   data arrival time
-----------------------------------------------------------------------------
                                  3.33   slack (MET)


Startpoint: rst (input port clocked by clk)
Endpoint: _424_ (removal check against rising-edge clock clk)
Path Group: asynchronous
Path Type: min

Fanout     Cap    Slew   Delay    Time   Description
-----------------------------------------------------------------------------
                          0.00    0.00   clock clk (rise edge)
                          0.00    0.00   clock network delay (propagated)
                          4.00    4.00 v input external delay
                  0.02    0.01    4.01 v rst (in)
     1    0.01                           rst (net)
                  0.02    0.00    4.01 v input1/A (sky130_fd_sc_hd__buf_1)
                  0.08    0.11    4.12 v input1/X (sky130_fd_sc_hd__buf_1)
     1    0.01                           net1 (net)
                  0.08    0.00    4.12 v _367_/A (sky130_fd_sc_hd__buf_4)
                  0.08    0.19    4.32 v _367_/X (sky130_fd_sc_hd__buf_4)
    10    0.05                           _180_ (net)
                  0.08    0.00    4.32 v _396_/A (sky130_fd_sc_hd__inv_2)
                  0.04    0.06    4.38 ^ _396_/Y (sky130_fd_sc_hd__inv_2)
     1    0.01                           _026_ (net)
                  0.04    0.00    4.38 ^ _424_/RESET_B (sky130_fd_sc_hd__dfrtp_4)
                                  4.38   data arrival time

                          0.00    0.00   clock clk (rise edge)
                          0.00    0.00   clock source latency
                  0.20    0.15    0.15 ^ clk (in)
     1    0.04                           clk (net)
                  0.20    0.00    0.15 ^ clkbuf_0_clk/A (sky130_fd_sc_hd__clkbuf_16)
                  0.04    0.18    0.33 ^ clkbuf_0_clk/X (sky130_fd_sc_hd__clkbuf_16)
     2    0.02                           clknet_0_clk (net)
                  0.04    0.00    0.33 ^ clkbuf_1_0__f_clk/A (sky130_fd_sc_hd__clkbuf_16)
                  0.05    0.14    0.47 ^ clkbuf_1_0__f_clk/X (sky130_fd_sc_hd__clkbuf_16)
    14    0.03                           clknet_1_0__leaf_clk (net)
                  0.05    0.00    0.47 ^ _424_/CLK (sky130_fd_sc_hd__dfrtp_4)
                          0.25    0.72   clock uncertainty
                          0.00    0.72   clock reconvergence pessimism
                          0.32    1.04   library removal time
                                  1.04   data required time
-----------------------------------------------------------------------------
                                  1.04   data required time
                                 -4.38   data arrival time
-----------------------------------------------------------------------------
                                  3.34   slack (MET)


Startpoint: rst (input port clocked by clk)
Endpoint: _418_ (removal check against rising-edge clock clk)
Path Group: asynchronous
Path Type: min

Fanout     Cap    Slew   Delay    Time   Description
-----------------------------------------------------------------------------
                          0.00    0.00   clock clk (rise edge)
                          0.00    0.00   clock network delay (propagated)
                          4.00    4.00 v input external delay
                  0.02    0.01    4.01 v rst (in)
     1    0.01                           rst (net)
                  0.02    0.00    4.01 v input1/A (sky130_fd_sc_hd__buf_1)
                  0.08    0.11    4.12 v input1/X (sky130_fd_sc_hd__buf_1)
     1    0.01                           net1 (net)
                  0.08    0.00    4.12 v _367_/A (sky130_fd_sc_hd__buf_4)
                  0.08    0.19    4.32 v _367_/X (sky130_fd_sc_hd__buf_4)
    10    0.05                           _180_ (net)
                  0.08    0.01    4.32 v _390_/A (sky130_fd_sc_hd__inv_2)
                  0.03    0.06    4.38 ^ _390_/Y (sky130_fd_sc_hd__inv_2)
     1    0.00                           _020_ (net)
                  0.03    0.00    4.38 ^ _418_/RESET_B (sky130_fd_sc_hd__dfrtp_4)
                                  4.38   data arrival time

                          0.00    0.00   clock clk (rise edge)
                          0.00    0.00   clock source latency
                  0.20    0.15    0.15 ^ clk (in)
     1    0.04                           clk (net)
                  0.20    0.00    0.15 ^ clkbuf_0_clk/A (sky130_fd_sc_hd__clkbuf_16)
                  0.04    0.18    0.33 ^ clkbuf_0_clk/X (sky130_fd_sc_hd__clkbuf_16)
     2    0.02                           clknet_0_clk (net)
                  0.04    0.00    0.33 ^ clkbuf_1_1__f_clk/A (sky130_fd_sc_hd__clkbuf_16)
                  0.05    0.14    0.47 ^ clkbuf_1_1__f_clk/X (sky130_fd_sc_hd__clkbuf_16)
    14    0.03                           clknet_1_1__leaf_clk (net)
                  0.05    0.00    0.47 ^ _418_/CLK (sky130_fd_sc_hd__dfrtp_4)
                          0.25    0.72   clock uncertainty
                          0.00    0.72   clock reconvergence pessimism
                          0.32    1.04   library removal time
                                  1.04   data required time
-----------------------------------------------------------------------------
                                  1.04   data required time
                                 -4.38   data arrival time
-----------------------------------------------------------------------------
                                  3.34   slack (MET)


Startpoint: rst (input port clocked by clk)
Endpoint: _420_ (removal check against rising-edge clock clk)
Path Group: asynchronous
Path Type: min

Fanout     Cap    Slew   Delay    Time   Description
-----------------------------------------------------------------------------
                          0.00    0.00   clock clk (rise edge)
                          0.00    0.00   clock network delay (propagated)
                          4.00    4.00 v input external delay
                  0.02    0.01    4.01 v rst (in)
     1    0.01                           rst (net)
                  0.02    0.00    4.01 v input1/A (sky130_fd_sc_hd__buf_1)
                  0.08    0.11    4.12 v input1/X (sky130_fd_sc_hd__buf_1)
     1    0.01                           net1 (net)
                  0.08    0.00    4.12 v _367_/A (sky130_fd_sc_hd__buf_4)
                  0.08    0.19    4.32 v _367_/X (sky130_fd_sc_hd__buf_4)
    10    0.05                           _180_ (net)
                  0.08    0.00    4.32 v _392_/A (sky130_fd_sc_hd__inv_2)
                  0.04    0.06    4.38 ^ _392_/Y (sky130_fd_sc_hd__inv_2)
     1    0.00                           _022_ (net)
                  0.04    0.00    4.38 ^ _420_/RESET_B (sky130_fd_sc_hd__dfrtp_4)
                                  4.38   data arrival time

                          0.00    0.00   clock clk (rise edge)
                          0.00    0.00   clock source latency
                  0.20    0.15    0.15 ^ clk (in)
     1    0.04                           clk (net)
                  0.20    0.00    0.15 ^ clkbuf_0_clk/A (sky130_fd_sc_hd__clkbuf_16)
                  0.04    0.18    0.33 ^ clkbuf_0_clk/X (sky130_fd_sc_hd__clkbuf_16)
     2    0.02                           clknet_0_clk (net)
                  0.04    0.00    0.33 ^ clkbuf_1_1__f_clk/A (sky130_fd_sc_hd__clkbuf_16)
                  0.05    0.14    0.47 ^ clkbuf_1_1__f_clk/X (sky130_fd_sc_hd__clkbuf_16)
    14    0.03                           clknet_1_1__leaf_clk (net)
                  0.05    0.00    0.47 ^ _420_/CLK (sky130_fd_sc_hd__dfrtp_4)
                          0.25    0.72   clock uncertainty
                          0.00    0.72   clock reconvergence pessimism
                          0.32    1.04   library removal time
                                  1.04   data required time
-----------------------------------------------------------------------------
                                  1.04   data required time
                                 -4.38   data arrival time
-----------------------------------------------------------------------------
                                  3.34   slack (MET)


Startpoint: rst (input port clocked by clk)
Endpoint: _422_ (removal check against rising-edge clock clk)
Path Group: asynchronous
Path Type: min

Fanout     Cap    Slew   Delay    Time   Description
-----------------------------------------------------------------------------
                          0.00    0.00   clock clk (rise edge)
                          0.00    0.00   clock network delay (propagated)
                          4.00    4.00 v input external delay
                  0.02    0.01    4.01 v rst (in)
     1    0.01                           rst (net)
                  0.02    0.00    4.01 v input1/A (sky130_fd_sc_hd__buf_1)
                  0.08    0.11    4.12 v input1/X (sky130_fd_sc_hd__buf_1)
     1    0.01                           net1 (net)
                  0.08    0.00    4.12 v _367_/A (sky130_fd_sc_hd__buf_4)
                  0.08    0.19    4.32 v _367_/X (sky130_fd_sc_hd__buf_4)
    10    0.05                           _180_ (net)
                  0.08    0.00    4.32 v _394_/A (sky130_fd_sc_hd__inv_2)
                  0.04    0.06    4.38 ^ _394_/Y (sky130_fd_sc_hd__inv_2)
     1    0.00                           _024_ (net)
                  0.04    0.00    4.38 ^ _422_/RESET_B (sky130_fd_sc_hd__dfrtp_4)
                                  4.38   data arrival time

                          0.00    0.00   clock clk (rise edge)
                          0.00    0.00   clock source latency
                  0.20    0.15    0.15 ^ clk (in)
     1    0.04                           clk (net)
                  0.20    0.00    0.15 ^ clkbuf_0_clk/A (sky130_fd_sc_hd__clkbuf_16)
                  0.04    0.18    0.33 ^ clkbuf_0_clk/X (sky130_fd_sc_hd__clkbuf_16)
     2    0.02                           clknet_0_clk (net)
                  0.04    0.00    0.33 ^ clkbuf_1_0__f_clk/A (sky130_fd_sc_hd__clkbuf_16)
                  0.05    0.14    0.47 ^ clkbuf_1_0__f_clk/X (sky130_fd_sc_hd__clkbuf_16)
    14    0.03                           clknet_1_0__leaf_clk (net)
                  0.05    0.00    0.47 ^ _422_/CLK (sky130_fd_sc_hd__dfrtp_4)
                          0.25    0.72   clock uncertainty
                          0.00    0.72   clock reconvergence pessimism
                          0.32    1.04   library removal time
                                  1.04   data required time
-----------------------------------------------------------------------------
                                  1.04   data required time
                                 -4.38   data arrival time
-----------------------------------------------------------------------------
                                  3.34   slack (MET)


Startpoint: rst (input port clocked by clk)
Endpoint: _419_ (removal check against rising-edge clock clk)
Path Group: asynchronous
Path Type: min

Fanout     Cap    Slew   Delay    Time   Description
-----------------------------------------------------------------------------
                          0.00    0.00   clock clk (rise edge)
                          0.00    0.00   clock network delay (propagated)
                          4.00    4.00 v input external delay
                  0.02    0.01    4.01 v rst (in)
     1    0.01                           rst (net)
                  0.02    0.00    4.01 v input1/A (sky130_fd_sc_hd__buf_1)
                  0.08    0.11    4.12 v input1/X (sky130_fd_sc_hd__buf_1)
     1    0.01                           net1 (net)
                  0.08    0.00    4.12 v _367_/A (sky130_fd_sc_hd__buf_4)
                  0.08    0.19    4.32 v _367_/X (sky130_fd_sc_hd__buf_4)
    10    0.05                           _180_ (net)
                  0.08    0.00    4.32 v _391_/A (sky130_fd_sc_hd__inv_2)
                  0.04    0.06    4.38 ^ _391_/Y (sky130_fd_sc_hd__inv_2)
     1    0.00                           _021_ (net)
                  0.04    0.00    4.38 ^ _419_/RESET_B (sky130_fd_sc_hd__dfrtp_4)
                                  4.38   data arrival time

                          0.00    0.00   clock clk (rise edge)
                          0.00    0.00   clock source latency
                  0.20    0.15    0.15 ^ clk (in)
     1    0.04                           clk (net)
                  0.20    0.00    0.15 ^ clkbuf_0_clk/A (sky130_fd_sc_hd__clkbuf_16)
                  0.04    0.18    0.33 ^ clkbuf_0_clk/X (sky130_fd_sc_hd__clkbuf_16)
     2    0.02                           clknet_0_clk (net)
                  0.04    0.00    0.33 ^ clkbuf_1_1__f_clk/A (sky130_fd_sc_hd__clkbuf_16)
                  0.05    0.14    0.47 ^ clkbuf_1_1__f_clk/X (sky130_fd_sc_hd__clkbuf_16)
    14    0.03                           clknet_1_1__leaf_clk (net)
                  0.05    0.00    0.47 ^ _419_/CLK (sky130_fd_sc_hd__dfrtp_4)
                          0.25    0.72   clock uncertainty
                          0.00    0.72   clock reconvergence pessimism
                          0.32    1.04   library removal time
                                  1.04   data required time
-----------------------------------------------------------------------------
                                  1.04   data required time
                                 -4.38   data arrival time
-----------------------------------------------------------------------------
                                  3.34   slack (MET)


Startpoint: rst (input port clocked by clk)
Endpoint: _421_ (removal check against rising-edge clock clk)
Path Group: asynchronous
Path Type: min

Fanout     Cap    Slew   Delay    Time   Description
-----------------------------------------------------------------------------
                          0.00    0.00   clock clk (rise edge)
                          0.00    0.00   clock network delay (propagated)
                          4.00    4.00 v input external delay
                  0.02    0.01    4.01 v rst (in)
     1    0.01                           rst (net)
                  0.02    0.00    4.01 v input1/A (sky130_fd_sc_hd__buf_1)
                  0.08    0.11    4.12 v input1/X (sky130_fd_sc_hd__buf_1)
     1    0.01                           net1 (net)
                  0.08    0.00    4.12 v _367_/A (sky130_fd_sc_hd__buf_4)
                  0.08    0.19    4.32 v _367_/X (sky130_fd_sc_hd__buf_4)
    10    0.05                           _180_ (net)
                  0.08    0.01    4.32 v _393_/A (sky130_fd_sc_hd__inv_2)
                  0.04    0.06    4.38 ^ _393_/Y (sky130_fd_sc_hd__inv_2)
     1    0.00                           _023_ (net)
                  0.04    0.00    4.38 ^ _421_/RESET_B (sky130_fd_sc_hd__dfrtp_4)
                                  4.38   data arrival time

                          0.00    0.00   clock clk (rise edge)
                          0.00    0.00   clock source latency
                  0.20    0.15    0.15 ^ clk (in)
     1    0.04                           clk (net)
                  0.20    0.00    0.15 ^ clkbuf_0_clk/A (sky130_fd_sc_hd__clkbuf_16)
                  0.04    0.18    0.33 ^ clkbuf_0_clk/X (sky130_fd_sc_hd__clkbuf_16)
     2    0.02                           clknet_0_clk (net)
                  0.04    0.00    0.33 ^ clkbuf_1_1__f_clk/A (sky130_fd_sc_hd__clkbuf_16)
                  0.05    0.14    0.47 ^ clkbuf_1_1__f_clk/X (sky130_fd_sc_hd__clkbuf_16)
    14    0.03                           clknet_1_1__leaf_clk (net)
                  0.05    0.00    0.47 ^ _421_/CLK (sky130_fd_sc_hd__dfrtp_4)
                          0.25    0.72   clock uncertainty
                          0.00    0.72   clock reconvergence pessimism
                          0.32    1.04   library removal time
                                  1.04   data required time
-----------------------------------------------------------------------------
                                  1.04   data required time
                                 -4.38   data arrival time
-----------------------------------------------------------------------------
                                  3.34   slack (MET)


Startpoint: rst (input port clocked by clk)
Endpoint: _423_ (removal check against rising-edge clock clk)
Path Group: asynchronous
Path Type: min

Fanout     Cap    Slew   Delay    Time   Description
-----------------------------------------------------------------------------
                          0.00    0.00   clock clk (rise edge)
                          0.00    0.00   clock network delay (propagated)
                          4.00    4.00 v input external delay
                  0.02    0.01    4.01 v rst (in)
     1    0.01                           rst (net)
                  0.02    0.00    4.01 v input1/A (sky130_fd_sc_hd__buf_1)
                  0.08    0.11    4.12 v input1/X (sky130_fd_sc_hd__buf_1)
     1    0.01                           net1 (net)
                  0.08    0.00    4.12 v _367_/A (sky130_fd_sc_hd__buf_4)
                  0.08    0.19    4.32 v _367_/X (sky130_fd_sc_hd__buf_4)
    10    0.05                           _180_ (net)
                  0.08    0.00    4.32 v _395_/A (sky130_fd_sc_hd__inv_2)
                  0.04    0.06    4.38 ^ _395_/Y (sky130_fd_sc_hd__inv_2)
     1    0.01                           _025_ (net)
                  0.04    0.00    4.38 ^ _423_/RESET_B (sky130_fd_sc_hd__dfrtp_4)
                                  4.38   data arrival time

                          0.00    0.00   clock clk (rise edge)
                          0.00    0.00   clock source latency
                  0.20    0.15    0.15 ^ clk (in)
     1    0.04                           clk (net)
                  0.20    0.00    0.15 ^ clkbuf_0_clk/A (sky130_fd_sc_hd__clkbuf_16)
                  0.04    0.18    0.33 ^ clkbuf_0_clk/X (sky130_fd_sc_hd__clkbuf_16)
     2    0.02                           clknet_0_clk (net)
                  0.04    0.00    0.33 ^ clkbuf_1_0__f_clk/A (sky130_fd_sc_hd__clkbuf_16)
                  0.05    0.14    0.47 ^ clkbuf_1_0__f_clk/X (sky130_fd_sc_hd__clkbuf_16)
    14    0.03                           clknet_1_0__leaf_clk (net)
                  0.05    0.00    0.47 ^ _423_/CLK (sky130_fd_sc_hd__dfrtp_4)
                          0.25    0.72   clock uncertainty
                          0.00    0.72   clock reconvergence pessimism
                          0.32    1.04   library removal time
                                  1.04   data required time
-----------------------------------------------------------------------------
                                  1.04   data required time
                                 -4.38   data arrival time
-----------------------------------------------------------------------------
                                  3.34   slack (MET)


Startpoint: rst (input port clocked by clk)
Endpoint: _417_ (removal check against rising-edge clock clk)
Path Group: asynchronous
Path Type: min

Fanout     Cap    Slew   Delay    Time   Description
-----------------------------------------------------------------------------
                          0.00    0.00   clock clk (rise edge)
                          0.00    0.00   clock network delay (propagated)
                          4.00    4.00 v input external delay
                  0.02    0.01    4.01 v rst (in)
     1    0.01                           rst (net)
                  0.02    0.00    4.01 v input1/A (sky130_fd_sc_hd__buf_1)
                  0.08    0.11    4.12 v input1/X (sky130_fd_sc_hd__buf_1)
     1    0.01                           net1 (net)
                  0.08    0.00    4.12 v _367_/A (sky130_fd_sc_hd__buf_4)
                  0.08    0.19    4.32 v _367_/X (sky130_fd_sc_hd__buf_4)
    10    0.05                           _180_ (net)
                  0.08    0.00    4.32 v _379_/A (sky130_fd_sc_hd__buf_4)
                  0.07    0.18    4.50 v _379_/X (sky130_fd_sc_hd__buf_4)
    10    0.04                           _182_ (net)
                  0.07    0.00    4.50 v _389_/A (sky130_fd_sc_hd__inv_2)
                  0.03    0.05    4.55 ^ _389_/Y (sky130_fd_sc_hd__inv_2)
     1    0.00                           _019_ (net)
                  0.03    0.00    4.55 ^ _417_/RESET_B (sky130_fd_sc_hd__dfrtp_4)
                                  4.55   data arrival time

                          0.00    0.00   clock clk (rise edge)
                          0.00    0.00   clock source latency
                  0.20    0.15    0.15 ^ clk (in)
     1    0.04                           clk (net)
                  0.20    0.00    0.15 ^ clkbuf_0_clk/A (sky130_fd_sc_hd__clkbuf_16)
                  0.04    0.18    0.33 ^ clkbuf_0_clk/X (sky130_fd_sc_hd__clkbuf_16)
     2    0.02                           clknet_0_clk (net)
                  0.04    0.00    0.33 ^ clkbuf_1_0__f_clk/A (sky130_fd_sc_hd__clkbuf_16)
                  0.05    0.14    0.47 ^ clkbuf_1_0__f_clk/X (sky130_fd_sc_hd__clkbuf_16)
    14    0.03                           clknet_1_0__leaf_clk (net)
                  0.05    0.00    0.47 ^ _417_/CLK (sky130_fd_sc_hd__dfrtp_4)
                          0.25    0.72   clock uncertainty
                          0.00    0.72   clock reconvergence pessimism
                          0.32    1.04   library removal time
                                  1.04   data required time
-----------------------------------------------------------------------------
                                  1.04   data required time
                                 -4.55   data arrival time
-----------------------------------------------------------------------------
                                  3.52   slack (MET)


Startpoint: rst (input port clocked by clk)
Endpoint: _414_ (removal check against rising-edge clock clk)
Path Group: asynchronous
Path Type: min

Fanout     Cap    Slew   Delay    Time   Description
-----------------------------------------------------------------------------
                          0.00    0.00   clock clk (rise edge)
                          0.00    0.00   clock network delay (propagated)
                          4.00    4.00 v input external delay
                  0.02    0.01    4.01 v rst (in)
     1    0.01                           rst (net)
                  0.02    0.00    4.01 v input1/A (sky130_fd_sc_hd__buf_1)
                  0.08    0.11    4.12 v input1/X (sky130_fd_sc_hd__buf_1)
     1    0.01                           net1 (net)
                  0.08    0.00    4.12 v _367_/A (sky130_fd_sc_hd__buf_4)
                  0.08    0.19    4.32 v _367_/X (sky130_fd_sc_hd__buf_4)
    10    0.05                           _180_ (net)
                  0.08    0.00    4.32 v _379_/A (sky130_fd_sc_hd__buf_4)
                  0.07    0.18    4.50 v _379_/X (sky130_fd_sc_hd__buf_4)
    10    0.04                           _182_ (net)
                  0.07    0.00    4.50 v _386_/A (sky130_fd_sc_hd__inv_2)
                  0.03    0.05    4.55 ^ _386_/Y (sky130_fd_sc_hd__inv_2)
     1    0.00                           _016_ (net)
                  0.03    0.00    4.55 ^ _414_/RESET_B (sky130_fd_sc_hd__dfrtp_4)
                                  4.55   data arrival time

                          0.00    0.00   clock clk (rise edge)
                          0.00    0.00   clock source latency
                  0.20    0.15    0.15 ^ clk (in)
     1    0.04                           clk (net)
                  0.20    0.00    0.15 ^ clkbuf_0_clk/A (sky130_fd_sc_hd__clkbuf_16)
                  0.04    0.18    0.33 ^ clkbuf_0_clk/X (sky130_fd_sc_hd__clkbuf_16)
     2    0.02                           clknet_0_clk (net)
                  0.04    0.00    0.33 ^ clkbuf_1_0__f_clk/A (sky130_fd_sc_hd__clkbuf_16)
                  0.05    0.14    0.47 ^ clkbuf_1_0__f_clk/X (sky130_fd_sc_hd__clkbuf_16)
    14    0.03                           clknet_1_0__leaf_clk (net)
                  0.05    0.00    0.47 ^ _414_/CLK (sky130_fd_sc_hd__dfrtp_4)
                          0.25    0.72   clock uncertainty
                          0.00    0.72   clock reconvergence pessimism
                          0.32    1.04   library removal time
                                  1.04   data required time
-----------------------------------------------------------------------------
                                  1.04   data required time
                                 -4.55   data arrival time
-----------------------------------------------------------------------------
                                  3.52   slack (MET)


Startpoint: rst (input port clocked by clk)
Endpoint: _413_ (removal check against rising-edge clock clk)
Path Group: asynchronous
Path Type: min

Fanout     Cap    Slew   Delay    Time   Description
-----------------------------------------------------------------------------
                          0.00    0.00   clock clk (rise edge)
                          0.00    0.00   clock network delay (propagated)
                          4.00    4.00 v input external delay
                  0.02    0.01    4.01 v rst (in)
     1    0.01                           rst (net)
                  0.02    0.00    4.01 v input1/A (sky130_fd_sc_hd__buf_1)
                  0.08    0.11    4.12 v input1/X (sky130_fd_sc_hd__buf_1)
     1    0.01                           net1 (net)
                  0.08    0.00    4.12 v _367_/A (sky130_fd_sc_hd__buf_4)
                  0.08    0.19    4.32 v _367_/X (sky130_fd_sc_hd__buf_4)
    10    0.05                           _180_ (net)
                  0.08    0.00    4.32 v _379_/A (sky130_fd_sc_hd__buf_4)
                  0.07    0.18    4.50 v _379_/X (sky130_fd_sc_hd__buf_4)
    10    0.04                           _182_ (net)
                  0.07    0.00    4.50 v _385_/A (sky130_fd_sc_hd__inv_2)
                  0.03    0.05    4.55 ^ _385_/Y (sky130_fd_sc_hd__inv_2)
     1    0.00                           _015_ (net)
                  0.03    0.00    4.55 ^ _413_/RESET_B (sky130_fd_sc_hd__dfrtp_4)
                                  4.55   data arrival time

                          0.00    0.00   clock clk (rise edge)
                          0.00    0.00   clock source latency
                  0.20    0.15    0.15 ^ clk (in)
     1    0.04                           clk (net)
                  0.20    0.00    0.15 ^ clkbuf_0_clk/A (sky130_fd_sc_hd__clkbuf_16)
                  0.04    0.18    0.33 ^ clkbuf_0_clk/X (sky130_fd_sc_hd__clkbuf_16)
     2    0.02                           clknet_0_clk (net)
                  0.04    0.00    0.33 ^ clkbuf_1_0__f_clk/A (sky130_fd_sc_hd__clkbuf_16)
                  0.05    0.14    0.47 ^ clkbuf_1_0__f_clk/X (sky130_fd_sc_hd__clkbuf_16)
    14    0.03                           clknet_1_0__leaf_clk (net)
                  0.05    0.00    0.47 ^ _413_/CLK (sky130_fd_sc_hd__dfrtp_4)
                          0.25    0.72   clock uncertainty
                          0.00    0.72   clock reconvergence pessimism
                          0.32    1.04   library removal time
                                  1.04   data required time
-----------------------------------------------------------------------------
                                  1.04   data required time
                                 -4.55   data arrival time
-----------------------------------------------------------------------------
                                  3.52   slack (MET)


Startpoint: rst (input port clocked by clk)
Endpoint: _412_ (removal check against rising-edge clock clk)
Path Group: asynchronous
Path Type: min

Fanout     Cap    Slew   Delay    Time   Description
-----------------------------------------------------------------------------
                          0.00    0.00   clock clk (rise edge)
                          0.00    0.00   clock network delay (propagated)
                          4.00    4.00 v input external delay
                  0.02    0.01    4.01 v rst (in)
     1    0.01                           rst (net)
                  0.02    0.00    4.01 v input1/A (sky130_fd_sc_hd__buf_1)
                  0.08    0.11    4.12 v input1/X (sky130_fd_sc_hd__buf_1)
     1    0.01                           net1 (net)
                  0.08    0.00    4.12 v _367_/A (sky130_fd_sc_hd__buf_4)
                  0.08    0.19    4.32 v _367_/X (sky130_fd_sc_hd__buf_4)
    10    0.05                           _180_ (net)
                  0.08    0.00    4.32 v _379_/A (sky130_fd_sc_hd__buf_4)
                  0.07    0.18    4.50 v _379_/X (sky130_fd_sc_hd__buf_4)
    10    0.04                           _182_ (net)
                  0.07    0.00    4.50 v _384_/A (sky130_fd_sc_hd__inv_2)
                  0.03    0.05    4.55 ^ _384_/Y (sky130_fd_sc_hd__inv_2)
     1    0.00                           _014_ (net)
                  0.03    0.00    4.55 ^ _412_/RESET_B (sky130_fd_sc_hd__dfrtp_2)
                                  4.55   data arrival time

                          0.00    0.00   clock clk (rise edge)
                          0.00    0.00   clock source latency
                  0.20    0.15    0.15 ^ clk (in)
     1    0.04                           clk (net)
                  0.20    0.00    0.15 ^ clkbuf_0_clk/A (sky130_fd_sc_hd__clkbuf_16)
                  0.04    0.18    0.33 ^ clkbuf_0_clk/X (sky130_fd_sc_hd__clkbuf_16)
     2    0.02                           clknet_0_clk (net)
                  0.04    0.00    0.33 ^ clkbuf_1_1__f_clk/A (sky130_fd_sc_hd__clkbuf_16)
                  0.05    0.14    0.47 ^ clkbuf_1_1__f_clk/X (sky130_fd_sc_hd__clkbuf_16)
    14    0.03                           clknet_1_1__leaf_clk (net)
                  0.05    0.00    0.47 ^ _412_/CLK (sky130_fd_sc_hd__dfrtp_2)
                          0.25    0.72   clock uncertainty
                          0.00    0.72   clock reconvergence pessimism
                          0.32    1.04   library removal time
                                  1.04   data required time
-----------------------------------------------------------------------------
                                  1.04   data required time
                                 -4.55   data arrival time
-----------------------------------------------------------------------------
                                  3.52   slack (MET)


Startpoint: rst (input port clocked by clk)
Endpoint: _415_ (removal check against rising-edge clock clk)
Path Group: asynchronous
Path Type: min

Fanout     Cap    Slew   Delay    Time   Description
-----------------------------------------------------------------------------
                          0.00    0.00   clock clk (rise edge)
                          0.00    0.00   clock network delay (propagated)
                          4.00    4.00 v input external delay
                  0.02    0.01    4.01 v rst (in)
     1    0.01                           rst (net)
                  0.02    0.00    4.01 v input1/A (sky130_fd_sc_hd__buf_1)
                  0.08    0.11    4.12 v input1/X (sky130_fd_sc_hd__buf_1)
     1    0.01                           net1 (net)
                  0.08    0.00    4.12 v _367_/A (sky130_fd_sc_hd__buf_4)
                  0.08    0.19    4.32 v _367_/X (sky130_fd_sc_hd__buf_4)
    10    0.05                           _180_ (net)
                  0.08    0.00    4.32 v _379_/A (sky130_fd_sc_hd__buf_4)
                  0.07    0.18    4.50 v _379_/X (sky130_fd_sc_hd__buf_4)
    10    0.04                           _182_ (net)
                  0.07    0.00    4.50 v _387_/A (sky130_fd_sc_hd__inv_2)
                  0.03    0.05    4.55 ^ _387_/Y (sky130_fd_sc_hd__inv_2)
     1    0.00                           _017_ (net)
                  0.03    0.00    4.55 ^ _415_/RESET_B (sky130_fd_sc_hd__dfrtp_4)
                                  4.55   data arrival time

                          0.00    0.00   clock clk (rise edge)
                          0.00    0.00   clock source latency
                  0.20    0.15    0.15 ^ clk (in)
     1    0.04                           clk (net)
                  0.20    0.00    0.15 ^ clkbuf_0_clk/A (sky130_fd_sc_hd__clkbuf_16)
                  0.04    0.18    0.33 ^ clkbuf_0_clk/X (sky130_fd_sc_hd__clkbuf_16)
     2    0.02                           clknet_0_clk (net)
                  0.04    0.00    0.33 ^ clkbuf_1_0__f_clk/A (sky130_fd_sc_hd__clkbuf_16)
                  0.05    0.14    0.47 ^ clkbuf_1_0__f_clk/X (sky130_fd_sc_hd__clkbuf_16)
    14    0.03                           clknet_1_0__leaf_clk (net)
                  0.05    0.00    0.47 ^ _415_/CLK (sky130_fd_sc_hd__dfrtp_4)
                          0.25    0.72   clock uncertainty
                          0.00    0.72   clock reconvergence pessimism
                          0.32    1.04   library removal time
                                  1.04   data required time
-----------------------------------------------------------------------------
                                  1.04   data required time
                                 -4.55   data arrival time
-----------------------------------------------------------------------------
                                  3.52   slack (MET)


Startpoint: rst (input port clocked by clk)
Endpoint: _416_ (removal check against rising-edge clock clk)
Path Group: asynchronous
Path Type: min

Fanout     Cap    Slew   Delay    Time   Description
-----------------------------------------------------------------------------
                          0.00    0.00   clock clk (rise edge)
                          0.00    0.00   clock network delay (propagated)
                          4.00    4.00 v input external delay
                  0.02    0.01    4.01 v rst (in)
     1    0.01                           rst (net)
                  0.02    0.00    4.01 v input1/A (sky130_fd_sc_hd__buf_1)
                  0.08    0.11    4.12 v input1/X (sky130_fd_sc_hd__buf_1)
     1    0.01                           net1 (net)
                  0.08    0.00    4.12 v _367_/A (sky130_fd_sc_hd__buf_4)
                  0.08    0.19    4.32 v _367_/X (sky130_fd_sc_hd__buf_4)
    10    0.05                           _180_ (net)
                  0.08    0.00    4.32 v _379_/A (sky130_fd_sc_hd__buf_4)
                  0.07    0.18    4.50 v _379_/X (sky130_fd_sc_hd__buf_4)
    10    0.04                           _182_ (net)
                  0.07    0.00    4.50 v _388_/A (sky130_fd_sc_hd__inv_2)
                  0.03    0.05    4.55 ^ _388_/Y (sky130_fd_sc_hd__inv_2)
     1    0.00                           _018_ (net)
                  0.03    0.00    4.55 ^ _416_/RESET_B (sky130_fd_sc_hd__dfrtp_4)
                                  4.55   data arrival time

                          0.00    0.00   clock clk (rise edge)
                          0.00    0.00   clock source latency
                  0.20    0.15    0.15 ^ clk (in)
     1    0.04                           clk (net)
                  0.20    0.00    0.15 ^ clkbuf_0_clk/A (sky130_fd_sc_hd__clkbuf_16)
                  0.04    0.18    0.33 ^ clkbuf_0_clk/X (sky130_fd_sc_hd__clkbuf_16)
     2    0.02                           clknet_0_clk (net)
                  0.04    0.00    0.33 ^ clkbuf_1_0__f_clk/A (sky130_fd_sc_hd__clkbuf_16)
                  0.05    0.14    0.47 ^ clkbuf_1_0__f_clk/X (sky130_fd_sc_hd__clkbuf_16)
    14    0.03                           clknet_1_0__leaf_clk (net)
                  0.05    0.00    0.47 ^ _416_/CLK (sky130_fd_sc_hd__dfrtp_4)
                          0.25    0.72   clock uncertainty
                          0.00    0.72   clock reconvergence pessimism
                          0.32    1.04   library removal time
                                  1.04   data required time
-----------------------------------------------------------------------------
                                  1.04   data required time
                                 -4.55   data arrival time
-----------------------------------------------------------------------------
                                  3.52   slack (MET)


Startpoint: rst (input port clocked by clk)
Endpoint: _399_ (removal check against rising-edge clock clk)
Path Group: asynchronous
Path Type: min

Fanout     Cap    Slew   Delay    Time   Description
-----------------------------------------------------------------------------
                          0.00    0.00   clock clk (rise edge)
                          0.00    0.00   clock network delay (propagated)
                          4.00    4.00 v input external delay
                  0.02    0.01    4.01 v rst (in)
     1    0.01                           rst (net)
                  0.02    0.00    4.01 v input1/A (sky130_fd_sc_hd__buf_1)
                  0.08    0.11    4.12 v input1/X (sky130_fd_sc_hd__buf_1)
     1    0.01                           net1 (net)
                  0.08    0.00    4.12 v _367_/A (sky130_fd_sc_hd__buf_4)
                  0.08    0.19    4.32 v _367_/X (sky130_fd_sc_hd__buf_4)
    10    0.05                           _180_ (net)
                  0.08    0.01    4.32 v _368_/A (sky130_fd_sc_hd__buf_4)
                  0.07    0.18    4.50 v _368_/X (sky130_fd_sc_hd__buf_4)
    10    0.04                           _181_ (net)
                  0.07    0.00    4.50 v _370_/A (sky130_fd_sc_hd__inv_2)
                  0.03    0.05    4.55 ^ _370_/Y (sky130_fd_sc_hd__inv_2)
     1    0.00                           _001_ (net)
                  0.03    0.00    4.55 ^ _399_/RESET_B (sky130_fd_sc_hd__dfrtp_4)
                                  4.55   data arrival time

                          0.00    0.00   clock clk (rise edge)
                          0.00    0.00   clock source latency
                  0.20    0.15    0.15 ^ clk (in)
     1    0.04                           clk (net)
                  0.20    0.00    0.15 ^ clkbuf_0_clk/A (sky130_fd_sc_hd__clkbuf_16)
                  0.04    0.18    0.33 ^ clkbuf_0_clk/X (sky130_fd_sc_hd__clkbuf_16)
     2    0.02                           clknet_0_clk (net)
                  0.04    0.00    0.33 ^ clkbuf_1_1__f_clk/A (sky130_fd_sc_hd__clkbuf_16)
                  0.05    0.14    0.47 ^ clkbuf_1_1__f_clk/X (sky130_fd_sc_hd__clkbuf_16)
    14    0.03                           clknet_1_1__leaf_clk (net)
                  0.05    0.00    0.47 ^ _399_/CLK (sky130_fd_sc_hd__dfrtp_4)
                          0.25    0.72   clock uncertainty
                          0.00    0.72   clock reconvergence pessimism
                          0.32    1.04   library removal time
                                  1.04   data required time
-----------------------------------------------------------------------------
                                  1.04   data required time
                                 -4.55   data arrival time
-----------------------------------------------------------------------------
                                  3.52   slack (MET)


Startpoint: rst (input port clocked by clk)
Endpoint: _410_ (removal check against rising-edge clock clk)
Path Group: asynchronous
Path Type: min

Fanout     Cap    Slew   Delay    Time   Description
-----------------------------------------------------------------------------
                          0.00    0.00   clock clk (rise edge)
                          0.00    0.00   clock network delay (propagated)
                          4.00    4.00 v input external delay
                  0.02    0.01    4.01 v rst (in)
     1    0.01                           rst (net)
                  0.02    0.00    4.01 v input1/A (sky130_fd_sc_hd__buf_1)
                  0.08    0.11    4.12 v input1/X (sky130_fd_sc_hd__buf_1)
     1    0.01                           net1 (net)
                  0.08    0.00    4.12 v _367_/A (sky130_fd_sc_hd__buf_4)
                  0.08    0.19    4.32 v _367_/X (sky130_fd_sc_hd__buf_4)
    10    0.05                           _180_ (net)
                  0.08    0.00    4.32 v _379_/A (sky130_fd_sc_hd__buf_4)
                  0.07    0.18    4.50 v _379_/X (sky130_fd_sc_hd__buf_4)
    10    0.04                           _182_ (net)
                  0.07    0.00    4.50 v _382_/A (sky130_fd_sc_hd__inv_2)
                  0.04    0.06    4.56 ^ _382_/Y (sky130_fd_sc_hd__inv_2)
     1    0.01                           _012_ (net)
                  0.04    0.00    4.56 ^ _410_/RESET_B (sky130_fd_sc_hd__dfrtp_4)
                                  4.56   data arrival time

                          0.00    0.00   clock clk (rise edge)
                          0.00    0.00   clock source latency
                  0.20    0.15    0.15 ^ clk (in)
     1    0.04                           clk (net)
                  0.20    0.00    0.15 ^ clkbuf_0_clk/A (sky130_fd_sc_hd__clkbuf_16)
                  0.04    0.18    0.33 ^ clkbuf_0_clk/X (sky130_fd_sc_hd__clkbuf_16)
     2    0.02                           clknet_0_clk (net)
                  0.04    0.00    0.33 ^ clkbuf_1_0__f_clk/A (sky130_fd_sc_hd__clkbuf_16)
                  0.05    0.14    0.47 ^ clkbuf_1_0__f_clk/X (sky130_fd_sc_hd__clkbuf_16)
    14    0.03                           clknet_1_0__leaf_clk (net)
                  0.05    0.00    0.47 ^ _410_/CLK (sky130_fd_sc_hd__dfrtp_4)
                          0.25    0.72   clock uncertainty
                          0.00    0.72   clock reconvergence pessimism
                          0.32    1.04   library removal time
                                  1.04   data required time
-----------------------------------------------------------------------------
                                  1.04   data required time
                                 -4.56   data arrival time
-----------------------------------------------------------------------------
                                  3.52   slack (MET)


Startpoint: rst (input port clocked by clk)
Endpoint: _401_ (removal check against rising-edge clock clk)
Path Group: asynchronous
Path Type: min

Fanout     Cap    Slew   Delay    Time   Description
-----------------------------------------------------------------------------
                          0.00    0.00   clock clk (rise edge)
                          0.00    0.00   clock network delay (propagated)
                          4.00    4.00 v input external delay
                  0.02    0.01    4.01 v rst (in)
     1    0.01                           rst (net)
                  0.02    0.00    4.01 v input1/A (sky130_fd_sc_hd__buf_1)
                  0.08    0.11    4.12 v input1/X (sky130_fd_sc_hd__buf_1)
     1    0.01                           net1 (net)
                  0.08    0.00    4.12 v _367_/A (sky130_fd_sc_hd__buf_4)
                  0.08    0.19    4.32 v _367_/X (sky130_fd_sc_hd__buf_4)
    10    0.05                           _180_ (net)
                  0.08    0.01    4.32 v _368_/A (sky130_fd_sc_hd__buf_4)
                  0.07    0.18    4.50 v _368_/X (sky130_fd_sc_hd__buf_4)
    10    0.04                           _181_ (net)
                  0.07    0.00    4.50 v _372_/A (sky130_fd_sc_hd__inv_2)
                  0.03    0.05    4.56 ^ _372_/Y (sky130_fd_sc_hd__inv_2)
     1    0.00                           _003_ (net)
                  0.03    0.00    4.56 ^ _401_/RESET_B (sky130_fd_sc_hd__dfrtp_4)
                                  4.56   data arrival time

                          0.00    0.00   clock clk (rise edge)
                          0.00    0.00   clock source latency
                  0.20    0.15    0.15 ^ clk (in)
     1    0.04                           clk (net)
                  0.20    0.00    0.15 ^ clkbuf_0_clk/A (sky130_fd_sc_hd__clkbuf_16)
                  0.04    0.18    0.33 ^ clkbuf_0_clk/X (sky130_fd_sc_hd__clkbuf_16)
     2    0.02                           clknet_0_clk (net)
                  0.04    0.00    0.33 ^ clkbuf_1_1__f_clk/A (sky130_fd_sc_hd__clkbuf_16)
                  0.05    0.14    0.47 ^ clkbuf_1_1__f_clk/X (sky130_fd_sc_hd__clkbuf_16)
    14    0.03                           clknet_1_1__leaf_clk (net)
                  0.05    0.00    0.47 ^ _401_/CLK (sky130_fd_sc_hd__dfrtp_4)
                          0.25    0.72   clock uncertainty
                          0.00    0.72   clock reconvergence pessimism
                          0.32    1.04   library removal time
                                  1.04   data required time
-----------------------------------------------------------------------------
                                  1.04   data required time
                                 -4.56   data arrival time
-----------------------------------------------------------------------------
                                  3.52   slack (MET)


Startpoint: rst (input port clocked by clk)
Endpoint: _404_ (removal check against rising-edge clock clk)
Path Group: asynchronous
Path Type: min

Fanout     Cap    Slew   Delay    Time   Description
-----------------------------------------------------------------------------
                          0.00    0.00   clock clk (rise edge)
                          0.00    0.00   clock network delay (propagated)
                          4.00    4.00 v input external delay
                  0.02    0.01    4.01 v rst (in)
     1    0.01                           rst (net)
                  0.02    0.00    4.01 v input1/A (sky130_fd_sc_hd__buf_1)
                  0.08    0.11    4.12 v input1/X (sky130_fd_sc_hd__buf_1)
     1    0.01                           net1 (net)
                  0.08    0.00    4.12 v _367_/A (sky130_fd_sc_hd__buf_4)
                  0.08    0.19    4.32 v _367_/X (sky130_fd_sc_hd__buf_4)
    10    0.05                           _180_ (net)
                  0.08    0.01    4.32 v _368_/A (sky130_fd_sc_hd__buf_4)
                  0.07    0.18    4.50 v _368_/X (sky130_fd_sc_hd__buf_4)
    10    0.04                           _181_ (net)
                  0.07    0.00    4.50 v _375_/A (sky130_fd_sc_hd__inv_2)
                  0.03    0.05    4.56 ^ _375_/Y (sky130_fd_sc_hd__inv_2)
     1    0.00                           _006_ (net)
                  0.03    0.00    4.56 ^ _404_/RESET_B (sky130_fd_sc_hd__dfrtp_4)
                                  4.56   data arrival time

                          0.00    0.00   clock clk (rise edge)
                          0.00    0.00   clock source latency
                  0.20    0.15    0.15 ^ clk (in)
     1    0.04                           clk (net)
                  0.20    0.00    0.15 ^ clkbuf_0_clk/A (sky130_fd_sc_hd__clkbuf_16)
                  0.04    0.18    0.33 ^ clkbuf_0_clk/X (sky130_fd_sc_hd__clkbuf_16)
     2    0.02                           clknet_0_clk (net)
                  0.04    0.00    0.33 ^ clkbuf_1_1__f_clk/A (sky130_fd_sc_hd__clkbuf_16)
                  0.05    0.14    0.47 ^ clkbuf_1_1__f_clk/X (sky130_fd_sc_hd__clkbuf_16)
    14    0.03                           clknet_1_1__leaf_clk (net)
                  0.05    0.00    0.47 ^ _404_/CLK (sky130_fd_sc_hd__dfrtp_4)
                          0.25    0.72   clock uncertainty
                          0.00    0.72   clock reconvergence pessimism
                          0.32    1.04   library removal time
                                  1.04   data required time
-----------------------------------------------------------------------------
                                  1.04   data required time
                                 -4.56   data arrival time
-----------------------------------------------------------------------------
                                  3.52   slack (MET)


Startpoint: rst (input port clocked by clk)
Endpoint: _411_ (removal check against rising-edge clock clk)
Path Group: asynchronous
Path Type: min

Fanout     Cap    Slew   Delay    Time   Description
-----------------------------------------------------------------------------
                          0.00    0.00   clock clk (rise edge)
                          0.00    0.00   clock network delay (propagated)
                          4.00    4.00 v input external delay
                  0.02    0.01    4.01 v rst (in)
     1    0.01                           rst (net)
                  0.02    0.00    4.01 v input1/A (sky130_fd_sc_hd__buf_1)
                  0.08    0.11    4.12 v input1/X (sky130_fd_sc_hd__buf_1)
     1    0.01                           net1 (net)
                  0.08    0.00    4.12 v _367_/A (sky130_fd_sc_hd__buf_4)
                  0.08    0.19    4.32 v _367_/X (sky130_fd_sc_hd__buf_4)
    10    0.05                           _180_ (net)
                  0.08    0.00    4.32 v _379_/A (sky130_fd_sc_hd__buf_4)
                  0.07    0.18    4.50 v _379_/X (sky130_fd_sc_hd__buf_4)
    10    0.04                           _182_ (net)
                  0.07    0.00    4.50 v _383_/A (sky130_fd_sc_hd__inv_2)
                  0.04    0.06    4.56 ^ _383_/Y (sky130_fd_sc_hd__inv_2)
     1    0.01                           _013_ (net)
                  0.04    0.00    4.56 ^ _411_/RESET_B (sky130_fd_sc_hd__dfrtp_4)
                                  4.56   data arrival time

                          0.00    0.00   clock clk (rise edge)
                          0.00    0.00   clock source latency
                  0.20    0.15    0.15 ^ clk (in)
     1    0.04                           clk (net)
                  0.20    0.00    0.15 ^ clkbuf_0_clk/A (sky130_fd_sc_hd__clkbuf_16)
                  0.04    0.18    0.33 ^ clkbuf_0_clk/X (sky130_fd_sc_hd__clkbuf_16)
     2    0.02                           clknet_0_clk (net)
                  0.04    0.00    0.33 ^ clkbuf_1_1__f_clk/A (sky130_fd_sc_hd__clkbuf_16)
                  0.05    0.14    0.47 ^ clkbuf_1_1__f_clk/X (sky130_fd_sc_hd__clkbuf_16)
    14    0.03                           clknet_1_1__leaf_clk (net)
                  0.05    0.00    0.47 ^ _411_/CLK (sky130_fd_sc_hd__dfrtp_4)
                          0.25    0.72   clock uncertainty
                          0.00    0.72   clock reconvergence pessimism
                          0.32    1.04   library removal time
                                  1.04   data required time
-----------------------------------------------------------------------------
                                  1.04   data required time
                                 -4.56   data arrival time
-----------------------------------------------------------------------------
                                  3.52   slack (MET)


Startpoint: rst (input port clocked by clk)
Endpoint: _408_ (removal check against rising-edge clock clk)
Path Group: asynchronous
Path Type: min

Fanout     Cap    Slew   Delay    Time   Description
-----------------------------------------------------------------------------
                          0.00    0.00   clock clk (rise edge)
                          0.00    0.00   clock network delay (propagated)
                          4.00    4.00 v input external delay
                  0.02    0.01    4.01 v rst (in)
     1    0.01                           rst (net)
                  0.02    0.00    4.01 v input1/A (sky130_fd_sc_hd__buf_1)
                  0.08    0.11    4.12 v input1/X (sky130_fd_sc_hd__buf_1)
     1    0.01                           net1 (net)
                  0.08    0.00    4.12 v _367_/A (sky130_fd_sc_hd__buf_4)
                  0.08    0.19    4.32 v _367_/X (sky130_fd_sc_hd__buf_4)
    10    0.05                           _180_ (net)
                  0.08    0.00    4.32 v _379_/A (sky130_fd_sc_hd__buf_4)
                  0.07    0.18    4.50 v _379_/X (sky130_fd_sc_hd__buf_4)
    10    0.04                           _182_ (net)
                  0.07    0.00    4.50 v _380_/A (sky130_fd_sc_hd__inv_2)
                  0.04    0.06    4.56 ^ _380_/Y (sky130_fd_sc_hd__inv_2)
     1    0.01                           _010_ (net)
                  0.04    0.00    4.56 ^ _408_/RESET_B (sky130_fd_sc_hd__dfrtp_4)
                                  4.56   data arrival time

                          0.00    0.00   clock clk (rise edge)
                          0.00    0.00   clock source latency
                  0.20    0.15    0.15 ^ clk (in)
     1    0.04                           clk (net)
                  0.20    0.00    0.15 ^ clkbuf_0_clk/A (sky130_fd_sc_hd__clkbuf_16)
                  0.04    0.18    0.33 ^ clkbuf_0_clk/X (sky130_fd_sc_hd__clkbuf_16)
     2    0.02                           clknet_0_clk (net)
                  0.04    0.00    0.33 ^ clkbuf_1_0__f_clk/A (sky130_fd_sc_hd__clkbuf_16)
                  0.05    0.14    0.47 ^ clkbuf_1_0__f_clk/X (sky130_fd_sc_hd__clkbuf_16)
    14    0.03                           clknet_1_0__leaf_clk (net)
                  0.05    0.00    0.47 ^ _408_/CLK (sky130_fd_sc_hd__dfrtp_4)
                          0.25    0.72   clock uncertainty
                          0.00    0.72   clock reconvergence pessimism
                          0.32    1.04   library removal time
                                  1.04   data required time
-----------------------------------------------------------------------------
                                  1.04   data required time
                                 -4.56   data arrival time
-----------------------------------------------------------------------------
                                  3.52   slack (MET)


Startpoint: rst (input port clocked by clk)
Endpoint: _400_ (removal check against rising-edge clock clk)
Path Group: asynchronous
Path Type: min

Fanout     Cap    Slew   Delay    Time   Description
-----------------------------------------------------------------------------
                          0.00    0.00   clock clk (rise edge)
                          0.00    0.00   clock network delay (propagated)
                          4.00    4.00 v input external delay
                  0.02    0.01    4.01 v rst (in)
     1    0.01                           rst (net)
                  0.02    0.00    4.01 v input1/A (sky130_fd_sc_hd__buf_1)
                  0.08    0.11    4.12 v input1/X (sky130_fd_sc_hd__buf_1)
     1    0.01                           net1 (net)
                  0.08    0.00    4.12 v _367_/A (sky130_fd_sc_hd__buf_4)
                  0.08    0.19    4.32 v _367_/X (sky130_fd_sc_hd__buf_4)
    10    0.05                           _180_ (net)
                  0.08    0.01    4.32 v _368_/A (sky130_fd_sc_hd__buf_4)
                  0.07    0.18    4.50 v _368_/X (sky130_fd_sc_hd__buf_4)
    10    0.04                           _181_ (net)
                  0.07    0.00    4.50 v _371_/A (sky130_fd_sc_hd__inv_2)
                  0.03    0.05    4.56 ^ _371_/Y (sky130_fd_sc_hd__inv_2)
     1    0.00                           _002_ (net)
                  0.03    0.00    4.56 ^ _400_/RESET_B (sky130_fd_sc_hd__dfrtp_4)
                                  4.56   data arrival time

                          0.00    0.00   clock clk (rise edge)
                          0.00    0.00   clock source latency
                  0.20    0.15    0.15 ^ clk (in)
     1    0.04                           clk (net)
                  0.20    0.00    0.15 ^ clkbuf_0_clk/A (sky130_fd_sc_hd__clkbuf_16)
                  0.04    0.18    0.33 ^ clkbuf_0_clk/X (sky130_fd_sc_hd__clkbuf_16)
     2    0.02                           clknet_0_clk (net)
                  0.04    0.00    0.33 ^ clkbuf_1_1__f_clk/A (sky130_fd_sc_hd__clkbuf_16)
                  0.05    0.14    0.47 ^ clkbuf_1_1__f_clk/X (sky130_fd_sc_hd__clkbuf_16)
    14    0.03                           clknet_1_1__leaf_clk (net)
                  0.05    0.00    0.47 ^ _400_/CLK (sky130_fd_sc_hd__dfrtp_4)
                          0.25    0.72   clock uncertainty
                          0.00    0.72   clock reconvergence pessimism
                          0.32    1.04   library removal time
                                  1.04   data required time
-----------------------------------------------------------------------------
                                  1.04   data required time
                                 -4.56   data arrival time
-----------------------------------------------------------------------------
                                  3.52   slack (MET)


Startpoint: rst (input port clocked by clk)
Endpoint: _398_ (removal check against rising-edge clock clk)
Path Group: asynchronous
Path Type: min

Fanout     Cap    Slew   Delay    Time   Description
-----------------------------------------------------------------------------
                          0.00    0.00   clock clk (rise edge)
                          0.00    0.00   clock network delay (propagated)
                          4.00    4.00 v input external delay
                  0.02    0.01    4.01 v rst (in)
     1    0.01                           rst (net)
                  0.02    0.00    4.01 v input1/A (sky130_fd_sc_hd__buf_1)
                  0.08    0.11    4.12 v input1/X (sky130_fd_sc_hd__buf_1)
     1    0.01                           net1 (net)
                  0.08    0.00    4.12 v _367_/A (sky130_fd_sc_hd__buf_4)
                  0.08    0.19    4.32 v _367_/X (sky130_fd_sc_hd__buf_4)
    10    0.05                           _180_ (net)
                  0.08    0.01    4.32 v _368_/A (sky130_fd_sc_hd__buf_4)
                  0.07    0.18    4.50 v _368_/X (sky130_fd_sc_hd__buf_4)
    10    0.04                           _181_ (net)
                  0.07    0.00    4.50 v _369_/A (sky130_fd_sc_hd__inv_2)
                  0.03    0.05    4.56 ^ _369_/Y (sky130_fd_sc_hd__inv_2)
     1    0.00                           _000_ (net)
                  0.03    0.00    4.56 ^ _398_/RESET_B (sky130_fd_sc_hd__dfrtp_4)
                                  4.56   data arrival time

                          0.00    0.00   clock clk (rise edge)
                          0.00    0.00   clock source latency
                  0.20    0.15    0.15 ^ clk (in)
     1    0.04                           clk (net)
                  0.20    0.00    0.15 ^ clkbuf_0_clk/A (sky130_fd_sc_hd__clkbuf_16)
                  0.04    0.18    0.33 ^ clkbuf_0_clk/X (sky130_fd_sc_hd__clkbuf_16)
     2    0.02                           clknet_0_clk (net)
                  0.04    0.00    0.33 ^ clkbuf_1_1__f_clk/A (sky130_fd_sc_hd__clkbuf_16)
                  0.05    0.14    0.47 ^ clkbuf_1_1__f_clk/X (sky130_fd_sc_hd__clkbuf_16)
    14    0.03                           clknet_1_1__leaf_clk (net)
                  0.05    0.00    0.47 ^ _398_/CLK (sky130_fd_sc_hd__dfrtp_4)
                          0.25    0.72   clock uncertainty
                          0.00    0.72   clock reconvergence pessimism
                          0.32    1.04   library removal time
                                  1.04   data required time
-----------------------------------------------------------------------------
                                  1.04   data required time
                                 -4.56   data arrival time
-----------------------------------------------------------------------------
                                  3.52   slack (MET)


Startpoint: rst (input port clocked by clk)
Endpoint: _409_ (removal check against rising-edge clock clk)
Path Group: asynchronous
Path Type: min

Fanout     Cap    Slew   Delay    Time   Description
-----------------------------------------------------------------------------
                          0.00    0.00   clock clk (rise edge)
                          0.00    0.00   clock network delay (propagated)
                          4.00    4.00 v input external delay
                  0.02    0.01    4.01 v rst (in)
     1    0.01                           rst (net)
                  0.02    0.00    4.01 v input1/A (sky130_fd_sc_hd__buf_1)
                  0.08    0.11    4.12 v input1/X (sky130_fd_sc_hd__buf_1)
     1    0.01                           net1 (net)
                  0.08    0.00    4.12 v _367_/A (sky130_fd_sc_hd__buf_4)
                  0.08    0.19    4.32 v _367_/X (sky130_fd_sc_hd__buf_4)
    10    0.05                           _180_ (net)
                  0.08    0.00    4.32 v _379_/A (sky130_fd_sc_hd__buf_4)
                  0.07    0.18    4.50 v _379_/X (sky130_fd_sc_hd__buf_4)
    10    0.04                           _182_ (net)
                  0.07    0.00    4.50 v _381_/A (sky130_fd_sc_hd__inv_2)
                  0.04    0.06    4.56 ^ _381_/Y (sky130_fd_sc_hd__inv_2)
     1    0.01                           _011_ (net)
                  0.04    0.00    4.56 ^ _409_/RESET_B (sky130_fd_sc_hd__dfrtp_4)
                                  4.56   data arrival time

                          0.00    0.00   clock clk (rise edge)
                          0.00    0.00   clock source latency
                  0.20    0.15    0.15 ^ clk (in)
     1    0.04                           clk (net)
                  0.20    0.00    0.15 ^ clkbuf_0_clk/A (sky130_fd_sc_hd__clkbuf_16)
                  0.04    0.18    0.33 ^ clkbuf_0_clk/X (sky130_fd_sc_hd__clkbuf_16)
     2    0.02                           clknet_0_clk (net)
                  0.04    0.00    0.33 ^ clkbuf_1_0__f_clk/A (sky130_fd_sc_hd__clkbuf_16)
                  0.05    0.14    0.47 ^ clkbuf_1_0__f_clk/X (sky130_fd_sc_hd__clkbuf_16)
    14    0.03                           clknet_1_0__leaf_clk (net)
                  0.05    0.00    0.47 ^ _409_/CLK (sky130_fd_sc_hd__dfrtp_4)
                          0.25    0.72   clock uncertainty
                          0.00    0.72   clock reconvergence pessimism
                          0.32    1.04   library removal time
                                  1.04   data required time
-----------------------------------------------------------------------------
                                  1.04   data required time
                                 -4.56   data arrival time
-----------------------------------------------------------------------------
                                  3.52   slack (MET)


Startpoint: rst (input port clocked by clk)
Endpoint: _405_ (removal check against rising-edge clock clk)
Path Group: asynchronous
Path Type: min

Fanout     Cap    Slew   Delay    Time   Description
-----------------------------------------------------------------------------
                          0.00    0.00   clock clk (rise edge)
                          0.00    0.00   clock network delay (propagated)
                          4.00    4.00 v input external delay
                  0.02    0.01    4.01 v rst (in)
     1    0.01                           rst (net)
                  0.02    0.00    4.01 v input1/A (sky130_fd_sc_hd__buf_1)
                  0.08    0.11    4.12 v input1/X (sky130_fd_sc_hd__buf_1)
     1    0.01                           net1 (net)
                  0.08    0.00    4.12 v _367_/A (sky130_fd_sc_hd__buf_4)
                  0.08    0.19    4.32 v _367_/X (sky130_fd_sc_hd__buf_4)
    10    0.05                           _180_ (net)
                  0.08    0.01    4.32 v _368_/A (sky130_fd_sc_hd__buf_4)
                  0.07    0.18    4.50 v _368_/X (sky130_fd_sc_hd__buf_4)
    10    0.04                           _181_ (net)
                  0.07    0.00    4.50 v _376_/A (sky130_fd_sc_hd__inv_2)
                  0.03    0.05    4.56 ^ _376_/Y (sky130_fd_sc_hd__inv_2)
     1    0.00                           _007_ (net)
                  0.03    0.00    4.56 ^ _405_/RESET_B (sky130_fd_sc_hd__dfrtp_4)
                                  4.56   data arrival time

                          0.00    0.00   clock clk (rise edge)
                          0.00    0.00   clock source latency
                  0.20    0.15    0.15 ^ clk (in)
     1    0.04                           clk (net)
                  0.20    0.00    0.15 ^ clkbuf_0_clk/A (sky130_fd_sc_hd__clkbuf_16)
                  0.04    0.18    0.33 ^ clkbuf_0_clk/X (sky130_fd_sc_hd__clkbuf_16)
     2    0.02                           clknet_0_clk (net)
                  0.04    0.00    0.33 ^ clkbuf_1_1__f_clk/A (sky130_fd_sc_hd__clkbuf_16)
                  0.05    0.14    0.47 ^ clkbuf_1_1__f_clk/X (sky130_fd_sc_hd__clkbuf_16)
    14    0.03                           clknet_1_1__leaf_clk (net)
                  0.05    0.00    0.47 ^ _405_/CLK (sky130_fd_sc_hd__dfrtp_4)
                          0.25    0.72   clock uncertainty
                          0.00    0.72   clock reconvergence pessimism
                          0.32    1.04   library removal time
                                  1.04   data required time
-----------------------------------------------------------------------------
                                  1.04   data required time
                                 -4.56   data arrival time
-----------------------------------------------------------------------------
                                  3.52   slack (MET)


Startpoint: rst (input port clocked by clk)
Endpoint: _406_ (removal check against rising-edge clock clk)
Path Group: asynchronous
Path Type: min

Fanout     Cap    Slew   Delay    Time   Description
-----------------------------------------------------------------------------
                          0.00    0.00   clock clk (rise edge)
                          0.00    0.00   clock network delay (propagated)
                          4.00    4.00 v input external delay
                  0.02    0.01    4.01 v rst (in)
     1    0.01                           rst (net)
                  0.02    0.00    4.01 v input1/A (sky130_fd_sc_hd__buf_1)
                  0.08    0.11    4.12 v input1/X (sky130_fd_sc_hd__buf_1)
     1    0.01                           net1 (net)
                  0.08    0.00    4.12 v _367_/A (sky130_fd_sc_hd__buf_4)
                  0.08    0.19    4.32 v _367_/X (sky130_fd_sc_hd__buf_4)
    10    0.05                           _180_ (net)
                  0.08    0.01    4.32 v _368_/A (sky130_fd_sc_hd__buf_4)
                  0.07    0.18    4.50 v _368_/X (sky130_fd_sc_hd__buf_4)
    10    0.04                           _181_ (net)
                  0.07    0.00    4.50 v _377_/A (sky130_fd_sc_hd__inv_2)
                  0.03    0.05    4.56 ^ _377_/Y (sky130_fd_sc_hd__inv_2)
     1    0.00                           _008_ (net)
                  0.03    0.00    4.56 ^ _406_/RESET_B (sky130_fd_sc_hd__dfrtp_2)
                                  4.56   data arrival time

                          0.00    0.00   clock clk (rise edge)
                          0.00    0.00   clock source latency
                  0.20    0.15    0.15 ^ clk (in)
     1    0.04                           clk (net)
                  0.20    0.00    0.15 ^ clkbuf_0_clk/A (sky130_fd_sc_hd__clkbuf_16)
                  0.04    0.18    0.33 ^ clkbuf_0_clk/X (sky130_fd_sc_hd__clkbuf_16)
     2    0.02                           clknet_0_clk (net)
                  0.04    0.00    0.33 ^ clkbuf_1_0__f_clk/A (sky130_fd_sc_hd__clkbuf_16)
                  0.05    0.14    0.47 ^ clkbuf_1_0__f_clk/X (sky130_fd_sc_hd__clkbuf_16)
    14    0.03                           clknet_1_0__leaf_clk (net)
                  0.05    0.00    0.47 ^ _406_/CLK (sky130_fd_sc_hd__dfrtp_2)
                          0.25    0.72   clock uncertainty
                          0.00    0.72   clock reconvergence pessimism
                          0.32    1.04   library removal time
                                  1.04   data required time
-----------------------------------------------------------------------------
                                  1.04   data required time
                                 -4.56   data arrival time
-----------------------------------------------------------------------------
                                  3.52   slack (MET)


Startpoint: rst (input port clocked by clk)
Endpoint: _403_ (removal check against rising-edge clock clk)
Path Group: asynchronous
Path Type: min

Fanout     Cap    Slew   Delay    Time   Description
-----------------------------------------------------------------------------
                          0.00    0.00   clock clk (rise edge)
                          0.00    0.00   clock network delay (propagated)
                          4.00    4.00 v input external delay
                  0.02    0.01    4.01 v rst (in)
     1    0.01                           rst (net)
                  0.02    0.00    4.01 v input1/A (sky130_fd_sc_hd__buf_1)
                  0.08    0.11    4.12 v input1/X (sky130_fd_sc_hd__buf_1)
     1    0.01                           net1 (net)
                  0.08    0.00    4.12 v _367_/A (sky130_fd_sc_hd__buf_4)
                  0.08    0.19    4.32 v _367_/X (sky130_fd_sc_hd__buf_4)
    10    0.05                           _180_ (net)
                  0.08    0.01    4.32 v _368_/A (sky130_fd_sc_hd__buf_4)
                  0.07    0.18    4.50 v _368_/X (sky130_fd_sc_hd__buf_4)
    10    0.04                           _181_ (net)
                  0.07    0.00    4.50 v _374_/A (sky130_fd_sc_hd__inv_2)
                  0.03    0.05    4.56 ^ _374_/Y (sky130_fd_sc_hd__inv_2)
     1    0.00                           _005_ (net)
                  0.03    0.00    4.56 ^ _403_/RESET_B (sky130_fd_sc_hd__dfrtp_4)
                                  4.56   data arrival time

                          0.00    0.00   clock clk (rise edge)
                          0.00    0.00   clock source latency
                  0.20    0.15    0.15 ^ clk (in)
     1    0.04                           clk (net)
                  0.20    0.00    0.15 ^ clkbuf_0_clk/A (sky130_fd_sc_hd__clkbuf_16)
                  0.04    0.18    0.33 ^ clkbuf_0_clk/X (sky130_fd_sc_hd__clkbuf_16)
     2    0.02                           clknet_0_clk (net)
                  0.04    0.00    0.33 ^ clkbuf_1_1__f_clk/A (sky130_fd_sc_hd__clkbuf_16)
                  0.05    0.14    0.47 ^ clkbuf_1_1__f_clk/X (sky130_fd_sc_hd__clkbuf_16)
    14    0.03                           clknet_1_1__leaf_clk (net)
                  0.05    0.00    0.47 ^ _403_/CLK (sky130_fd_sc_hd__dfrtp_4)
                          0.25    0.72   clock uncertainty
                          0.00    0.72   clock reconvergence pessimism
                          0.32    1.04   library removal time
                                  1.04   data required time
-----------------------------------------------------------------------------
                                  1.04   data required time
                                 -4.56   data arrival time
-----------------------------------------------------------------------------
                                  3.52   slack (MET)


Startpoint: rst (input port clocked by clk)
Endpoint: _407_ (removal check against rising-edge clock clk)
Path Group: asynchronous
Path Type: min

Fanout     Cap    Slew   Delay    Time   Description
-----------------------------------------------------------------------------
                          0.00    0.00   clock clk (rise edge)
                          0.00    0.00   clock network delay (propagated)
                          4.00    4.00 v input external delay
                  0.02    0.01    4.01 v rst (in)
     1    0.01                           rst (net)
                  0.02    0.00    4.01 v input1/A (sky130_fd_sc_hd__buf_1)
                  0.08    0.11    4.12 v input1/X (sky130_fd_sc_hd__buf_1)
     1    0.01                           net1 (net)
                  0.08    0.00    4.12 v _367_/A (sky130_fd_sc_hd__buf_4)
                  0.08    0.19    4.32 v _367_/X (sky130_fd_sc_hd__buf_4)
    10    0.05                           _180_ (net)
                  0.08    0.01    4.32 v _368_/A (sky130_fd_sc_hd__buf_4)
                  0.07    0.18    4.50 v _368_/X (sky130_fd_sc_hd__buf_4)
    10    0.04                           _181_ (net)
                  0.07    0.00    4.50 v _378_/A (sky130_fd_sc_hd__inv_2)
                  0.03    0.05    4.56 ^ _378_/Y (sky130_fd_sc_hd__inv_2)
     1    0.00                           _009_ (net)
                  0.03    0.00    4.56 ^ _407_/RESET_B (sky130_fd_sc_hd__dfrtp_4)
                                  4.56   data arrival time

                          0.00    0.00   clock clk (rise edge)
                          0.00    0.00   clock source latency
                  0.20    0.15    0.15 ^ clk (in)
     1    0.04                           clk (net)
                  0.20    0.00    0.15 ^ clkbuf_0_clk/A (sky130_fd_sc_hd__clkbuf_16)
                  0.04    0.18    0.33 ^ clkbuf_0_clk/X (sky130_fd_sc_hd__clkbuf_16)
     2    0.02                           clknet_0_clk (net)
                  0.04    0.00    0.33 ^ clkbuf_1_0__f_clk/A (sky130_fd_sc_hd__clkbuf_16)
                  0.05    0.14    0.47 ^ clkbuf_1_0__f_clk/X (sky130_fd_sc_hd__clkbuf_16)
    14    0.03                           clknet_1_0__leaf_clk (net)
                  0.05    0.00    0.47 ^ _407_/CLK (sky130_fd_sc_hd__dfrtp_4)
                          0.25    0.72   clock uncertainty
                          0.00    0.72   clock reconvergence pessimism
                          0.32    1.04   library removal time
                                  1.04   data required time
-----------------------------------------------------------------------------
                                  1.04   data required time
                                 -4.56   data arrival time
-----------------------------------------------------------------------------
                                  3.52   slack (MET)


Startpoint: rst (input port clocked by clk)
Endpoint: _402_ (removal check against rising-edge clock clk)
Path Group: asynchronous
Path Type: min

Fanout     Cap    Slew   Delay    Time   Description
-----------------------------------------------------------------------------
                          0.00    0.00   clock clk (rise edge)
                          0.00    0.00   clock network delay (propagated)
                          4.00    4.00 v input external delay
                  0.02    0.01    4.01 v rst (in)
     1    0.01                           rst (net)
                  0.02    0.00    4.01 v input1/A (sky130_fd_sc_hd__buf_1)
                  0.08    0.11    4.12 v input1/X (sky130_fd_sc_hd__buf_1)
     1    0.01                           net1 (net)
                  0.08    0.00    4.12 v _367_/A (sky130_fd_sc_hd__buf_4)
                  0.08    0.19    4.32 v _367_/X (sky130_fd_sc_hd__buf_4)
    10    0.05                           _180_ (net)
                  0.08    0.01    4.32 v _368_/A (sky130_fd_sc_hd__buf_4)
                  0.07    0.18    4.50 v _368_/X (sky130_fd_sc_hd__buf_4)
    10    0.04                           _181_ (net)
                  0.07    0.00    4.50 v _373_/A (sky130_fd_sc_hd__inv_2)
                  0.04    0.06    4.56 ^ _373_/Y (sky130_fd_sc_hd__inv_2)
     1    0.01                           _004_ (net)
                  0.04    0.00    4.56 ^ _402_/RESET_B (sky130_fd_sc_hd__dfrtp_4)
                                  4.56   data arrival time

                          0.00    0.00   clock clk (rise edge)
                          0.00    0.00   clock source latency
                  0.20    0.15    0.15 ^ clk (in)
     1    0.04                           clk (net)
                  0.20    0.00    0.15 ^ clkbuf_0_clk/A (sky130_fd_sc_hd__clkbuf_16)
                  0.04    0.18    0.33 ^ clkbuf_0_clk/X (sky130_fd_sc_hd__clkbuf_16)
     2    0.02                           clknet_0_clk (net)
                  0.04    0.00    0.33 ^ clkbuf_1_1__f_clk/A (sky130_fd_sc_hd__clkbuf_16)
                  0.05    0.14    0.47 ^ clkbuf_1_1__f_clk/X (sky130_fd_sc_hd__clkbuf_16)
    14    0.03                           clknet_1_1__leaf_clk (net)
                  0.05    0.00    0.47 ^ _402_/CLK (sky130_fd_sc_hd__dfrtp_4)
                          0.25    0.72   clock uncertainty
                          0.00    0.72   clock reconvergence pessimism
                          0.32    1.04   library removal time
                                  1.04   data required time
-----------------------------------------------------------------------------
                                  1.04   data required time
                                 -4.56   data arrival time
-----------------------------------------------------------------------------
                                  3.52   slack (MET)


Startpoint: _406_ (rising edge-triggered flip-flop clocked by clk)
Endpoint: A_out[4] (output port clocked by clk)
Path Group: clk
Path Type: min

Fanout     Cap    Slew   Delay    Time   Description
-----------------------------------------------------------------------------
                          0.00    0.00   clock clk (rise edge)
                          0.00    0.00   clock source latency
                  0.20    0.14    0.14 ^ clk (in)
     1    0.04                           clk (net)
                  0.20    0.00    0.14 ^ clkbuf_0_clk/A (sky130_fd_sc_hd__clkbuf_16)
                  0.04    0.16    0.30 ^ clkbuf_0_clk/X (sky130_fd_sc_hd__clkbuf_16)
     2    0.02                           clknet_0_clk (net)
                  0.04    0.00    0.30 ^ clkbuf_1_0__f_clk/A (sky130_fd_sc_hd__clkbuf_16)
                  0.05    0.12    0.42 ^ clkbuf_1_0__f_clk/X (sky130_fd_sc_hd__clkbuf_16)
    14    0.03                           clknet_1_0__leaf_clk (net)
                  0.05    0.00    0.42 ^ _406_/CLK (sky130_fd_sc_hd__dfrtp_2)
                  0.05    0.33    0.75 ^ _406_/Q (sky130_fd_sc_hd__dfrtp_2)
     3    0.01                           net6 (net)
                  0.05    0.00    0.75 ^ output6/A (sky130_fd_sc_hd__clkbuf_4)
                  0.11    0.18    0.93 ^ output6/X (sky130_fd_sc_hd__clkbuf_4)
     1    0.03                           A_out[4] (net)
                  0.11    0.00    0.93 ^ A_out[4] (out)
                                  0.93   data arrival time

                          0.00    0.00   clock clk (rise edge)
                          0.00    0.00   clock network delay (propagated)
                          0.25    0.25   clock uncertainty
                          0.00    0.25   clock reconvergence pessimism
                         -4.00   -3.75   output external delay
                                 -3.75   data required time
-----------------------------------------------------------------------------
                                 -3.75   data required time
                                 -0.93   data arrival time
-----------------------------------------------------------------------------
                                  4.68   slack (MET)


Startpoint: _411_ (rising edge-triggered flip-flop clocked by clk)
Endpoint: last_opcode_out[2] (output port clocked by clk)
Path Group: clk
Path Type: min

Fanout     Cap    Slew   Delay    Time   Description
-----------------------------------------------------------------------------
                          0.00    0.00   clock clk (rise edge)
                          0.00    0.00   clock source latency
                  0.20    0.14    0.14 ^ clk (in)
     1    0.04                           clk (net)
                  0.20    0.00    0.14 ^ clkbuf_0_clk/A (sky130_fd_sc_hd__clkbuf_16)
                  0.04    0.16    0.30 ^ clkbuf_0_clk/X (sky130_fd_sc_hd__clkbuf_16)
     2    0.02                           clknet_0_clk (net)
                  0.04    0.00    0.30 ^ clkbuf_1_1__f_clk/A (sky130_fd_sc_hd__clkbuf_16)
                  0.05    0.12    0.42 ^ clkbuf_1_1__f_clk/X (sky130_fd_sc_hd__clkbuf_16)
    14    0.03                           clknet_1_1__leaf_clk (net)
                  0.05    0.00    0.42 ^ _411_/CLK (sky130_fd_sc_hd__dfrtp_4)
                  0.05    0.37    0.79 ^ _411_/Q (sky130_fd_sc_hd__dfrtp_4)
     2    0.00                           net24 (net)
                  0.05    0.00    0.79 ^ output24/A (sky130_fd_sc_hd__clkbuf_4)
                  0.11    0.18    0.97 ^ output24/X (sky130_fd_sc_hd__clkbuf_4)
     1    0.03                           last_opcode_out[2] (net)
                  0.11    0.00    0.97 ^ last_opcode_out[2] (out)
                                  0.97   data arrival time

                          0.00    0.00   clock clk (rise edge)
                          0.00    0.00   clock network delay (propagated)
                          0.25    0.25   clock uncertainty
                          0.00    0.25   clock reconvergence pessimism
                         -4.00   -3.75   output external delay
                                 -3.75   data required time
-----------------------------------------------------------------------------
                                 -3.75   data required time
                                 -0.97   data arrival time
-----------------------------------------------------------------------------
                                  4.72   slack (MET)


Startpoint: _403_ (rising edge-triggered flip-flop clocked by clk)
Endpoint: A_out[1] (output port clocked by clk)
Path Group: clk
Path Type: min

Fanout     Cap    Slew   Delay    Time   Description
-----------------------------------------------------------------------------
                          0.00    0.00   clock clk (rise edge)
                          0.00    0.00   clock source latency
                  0.20    0.14    0.14 ^ clk (in)
     1    0.04                           clk (net)
                  0.20    0.00    0.14 ^ clkbuf_0_clk/A (sky130_fd_sc_hd__clkbuf_16)
                  0.04    0.16    0.30 ^ clkbuf_0_clk/X (sky130_fd_sc_hd__clkbuf_16)
     2    0.02                           clknet_0_clk (net)
                  0.04    0.00    0.30 ^ clkbuf_1_1__f_clk/A (sky130_fd_sc_hd__clkbuf_16)
                  0.05    0.12    0.42 ^ clkbuf_1_1__f_clk/X (sky130_fd_sc_hd__clkbuf_16)
    14    0.03                           clknet_1_1__leaf_clk (net)
                  0.05    0.00    0.42 ^ _403_/CLK (sky130_fd_sc_hd__dfrtp_4)
                  0.05    0.37    0.80 ^ _403_/Q (sky130_fd_sc_hd__dfrtp_4)
     3    0.01                           net3 (net)
                  0.05    0.00    0.80 ^ output3/A (sky130_fd_sc_hd__clkbuf_4)
                  0.11    0.18    0.98 ^ output3/X (sky130_fd_sc_hd__clkbuf_4)
     1    0.03                           A_out[1] (net)
                  0.11    0.00    0.98 ^ A_out[1] (out)
                                  0.98   data arrival time

                          0.00    0.00   clock clk (rise edge)
                          0.00    0.00   clock network delay (propagated)
                          0.25    0.25   clock uncertainty
                          0.00    0.25   clock reconvergence pessimism
                         -4.00   -3.75   output external delay
                                 -3.75   data required time
-----------------------------------------------------------------------------
                                 -3.75   data required time
                                 -0.98   data arrival time
-----------------------------------------------------------------------------
                                  4.73   slack (MET)


Startpoint: _416_ (rising edge-triggered flip-flop clocked by clk)
Endpoint: flags_out[2] (output port clocked by clk)
Path Group: clk
Path Type: min

Fanout     Cap    Slew   Delay    Time   Description
-----------------------------------------------------------------------------
                          0.00    0.00   clock clk (rise edge)
                          0.00    0.00   clock source latency
                  0.20    0.14    0.14 ^ clk (in)
     1    0.04                           clk (net)
                  0.20    0.00    0.14 ^ clkbuf_0_clk/A (sky130_fd_sc_hd__clkbuf_16)
                  0.04    0.16    0.30 ^ clkbuf_0_clk/X (sky130_fd_sc_hd__clkbuf_16)
     2    0.02                           clknet_0_clk (net)
                  0.04    0.00    0.30 ^ clkbuf_1_0__f_clk/A (sky130_fd_sc_hd__clkbuf_16)
                  0.05    0.12    0.42 ^ clkbuf_1_0__f_clk/X (sky130_fd_sc_hd__clkbuf_16)
    14    0.03                           clknet_1_0__leaf_clk (net)
                  0.05    0.00    0.42 ^ _416_/CLK (sky130_fd_sc_hd__dfrtp_4)
                  0.05    0.37    0.79 ^ _416_/Q (sky130_fd_sc_hd__dfrtp_4)
     2    0.00                           net20 (net)
                  0.05    0.00    0.79 ^ output20/A (sky130_fd_sc_hd__buf_2)
                  0.17    0.19    0.98 ^ output20/X (sky130_fd_sc_hd__buf_2)
     1    0.03                           flags_out[2] (net)
                  0.17    0.00    0.98 ^ flags_out[2] (out)
                                  0.98   data arrival time

                          0.00    0.00   clock clk (rise edge)
                          0.00    0.00   clock network delay (propagated)
                          0.25    0.25   clock uncertainty
                          0.00    0.25   clock reconvergence pessimism
                         -4.00   -3.75   output external delay
                                 -3.75   data required time
-----------------------------------------------------------------------------
                                 -3.75   data required time
                                 -0.98   data arrival time
-----------------------------------------------------------------------------
                                  4.73   slack (MET)


Startpoint: _413_ (rising edge-triggered flip-flop clocked by clk)
Endpoint: last_opcode_out[6] (output port clocked by clk)
Path Group: clk
Path Type: min

Fanout     Cap    Slew   Delay    Time   Description
-----------------------------------------------------------------------------
                          0.00    0.00   clock clk (rise edge)
                          0.00    0.00   clock source latency
                  0.20    0.14    0.14 ^ clk (in)
     1    0.04                           clk (net)
                  0.20    0.00    0.14 ^ clkbuf_0_clk/A (sky130_fd_sc_hd__clkbuf_16)
                  0.04    0.16    0.30 ^ clkbuf_0_clk/X (sky130_fd_sc_hd__clkbuf_16)
     2    0.02                           clknet_0_clk (net)
                  0.04    0.00    0.30 ^ clkbuf_1_0__f_clk/A (sky130_fd_sc_hd__clkbuf_16)
                  0.05    0.12    0.42 ^ clkbuf_1_0__f_clk/X (sky130_fd_sc_hd__clkbuf_16)
    14    0.03                           clknet_1_0__leaf_clk (net)
                  0.05    0.00    0.42 ^ _413_/CLK (sky130_fd_sc_hd__dfrtp_4)
                  0.06    0.38    0.80 ^ _413_/Q (sky130_fd_sc_hd__dfrtp_4)
     3    0.01                           net27 (net)
                  0.06    0.00    0.80 ^ output27/A (sky130_fd_sc_hd__clkbuf_4)
                  0.12    0.18    0.98 ^ output27/X (sky130_fd_sc_hd__clkbuf_4)
     1    0.04                           last_opcode_out[6] (net)
                  0.12    0.00    0.98 ^ last_opcode_out[6] (out)
                                  0.98   data arrival time

                          0.00    0.00   clock clk (rise edge)
                          0.00    0.00   clock network delay (propagated)
                          0.25    0.25   clock uncertainty
                          0.00    0.25   clock reconvergence pessimism
                         -4.00   -3.75   output external delay
                                 -3.75   data required time
-----------------------------------------------------------------------------
                                 -3.75   data required time
                                 -0.98   data arrival time
-----------------------------------------------------------------------------
                                  4.73   slack (MET)


Startpoint: _409_ (rising edge-triggered flip-flop clocked by clk)
Endpoint: A_out[7] (output port clocked by clk)
Path Group: clk
Path Type: min

Fanout     Cap    Slew   Delay    Time   Description
-----------------------------------------------------------------------------
                          0.00    0.00   clock clk (rise edge)
                          0.00    0.00   clock source latency
                  0.20    0.14    0.14 ^ clk (in)
     1    0.04                           clk (net)
                  0.20    0.00    0.14 ^ clkbuf_0_clk/A (sky130_fd_sc_hd__clkbuf_16)
                  0.04    0.16    0.30 ^ clkbuf_0_clk/X (sky130_fd_sc_hd__clkbuf_16)
     2    0.02                           clknet_0_clk (net)
                  0.04    0.00    0.30 ^ clkbuf_1_0__f_clk/A (sky130_fd_sc_hd__clkbuf_16)
                  0.05    0.12    0.42 ^ clkbuf_1_0__f_clk/X (sky130_fd_sc_hd__clkbuf_16)
    14    0.03                           clknet_1_0__leaf_clk (net)
                  0.05    0.00    0.42 ^ _409_/CLK (sky130_fd_sc_hd__dfrtp_4)
                  0.05    0.37    0.80 ^ _409_/Q (sky130_fd_sc_hd__dfrtp_4)
     3    0.01                           net9 (net)
                  0.05    0.00    0.80 ^ output9/A (sky130_fd_sc_hd__clkbuf_4)
                  0.12    0.19    0.98 ^ output9/X (sky130_fd_sc_hd__clkbuf_4)
     1    0.04                           A_out[7] (net)
                  0.12    0.00    0.98 ^ A_out[7] (out)
                                  0.98   data arrival time

                          0.00    0.00   clock clk (rise edge)
                          0.00    0.00   clock network delay (propagated)
                          0.25    0.25   clock uncertainty
                          0.00    0.25   clock reconvergence pessimism
                         -4.00   -3.75   output external delay
                                 -3.75   data required time
-----------------------------------------------------------------------------
                                 -3.75   data required time
                                 -0.98   data arrival time
-----------------------------------------------------------------------------
                                  4.73   slack (MET)


Startpoint: _405_ (rising edge-triggered flip-flop clocked by clk)
Endpoint: A_out[3] (output port clocked by clk)
Path Group: clk
Path Type: min

Fanout     Cap    Slew   Delay    Time   Description
-----------------------------------------------------------------------------
                          0.00    0.00   clock clk (rise edge)
                          0.00    0.00   clock source latency
                  0.20    0.14    0.14 ^ clk (in)
     1    0.04                           clk (net)
                  0.20    0.00    0.14 ^ clkbuf_0_clk/A (sky130_fd_sc_hd__clkbuf_16)
                  0.04    0.16    0.30 ^ clkbuf_0_clk/X (sky130_fd_sc_hd__clkbuf_16)
     2    0.02                           clknet_0_clk (net)
                  0.04    0.00    0.30 ^ clkbuf_1_1__f_clk/A (sky130_fd_sc_hd__clkbuf_16)
                  0.05    0.12    0.42 ^ clkbuf_1_1__f_clk/X (sky130_fd_sc_hd__clkbuf_16)
    14    0.03                           clknet_1_1__leaf_clk (net)
                  0.05    0.00    0.42 ^ _405_/CLK (sky130_fd_sc_hd__dfrtp_4)
                  0.05    0.37    0.80 ^ _405_/Q (sky130_fd_sc_hd__dfrtp_4)
     3    0.01                           net5 (net)
                  0.05    0.00    0.80 ^ output5/A (sky130_fd_sc_hd__clkbuf_4)
                  0.12    0.19    0.98 ^ output5/X (sky130_fd_sc_hd__clkbuf_4)
     1    0.04                           A_out[3] (net)
                  0.12    0.00    0.98 ^ A_out[3] (out)
                                  0.98   data arrival time

                          0.00    0.00   clock clk (rise edge)
                          0.00    0.00   clock network delay (propagated)
                          0.25    0.25   clock uncertainty
                          0.00    0.25   clock reconvergence pessimism
                         -4.00   -3.75   output external delay
                                 -3.75   data required time
-----------------------------------------------------------------------------
                                 -3.75   data required time
                                 -0.98   data arrival time
-----------------------------------------------------------------------------
                                  4.73   slack (MET)


Startpoint: _419_ (rising edge-triggered flip-flop clocked by clk)
Endpoint: B_out[1] (output port clocked by clk)
Path Group: clk
Path Type: min

Fanout     Cap    Slew   Delay    Time   Description
-----------------------------------------------------------------------------
                          0.00    0.00   clock clk (rise edge)
                          0.00    0.00   clock source latency
                  0.20    0.14    0.14 ^ clk (in)
     1    0.04                           clk (net)
                  0.20    0.00    0.14 ^ clkbuf_0_clk/A (sky130_fd_sc_hd__clkbuf_16)
                  0.04    0.16    0.30 ^ clkbuf_0_clk/X (sky130_fd_sc_hd__clkbuf_16)
     2    0.02                           clknet_0_clk (net)
                  0.04    0.00    0.30 ^ clkbuf_1_1__f_clk/A (sky130_fd_sc_hd__clkbuf_16)
                  0.05    0.12    0.42 ^ clkbuf_1_1__f_clk/X (sky130_fd_sc_hd__clkbuf_16)
    14    0.03                           clknet_1_1__leaf_clk (net)
                  0.05    0.00    0.42 ^ _419_/CLK (sky130_fd_sc_hd__dfrtp_4)
                  0.06    0.38    0.81 ^ _419_/Q (sky130_fd_sc_hd__dfrtp_4)
     4    0.01                           net11 (net)
                  0.06    0.00    0.81 ^ output11/A (sky130_fd_sc_hd__clkbuf_4)
                  0.11    0.18    0.99 ^ output11/X (sky130_fd_sc_hd__clkbuf_4)
     1    0.03                           B_out[1] (net)
                  0.11    0.00    0.99 ^ B_out[1] (out)
                                  0.99   data arrival time

                          0.00    0.00   clock clk (rise edge)
                          0.00    0.00   clock network delay (propagated)
                          0.25    0.25   clock uncertainty
                          0.00    0.25   clock reconvergence pessimism
                         -4.00   -3.75   output external delay
                                 -3.75   data required time
-----------------------------------------------------------------------------
                                 -3.75   data required time
                                 -0.99   data arrival time
-----------------------------------------------------------------------------
                                  4.74   slack (MET)


Startpoint: _407_ (rising edge-triggered flip-flop clocked by clk)
Endpoint: A_out[5] (output port clocked by clk)
Path Group: clk
Path Type: min

Fanout     Cap    Slew   Delay    Time   Description
-----------------------------------------------------------------------------
                          0.00    0.00   clock clk (rise edge)
                          0.00    0.00   clock source latency
                  0.20    0.14    0.14 ^ clk (in)
     1    0.04                           clk (net)
                  0.20    0.00    0.14 ^ clkbuf_0_clk/A (sky130_fd_sc_hd__clkbuf_16)
                  0.04    0.16    0.30 ^ clkbuf_0_clk/X (sky130_fd_sc_hd__clkbuf_16)
     2    0.02                           clknet_0_clk (net)
                  0.04    0.00    0.30 ^ clkbuf_1_0__f_clk/A (sky130_fd_sc_hd__clkbuf_16)
                  0.05    0.12    0.42 ^ clkbuf_1_0__f_clk/X (sky130_fd_sc_hd__clkbuf_16)
    14    0.03                           clknet_1_0__leaf_clk (net)
                  0.05    0.00    0.42 ^ _407_/CLK (sky130_fd_sc_hd__dfrtp_4)
                  0.05    0.37    0.80 ^ _407_/Q (sky130_fd_sc_hd__dfrtp_4)
     3    0.00                           net7 (net)
                  0.05    0.00    0.80 ^ output7/A (sky130_fd_sc_hd__buf_2)
                  0.17    0.19    0.99 ^ output7/X (sky130_fd_sc_hd__buf_2)
     1    0.03                           A_out[5] (net)
                  0.17    0.00    0.99 ^ A_out[5] (out)
                                  0.99   data arrival time

                          0.00    0.00   clock clk (rise edge)
                          0.00    0.00   clock network delay (propagated)
                          0.25    0.25   clock uncertainty
                          0.00    0.25   clock reconvergence pessimism
                         -4.00   -3.75   output external delay
                                 -3.75   data required time
-----------------------------------------------------------------------------
                                 -3.75   data required time
                                 -0.99   data arrival time
-----------------------------------------------------------------------------
                                  4.74   slack (MET)


Startpoint: _425_ (rising edge-triggered flip-flop clocked by clk)
Endpoint: B_out[7] (output port clocked by clk)
Path Group: clk
Path Type: min

Fanout     Cap    Slew   Delay    Time   Description
-----------------------------------------------------------------------------
                          0.00    0.00   clock clk (rise edge)
                          0.00    0.00   clock source latency
                  0.20    0.14    0.14 ^ clk (in)
     1    0.04                           clk (net)
                  0.20    0.00    0.14 ^ clkbuf_0_clk/A (sky130_fd_sc_hd__clkbuf_16)
                  0.04    0.16    0.30 ^ clkbuf_0_clk/X (sky130_fd_sc_hd__clkbuf_16)
     2    0.02                           clknet_0_clk (net)
                  0.04    0.00    0.30 ^ clkbuf_1_0__f_clk/A (sky130_fd_sc_hd__clkbuf_16)
                  0.05    0.12    0.42 ^ clkbuf_1_0__f_clk/X (sky130_fd_sc_hd__clkbuf_16)
    14    0.03                           clknet_1_0__leaf_clk (net)
                  0.05    0.00    0.42 ^ _425_/CLK (sky130_fd_sc_hd__dfrtp_4)
                  0.06    0.38    0.81 ^ _425_/Q (sky130_fd_sc_hd__dfrtp_4)
     3    0.01                           net17 (net)
                  0.06    0.00    0.81 ^ output17/A (sky130_fd_sc_hd__clkbuf_4)
                  0.11    0.18    0.99 ^ output17/X (sky130_fd_sc_hd__clkbuf_4)
     1    0.03                           B_out[7] (net)
                  0.11    0.00    0.99 ^ B_out[7] (out)
                                  0.99   data arrival time

                          0.00    0.00   clock clk (rise edge)
                          0.00    0.00   clock network delay (propagated)
                          0.25    0.25   clock uncertainty
                          0.00    0.25   clock reconvergence pessimism
                         -4.00   -3.75   output external delay
                                 -3.75   data required time
-----------------------------------------------------------------------------
                                 -3.75   data required time
                                 -0.99   data arrival time
-----------------------------------------------------------------------------
                                  4.74   slack (MET)


Startpoint: _408_ (rising edge-triggered flip-flop clocked by clk)
Endpoint: A_out[6] (output port clocked by clk)
Path Group: clk
Path Type: min

Fanout     Cap    Slew   Delay    Time   Description
-----------------------------------------------------------------------------
                          0.00    0.00   clock clk (rise edge)
                          0.00    0.00   clock source latency
                  0.20    0.14    0.14 ^ clk (in)
     1    0.04                           clk (net)
                  0.20    0.00    0.14 ^ clkbuf_0_clk/A (sky130_fd_sc_hd__clkbuf_16)
                  0.04    0.16    0.30 ^ clkbuf_0_clk/X (sky130_fd_sc_hd__clkbuf_16)
     2    0.02                           clknet_0_clk (net)
                  0.04    0.00    0.30 ^ clkbuf_1_0__f_clk/A (sky130_fd_sc_hd__clkbuf_16)
                  0.05    0.12    0.42 ^ clkbuf_1_0__f_clk/X (sky130_fd_sc_hd__clkbuf_16)
    14    0.03                           clknet_1_0__leaf_clk (net)
                  0.05    0.00    0.42 ^ _408_/CLK (sky130_fd_sc_hd__dfrtp_4)
                  0.06    0.38    0.80 ^ _408_/Q (sky130_fd_sc_hd__dfrtp_4)
     3    0.01                           net8 (net)
                  0.06    0.00    0.80 ^ output8/A (sky130_fd_sc_hd__buf_2)
                  0.17    0.19    0.99 ^ output8/X (sky130_fd_sc_hd__buf_2)
     1    0.03                           A_out[6] (net)
                  0.17    0.00    0.99 ^ A_out[6] (out)
                                  0.99   data arrival time

                          0.00    0.00   clock clk (rise edge)
                          0.00    0.00   clock network delay (propagated)
                          0.25    0.25   clock uncertainty
                          0.00    0.25   clock reconvergence pessimism
                         -4.00   -3.75   output external delay
                                 -3.75   data required time
-----------------------------------------------------------------------------
                                 -3.75   data required time
                                 -0.99   data arrival time
-----------------------------------------------------------------------------
                                  4.74   slack (MET)


Startpoint: _412_ (rising edge-triggered flip-flop clocked by clk)
Endpoint: last_opcode_out[3] (output port clocked by clk)
Path Group: clk
Path Type: min

Fanout     Cap    Slew   Delay    Time   Description
-----------------------------------------------------------------------------
                          0.00    0.00   clock clk (rise edge)
                          0.00    0.00   clock source latency
                  0.20    0.14    0.14 ^ clk (in)
     1    0.04                           clk (net)
                  0.20    0.00    0.14 ^ clkbuf_0_clk/A (sky130_fd_sc_hd__clkbuf_16)
                  0.04    0.16    0.30 ^ clkbuf_0_clk/X (sky130_fd_sc_hd__clkbuf_16)
     2    0.02                           clknet_0_clk (net)
                  0.04    0.00    0.30 ^ clkbuf_1_1__f_clk/A (sky130_fd_sc_hd__clkbuf_16)
                  0.05    0.12    0.42 ^ clkbuf_1_1__f_clk/X (sky130_fd_sc_hd__clkbuf_16)
    14    0.03                           clknet_1_1__leaf_clk (net)
                  0.05    0.00    0.42 ^ _412_/CLK (sky130_fd_sc_hd__dfrtp_2)
                  0.12    0.38    0.81 ^ _412_/Q (sky130_fd_sc_hd__dfrtp_2)
     2    0.02                           net25 (net)
                  0.12    0.00    0.81 ^ output25/A (sky130_fd_sc_hd__clkbuf_4)
                  0.11    0.20    1.01 ^ output25/X (sky130_fd_sc_hd__clkbuf_4)
     1    0.03                           last_opcode_out[3] (net)
                  0.11    0.00    1.01 ^ last_opcode_out[3] (out)
                                  1.01   data arrival time

                          0.00    0.00   clock clk (rise edge)
                          0.00    0.00   clock network delay (propagated)
                          0.25    0.25   clock uncertainty
                          0.00    0.25   clock reconvergence pessimism
                         -4.00   -3.75   output external delay
                                 -3.75   data required time
-----------------------------------------------------------------------------
                                 -3.75   data required time
                                 -1.01   data arrival time
-----------------------------------------------------------------------------
                                  4.76   slack (MET)


Startpoint: _402_ (rising edge-triggered flip-flop clocked by clk)
Endpoint: A_out[0] (output port clocked by clk)
Path Group: clk
Path Type: min

Fanout     Cap    Slew   Delay    Time   Description
-----------------------------------------------------------------------------
                          0.00    0.00   clock clk (rise edge)
                          0.00    0.00   clock source latency
                  0.20    0.14    0.14 ^ clk (in)
     1    0.04                           clk (net)
                  0.20    0.00    0.14 ^ clkbuf_0_clk/A (sky130_fd_sc_hd__clkbuf_16)
                  0.04    0.16    0.30 ^ clkbuf_0_clk/X (sky130_fd_sc_hd__clkbuf_16)
     2    0.02                           clknet_0_clk (net)
                  0.04    0.00    0.30 ^ clkbuf_1_1__f_clk/A (sky130_fd_sc_hd__clkbuf_16)
                  0.05    0.12    0.42 ^ clkbuf_1_1__f_clk/X (sky130_fd_sc_hd__clkbuf_16)
    14    0.03                           clknet_1_1__leaf_clk (net)
                  0.05    0.00    0.42 ^ _402_/CLK (sky130_fd_sc_hd__dfrtp_4)
                  0.08    0.40    0.83 ^ _402_/Q (sky130_fd_sc_hd__dfrtp_4)
     4    0.02                           net2 (net)
                  0.08    0.00    0.83 ^ output2/A (sky130_fd_sc_hd__clkbuf_4)
                  0.11    0.19    1.02 ^ output2/X (sky130_fd_sc_hd__clkbuf_4)
     1    0.03                           A_out[0] (net)
                  0.11    0.00    1.02 ^ A_out[0] (out)
                                  1.02   data arrival time

                          0.00    0.00   clock clk (rise edge)
                          0.00    0.00   clock network delay (propagated)
                          0.25    0.25   clock uncertainty
                          0.00    0.25   clock reconvergence pessimism
                         -4.00   -3.75   output external delay
                                 -3.75   data required time
-----------------------------------------------------------------------------
                                 -3.75   data required time
                                 -1.02   data arrival time
-----------------------------------------------------------------------------
                                  4.77   slack (MET)


Startpoint: _415_ (rising edge-triggered flip-flop clocked by clk)
Endpoint: flags_out[1] (output port clocked by clk)
Path Group: clk
Path Type: min

Fanout     Cap    Slew   Delay    Time   Description
-----------------------------------------------------------------------------
                          0.00    0.00   clock clk (rise edge)
                          0.00    0.00   clock source latency
                  0.20    0.14    0.14 ^ clk (in)
     1    0.04                           clk (net)
                  0.20    0.00    0.14 ^ clkbuf_0_clk/A (sky130_fd_sc_hd__clkbuf_16)
                  0.04    0.16    0.30 ^ clkbuf_0_clk/X (sky130_fd_sc_hd__clkbuf_16)
     2    0.02                           clknet_0_clk (net)
                  0.04    0.00    0.30 ^ clkbuf_1_0__f_clk/A (sky130_fd_sc_hd__clkbuf_16)
                  0.05    0.12    0.42 ^ clkbuf_1_0__f_clk/X (sky130_fd_sc_hd__clkbuf_16)
    14    0.03                           clknet_1_0__leaf_clk (net)
                  0.05    0.00    0.42 ^ _415_/CLK (sky130_fd_sc_hd__dfrtp_4)
                  0.10    0.42    0.85 ^ _415_/Q (sky130_fd_sc_hd__dfrtp_4)
     2    0.02                           net19 (net)
                  0.10    0.00    0.85 ^ output19/A (sky130_fd_sc_hd__clkbuf_4)
                  0.11    0.19    1.04 ^ output19/X (sky130_fd_sc_hd__clkbuf_4)
     1    0.03                           flags_out[1] (net)
                  0.11    0.00    1.04 ^ flags_out[1] (out)
                                  1.04   data arrival time

                          0.00    0.00   clock clk (rise edge)
                          0.00    0.00   clock network delay (propagated)
                          0.25    0.25   clock uncertainty
                          0.00    0.25   clock reconvergence pessimism
                         -4.00   -3.75   output external delay
                                 -3.75   data required time
-----------------------------------------------------------------------------
                                 -3.75   data required time
                                 -1.04   data arrival time
-----------------------------------------------------------------------------
                                  4.79   slack (MET)


Startpoint: _417_ (rising edge-triggered flip-flop clocked by clk)
Endpoint: flags_out[3] (output port clocked by clk)
Path Group: clk
Path Type: min

Fanout     Cap    Slew   Delay    Time   Description
-----------------------------------------------------------------------------
                          0.00    0.00   clock clk (rise edge)
                          0.00    0.00   clock source latency
                  0.20    0.14    0.14 ^ clk (in)
     1    0.04                           clk (net)
                  0.20    0.00    0.14 ^ clkbuf_0_clk/A (sky130_fd_sc_hd__clkbuf_16)
                  0.04    0.16    0.30 ^ clkbuf_0_clk/X (sky130_fd_sc_hd__clkbuf_16)
     2    0.02                           clknet_0_clk (net)
                  0.04    0.00    0.30 ^ clkbuf_1_0__f_clk/A (sky130_fd_sc_hd__clkbuf_16)
                  0.05    0.12    0.42 ^ clkbuf_1_0__f_clk/X (sky130_fd_sc_hd__clkbuf_16)
    14    0.03                           clknet_1_0__leaf_clk (net)
                  0.05    0.00    0.42 ^ _417_/CLK (sky130_fd_sc_hd__dfrtp_4)
                  0.11    0.43    0.85 ^ _417_/Q (sky130_fd_sc_hd__dfrtp_4)
     3    0.03                           net21 (net)
                  0.11    0.00    0.85 ^ output21/A (sky130_fd_sc_hd__clkbuf_4)
                  0.11    0.20    1.05 ^ output21/X (sky130_fd_sc_hd__clkbuf_4)
     1    0.03                           flags_out[3] (net)
                  0.11    0.00    1.05 ^ flags_out[3] (out)
                                  1.05   data arrival time

                          0.00    0.00   clock clk (rise edge)
                          0.00    0.00   clock network delay (propagated)
                          0.25    0.25   clock uncertainty
                          0.00    0.25   clock reconvergence pessimism
                         -4.00   -3.75   output external delay
                                 -3.75   data required time
-----------------------------------------------------------------------------
                                 -3.75   data required time
                                 -1.05   data arrival time
-----------------------------------------------------------------------------
                                  4.80   slack (MET)


Startpoint: _421_ (rising edge-triggered flip-flop clocked by clk)
Endpoint: B_out[3] (output port clocked by clk)
Path Group: clk
Path Type: min

Fanout     Cap    Slew   Delay    Time   Description
-----------------------------------------------------------------------------
                          0.00    0.00   clock clk (rise edge)
                          0.00    0.00   clock source latency
                  0.20    0.14    0.14 ^ clk (in)
     1    0.04                           clk (net)
                  0.20    0.00    0.14 ^ clkbuf_0_clk/A (sky130_fd_sc_hd__clkbuf_16)
                  0.04    0.16    0.30 ^ clkbuf_0_clk/X (sky130_fd_sc_hd__clkbuf_16)
     2    0.02                           clknet_0_clk (net)
                  0.04    0.00    0.30 ^ clkbuf_1_1__f_clk/A (sky130_fd_sc_hd__clkbuf_16)
                  0.05    0.12    0.42 ^ clkbuf_1_1__f_clk/X (sky130_fd_sc_hd__clkbuf_16)
    14    0.03                           clknet_1_1__leaf_clk (net)
                  0.05    0.00    0.42 ^ _421_/CLK (sky130_fd_sc_hd__dfrtp_4)
                  0.11    0.43    0.85 ^ _421_/Q (sky130_fd_sc_hd__dfrtp_4)
     4    0.03                           net13 (net)
                  0.11    0.00    0.86 ^ output13/A (sky130_fd_sc_hd__clkbuf_4)
                  0.11    0.20    1.05 ^ output13/X (sky130_fd_sc_hd__clkbuf_4)
     1    0.03                           B_out[3] (net)
                  0.11    0.00    1.06 ^ B_out[3] (out)
                                  1.06   data arrival time

                          0.00    0.00   clock clk (rise edge)
                          0.00    0.00   clock network delay (propagated)
                          0.25    0.25   clock uncertainty
                          0.00    0.25   clock reconvergence pessimism
                         -4.00   -3.75   output external delay
                                 -3.75   data required time
-----------------------------------------------------------------------------
                                 -3.75   data required time
                                 -1.06   data arrival time
-----------------------------------------------------------------------------
                                  4.81   slack (MET)


Startpoint: _423_ (rising edge-triggered flip-flop clocked by clk)
Endpoint: B_out[5] (output port clocked by clk)
Path Group: clk
Path Type: min

Fanout     Cap    Slew   Delay    Time   Description
-----------------------------------------------------------------------------
                          0.00    0.00   clock clk (rise edge)
                          0.00    0.00   clock source latency
                  0.20    0.14    0.14 ^ clk (in)
     1    0.04                           clk (net)
                  0.20    0.00    0.14 ^ clkbuf_0_clk/A (sky130_fd_sc_hd__clkbuf_16)
                  0.04    0.16    0.30 ^ clkbuf_0_clk/X (sky130_fd_sc_hd__clkbuf_16)
     2    0.02                           clknet_0_clk (net)
                  0.04    0.00    0.30 ^ clkbuf_1_0__f_clk/A (sky130_fd_sc_hd__clkbuf_16)
                  0.05    0.12    0.42 ^ clkbuf_1_0__f_clk/X (sky130_fd_sc_hd__clkbuf_16)
    14    0.03                           clknet_1_0__leaf_clk (net)
                  0.05    0.00    0.42 ^ _423_/CLK (sky130_fd_sc_hd__dfrtp_4)
                  0.11    0.43    0.86 ^ _423_/Q (sky130_fd_sc_hd__dfrtp_4)
     3    0.03                           net15 (net)
                  0.11    0.00    0.86 ^ output15/A (sky130_fd_sc_hd__clkbuf_4)
                  0.11    0.20    1.06 ^ output15/X (sky130_fd_sc_hd__clkbuf_4)
     1    0.03                           B_out[5] (net)
                  0.11    0.00    1.06 ^ B_out[5] (out)
                                  1.06   data arrival time

                          0.00    0.00   clock clk (rise edge)
                          0.00    0.00   clock network delay (propagated)
                          0.25    0.25   clock uncertainty
                          0.00    0.25   clock reconvergence pessimism
                         -4.00   -3.75   output external delay
                                 -3.75   data required time
-----------------------------------------------------------------------------
                                 -3.75   data required time
                                 -1.06   data arrival time
-----------------------------------------------------------------------------
                                  4.81   slack (MET)


Startpoint: _414_ (rising edge-triggered flip-flop clocked by clk)
Endpoint: flags_out[0] (output port clocked by clk)
Path Group: clk
Path Type: min

Fanout     Cap    Slew   Delay    Time   Description
-----------------------------------------------------------------------------
                          0.00    0.00   clock clk (rise edge)
                          0.00    0.00   clock source latency
                  0.20    0.14    0.14 ^ clk (in)
     1    0.04                           clk (net)
                  0.20    0.00    0.14 ^ clkbuf_0_clk/A (sky130_fd_sc_hd__clkbuf_16)
                  0.04    0.16    0.30 ^ clkbuf_0_clk/X (sky130_fd_sc_hd__clkbuf_16)
     2    0.02                           clknet_0_clk (net)
                  0.04    0.00    0.30 ^ clkbuf_1_0__f_clk/A (sky130_fd_sc_hd__clkbuf_16)
                  0.05    0.12    0.42 ^ clkbuf_1_0__f_clk/X (sky130_fd_sc_hd__clkbuf_16)
    14    0.03                           clknet_1_0__leaf_clk (net)
                  0.05    0.00    0.42 ^ _414_/CLK (sky130_fd_sc_hd__dfrtp_4)
                  0.11    0.43    0.86 ^ _414_/Q (sky130_fd_sc_hd__dfrtp_4)
     2    0.03                           net18 (net)
                  0.11    0.00    0.86 ^ output18/A (sky130_fd_sc_hd__clkbuf_4)
                  0.11    0.20    1.06 ^ output18/X (sky130_fd_sc_hd__clkbuf_4)
     1    0.03                           flags_out[0] (net)
                  0.11    0.00    1.06 ^ flags_out[0] (out)
                                  1.06   data arrival time

                          0.00    0.00   clock clk (rise edge)
                          0.00    0.00   clock network delay (propagated)
                          0.25    0.25   clock uncertainty
                          0.00    0.25   clock reconvergence pessimism
                         -4.00   -3.75   output external delay
                                 -3.75   data required time
-----------------------------------------------------------------------------
                                 -3.75   data required time
                                 -1.06   data arrival time
-----------------------------------------------------------------------------
                                  4.81   slack (MET)


Startpoint: _413_ (rising edge-triggered flip-flop clocked by clk)
Endpoint: last_opcode_out[4] (output port clocked by clk)
Path Group: clk
Path Type: min

Fanout     Cap    Slew   Delay    Time   Description
-----------------------------------------------------------------------------
                          0.00    0.00   clock clk (rise edge)
                          0.00    0.00   clock source latency
                  0.20    0.14    0.14 ^ clk (in)
     1    0.04                           clk (net)
                  0.20    0.00    0.14 ^ clkbuf_0_clk/A (sky130_fd_sc_hd__clkbuf_16)
                  0.04    0.16    0.30 ^ clkbuf_0_clk/X (sky130_fd_sc_hd__clkbuf_16)
     2    0.02                           clknet_0_clk (net)
                  0.04    0.00    0.30 ^ clkbuf_1_0__f_clk/A (sky130_fd_sc_hd__clkbuf_16)
                  0.05    0.12    0.42 ^ clkbuf_1_0__f_clk/X (sky130_fd_sc_hd__clkbuf_16)
    14    0.03                           clknet_1_0__leaf_clk (net)
                  0.05    0.00    0.42 ^ _413_/CLK (sky130_fd_sc_hd__dfrtp_4)
                  0.06    0.38    0.80 ^ _413_/Q (sky130_fd_sc_hd__dfrtp_4)
     3    0.01                           net27 (net)
                  0.06    0.00    0.80 ^ _428_/A (sky130_fd_sc_hd__clkbuf_1)
                  0.06    0.09    0.89 ^ _428_/X (sky130_fd_sc_hd__clkbuf_1)
     1    0.00                           net26 (net)
                  0.06    0.00    0.89 ^ output26/A (sky130_fd_sc_hd__clkbuf_4)
                  0.11    0.18    1.07 ^ output26/X (sky130_fd_sc_hd__clkbuf_4)
     1    0.03                           last_opcode_out[4] (net)
                  0.11    0.00    1.07 ^ last_opcode_out[4] (out)
                                  1.07   data arrival time

                          0.00    0.00   clock clk (rise edge)
                          0.00    0.00   clock network delay (propagated)
                          0.25    0.25   clock uncertainty
                          0.00    0.25   clock reconvergence pessimism
                         -4.00   -3.75   output external delay
                                 -3.75   data required time
-----------------------------------------------------------------------------
                                 -3.75   data required time
                                 -1.07   data arrival time
-----------------------------------------------------------------------------
                                  4.82   slack (MET)


Startpoint: _424_ (rising edge-triggered flip-flop clocked by clk)
Endpoint: B_out[6] (output port clocked by clk)
Path Group: clk
Path Type: min

Fanout     Cap    Slew   Delay    Time   Description
-----------------------------------------------------------------------------
                          0.00    0.00   clock clk (rise edge)
                          0.00    0.00   clock source latency
                  0.20    0.14    0.14 ^ clk (in)
     1    0.04                           clk (net)
                  0.20    0.00    0.14 ^ clkbuf_0_clk/A (sky130_fd_sc_hd__clkbuf_16)
                  0.04    0.16    0.30 ^ clkbuf_0_clk/X (sky130_fd_sc_hd__clkbuf_16)
     2    0.02                           clknet_0_clk (net)
                  0.04    0.00    0.30 ^ clkbuf_1_0__f_clk/A (sky130_fd_sc_hd__clkbuf_16)
                  0.05    0.12    0.42 ^ clkbuf_1_0__f_clk/X (sky130_fd_sc_hd__clkbuf_16)
    14    0.03                           clknet_1_0__leaf_clk (net)
                  0.05    0.00    0.42 ^ _424_/CLK (sky130_fd_sc_hd__dfrtp_4)
                  0.13    0.45    0.87 ^ _424_/Q (sky130_fd_sc_hd__dfrtp_4)
     6    0.04                           net16 (net)
                  0.13    0.00    0.87 ^ output16/A (sky130_fd_sc_hd__buf_2)
                  0.17    0.22    1.09 ^ output16/X (sky130_fd_sc_hd__buf_2)
     1    0.03                           B_out[6] (net)
                  0.17    0.00    1.09 ^ B_out[6] (out)
                                  1.09   data arrival time

                          0.00    0.00   clock clk (rise edge)
                          0.00    0.00   clock network delay (propagated)
                          0.25    0.25   clock uncertainty
                          0.00    0.25   clock reconvergence pessimism
                         -4.00   -3.75   output external delay
                                 -3.75   data required time
-----------------------------------------------------------------------------
                                 -3.75   data required time
                                 -1.09   data arrival time
-----------------------------------------------------------------------------
                                  4.84   slack (MET)


Startpoint: _418_ (rising edge-triggered flip-flop clocked by clk)
Endpoint: B_out[0] (output port clocked by clk)
Path Group: clk
Path Type: min

Fanout     Cap    Slew   Delay    Time   Description
-----------------------------------------------------------------------------
                          0.00    0.00   clock clk (rise edge)
                          0.00    0.00   clock source latency
                  0.20    0.14    0.14 ^ clk (in)
     1    0.04                           clk (net)
                  0.20    0.00    0.14 ^ clkbuf_0_clk/A (sky130_fd_sc_hd__clkbuf_16)
                  0.04    0.16    0.30 ^ clkbuf_0_clk/X (sky130_fd_sc_hd__clkbuf_16)
     2    0.02                           clknet_0_clk (net)
                  0.04    0.00    0.30 ^ clkbuf_1_1__f_clk/A (sky130_fd_sc_hd__clkbuf_16)
                  0.05    0.12    0.42 ^ clkbuf_1_1__f_clk/X (sky130_fd_sc_hd__clkbuf_16)
    14    0.03                           clknet_1_1__leaf_clk (net)
                  0.05    0.00    0.42 ^ _418_/CLK (sky130_fd_sc_hd__dfrtp_4)
                  0.14    0.46    0.88 ^ _418_/Q (sky130_fd_sc_hd__dfrtp_4)
     5    0.04                           net10 (net)
                  0.14    0.00    0.88 ^ output10/A (sky130_fd_sc_hd__clkbuf_4)
                  0.11    0.21    1.09 ^ output10/X (sky130_fd_sc_hd__clkbuf_4)
     1    0.03                           B_out[0] (net)
                  0.11    0.00    1.09 ^ B_out[0] (out)
                                  1.09   data arrival time

                          0.00    0.00   clock clk (rise edge)
                          0.00    0.00   clock network delay (propagated)
                          0.25    0.25   clock uncertainty
                          0.00    0.25   clock reconvergence pessimism
                         -4.00   -3.75   output external delay
                                 -3.75   data required time
-----------------------------------------------------------------------------
                                 -3.75   data required time
                                 -1.09   data arrival time
-----------------------------------------------------------------------------
                                  4.84   slack (MET)


Startpoint: _422_ (rising edge-triggered flip-flop clocked by clk)
Endpoint: B_out[4] (output port clocked by clk)
Path Group: clk
Path Type: min

Fanout     Cap    Slew   Delay    Time   Description
-----------------------------------------------------------------------------
                          0.00    0.00   clock clk (rise edge)
                          0.00    0.00   clock source latency
                  0.20    0.14    0.14 ^ clk (in)
     1    0.04                           clk (net)
                  0.20    0.00    0.14 ^ clkbuf_0_clk/A (sky130_fd_sc_hd__clkbuf_16)
                  0.04    0.16    0.30 ^ clkbuf_0_clk/X (sky130_fd_sc_hd__clkbuf_16)
     2    0.02                           clknet_0_clk (net)
                  0.04    0.00    0.30 ^ clkbuf_1_0__f_clk/A (sky130_fd_sc_hd__clkbuf_16)
                  0.05    0.12    0.42 ^ clkbuf_1_0__f_clk/X (sky130_fd_sc_hd__clkbuf_16)
    14    0.03                           clknet_1_0__leaf_clk (net)
                  0.05    0.00    0.42 ^ _422_/CLK (sky130_fd_sc_hd__dfrtp_4)
                  0.14    0.46    0.88 ^ _422_/Q (sky130_fd_sc_hd__dfrtp_4)
     5    0.04                           net14 (net)
                  0.14    0.00    0.89 ^ output14/A (sky130_fd_sc_hd__clkbuf_4)
                  0.11    0.21    1.10 ^ output14/X (sky130_fd_sc_hd__clkbuf_4)
     1    0.03                           B_out[4] (net)
                  0.11    0.00    1.10 ^ B_out[4] (out)
                                  1.10   data arrival time

                          0.00    0.00   clock clk (rise edge)
                          0.00    0.00   clock network delay (propagated)
                          0.25    0.25   clock uncertainty
                          0.00    0.25   clock reconvergence pessimism
                         -4.00   -3.75   output external delay
                                 -3.75   data required time
-----------------------------------------------------------------------------
                                 -3.75   data required time
                                 -1.10   data arrival time
-----------------------------------------------------------------------------
                                  4.85   slack (MET)


Startpoint: _420_ (rising edge-triggered flip-flop clocked by clk)
Endpoint: B_out[2] (output port clocked by clk)
Path Group: clk
Path Type: min

Fanout     Cap    Slew   Delay    Time   Description
-----------------------------------------------------------------------------
                          0.00    0.00   clock clk (rise edge)
                          0.00    0.00   clock source latency
                  0.20    0.14    0.14 ^ clk (in)
     1    0.04                           clk (net)
                  0.20    0.00    0.14 ^ clkbuf_0_clk/A (sky130_fd_sc_hd__clkbuf_16)
                  0.04    0.16    0.30 ^ clkbuf_0_clk/X (sky130_fd_sc_hd__clkbuf_16)
     2    0.02                           clknet_0_clk (net)
                  0.04    0.00    0.30 ^ clkbuf_1_1__f_clk/A (sky130_fd_sc_hd__clkbuf_16)
                  0.05    0.12    0.42 ^ clkbuf_1_1__f_clk/X (sky130_fd_sc_hd__clkbuf_16)
    14    0.03                           clknet_1_1__leaf_clk (net)
                  0.05    0.00    0.42 ^ _420_/CLK (sky130_fd_sc_hd__dfrtp_4)
                  0.15    0.46    0.88 ^ _420_/Q (sky130_fd_sc_hd__dfrtp_4)
     4    0.04                           net12 (net)
                  0.15    0.00    0.89 ^ output12/A (sky130_fd_sc_hd__buf_2)
                  0.17    0.22    1.11 ^ output12/X (sky130_fd_sc_hd__buf_2)
     1    0.03                           B_out[2] (net)
                  0.17    0.00    1.11 ^ B_out[2] (out)
                                  1.11   data arrival time

                          0.00    0.00   clock clk (rise edge)
                          0.00    0.00   clock network delay (propagated)
                          0.25    0.25   clock uncertainty
                          0.00    0.25   clock reconvergence pessimism
                         -4.00   -3.75   output external delay
                                 -3.75   data required time
-----------------------------------------------------------------------------
                                 -3.75   data required time
                                 -1.11   data arrival time
-----------------------------------------------------------------------------
                                  4.86   slack (MET)


Startpoint: _404_ (rising edge-triggered flip-flop clocked by clk)
Endpoint: A_out[2] (output port clocked by clk)
Path Group: clk
Path Type: min

Fanout     Cap    Slew   Delay    Time   Description
-----------------------------------------------------------------------------
                          0.00    0.00   clock clk (rise edge)
                          0.00    0.00   clock source latency
                  0.20    0.14    0.14 ^ clk (in)
     1    0.04                           clk (net)
                  0.20    0.00    0.14 ^ clkbuf_0_clk/A (sky130_fd_sc_hd__clkbuf_16)
                  0.04    0.16    0.30 ^ clkbuf_0_clk/X (sky130_fd_sc_hd__clkbuf_16)
     2    0.02                           clknet_0_clk (net)
                  0.04    0.00    0.30 ^ clkbuf_1_1__f_clk/A (sky130_fd_sc_hd__clkbuf_16)
                  0.05    0.12    0.42 ^ clkbuf_1_1__f_clk/X (sky130_fd_sc_hd__clkbuf_16)
    14    0.03                           clknet_1_1__leaf_clk (net)
                  0.05    0.00    0.42 ^ _404_/CLK (sky130_fd_sc_hd__dfrtp_4)
                  0.16    0.47    0.90 ^ _404_/Q (sky130_fd_sc_hd__dfrtp_4)
     4    0.05                           net4 (net)
                  0.16    0.01    0.90 ^ output4/A (sky130_fd_sc_hd__clkbuf_4)
                  0.11    0.21    1.11 ^ output4/X (sky130_fd_sc_hd__clkbuf_4)
     1    0.03                           A_out[2] (net)
                  0.11    0.00    1.11 ^ A_out[2] (out)
                                  1.11   data arrival time

                          0.00    0.00   clock clk (rise edge)
                          0.00    0.00   clock network delay (propagated)
                          0.25    0.25   clock uncertainty
                          0.00    0.25   clock reconvergence pessimism
                         -4.00   -3.75   output external delay
                                 -3.75   data required time
-----------------------------------------------------------------------------
                                 -3.75   data required time
                                 -1.11   data arrival time
-----------------------------------------------------------------------------
                                  4.86   slack (MET)


Startpoint: _410_ (rising edge-triggered flip-flop clocked by clk)
Endpoint: last_opcode_out[1] (output port clocked by clk)
Path Group: clk
Path Type: min

Fanout     Cap    Slew   Delay    Time   Description
-----------------------------------------------------------------------------
                          0.00    0.00   clock clk (rise edge)
                          0.00    0.00   clock source latency
                  0.20    0.14    0.14 ^ clk (in)
     1    0.04                           clk (net)
                  0.20    0.00    0.14 ^ clkbuf_0_clk/A (sky130_fd_sc_hd__clkbuf_16)
                  0.04    0.16    0.30 ^ clkbuf_0_clk/X (sky130_fd_sc_hd__clkbuf_16)
     2    0.02                           clknet_0_clk (net)
                  0.04    0.00    0.30 ^ clkbuf_1_0__f_clk/A (sky130_fd_sc_hd__clkbuf_16)
                  0.05    0.12    0.42 ^ clkbuf_1_0__f_clk/X (sky130_fd_sc_hd__clkbuf_16)
    14    0.03                           clknet_1_0__leaf_clk (net)
                  0.05    0.00    0.42 ^ _410_/CLK (sky130_fd_sc_hd__dfrtp_4)
                  0.17    0.49    0.91 ^ _410_/Q (sky130_fd_sc_hd__dfrtp_4)
     3    0.05                           net23 (net)
                  0.17    0.01    0.91 ^ output23/A (sky130_fd_sc_hd__buf_2)
                  0.17    0.23    1.14 ^ output23/X (sky130_fd_sc_hd__buf_2)
     1    0.03                           last_opcode_out[1] (net)
                  0.17    0.00    1.14 ^ last_opcode_out[1] (out)
                                  1.14   data arrival time

                          0.00    0.00   clock clk (rise edge)
                          0.00    0.00   clock network delay (propagated)
                          0.25    0.25   clock uncertainty
                          0.00    0.25   clock reconvergence pessimism
                         -4.00   -3.75   output external delay
                                 -3.75   data required time
-----------------------------------------------------------------------------
                                 -3.75   data required time
                                 -1.14   data arrival time
-----------------------------------------------------------------------------
                                  4.89   slack (MET)


Startpoint: _410_ (rising edge-triggered flip-flop clocked by clk)
Endpoint: last_opcode_out[0] (output port clocked by clk)
Path Group: clk
Path Type: min

Fanout     Cap    Slew   Delay    Time   Description
-----------------------------------------------------------------------------
                          0.00    0.00   clock clk (rise edge)
                          0.00    0.00   clock source latency
                  0.20    0.14    0.14 ^ clk (in)
     1    0.04                           clk (net)
                  0.20    0.00    0.14 ^ clkbuf_0_clk/A (sky130_fd_sc_hd__clkbuf_16)
                  0.04    0.16    0.30 ^ clkbuf_0_clk/X (sky130_fd_sc_hd__clkbuf_16)
     2    0.02                           clknet_0_clk (net)
                  0.04    0.00    0.30 ^ clkbuf_1_0__f_clk/A (sky130_fd_sc_hd__clkbuf_16)
                  0.05    0.12    0.42 ^ clkbuf_1_0__f_clk/X (sky130_fd_sc_hd__clkbuf_16)
    14    0.03                           clknet_1_0__leaf_clk (net)
                  0.05    0.00    0.42 ^ _410_/CLK (sky130_fd_sc_hd__dfrtp_4)
                  0.17    0.49    0.91 ^ _410_/Q (sky130_fd_sc_hd__dfrtp_4)
     3    0.05                           net23 (net)
                  0.17    0.00    0.91 ^ _427_/A (sky130_fd_sc_hd__clkbuf_1)
                  0.06    0.11    1.02 ^ _427_/X (sky130_fd_sc_hd__clkbuf_1)
     1    0.00                           net22 (net)
                  0.06    0.00    1.03 ^ output22/A (sky130_fd_sc_hd__clkbuf_4)
                  0.11    0.18    1.21 ^ output22/X (sky130_fd_sc_hd__clkbuf_4)
     1    0.03                           last_opcode_out[0] (net)
                  0.11    0.00    1.21 ^ last_opcode_out[0] (out)
                                  1.21   data arrival time

                          0.00    0.00   clock clk (rise edge)
                          0.00    0.00   clock network delay (propagated)
                          0.25    0.25   clock uncertainty
                          0.00    0.25   clock reconvergence pessimism
                         -4.00   -3.75   output external delay
                                 -3.75   data required time
-----------------------------------------------------------------------------
                                 -3.75   data required time
                                 -1.21   data arrival time
-----------------------------------------------------------------------------
                                  4.96   slack (MET)



min_report_end
max_report

===========================================================================
report_checks -path_delay max (Setup)
============================================================================
======================= Typical Corner ===================================

Startpoint: _410_ (rising edge-triggered flip-flop clocked by clk)
Endpoint: last_opcode_out[0] (output port clocked by clk)
Path Group: clk
Path Type: max

Fanout     Cap    Slew   Delay    Time   Description
-----------------------------------------------------------------------------
                          0.00    0.00   clock clk (rise edge)
                          0.00    0.00   clock source latency
                  0.20    0.15    0.15 ^ clk (in)
     1    0.04                           clk (net)
                  0.20    0.00    0.15 ^ clkbuf_0_clk/A (sky130_fd_sc_hd__clkbuf_16)
                  0.04    0.18    0.33 ^ clkbuf_0_clk/X (sky130_fd_sc_hd__clkbuf_16)
     2    0.02                           clknet_0_clk (net)
                  0.04    0.00    0.33 ^ clkbuf_1_0__f_clk/A (sky130_fd_sc_hd__clkbuf_16)
                  0.05    0.14    0.47 ^ clkbuf_1_0__f_clk/X (sky130_fd_sc_hd__clkbuf_16)
    14    0.03                           clknet_1_0__leaf_clk (net)
                  0.05    0.00    0.47 ^ _410_/CLK (sky130_fd_sc_hd__dfrtp_4)
                  0.12    0.59    1.05 v _410_/Q (sky130_fd_sc_hd__dfrtp_4)
     3    0.05                           net23 (net)
                  0.12    0.00    1.06 v _427_/A (sky130_fd_sc_hd__clkbuf_1)
                  0.03    0.13    1.19 v _427_/X (sky130_fd_sc_hd__clkbuf_1)
     1    0.00                           net22 (net)
                  0.03    0.00    1.19 v output22/A (sky130_fd_sc_hd__clkbuf_4)
                  0.08    0.19    1.37 v output22/X (sky130_fd_sc_hd__clkbuf_4)
     1    0.03                           last_opcode_out[0] (net)
                  0.08    0.00    1.37 v last_opcode_out[0] (out)
                                  1.37   data arrival time

                         20.00   20.00   clock clk (rise edge)
                          0.00   20.00   clock network delay (propagated)
                         -0.25   19.75   clock uncertainty
                          0.00   19.75   clock reconvergence pessimism
                         -4.00   15.75   output external delay
                                 15.75   data required time
-----------------------------------------------------------------------------
                                 15.75   data required time
                                 -1.37   data arrival time
-----------------------------------------------------------------------------
                                 14.38   slack (MET)


Startpoint: _410_ (rising edge-triggered flip-flop clocked by clk)
Endpoint: last_opcode_out[1] (output port clocked by clk)
Path Group: clk
Path Type: max

Fanout     Cap    Slew   Delay    Time   Description
-----------------------------------------------------------------------------
                          0.00    0.00   clock clk (rise edge)
                          0.00    0.00   clock source latency
                  0.20    0.15    0.15 ^ clk (in)
     1    0.04                           clk (net)
                  0.20    0.00    0.15 ^ clkbuf_0_clk/A (sky130_fd_sc_hd__clkbuf_16)
                  0.04    0.18    0.33 ^ clkbuf_0_clk/X (sky130_fd_sc_hd__clkbuf_16)
     2    0.02                           clknet_0_clk (net)
                  0.04    0.00    0.33 ^ clkbuf_1_0__f_clk/A (sky130_fd_sc_hd__clkbuf_16)
                  0.05    0.14    0.47 ^ clkbuf_1_0__f_clk/X (sky130_fd_sc_hd__clkbuf_16)
    14    0.03                           clknet_1_0__leaf_clk (net)
                  0.05    0.00    0.47 ^ _410_/CLK (sky130_fd_sc_hd__dfrtp_4)
                  0.12    0.59    1.05 v _410_/Q (sky130_fd_sc_hd__dfrtp_4)
     3    0.05                           net23 (net)
                  0.12    0.01    1.06 v output23/A (sky130_fd_sc_hd__buf_2)
                  0.09    0.23    1.28 v output23/X (sky130_fd_sc_hd__buf_2)
     1    0.03                           last_opcode_out[1] (net)
                  0.09    0.00    1.28 v last_opcode_out[1] (out)
                                  1.28   data arrival time

                         20.00   20.00   clock clk (rise edge)
                          0.00   20.00   clock network delay (propagated)
                         -0.25   19.75   clock uncertainty
                          0.00   19.75   clock reconvergence pessimism
                         -4.00   15.75   output external delay
                                 15.75   data required time
-----------------------------------------------------------------------------
                                 15.75   data required time
                                 -1.28   data arrival time
-----------------------------------------------------------------------------
                                 14.47   slack (MET)


Startpoint: _404_ (rising edge-triggered flip-flop clocked by clk)
Endpoint: A_out[2] (output port clocked by clk)
Path Group: clk
Path Type: max

Fanout     Cap    Slew   Delay    Time   Description
-----------------------------------------------------------------------------
                          0.00    0.00   clock clk (rise edge)
                          0.00    0.00   clock source latency
                  0.20    0.15    0.15 ^ clk (in)
     1    0.04                           clk (net)
                  0.20    0.00    0.15 ^ clkbuf_0_clk/A (sky130_fd_sc_hd__clkbuf_16)
                  0.04    0.18    0.33 ^ clkbuf_0_clk/X (sky130_fd_sc_hd__clkbuf_16)
     2    0.02                           clknet_0_clk (net)
                  0.04    0.00    0.33 ^ clkbuf_1_1__f_clk/A (sky130_fd_sc_hd__clkbuf_16)
                  0.05    0.14    0.47 ^ clkbuf_1_1__f_clk/X (sky130_fd_sc_hd__clkbuf_16)
    14    0.03                           clknet_1_1__leaf_clk (net)
                  0.05    0.00    0.47 ^ _404_/CLK (sky130_fd_sc_hd__dfrtp_4)
                  0.12    0.57    1.04 v _404_/Q (sky130_fd_sc_hd__dfrtp_4)
     4    0.05                           net4 (net)
                  0.12    0.01    1.04 v output4/A (sky130_fd_sc_hd__clkbuf_4)
                  0.08    0.22    1.27 v output4/X (sky130_fd_sc_hd__clkbuf_4)
     1    0.03                           A_out[2] (net)
                  0.08    0.00    1.27 v A_out[2] (out)
                                  1.27   data arrival time

                         20.00   20.00   clock clk (rise edge)
                          0.00   20.00   clock network delay (propagated)
                         -0.25   19.75   clock uncertainty
                          0.00   19.75   clock reconvergence pessimism
                         -4.00   15.75   output external delay
                                 15.75   data required time
-----------------------------------------------------------------------------
                                 15.75   data required time
                                 -1.27   data arrival time
-----------------------------------------------------------------------------
                                 14.48   slack (MET)


Startpoint: _422_ (rising edge-triggered flip-flop clocked by clk)
Endpoint: B_out[4] (output port clocked by clk)
Path Group: clk
Path Type: max

Fanout     Cap    Slew   Delay    Time   Description
-----------------------------------------------------------------------------
                          0.00    0.00   clock clk (rise edge)
                          0.00    0.00   clock source latency
                  0.20    0.15    0.15 ^ clk (in)
     1    0.04                           clk (net)
                  0.20    0.00    0.15 ^ clkbuf_0_clk/A (sky130_fd_sc_hd__clkbuf_16)
                  0.04    0.18    0.33 ^ clkbuf_0_clk/X (sky130_fd_sc_hd__clkbuf_16)
     2    0.02                           clknet_0_clk (net)
                  0.04    0.00    0.33 ^ clkbuf_1_0__f_clk/A (sky130_fd_sc_hd__clkbuf_16)
                  0.05    0.14    0.47 ^ clkbuf_1_0__f_clk/X (sky130_fd_sc_hd__clkbuf_16)
    14    0.03                           clknet_1_0__leaf_clk (net)
                  0.05    0.00    0.47 ^ _422_/CLK (sky130_fd_sc_hd__dfrtp_4)
                  0.11    0.56    1.03 v _422_/Q (sky130_fd_sc_hd__dfrtp_4)
     5    0.04                           net14 (net)
                  0.11    0.00    1.03 v output14/A (sky130_fd_sc_hd__clkbuf_4)
                  0.08    0.22    1.26 v output14/X (sky130_fd_sc_hd__clkbuf_4)
     1    0.03                           B_out[4] (net)
                  0.08    0.00    1.26 v B_out[4] (out)
                                  1.26   data arrival time

                         20.00   20.00   clock clk (rise edge)
                          0.00   20.00   clock network delay (propagated)
                         -0.25   19.75   clock uncertainty
                          0.00   19.75   clock reconvergence pessimism
                         -4.00   15.75   output external delay
                                 15.75   data required time
-----------------------------------------------------------------------------
                                 15.75   data required time
                                 -1.26   data arrival time
-----------------------------------------------------------------------------
                                 14.49   slack (MET)


Startpoint: _420_ (rising edge-triggered flip-flop clocked by clk)
Endpoint: B_out[2] (output port clocked by clk)
Path Group: clk
Path Type: max

Fanout     Cap    Slew   Delay    Time   Description
-----------------------------------------------------------------------------
                          0.00    0.00   clock clk (rise edge)
                          0.00    0.00   clock source latency
                  0.20    0.15    0.15 ^ clk (in)
     1    0.04                           clk (net)
                  0.20    0.00    0.15 ^ clkbuf_0_clk/A (sky130_fd_sc_hd__clkbuf_16)
                  0.04    0.18    0.33 ^ clkbuf_0_clk/X (sky130_fd_sc_hd__clkbuf_16)
     2    0.02                           clknet_0_clk (net)
                  0.04    0.00    0.33 ^ clkbuf_1_1__f_clk/A (sky130_fd_sc_hd__clkbuf_16)
                  0.05    0.14    0.47 ^ clkbuf_1_1__f_clk/X (sky130_fd_sc_hd__clkbuf_16)
    14    0.03                           clknet_1_1__leaf_clk (net)
                  0.05    0.00    0.47 ^ _420_/CLK (sky130_fd_sc_hd__dfrtp_4)
                  0.11    0.56    1.03 v _420_/Q (sky130_fd_sc_hd__dfrtp_4)
     4    0.04                           net12 (net)
                  0.11    0.00    1.03 v output12/A (sky130_fd_sc_hd__buf_2)
                  0.09    0.22    1.25 v output12/X (sky130_fd_sc_hd__buf_2)
     1    0.03                           B_out[2] (net)
                  0.09    0.00    1.26 v B_out[2] (out)
                                  1.26   data arrival time

                         20.00   20.00   clock clk (rise edge)
                          0.00   20.00   clock network delay (propagated)
                         -0.25   19.75   clock uncertainty
                          0.00   19.75   clock reconvergence pessimism
                         -4.00   15.75   output external delay
                                 15.75   data required time
-----------------------------------------------------------------------------
                                 15.75   data required time
                                 -1.26   data arrival time
-----------------------------------------------------------------------------
                                 14.49   slack (MET)


Startpoint: _418_ (rising edge-triggered flip-flop clocked by clk)
Endpoint: B_out[0] (output port clocked by clk)
Path Group: clk
Path Type: max

Fanout     Cap    Slew   Delay    Time   Description
-----------------------------------------------------------------------------
                          0.00    0.00   clock clk (rise edge)
                          0.00    0.00   clock source latency
                  0.20    0.15    0.15 ^ clk (in)
     1    0.04                           clk (net)
                  0.20    0.00    0.15 ^ clkbuf_0_clk/A (sky130_fd_sc_hd__clkbuf_16)
                  0.04    0.18    0.33 ^ clkbuf_0_clk/X (sky130_fd_sc_hd__clkbuf_16)
     2    0.02                           clknet_0_clk (net)
                  0.04    0.00    0.33 ^ clkbuf_1_1__f_clk/A (sky130_fd_sc_hd__clkbuf_16)
                  0.05    0.14    0.47 ^ clkbuf_1_1__f_clk/X (sky130_fd_sc_hd__clkbuf_16)
    14    0.03                           clknet_1_1__leaf_clk (net)
                  0.05    0.00    0.47 ^ _418_/CLK (sky130_fd_sc_hd__dfrtp_4)
                  0.10    0.56    1.03 v _418_/Q (sky130_fd_sc_hd__dfrtp_4)
     5    0.04                           net10 (net)
                  0.10    0.00    1.03 v output10/A (sky130_fd_sc_hd__clkbuf_4)
                  0.08    0.22    1.25 v output10/X (sky130_fd_sc_hd__clkbuf_4)
     1    0.03                           B_out[0] (net)
                  0.08    0.00    1.25 v B_out[0] (out)
                                  1.25   data arrival time

                         20.00   20.00   clock clk (rise edge)
                          0.00   20.00   clock network delay (propagated)
                         -0.25   19.75   clock uncertainty
                          0.00   19.75   clock reconvergence pessimism
                         -4.00   15.75   output external delay
                                 15.75   data required time
-----------------------------------------------------------------------------
                                 15.75   data required time
                                 -1.25   data arrival time
-----------------------------------------------------------------------------
                                 14.50   slack (MET)


Startpoint: _413_ (rising edge-triggered flip-flop clocked by clk)
Endpoint: last_opcode_out[4] (output port clocked by clk)
Path Group: clk
Path Type: max

Fanout     Cap    Slew   Delay    Time   Description
-----------------------------------------------------------------------------
                          0.00    0.00   clock clk (rise edge)
                          0.00    0.00   clock source latency
                  0.20    0.15    0.15 ^ clk (in)
     1    0.04                           clk (net)
                  0.20    0.00    0.15 ^ clkbuf_0_clk/A (sky130_fd_sc_hd__clkbuf_16)
                  0.04    0.18    0.33 ^ clkbuf_0_clk/X (sky130_fd_sc_hd__clkbuf_16)
     2    0.02                           clknet_0_clk (net)
                  0.04    0.00    0.33 ^ clkbuf_1_0__f_clk/A (sky130_fd_sc_hd__clkbuf_16)
                  0.05    0.14    0.47 ^ clkbuf_1_0__f_clk/X (sky130_fd_sc_hd__clkbuf_16)
    14    0.03                           clknet_1_0__leaf_clk (net)
                  0.05    0.00    0.47 ^ _413_/CLK (sky130_fd_sc_hd__dfrtp_4)
                  0.06    0.49    0.95 v _413_/Q (sky130_fd_sc_hd__dfrtp_4)
     3    0.01                           net27 (net)
                  0.06    0.00    0.95 v _428_/A (sky130_fd_sc_hd__clkbuf_1)
                  0.03    0.10    1.06 v _428_/X (sky130_fd_sc_hd__clkbuf_1)
     1    0.00                           net26 (net)
                  0.03    0.00    1.06 v output26/A (sky130_fd_sc_hd__clkbuf_4)
                  0.08    0.19    1.24 v output26/X (sky130_fd_sc_hd__clkbuf_4)
     1    0.03                           last_opcode_out[4] (net)
                  0.08    0.00    1.24 v last_opcode_out[4] (out)
                                  1.24   data arrival time

                         20.00   20.00   clock clk (rise edge)
                          0.00   20.00   clock network delay (propagated)
                         -0.25   19.75   clock uncertainty
                          0.00   19.75   clock reconvergence pessimism
                         -4.00   15.75   output external delay
                                 15.75   data required time
-----------------------------------------------------------------------------
                                 15.75   data required time
                                 -1.24   data arrival time
-----------------------------------------------------------------------------
                                 14.51   slack (MET)


Startpoint: _424_ (rising edge-triggered flip-flop clocked by clk)
Endpoint: B_out[6] (output port clocked by clk)
Path Group: clk
Path Type: max

Fanout     Cap    Slew   Delay    Time   Description
-----------------------------------------------------------------------------
                          0.00    0.00   clock clk (rise edge)
                          0.00    0.00   clock source latency
                  0.20    0.15    0.15 ^ clk (in)
     1    0.04                           clk (net)
                  0.20    0.00    0.15 ^ clkbuf_0_clk/A (sky130_fd_sc_hd__clkbuf_16)
                  0.04    0.18    0.33 ^ clkbuf_0_clk/X (sky130_fd_sc_hd__clkbuf_16)
     2    0.02                           clknet_0_clk (net)
                  0.04    0.00    0.33 ^ clkbuf_1_0__f_clk/A (sky130_fd_sc_hd__clkbuf_16)
                  0.05    0.14    0.47 ^ clkbuf_1_0__f_clk/X (sky130_fd_sc_hd__clkbuf_16)
    14    0.03                           clknet_1_0__leaf_clk (net)
                  0.05    0.00    0.47 ^ _424_/CLK (sky130_fd_sc_hd__dfrtp_4)
                  0.10    0.55    1.02 v _424_/Q (sky130_fd_sc_hd__dfrtp_4)
     6    0.04                           net16 (net)
                  0.10    0.00    1.02 v output16/A (sky130_fd_sc_hd__buf_2)
                  0.09    0.21    1.24 v output16/X (sky130_fd_sc_hd__buf_2)
     1    0.03                           B_out[6] (net)
                  0.09    0.00    1.24 v B_out[6] (out)
                                  1.24   data arrival time

                         20.00   20.00   clock clk (rise edge)
                          0.00   20.00   clock network delay (propagated)
                         -0.25   19.75   clock uncertainty
                          0.00   19.75   clock reconvergence pessimism
                         -4.00   15.75   output external delay
                                 15.75   data required time
-----------------------------------------------------------------------------
                                 15.75   data required time
                                 -1.24   data arrival time
-----------------------------------------------------------------------------
                                 14.51   slack (MET)


Startpoint: _414_ (rising edge-triggered flip-flop clocked by clk)
Endpoint: flags_out[0] (output port clocked by clk)
Path Group: clk
Path Type: max

Fanout     Cap    Slew   Delay    Time   Description
-----------------------------------------------------------------------------
                          0.00    0.00   clock clk (rise edge)
                          0.00    0.00   clock source latency
                  0.20    0.15    0.15 ^ clk (in)
     1    0.04                           clk (net)
                  0.20    0.00    0.15 ^ clkbuf_0_clk/A (sky130_fd_sc_hd__clkbuf_16)
                  0.04    0.18    0.33 ^ clkbuf_0_clk/X (sky130_fd_sc_hd__clkbuf_16)
     2    0.02                           clknet_0_clk (net)
                  0.04    0.00    0.33 ^ clkbuf_1_0__f_clk/A (sky130_fd_sc_hd__clkbuf_16)
                  0.05    0.14    0.47 ^ clkbuf_1_0__f_clk/X (sky130_fd_sc_hd__clkbuf_16)
    14    0.03                           clknet_1_0__leaf_clk (net)
                  0.05    0.00    0.47 ^ _414_/CLK (sky130_fd_sc_hd__dfrtp_4)
                  0.09    0.54    1.01 v _414_/Q (sky130_fd_sc_hd__dfrtp_4)
     2    0.03                           net18 (net)
                  0.09    0.00    1.01 v output18/A (sky130_fd_sc_hd__clkbuf_4)
                  0.08    0.21    1.23 v output18/X (sky130_fd_sc_hd__clkbuf_4)
     1    0.03                           flags_out[0] (net)
                  0.08    0.00    1.23 v flags_out[0] (out)
                                  1.23   data arrival time

                         20.00   20.00   clock clk (rise edge)
                          0.00   20.00   clock network delay (propagated)
                         -0.25   19.75   clock uncertainty
                          0.00   19.75   clock reconvergence pessimism
                         -4.00   15.75   output external delay
                                 15.75   data required time
-----------------------------------------------------------------------------
                                 15.75   data required time
                                 -1.23   data arrival time
-----------------------------------------------------------------------------
                                 14.52   slack (MET)


Startpoint: _423_ (rising edge-triggered flip-flop clocked by clk)
Endpoint: B_out[5] (output port clocked by clk)
Path Group: clk
Path Type: max

Fanout     Cap    Slew   Delay    Time   Description
-----------------------------------------------------------------------------
                          0.00    0.00   clock clk (rise edge)
                          0.00    0.00   clock source latency
                  0.20    0.15    0.15 ^ clk (in)
     1    0.04                           clk (net)
                  0.20    0.00    0.15 ^ clkbuf_0_clk/A (sky130_fd_sc_hd__clkbuf_16)
                  0.04    0.18    0.33 ^ clkbuf_0_clk/X (sky130_fd_sc_hd__clkbuf_16)
     2    0.02                           clknet_0_clk (net)
                  0.04    0.00    0.33 ^ clkbuf_1_0__f_clk/A (sky130_fd_sc_hd__clkbuf_16)
                  0.05    0.14    0.47 ^ clkbuf_1_0__f_clk/X (sky130_fd_sc_hd__clkbuf_16)
    14    0.03                           clknet_1_0__leaf_clk (net)
                  0.05    0.00    0.47 ^ _423_/CLK (sky130_fd_sc_hd__dfrtp_4)
                  0.09    0.54    1.01 v _423_/Q (sky130_fd_sc_hd__dfrtp_4)
     3    0.03                           net15 (net)
                  0.09    0.00    1.01 v output15/A (sky130_fd_sc_hd__clkbuf_4)
                  0.08    0.21    1.22 v output15/X (sky130_fd_sc_hd__clkbuf_4)
     1    0.03                           B_out[5] (net)
                  0.08    0.00    1.22 v B_out[5] (out)
                                  1.22   data arrival time

                         20.00   20.00   clock clk (rise edge)
                          0.00   20.00   clock network delay (propagated)
                         -0.25   19.75   clock uncertainty
                          0.00   19.75   clock reconvergence pessimism
                         -4.00   15.75   output external delay
                                 15.75   data required time
-----------------------------------------------------------------------------
                                 15.75   data required time
                                 -1.22   data arrival time
-----------------------------------------------------------------------------
                                 14.53   slack (MET)


Startpoint: _421_ (rising edge-triggered flip-flop clocked by clk)
Endpoint: B_out[3] (output port clocked by clk)
Path Group: clk
Path Type: max

Fanout     Cap    Slew   Delay    Time   Description
-----------------------------------------------------------------------------
                          0.00    0.00   clock clk (rise edge)
                          0.00    0.00   clock source latency
                  0.20    0.15    0.15 ^ clk (in)
     1    0.04                           clk (net)
                  0.20    0.00    0.15 ^ clkbuf_0_clk/A (sky130_fd_sc_hd__clkbuf_16)
                  0.04    0.18    0.33 ^ clkbuf_0_clk/X (sky130_fd_sc_hd__clkbuf_16)
     2    0.02                           clknet_0_clk (net)
                  0.04    0.00    0.33 ^ clkbuf_1_1__f_clk/A (sky130_fd_sc_hd__clkbuf_16)
                  0.05    0.14    0.47 ^ clkbuf_1_1__f_clk/X (sky130_fd_sc_hd__clkbuf_16)
    14    0.03                           clknet_1_1__leaf_clk (net)
                  0.05    0.00    0.47 ^ _421_/CLK (sky130_fd_sc_hd__dfrtp_4)
                  0.09    0.54    1.01 v _421_/Q (sky130_fd_sc_hd__dfrtp_4)
     4    0.03                           net13 (net)
                  0.09    0.00    1.01 v output13/A (sky130_fd_sc_hd__clkbuf_4)
                  0.08    0.21    1.22 v output13/X (sky130_fd_sc_hd__clkbuf_4)
     1    0.03                           B_out[3] (net)
                  0.08    0.00    1.22 v B_out[3] (out)
                                  1.22   data arrival time

                         20.00   20.00   clock clk (rise edge)
                          0.00   20.00   clock network delay (propagated)
                         -0.25   19.75   clock uncertainty
                          0.00   19.75   clock reconvergence pessimism
                         -4.00   15.75   output external delay
                                 15.75   data required time
-----------------------------------------------------------------------------
                                 15.75   data required time
                                 -1.22   data arrival time
-----------------------------------------------------------------------------
                                 14.53   slack (MET)


Startpoint: _417_ (rising edge-triggered flip-flop clocked by clk)
Endpoint: flags_out[3] (output port clocked by clk)
Path Group: clk
Path Type: max

Fanout     Cap    Slew   Delay    Time   Description
-----------------------------------------------------------------------------
                          0.00    0.00   clock clk (rise edge)
                          0.00    0.00   clock source latency
                  0.20    0.15    0.15 ^ clk (in)
     1    0.04                           clk (net)
                  0.20    0.00    0.15 ^ clkbuf_0_clk/A (sky130_fd_sc_hd__clkbuf_16)
                  0.04    0.18    0.33 ^ clkbuf_0_clk/X (sky130_fd_sc_hd__clkbuf_16)
     2    0.02                           clknet_0_clk (net)
                  0.04    0.00    0.33 ^ clkbuf_1_0__f_clk/A (sky130_fd_sc_hd__clkbuf_16)
                  0.05    0.14    0.47 ^ clkbuf_1_0__f_clk/X (sky130_fd_sc_hd__clkbuf_16)
    14    0.03                           clknet_1_0__leaf_clk (net)
                  0.05    0.00    0.47 ^ _417_/CLK (sky130_fd_sc_hd__dfrtp_4)
                  0.09    0.54    1.00 v _417_/Q (sky130_fd_sc_hd__dfrtp_4)
     3    0.03                           net21 (net)
                  0.09    0.00    1.01 v output21/A (sky130_fd_sc_hd__clkbuf_4)
                  0.08    0.21    1.22 v output21/X (sky130_fd_sc_hd__clkbuf_4)
     1    0.03                           flags_out[3] (net)
                  0.08    0.00    1.22 v flags_out[3] (out)
                                  1.22   data arrival time

                         20.00   20.00   clock clk (rise edge)
                          0.00   20.00   clock network delay (propagated)
                         -0.25   19.75   clock uncertainty
                          0.00   19.75   clock reconvergence pessimism
                         -4.00   15.75   output external delay
                                 15.75   data required time
-----------------------------------------------------------------------------
                                 15.75   data required time
                                 -1.22   data arrival time
-----------------------------------------------------------------------------
                                 14.53   slack (MET)


Startpoint: _415_ (rising edge-triggered flip-flop clocked by clk)
Endpoint: flags_out[1] (output port clocked by clk)
Path Group: clk
Path Type: max

Fanout     Cap    Slew   Delay    Time   Description
-----------------------------------------------------------------------------
                          0.00    0.00   clock clk (rise edge)
                          0.00    0.00   clock source latency
                  0.20    0.15    0.15 ^ clk (in)
     1    0.04                           clk (net)
                  0.20    0.00    0.15 ^ clkbuf_0_clk/A (sky130_fd_sc_hd__clkbuf_16)
                  0.04    0.18    0.33 ^ clkbuf_0_clk/X (sky130_fd_sc_hd__clkbuf_16)
     2    0.02                           clknet_0_clk (net)
                  0.04    0.00    0.33 ^ clkbuf_1_0__f_clk/A (sky130_fd_sc_hd__clkbuf_16)
                  0.05    0.14    0.47 ^ clkbuf_1_0__f_clk/X (sky130_fd_sc_hd__clkbuf_16)
    14    0.03                           clknet_1_0__leaf_clk (net)
                  0.05    0.00    0.47 ^ _415_/CLK (sky130_fd_sc_hd__dfrtp_4)
                  0.08    0.53    1.00 v _415_/Q (sky130_fd_sc_hd__dfrtp_4)
     2    0.02                           net19 (net)
                  0.09    0.00    1.00 v output19/A (sky130_fd_sc_hd__clkbuf_4)
                  0.08    0.21    1.21 v output19/X (sky130_fd_sc_hd__clkbuf_4)
     1    0.03                           flags_out[1] (net)
                  0.08    0.00    1.21 v flags_out[1] (out)
                                  1.21   data arrival time

                         20.00   20.00   clock clk (rise edge)
                          0.00   20.00   clock network delay (propagated)
                         -0.25   19.75   clock uncertainty
                          0.00   19.75   clock reconvergence pessimism
                         -4.00   15.75   output external delay
                                 15.75   data required time
-----------------------------------------------------------------------------
                                 15.75   data required time
                                 -1.21   data arrival time
-----------------------------------------------------------------------------
                                 14.54   slack (MET)


Startpoint: _402_ (rising edge-triggered flip-flop clocked by clk)
Endpoint: A_out[0] (output port clocked by clk)
Path Group: clk
Path Type: max

Fanout     Cap    Slew   Delay    Time   Description
-----------------------------------------------------------------------------
                          0.00    0.00   clock clk (rise edge)
                          0.00    0.00   clock source latency
                  0.20    0.15    0.15 ^ clk (in)
     1    0.04                           clk (net)
                  0.20    0.00    0.15 ^ clkbuf_0_clk/A (sky130_fd_sc_hd__clkbuf_16)
                  0.04    0.18    0.33 ^ clkbuf_0_clk/X (sky130_fd_sc_hd__clkbuf_16)
     2    0.02                           clknet_0_clk (net)
                  0.04    0.00    0.33 ^ clkbuf_1_1__f_clk/A (sky130_fd_sc_hd__clkbuf_16)
                  0.05    0.14    0.47 ^ clkbuf_1_1__f_clk/X (sky130_fd_sc_hd__clkbuf_16)
    14    0.03                           clknet_1_1__leaf_clk (net)
                  0.05    0.00    0.47 ^ _402_/CLK (sky130_fd_sc_hd__dfrtp_4)
                  0.07    0.51    0.98 v _402_/Q (sky130_fd_sc_hd__dfrtp_4)
     4    0.01                           net2 (net)
                  0.07    0.00    0.98 v output2/A (sky130_fd_sc_hd__clkbuf_4)
                  0.08    0.21    1.19 v output2/X (sky130_fd_sc_hd__clkbuf_4)
     1    0.03                           A_out[0] (net)
                  0.08    0.00    1.19 v A_out[0] (out)
                                  1.19   data arrival time

                         20.00   20.00   clock clk (rise edge)
                          0.00   20.00   clock network delay (propagated)
                         -0.25   19.75   clock uncertainty
                          0.00   19.75   clock reconvergence pessimism
                         -4.00   15.75   output external delay
                                 15.75   data required time
-----------------------------------------------------------------------------
                                 15.75   data required time
                                 -1.19   data arrival time
-----------------------------------------------------------------------------
                                 14.56   slack (MET)


Startpoint: _425_ (rising edge-triggered flip-flop clocked by clk)
Endpoint: B_out[7] (output port clocked by clk)
Path Group: clk
Path Type: max

Fanout     Cap    Slew   Delay    Time   Description
-----------------------------------------------------------------------------
                          0.00    0.00   clock clk (rise edge)
                          0.00    0.00   clock source latency
                  0.20    0.15    0.15 ^ clk (in)
     1    0.04                           clk (net)
                  0.20    0.00    0.15 ^ clkbuf_0_clk/A (sky130_fd_sc_hd__clkbuf_16)
                  0.04    0.18    0.33 ^ clkbuf_0_clk/X (sky130_fd_sc_hd__clkbuf_16)
     2    0.02                           clknet_0_clk (net)
                  0.04    0.00    0.33 ^ clkbuf_1_0__f_clk/A (sky130_fd_sc_hd__clkbuf_16)
                  0.05    0.14    0.47 ^ clkbuf_1_0__f_clk/X (sky130_fd_sc_hd__clkbuf_16)
    14    0.03                           clknet_1_0__leaf_clk (net)
                  0.05    0.00    0.47 ^ _425_/CLK (sky130_fd_sc_hd__dfrtp_4)
                  0.06    0.49    0.96 v _425_/Q (sky130_fd_sc_hd__dfrtp_4)
     3    0.01                           net17 (net)
                  0.06    0.00    0.96 v output17/A (sky130_fd_sc_hd__clkbuf_4)
                  0.08    0.20    1.16 v output17/X (sky130_fd_sc_hd__clkbuf_4)
     1    0.03                           B_out[7] (net)
                  0.08    0.00    1.16 v B_out[7] (out)
                                  1.16   data arrival time

                         20.00   20.00   clock clk (rise edge)
                          0.00   20.00   clock network delay (propagated)
                         -0.25   19.75   clock uncertainty
                          0.00   19.75   clock reconvergence pessimism
                         -4.00   15.75   output external delay
                                 15.75   data required time
-----------------------------------------------------------------------------
                                 15.75   data required time
                                 -1.16   data arrival time
-----------------------------------------------------------------------------
                                 14.59   slack (MET)


Startpoint: _419_ (rising edge-triggered flip-flop clocked by clk)
Endpoint: B_out[1] (output port clocked by clk)
Path Group: clk
Path Type: max

Fanout     Cap    Slew   Delay    Time   Description
-----------------------------------------------------------------------------
                          0.00    0.00   clock clk (rise edge)
                          0.00    0.00   clock source latency
                  0.20    0.15    0.15 ^ clk (in)
     1    0.04                           clk (net)
                  0.20    0.00    0.15 ^ clkbuf_0_clk/A (sky130_fd_sc_hd__clkbuf_16)
                  0.04    0.18    0.33 ^ clkbuf_0_clk/X (sky130_fd_sc_hd__clkbuf_16)
     2    0.02                           clknet_0_clk (net)
                  0.04    0.00    0.33 ^ clkbuf_1_1__f_clk/A (sky130_fd_sc_hd__clkbuf_16)
                  0.05    0.14    0.47 ^ clkbuf_1_1__f_clk/X (sky130_fd_sc_hd__clkbuf_16)
    14    0.03                           clknet_1_1__leaf_clk (net)
                  0.05    0.00    0.47 ^ _419_/CLK (sky130_fd_sc_hd__dfrtp_4)
                  0.06    0.49    0.96 v _419_/Q (sky130_fd_sc_hd__dfrtp_4)
     4    0.01                           net11 (net)
                  0.06    0.00    0.96 v output11/A (sky130_fd_sc_hd__clkbuf_4)
                  0.08    0.20    1.16 v output11/X (sky130_fd_sc_hd__clkbuf_4)
     1    0.03                           B_out[1] (net)
                  0.08    0.00    1.16 v B_out[1] (out)
                                  1.16   data arrival time

                         20.00   20.00   clock clk (rise edge)
                          0.00   20.00   clock network delay (propagated)
                         -0.25   19.75   clock uncertainty
                          0.00   19.75   clock reconvergence pessimism
                         -4.00   15.75   output external delay
                                 15.75   data required time
-----------------------------------------------------------------------------
                                 15.75   data required time
                                 -1.16   data arrival time
-----------------------------------------------------------------------------
                                 14.59   slack (MET)


Startpoint: _405_ (rising edge-triggered flip-flop clocked by clk)
Endpoint: A_out[3] (output port clocked by clk)
Path Group: clk
Path Type: max

Fanout     Cap    Slew   Delay    Time   Description
-----------------------------------------------------------------------------
                          0.00    0.00   clock clk (rise edge)
                          0.00    0.00   clock source latency
                  0.20    0.15    0.15 ^ clk (in)
     1    0.04                           clk (net)
                  0.20    0.00    0.15 ^ clkbuf_0_clk/A (sky130_fd_sc_hd__clkbuf_16)
                  0.04    0.18    0.33 ^ clkbuf_0_clk/X (sky130_fd_sc_hd__clkbuf_16)
     2    0.02                           clknet_0_clk (net)
                  0.04    0.00    0.33 ^ clkbuf_1_1__f_clk/A (sky130_fd_sc_hd__clkbuf_16)
                  0.05    0.14    0.47 ^ clkbuf_1_1__f_clk/X (sky130_fd_sc_hd__clkbuf_16)
    14    0.03                           clknet_1_1__leaf_clk (net)
                  0.05    0.00    0.47 ^ _405_/CLK (sky130_fd_sc_hd__dfrtp_4)
                  0.06    0.48    0.95 v _405_/Q (sky130_fd_sc_hd__dfrtp_4)
     3    0.00                           net5 (net)
                  0.06    0.00    0.95 v output5/A (sky130_fd_sc_hd__clkbuf_4)
                  0.09    0.20    1.16 v output5/X (sky130_fd_sc_hd__clkbuf_4)
     1    0.04                           A_out[3] (net)
                  0.09    0.00    1.16 v A_out[3] (out)
                                  1.16   data arrival time

                         20.00   20.00   clock clk (rise edge)
                          0.00   20.00   clock network delay (propagated)
                         -0.25   19.75   clock uncertainty
                          0.00   19.75   clock reconvergence pessimism
                         -4.00   15.75   output external delay
                                 15.75   data required time
-----------------------------------------------------------------------------
                                 15.75   data required time
                                 -1.16   data arrival time
-----------------------------------------------------------------------------
                                 14.59   slack (MET)


Startpoint: _409_ (rising edge-triggered flip-flop clocked by clk)
Endpoint: A_out[7] (output port clocked by clk)
Path Group: clk
Path Type: max

Fanout     Cap    Slew   Delay    Time   Description
-----------------------------------------------------------------------------
                          0.00    0.00   clock clk (rise edge)
                          0.00    0.00   clock source latency
                  0.20    0.15    0.15 ^ clk (in)
     1    0.04                           clk (net)
                  0.20    0.00    0.15 ^ clkbuf_0_clk/A (sky130_fd_sc_hd__clkbuf_16)
                  0.04    0.18    0.33 ^ clkbuf_0_clk/X (sky130_fd_sc_hd__clkbuf_16)
     2    0.02                           clknet_0_clk (net)
                  0.04    0.00    0.33 ^ clkbuf_1_0__f_clk/A (sky130_fd_sc_hd__clkbuf_16)
                  0.05    0.14    0.47 ^ clkbuf_1_0__f_clk/X (sky130_fd_sc_hd__clkbuf_16)
    14    0.03                           clknet_1_0__leaf_clk (net)
                  0.05    0.00    0.47 ^ _409_/CLK (sky130_fd_sc_hd__dfrtp_4)
                  0.06    0.48    0.95 v _409_/Q (sky130_fd_sc_hd__dfrtp_4)
     3    0.00                           net9 (net)
                  0.06    0.00    0.95 v output9/A (sky130_fd_sc_hd__clkbuf_4)
                  0.09    0.20    1.16 v output9/X (sky130_fd_sc_hd__clkbuf_4)
     1    0.04                           A_out[7] (net)
                  0.09    0.00    1.16 v A_out[7] (out)
                                  1.16   data arrival time

                         20.00   20.00   clock clk (rise edge)
                          0.00   20.00   clock network delay (propagated)
                         -0.25   19.75   clock uncertainty
                          0.00   19.75   clock reconvergence pessimism
                         -4.00   15.75   output external delay
                                 15.75   data required time
-----------------------------------------------------------------------------
                                 15.75   data required time
                                 -1.16   data arrival time
-----------------------------------------------------------------------------
                                 14.59   slack (MET)


Startpoint: _413_ (rising edge-triggered flip-flop clocked by clk)
Endpoint: last_opcode_out[6] (output port clocked by clk)
Path Group: clk
Path Type: max

Fanout     Cap    Slew   Delay    Time   Description
-----------------------------------------------------------------------------
                          0.00    0.00   clock clk (rise edge)
                          0.00    0.00   clock source latency
                  0.20    0.15    0.15 ^ clk (in)
     1    0.04                           clk (net)
                  0.20    0.00    0.15 ^ clkbuf_0_clk/A (sky130_fd_sc_hd__clkbuf_16)
                  0.04    0.18    0.33 ^ clkbuf_0_clk/X (sky130_fd_sc_hd__clkbuf_16)
     2    0.02                           clknet_0_clk (net)
                  0.04    0.00    0.33 ^ clkbuf_1_0__f_clk/A (sky130_fd_sc_hd__clkbuf_16)
                  0.05    0.14    0.47 ^ clkbuf_1_0__f_clk/X (sky130_fd_sc_hd__clkbuf_16)
    14    0.03                           clknet_1_0__leaf_clk (net)
                  0.05    0.00    0.47 ^ _413_/CLK (sky130_fd_sc_hd__dfrtp_4)
                  0.06    0.49    0.95 v _413_/Q (sky130_fd_sc_hd__dfrtp_4)
     3    0.01                           net27 (net)
                  0.06    0.00    0.95 v output27/A (sky130_fd_sc_hd__clkbuf_4)
                  0.08    0.20    1.15 v output27/X (sky130_fd_sc_hd__clkbuf_4)
     1    0.04                           last_opcode_out[6] (net)
                  0.08    0.00    1.16 v last_opcode_out[6] (out)
                                  1.16   data arrival time

                         20.00   20.00   clock clk (rise edge)
                          0.00   20.00   clock network delay (propagated)
                         -0.25   19.75   clock uncertainty
                          0.00   19.75   clock reconvergence pessimism
                         -4.00   15.75   output external delay
                                 15.75   data required time
-----------------------------------------------------------------------------
                                 15.75   data required time
                                 -1.16   data arrival time
-----------------------------------------------------------------------------
                                 14.59   slack (MET)


Startpoint: _403_ (rising edge-triggered flip-flop clocked by clk)
Endpoint: A_out[1] (output port clocked by clk)
Path Group: clk
Path Type: max

Fanout     Cap    Slew   Delay    Time   Description
-----------------------------------------------------------------------------
                          0.00    0.00   clock clk (rise edge)
                          0.00    0.00   clock source latency
                  0.20    0.15    0.15 ^ clk (in)
     1    0.04                           clk (net)
                  0.20    0.00    0.15 ^ clkbuf_0_clk/A (sky130_fd_sc_hd__clkbuf_16)
                  0.04    0.18    0.33 ^ clkbuf_0_clk/X (sky130_fd_sc_hd__clkbuf_16)
     2    0.02                           clknet_0_clk (net)
                  0.04    0.00    0.33 ^ clkbuf_1_1__f_clk/A (sky130_fd_sc_hd__clkbuf_16)
                  0.05    0.14    0.47 ^ clkbuf_1_1__f_clk/X (sky130_fd_sc_hd__clkbuf_16)
    14    0.03                           clknet_1_1__leaf_clk (net)
                  0.05    0.00    0.47 ^ _403_/CLK (sky130_fd_sc_hd__dfrtp_4)
                  0.06    0.48    0.95 v _403_/Q (sky130_fd_sc_hd__dfrtp_4)
     3    0.00                           net3 (net)
                  0.06    0.00    0.95 v output3/A (sky130_fd_sc_hd__clkbuf_4)
                  0.08    0.20    1.15 v output3/X (sky130_fd_sc_hd__clkbuf_4)
     1    0.03                           A_out[1] (net)
                  0.08    0.00    1.15 v A_out[1] (out)
                                  1.15   data arrival time

                         20.00   20.00   clock clk (rise edge)
                          0.00   20.00   clock network delay (propagated)
                         -0.25   19.75   clock uncertainty
                          0.00   19.75   clock reconvergence pessimism
                         -4.00   15.75   output external delay
                                 15.75   data required time
-----------------------------------------------------------------------------
                                 15.75   data required time
                                 -1.15   data arrival time
-----------------------------------------------------------------------------
                                 14.60   slack (MET)


Startpoint: _408_ (rising edge-triggered flip-flop clocked by clk)
Endpoint: A_out[6] (output port clocked by clk)
Path Group: clk
Path Type: max

Fanout     Cap    Slew   Delay    Time   Description
-----------------------------------------------------------------------------
                          0.00    0.00   clock clk (rise edge)
                          0.00    0.00   clock source latency
                  0.20    0.15    0.15 ^ clk (in)
     1    0.04                           clk (net)
                  0.20    0.00    0.15 ^ clkbuf_0_clk/A (sky130_fd_sc_hd__clkbuf_16)
                  0.04    0.18    0.33 ^ clkbuf_0_clk/X (sky130_fd_sc_hd__clkbuf_16)
     2    0.02                           clknet_0_clk (net)
                  0.04    0.00    0.33 ^ clkbuf_1_0__f_clk/A (sky130_fd_sc_hd__clkbuf_16)
                  0.05    0.14    0.47 ^ clkbuf_1_0__f_clk/X (sky130_fd_sc_hd__clkbuf_16)
    14    0.03                           clknet_1_0__leaf_clk (net)
                  0.05    0.00    0.47 ^ _408_/CLK (sky130_fd_sc_hd__dfrtp_4)
                  0.06    0.49    0.95 v _408_/Q (sky130_fd_sc_hd__dfrtp_4)
     3    0.01                           net8 (net)
                  0.06    0.00    0.95 v output8/A (sky130_fd_sc_hd__buf_2)
                  0.09    0.20    1.15 v output8/X (sky130_fd_sc_hd__buf_2)
     1    0.03                           A_out[6] (net)
                  0.09    0.00    1.15 v A_out[6] (out)
                                  1.15   data arrival time

                         20.00   20.00   clock clk (rise edge)
                          0.00   20.00   clock network delay (propagated)
                         -0.25   19.75   clock uncertainty
                          0.00   19.75   clock reconvergence pessimism
                         -4.00   15.75   output external delay
                                 15.75   data required time
-----------------------------------------------------------------------------
                                 15.75   data required time
                                 -1.15   data arrival time
-----------------------------------------------------------------------------
                                 14.60   slack (MET)


Startpoint: _407_ (rising edge-triggered flip-flop clocked by clk)
Endpoint: A_out[5] (output port clocked by clk)
Path Group: clk
Path Type: max

Fanout     Cap    Slew   Delay    Time   Description
-----------------------------------------------------------------------------
                          0.00    0.00   clock clk (rise edge)
                          0.00    0.00   clock source latency
                  0.20    0.15    0.15 ^ clk (in)
     1    0.04                           clk (net)
                  0.20    0.00    0.15 ^ clkbuf_0_clk/A (sky130_fd_sc_hd__clkbuf_16)
                  0.04    0.18    0.33 ^ clkbuf_0_clk/X (sky130_fd_sc_hd__clkbuf_16)
     2    0.02                           clknet_0_clk (net)
                  0.04    0.00    0.33 ^ clkbuf_1_0__f_clk/A (sky130_fd_sc_hd__clkbuf_16)
                  0.05    0.14    0.47 ^ clkbuf_1_0__f_clk/X (sky130_fd_sc_hd__clkbuf_16)
    14    0.03                           clknet_1_0__leaf_clk (net)
                  0.05    0.00    0.47 ^ _407_/CLK (sky130_fd_sc_hd__dfrtp_4)
                  0.06    0.48    0.95 v _407_/Q (sky130_fd_sc_hd__dfrtp_4)
     3    0.00                           net7 (net)
                  0.06    0.00    0.95 v output7/A (sky130_fd_sc_hd__buf_2)
                  0.09    0.20    1.15 v output7/X (sky130_fd_sc_hd__buf_2)
     1    0.03                           A_out[5] (net)
                  0.09    0.00    1.15 v A_out[5] (out)
                                  1.15   data arrival time

                         20.00   20.00   clock clk (rise edge)
                          0.00   20.00   clock network delay (propagated)
                         -0.25   19.75   clock uncertainty
                          0.00   19.75   clock reconvergence pessimism
                         -4.00   15.75   output external delay
                                 15.75   data required time
-----------------------------------------------------------------------------
                                 15.75   data required time
                                 -1.15   data arrival time
-----------------------------------------------------------------------------
                                 14.60   slack (MET)


Startpoint: _411_ (rising edge-triggered flip-flop clocked by clk)
Endpoint: last_opcode_out[2] (output port clocked by clk)
Path Group: clk
Path Type: max

Fanout     Cap    Slew   Delay    Time   Description
-----------------------------------------------------------------------------
                          0.00    0.00   clock clk (rise edge)
                          0.00    0.00   clock source latency
                  0.20    0.15    0.15 ^ clk (in)
     1    0.04                           clk (net)
                  0.20    0.00    0.15 ^ clkbuf_0_clk/A (sky130_fd_sc_hd__clkbuf_16)
                  0.04    0.18    0.33 ^ clkbuf_0_clk/X (sky130_fd_sc_hd__clkbuf_16)
     2    0.02                           clknet_0_clk (net)
                  0.04    0.00    0.33 ^ clkbuf_1_1__f_clk/A (sky130_fd_sc_hd__clkbuf_16)
                  0.05    0.14    0.47 ^ clkbuf_1_1__f_clk/X (sky130_fd_sc_hd__clkbuf_16)
    14    0.03                           clknet_1_1__leaf_clk (net)
                  0.05    0.00    0.47 ^ _411_/CLK (sky130_fd_sc_hd__dfrtp_4)
                  0.05    0.48    0.95 v _411_/Q (sky130_fd_sc_hd__dfrtp_4)
     2    0.00                           net24 (net)
                  0.05    0.00    0.95 v output24/A (sky130_fd_sc_hd__clkbuf_4)
                  0.08    0.20    1.14 v output24/X (sky130_fd_sc_hd__clkbuf_4)
     1    0.03                           last_opcode_out[2] (net)
                  0.08    0.00    1.14 v last_opcode_out[2] (out)
                                  1.14   data arrival time

                         20.00   20.00   clock clk (rise edge)
                          0.00   20.00   clock network delay (propagated)
                         -0.25   19.75   clock uncertainty
                          0.00   19.75   clock reconvergence pessimism
                         -4.00   15.75   output external delay
                                 15.75   data required time
-----------------------------------------------------------------------------
                                 15.75   data required time
                                 -1.14   data arrival time
-----------------------------------------------------------------------------
                                 14.61   slack (MET)


Startpoint: _412_ (rising edge-triggered flip-flop clocked by clk)
Endpoint: last_opcode_out[3] (output port clocked by clk)
Path Group: clk
Path Type: max

Fanout     Cap    Slew   Delay    Time   Description
-----------------------------------------------------------------------------
                          0.00    0.00   clock clk (rise edge)
                          0.00    0.00   clock source latency
                  0.20    0.15    0.15 ^ clk (in)
     1    0.04                           clk (net)
                  0.20    0.00    0.15 ^ clkbuf_0_clk/A (sky130_fd_sc_hd__clkbuf_16)
                  0.04    0.18    0.33 ^ clkbuf_0_clk/X (sky130_fd_sc_hd__clkbuf_16)
     2    0.02                           clknet_0_clk (net)
                  0.04    0.00    0.33 ^ clkbuf_1_1__f_clk/A (sky130_fd_sc_hd__clkbuf_16)
                  0.05    0.14    0.47 ^ clkbuf_1_1__f_clk/X (sky130_fd_sc_hd__clkbuf_16)
    14    0.03                           clknet_1_1__leaf_clk (net)
                  0.05    0.00    0.47 ^ _412_/CLK (sky130_fd_sc_hd__dfrtp_2)
                  0.08    0.46    0.93 v _412_/Q (sky130_fd_sc_hd__dfrtp_2)
     2    0.02                           net25 (net)
                  0.08    0.00    0.93 v output25/A (sky130_fd_sc_hd__clkbuf_4)
                  0.08    0.21    1.14 v output25/X (sky130_fd_sc_hd__clkbuf_4)
     1    0.03                           last_opcode_out[3] (net)
                  0.08    0.00    1.14 v last_opcode_out[3] (out)
                                  1.14   data arrival time

                         20.00   20.00   clock clk (rise edge)
                          0.00   20.00   clock network delay (propagated)
                         -0.25   19.75   clock uncertainty
                          0.00   19.75   clock reconvergence pessimism
                         -4.00   15.75   output external delay
                                 15.75   data required time
-----------------------------------------------------------------------------
                                 15.75   data required time
                                 -1.14   data arrival time
-----------------------------------------------------------------------------
                                 14.61   slack (MET)


Startpoint: _416_ (rising edge-triggered flip-flop clocked by clk)
Endpoint: flags_out[2] (output port clocked by clk)
Path Group: clk
Path Type: max

Fanout     Cap    Slew   Delay    Time   Description
-----------------------------------------------------------------------------
                          0.00    0.00   clock clk (rise edge)
                          0.00    0.00   clock source latency
                  0.20    0.15    0.15 ^ clk (in)
     1    0.04                           clk (net)
                  0.20    0.00    0.15 ^ clkbuf_0_clk/A (sky130_fd_sc_hd__clkbuf_16)
                  0.04    0.18    0.33 ^ clkbuf_0_clk/X (sky130_fd_sc_hd__clkbuf_16)
     2    0.02                           clknet_0_clk (net)
                  0.04    0.00    0.33 ^ clkbuf_1_0__f_clk/A (sky130_fd_sc_hd__clkbuf_16)
                  0.05    0.14    0.47 ^ clkbuf_1_0__f_clk/X (sky130_fd_sc_hd__clkbuf_16)
    14    0.03                           clknet_1_0__leaf_clk (net)
                  0.05    0.00    0.47 ^ _416_/CLK (sky130_fd_sc_hd__dfrtp_4)
                  0.05    0.48    0.94 v _416_/Q (sky130_fd_sc_hd__dfrtp_4)
     2    0.00                           net20 (net)
                  0.05    0.00    0.94 v output20/A (sky130_fd_sc_hd__buf_2)
                  0.09    0.19    1.14 v output20/X (sky130_fd_sc_hd__buf_2)
     1    0.03                           flags_out[2] (net)
                  0.09    0.00    1.14 v flags_out[2] (out)
                                  1.14   data arrival time

                         20.00   20.00   clock clk (rise edge)
                          0.00   20.00   clock network delay (propagated)
                         -0.25   19.75   clock uncertainty
                          0.00   19.75   clock reconvergence pessimism
                         -4.00   15.75   output external delay
                                 15.75   data required time
-----------------------------------------------------------------------------
                                 15.75   data required time
                                 -1.14   data arrival time
-----------------------------------------------------------------------------
                                 14.61   slack (MET)


Startpoint: _406_ (rising edge-triggered flip-flop clocked by clk)
Endpoint: A_out[4] (output port clocked by clk)
Path Group: clk
Path Type: max

Fanout     Cap    Slew   Delay    Time   Description
-----------------------------------------------------------------------------
                          0.00    0.00   clock clk (rise edge)
                          0.00    0.00   clock source latency
                  0.20    0.15    0.15 ^ clk (in)
     1    0.04                           clk (net)
                  0.20    0.00    0.15 ^ clkbuf_0_clk/A (sky130_fd_sc_hd__clkbuf_16)
                  0.04    0.18    0.33 ^ clkbuf_0_clk/X (sky130_fd_sc_hd__clkbuf_16)
     2    0.02                           clknet_0_clk (net)
                  0.04    0.00    0.33 ^ clkbuf_1_0__f_clk/A (sky130_fd_sc_hd__clkbuf_16)
                  0.05    0.14    0.47 ^ clkbuf_1_0__f_clk/X (sky130_fd_sc_hd__clkbuf_16)
    14    0.03                           clknet_1_0__leaf_clk (net)
                  0.05    0.00    0.47 ^ _406_/CLK (sky130_fd_sc_hd__dfrtp_2)
                  0.05    0.41    0.88 v _406_/Q (sky130_fd_sc_hd__dfrtp_2)
     3    0.00                           net6 (net)
                  0.05    0.00    0.88 v output6/A (sky130_fd_sc_hd__clkbuf_4)
                  0.08    0.19    1.07 v output6/X (sky130_fd_sc_hd__clkbuf_4)
     1    0.03                           A_out[4] (net)
                  0.08    0.00    1.07 v A_out[4] (out)
                                  1.07   data arrival time

                         20.00   20.00   clock clk (rise edge)
                          0.00   20.00   clock network delay (propagated)
                         -0.25   19.75   clock uncertainty
                          0.00   19.75   clock reconvergence pessimism
                         -4.00   15.75   output external delay
                                 15.75   data required time
-----------------------------------------------------------------------------
                                 15.75   data required time
                                 -1.07   data arrival time
-----------------------------------------------------------------------------
                                 14.68   slack (MET)


Startpoint: _399_ (rising edge-triggered flip-flop clocked by clk)
Endpoint: _417_ (rising edge-triggered flip-flop clocked by clk)
Path Group: clk
Path Type: max

Fanout     Cap    Slew   Delay    Time   Description
-----------------------------------------------------------------------------
                          0.00    0.00   clock clk (rise edge)
                          0.00    0.00   clock source latency
                  0.20    0.15    0.15 ^ clk (in)
     1    0.04                           clk (net)
                  0.20    0.00    0.15 ^ clkbuf_0_clk/A (sky130_fd_sc_hd__clkbuf_16)
                  0.04    0.18    0.33 ^ clkbuf_0_clk/X (sky130_fd_sc_hd__clkbuf_16)
     2    0.02                           clknet_0_clk (net)
                  0.04    0.00    0.33 ^ clkbuf_1_1__f_clk/A (sky130_fd_sc_hd__clkbuf_16)
                  0.05    0.14    0.47 ^ clkbuf_1_1__f_clk/X (sky130_fd_sc_hd__clkbuf_16)
    14    0.03                           clknet_1_1__leaf_clk (net)
                  0.05    0.00    0.47 ^ _399_/CLK (sky130_fd_sc_hd__dfrtp_4)
                  0.09    0.53    1.00 v _399_/Q (sky130_fd_sc_hd__dfrtp_4)
     9    0.02                           U_PC.pc[1] (net)
                  0.09    0.00    1.00 v _200_/B (sky130_fd_sc_hd__and2b_1)
                  0.07    0.22    1.22 v _200_/X (sky130_fd_sc_hd__and2b_1)
     4    0.01                           _186_ (net)
                  0.07    0.00    1.22 v _202_/B (sky130_fd_sc_hd__or3_1)
                  0.06    0.36    1.59 v _202_/X (sky130_fd_sc_hd__or3_1)
     1    0.00                           _188_ (net)
                  0.06    0.00    1.59 v _203_/A (sky130_fd_sc_hd__buf_4)
                  0.06    0.19    1.77 v _203_/X (sky130_fd_sc_hd__buf_4)
     9    0.04                           _189_ (net)
                  0.06    0.00    1.77 v _235_/A2 (sky130_fd_sc_hd__a221oi_4)
                  0.29    0.38    2.15 ^ _235_/Y (sky130_fd_sc_hd__a221oi_4)
     3    0.02                           _076_ (net)
                  0.29    0.00    2.15 ^ _238_/A3 (sky130_fd_sc_hd__a32oi_4)
                  0.13    0.19    2.34 v _238_/Y (sky130_fd_sc_hd__a32oi_4)
     5    0.02                           _079_ (net)
                  0.13    0.00    2.34 v _288_/A (sky130_fd_sc_hd__xor2_1)
                  0.08    0.21    2.55 v _288_/X (sky130_fd_sc_hd__xor2_1)
     1    0.00                           _124_ (net)
                  0.08    0.00    2.55 v _291_/A2 (sky130_fd_sc_hd__a211o_1)
                  0.09    0.37    2.91 v _291_/X (sky130_fd_sc_hd__a211o_1)
     3    0.01                           _127_ (net)
                  0.09    0.00    2.91 v _310_/B (sky130_fd_sc_hd__or4_1)
                  0.07    0.51    3.42 v _310_/X (sky130_fd_sc_hd__or4_1)
     1    0.00                           _143_ (net)
                  0.07    0.00    3.42 v _311_/D (sky130_fd_sc_hd__or4_1)
                  0.07    0.40    3.82 v _311_/X (sky130_fd_sc_hd__or4_1)
     1    0.00                           _144_ (net)
                  0.07    0.00    3.82 v _312_/D (sky130_fd_sc_hd__or4_1)
                  0.12    0.47    4.29 v _312_/X (sky130_fd_sc_hd__or4_1)
     1    0.01                           _145_ (net)
                  0.12    0.00    4.29 v _314_/A4 (sky130_fd_sc_hd__o41ai_1)
                  0.30    0.31    4.60 ^ _314_/Y (sky130_fd_sc_hd__o41ai_1)
     1    0.00                           _043_ (net)
                  0.30    0.00    4.60 ^ _417_/D (sky130_fd_sc_hd__dfrtp_4)
                                  4.60   data arrival time

                         20.00   20.00   clock clk (rise edge)
                          0.00   20.00   clock source latency
                  0.20    0.14   20.14 ^ clk (in)
     1    0.04                           clk (net)
                  0.20    0.00   20.14 ^ clkbuf_0_clk/A (sky130_fd_sc_hd__clkbuf_16)
                  0.04    0.16   20.30 ^ clkbuf_0_clk/X (sky130_fd_sc_hd__clkbuf_16)
     2    0.02                           clknet_0_clk (net)
                  0.04    0.00   20.30 ^ clkbuf_1_0__f_clk/A (sky130_fd_sc_hd__clkbuf_16)
                  0.05    0.12   20.42 ^ clkbuf_1_0__f_clk/X (sky130_fd_sc_hd__clkbuf_16)
    14    0.03                           clknet_1_0__leaf_clk (net)
                  0.05    0.00   20.42 ^ _417_/CLK (sky130_fd_sc_hd__dfrtp_4)
                         -0.25   20.17   clock uncertainty
                          0.03   20.20   clock reconvergence pessimism
                         -0.12   20.08   library setup time
                                 20.08   data required time
-----------------------------------------------------------------------------
                                 20.08   data required time
                                 -4.60   data arrival time
-----------------------------------------------------------------------------
                                 15.48   slack (MET)


Startpoint: rst (input port clocked by clk)
Endpoint: _402_ (recovery check against rising-edge clock clk)
Path Group: asynchronous
Path Type: max

Fanout     Cap    Slew   Delay    Time   Description
-----------------------------------------------------------------------------
                          0.00    0.00   clock clk (rise edge)
                          0.00    0.00   clock network delay (propagated)
                          4.00    4.00 v input external delay
                  0.02    0.01    4.01 v rst (in)
     1    0.01                           rst (net)
                  0.02    0.00    4.01 v input1/A (sky130_fd_sc_hd__buf_1)
                  0.08    0.12    4.14 v input1/X (sky130_fd_sc_hd__buf_1)
     1    0.01                           net1 (net)
                  0.08    0.00    4.14 v _367_/A (sky130_fd_sc_hd__buf_4)
                  0.08    0.21    4.35 v _367_/X (sky130_fd_sc_hd__buf_4)
    10    0.05                           _180_ (net)
                  0.08    0.01    4.35 v _368_/A (sky130_fd_sc_hd__buf_4)
                  0.07    0.20    4.56 v _368_/X (sky130_fd_sc_hd__buf_4)
    10    0.04                           _181_ (net)
                  0.07    0.00    4.56 v _373_/A (sky130_fd_sc_hd__inv_2)
                  0.04    0.06    4.62 ^ _373_/Y (sky130_fd_sc_hd__inv_2)
     1    0.01                           _004_ (net)
                  0.04    0.00    4.62 ^ _402_/RESET_B (sky130_fd_sc_hd__dfrtp_4)
                                  4.62   data arrival time

                         20.00   20.00   clock clk (rise edge)
                          0.00   20.00   clock source latency
                  0.20    0.14   20.14 ^ clk (in)
     1    0.04                           clk (net)
                  0.20    0.00   20.14 ^ clkbuf_0_clk/A (sky130_fd_sc_hd__clkbuf_16)
                  0.04    0.16   20.30 ^ clkbuf_0_clk/X (sky130_fd_sc_hd__clkbuf_16)
     2    0.02                           clknet_0_clk (net)
                  0.04    0.00   20.30 ^ clkbuf_1_1__f_clk/A (sky130_fd_sc_hd__clkbuf_16)
                  0.05    0.12   20.42 ^ clkbuf_1_1__f_clk/X (sky130_fd_sc_hd__clkbuf_16)
    14    0.03                           clknet_1_1__leaf_clk (net)
                  0.05    0.00   20.42 ^ _402_/CLK (sky130_fd_sc_hd__dfrtp_4)
                         -0.25   20.17   clock uncertainty
                          0.00   20.17   clock reconvergence pessimism
                          0.22   20.39   library recovery time
                                 20.39   data required time
-----------------------------------------------------------------------------
                                 20.39   data required time
                                 -4.62   data arrival time
-----------------------------------------------------------------------------
                                 15.78   slack (MET)


Startpoint: rst (input port clocked by clk)
Endpoint: _409_ (recovery check against rising-edge clock clk)
Path Group: asynchronous
Path Type: max

Fanout     Cap    Slew   Delay    Time   Description
-----------------------------------------------------------------------------
                          0.00    0.00   clock clk (rise edge)
                          0.00    0.00   clock network delay (propagated)
                          4.00    4.00 v input external delay
                  0.02    0.01    4.01 v rst (in)
     1    0.01                           rst (net)
                  0.02    0.00    4.01 v input1/A (sky130_fd_sc_hd__buf_1)
                  0.08    0.12    4.14 v input1/X (sky130_fd_sc_hd__buf_1)
     1    0.01                           net1 (net)
                  0.08    0.00    4.14 v _367_/A (sky130_fd_sc_hd__buf_4)
                  0.08    0.21    4.35 v _367_/X (sky130_fd_sc_hd__buf_4)
    10    0.05                           _180_ (net)
                  0.08    0.00    4.35 v _379_/A (sky130_fd_sc_hd__buf_4)
                  0.07    0.20    4.55 v _379_/X (sky130_fd_sc_hd__buf_4)
    10    0.04                           _182_ (net)
                  0.07    0.00    4.55 v _381_/A (sky130_fd_sc_hd__inv_2)
                  0.04    0.06    4.62 ^ _381_/Y (sky130_fd_sc_hd__inv_2)
     1    0.01                           _011_ (net)
                  0.04    0.00    4.62 ^ _409_/RESET_B (sky130_fd_sc_hd__dfrtp_4)
                                  4.62   data arrival time

                         20.00   20.00   clock clk (rise edge)
                          0.00   20.00   clock source latency
                  0.20    0.14   20.14 ^ clk (in)
     1    0.04                           clk (net)
                  0.20    0.00   20.14 ^ clkbuf_0_clk/A (sky130_fd_sc_hd__clkbuf_16)
                  0.04    0.16   20.30 ^ clkbuf_0_clk/X (sky130_fd_sc_hd__clkbuf_16)
     2    0.02                           clknet_0_clk (net)
                  0.04    0.00   20.30 ^ clkbuf_1_0__f_clk/A (sky130_fd_sc_hd__clkbuf_16)
                  0.05    0.12   20.42 ^ clkbuf_1_0__f_clk/X (sky130_fd_sc_hd__clkbuf_16)
    14    0.03                           clknet_1_0__leaf_clk (net)
                  0.05    0.00   20.42 ^ _409_/CLK (sky130_fd_sc_hd__dfrtp_4)
                         -0.25   20.17   clock uncertainty
                          0.00   20.17   clock reconvergence pessimism
                          0.22   20.39   library recovery time
                                 20.39   data required time
-----------------------------------------------------------------------------
                                 20.39   data required time
                                 -4.62   data arrival time
-----------------------------------------------------------------------------
                                 15.78   slack (MET)


Startpoint: rst (input port clocked by clk)
Endpoint: _407_ (recovery check against rising-edge clock clk)
Path Group: asynchronous
Path Type: max

Fanout     Cap    Slew   Delay    Time   Description
-----------------------------------------------------------------------------
                          0.00    0.00   clock clk (rise edge)
                          0.00    0.00   clock network delay (propagated)
                          4.00    4.00 v input external delay
                  0.02    0.01    4.01 v rst (in)
     1    0.01                           rst (net)
                  0.02    0.00    4.01 v input1/A (sky130_fd_sc_hd__buf_1)
                  0.08    0.12    4.14 v input1/X (sky130_fd_sc_hd__buf_1)
     1    0.01                           net1 (net)
                  0.08    0.00    4.14 v _367_/A (sky130_fd_sc_hd__buf_4)
                  0.08    0.21    4.35 v _367_/X (sky130_fd_sc_hd__buf_4)
    10    0.05                           _180_ (net)
                  0.08    0.01    4.35 v _368_/A (sky130_fd_sc_hd__buf_4)
                  0.07    0.20    4.56 v _368_/X (sky130_fd_sc_hd__buf_4)
    10    0.04                           _181_ (net)
                  0.07    0.00    4.56 v _378_/A (sky130_fd_sc_hd__inv_2)
                  0.03    0.06    4.62 ^ _378_/Y (sky130_fd_sc_hd__inv_2)
     1    0.00                           _009_ (net)
                  0.03    0.00    4.62 ^ _407_/RESET_B (sky130_fd_sc_hd__dfrtp_4)
                                  4.62   data arrival time

                         20.00   20.00   clock clk (rise edge)
                          0.00   20.00   clock source latency
                  0.20    0.14   20.14 ^ clk (in)
     1    0.04                           clk (net)
                  0.20    0.00   20.14 ^ clkbuf_0_clk/A (sky130_fd_sc_hd__clkbuf_16)
                  0.04    0.16   20.30 ^ clkbuf_0_clk/X (sky130_fd_sc_hd__clkbuf_16)
     2    0.02                           clknet_0_clk (net)
                  0.04    0.00   20.30 ^ clkbuf_1_0__f_clk/A (sky130_fd_sc_hd__clkbuf_16)
                  0.05    0.12   20.42 ^ clkbuf_1_0__f_clk/X (sky130_fd_sc_hd__clkbuf_16)
    14    0.03                           clknet_1_0__leaf_clk (net)
                  0.05    0.00   20.42 ^ _407_/CLK (sky130_fd_sc_hd__dfrtp_4)
                         -0.25   20.17   clock uncertainty
                          0.00   20.17   clock reconvergence pessimism
                          0.22   20.40   library recovery time
                                 20.40   data required time
-----------------------------------------------------------------------------
                                 20.40   data required time
                                 -4.62   data arrival time
-----------------------------------------------------------------------------
                                 15.78   slack (MET)


Startpoint: rst (input port clocked by clk)
Endpoint: _403_ (recovery check against rising-edge clock clk)
Path Group: asynchronous
Path Type: max

Fanout     Cap    Slew   Delay    Time   Description
-----------------------------------------------------------------------------
                          0.00    0.00   clock clk (rise edge)
                          0.00    0.00   clock network delay (propagated)
                          4.00    4.00 v input external delay
                  0.02    0.01    4.01 v rst (in)
     1    0.01                           rst (net)
                  0.02    0.00    4.01 v input1/A (sky130_fd_sc_hd__buf_1)
                  0.08    0.12    4.14 v input1/X (sky130_fd_sc_hd__buf_1)
     1    0.01                           net1 (net)
                  0.08    0.00    4.14 v _367_/A (sky130_fd_sc_hd__buf_4)
                  0.08    0.21    4.35 v _367_/X (sky130_fd_sc_hd__buf_4)
    10    0.05                           _180_ (net)
                  0.08    0.01    4.35 v _368_/A (sky130_fd_sc_hd__buf_4)
                  0.07    0.20    4.56 v _368_/X (sky130_fd_sc_hd__buf_4)
    10    0.04                           _181_ (net)
                  0.07    0.00    4.56 v _374_/A (sky130_fd_sc_hd__inv_2)
                  0.03    0.06    4.62 ^ _374_/Y (sky130_fd_sc_hd__inv_2)
     1    0.00                           _005_ (net)
                  0.03    0.00    4.62 ^ _403_/RESET_B (sky130_fd_sc_hd__dfrtp_4)
                                  4.62   data arrival time

                         20.00   20.00   clock clk (rise edge)
                          0.00   20.00   clock source latency
                  0.20    0.14   20.14 ^ clk (in)
     1    0.04                           clk (net)
                  0.20    0.00   20.14 ^ clkbuf_0_clk/A (sky130_fd_sc_hd__clkbuf_16)
                  0.04    0.16   20.30 ^ clkbuf_0_clk/X (sky130_fd_sc_hd__clkbuf_16)
     2    0.02                           clknet_0_clk (net)
                  0.04    0.00   20.30 ^ clkbuf_1_1__f_clk/A (sky130_fd_sc_hd__clkbuf_16)
                  0.05    0.12   20.42 ^ clkbuf_1_1__f_clk/X (sky130_fd_sc_hd__clkbuf_16)
    14    0.03                           clknet_1_1__leaf_clk (net)
                  0.05    0.00   20.42 ^ _403_/CLK (sky130_fd_sc_hd__dfrtp_4)
                         -0.25   20.17   clock uncertainty
                          0.00   20.17   clock reconvergence pessimism
                          0.22   20.40   library recovery time
                                 20.40   data required time
-----------------------------------------------------------------------------
                                 20.40   data required time
                                 -4.62   data arrival time
-----------------------------------------------------------------------------
                                 15.78   slack (MET)


Startpoint: rst (input port clocked by clk)
Endpoint: _408_ (recovery check against rising-edge clock clk)
Path Group: asynchronous
Path Type: max

Fanout     Cap    Slew   Delay    Time   Description
-----------------------------------------------------------------------------
                          0.00    0.00   clock clk (rise edge)
                          0.00    0.00   clock network delay (propagated)
                          4.00    4.00 v input external delay
                  0.02    0.01    4.01 v rst (in)
     1    0.01                           rst (net)
                  0.02    0.00    4.01 v input1/A (sky130_fd_sc_hd__buf_1)
                  0.08    0.12    4.14 v input1/X (sky130_fd_sc_hd__buf_1)
     1    0.01                           net1 (net)
                  0.08    0.00    4.14 v _367_/A (sky130_fd_sc_hd__buf_4)
                  0.08    0.21    4.35 v _367_/X (sky130_fd_sc_hd__buf_4)
    10    0.05                           _180_ (net)
                  0.08    0.00    4.35 v _379_/A (sky130_fd_sc_hd__buf_4)
                  0.07    0.20    4.55 v _379_/X (sky130_fd_sc_hd__buf_4)
    10    0.04                           _182_ (net)
                  0.07    0.00    4.55 v _380_/A (sky130_fd_sc_hd__inv_2)
                  0.04    0.06    4.62 ^ _380_/Y (sky130_fd_sc_hd__inv_2)
     1    0.01                           _010_ (net)
                  0.04    0.00    4.62 ^ _408_/RESET_B (sky130_fd_sc_hd__dfrtp_4)
                                  4.62   data arrival time

                         20.00   20.00   clock clk (rise edge)
                          0.00   20.00   clock source latency
                  0.20    0.14   20.14 ^ clk (in)
     1    0.04                           clk (net)
                  0.20    0.00   20.14 ^ clkbuf_0_clk/A (sky130_fd_sc_hd__clkbuf_16)
                  0.04    0.16   20.30 ^ clkbuf_0_clk/X (sky130_fd_sc_hd__clkbuf_16)
     2    0.02                           clknet_0_clk (net)
                  0.04    0.00   20.30 ^ clkbuf_1_0__f_clk/A (sky130_fd_sc_hd__clkbuf_16)
                  0.05    0.12   20.42 ^ clkbuf_1_0__f_clk/X (sky130_fd_sc_hd__clkbuf_16)
    14    0.03                           clknet_1_0__leaf_clk (net)
                  0.05    0.00   20.42 ^ _408_/CLK (sky130_fd_sc_hd__dfrtp_4)
                         -0.25   20.17   clock uncertainty
                          0.00   20.17   clock reconvergence pessimism
                          0.22   20.39   library recovery time
                                 20.39   data required time
-----------------------------------------------------------------------------
                                 20.39   data required time
                                 -4.62   data arrival time
-----------------------------------------------------------------------------
                                 15.78   slack (MET)


Startpoint: rst (input port clocked by clk)
Endpoint: _411_ (recovery check against rising-edge clock clk)
Path Group: asynchronous
Path Type: max

Fanout     Cap    Slew   Delay    Time   Description
-----------------------------------------------------------------------------
                          0.00    0.00   clock clk (rise edge)
                          0.00    0.00   clock network delay (propagated)
                          4.00    4.00 v input external delay
                  0.02    0.01    4.01 v rst (in)
     1    0.01                           rst (net)
                  0.02    0.00    4.01 v input1/A (sky130_fd_sc_hd__buf_1)
                  0.08    0.12    4.14 v input1/X (sky130_fd_sc_hd__buf_1)
     1    0.01                           net1 (net)
                  0.08    0.00    4.14 v _367_/A (sky130_fd_sc_hd__buf_4)
                  0.08    0.21    4.35 v _367_/X (sky130_fd_sc_hd__buf_4)
    10    0.05                           _180_ (net)
                  0.08    0.00    4.35 v _379_/A (sky130_fd_sc_hd__buf_4)
                  0.07    0.20    4.55 v _379_/X (sky130_fd_sc_hd__buf_4)
    10    0.04                           _182_ (net)
                  0.07    0.00    4.55 v _383_/A (sky130_fd_sc_hd__inv_2)
                  0.04    0.06    4.62 ^ _383_/Y (sky130_fd_sc_hd__inv_2)
     1    0.01                           _013_ (net)
                  0.04    0.00    4.62 ^ _411_/RESET_B (sky130_fd_sc_hd__dfrtp_4)
                                  4.62   data arrival time

                         20.00   20.00   clock clk (rise edge)
                          0.00   20.00   clock source latency
                  0.20    0.14   20.14 ^ clk (in)
     1    0.04                           clk (net)
                  0.20    0.00   20.14 ^ clkbuf_0_clk/A (sky130_fd_sc_hd__clkbuf_16)
                  0.04    0.16   20.30 ^ clkbuf_0_clk/X (sky130_fd_sc_hd__clkbuf_16)
     2    0.02                           clknet_0_clk (net)
                  0.04    0.00   20.30 ^ clkbuf_1_1__f_clk/A (sky130_fd_sc_hd__clkbuf_16)
                  0.05    0.12   20.42 ^ clkbuf_1_1__f_clk/X (sky130_fd_sc_hd__clkbuf_16)
    14    0.03                           clknet_1_1__leaf_clk (net)
                  0.05    0.00   20.42 ^ _411_/CLK (sky130_fd_sc_hd__dfrtp_4)
                         -0.25   20.17   clock uncertainty
                          0.00   20.17   clock reconvergence pessimism
                          0.22   20.39   library recovery time
                                 20.39   data required time
-----------------------------------------------------------------------------
                                 20.39   data required time
                                 -4.62   data arrival time
-----------------------------------------------------------------------------
                                 15.78   slack (MET)


Startpoint: rst (input port clocked by clk)
Endpoint: _410_ (recovery check against rising-edge clock clk)
Path Group: asynchronous
Path Type: max

Fanout     Cap    Slew   Delay    Time   Description
-----------------------------------------------------------------------------
                          0.00    0.00   clock clk (rise edge)
                          0.00    0.00   clock network delay (propagated)
                          4.00    4.00 v input external delay
                  0.02    0.01    4.01 v rst (in)
     1    0.01                           rst (net)
                  0.02    0.00    4.01 v input1/A (sky130_fd_sc_hd__buf_1)
                  0.08    0.12    4.14 v input1/X (sky130_fd_sc_hd__buf_1)
     1    0.01                           net1 (net)
                  0.08    0.00    4.14 v _367_/A (sky130_fd_sc_hd__buf_4)
                  0.08    0.21    4.35 v _367_/X (sky130_fd_sc_hd__buf_4)
    10    0.05                           _180_ (net)
                  0.08    0.00    4.35 v _379_/A (sky130_fd_sc_hd__buf_4)
                  0.07    0.20    4.55 v _379_/X (sky130_fd_sc_hd__buf_4)
    10    0.04                           _182_ (net)
                  0.07    0.00    4.55 v _382_/A (sky130_fd_sc_hd__inv_2)
                  0.04    0.06    4.61 ^ _382_/Y (sky130_fd_sc_hd__inv_2)
     1    0.01                           _012_ (net)
                  0.04    0.00    4.61 ^ _410_/RESET_B (sky130_fd_sc_hd__dfrtp_4)
                                  4.61   data arrival time

                         20.00   20.00   clock clk (rise edge)
                          0.00   20.00   clock source latency
                  0.20    0.14   20.14 ^ clk (in)
     1    0.04                           clk (net)
                  0.20    0.00   20.14 ^ clkbuf_0_clk/A (sky130_fd_sc_hd__clkbuf_16)
                  0.04    0.16   20.30 ^ clkbuf_0_clk/X (sky130_fd_sc_hd__clkbuf_16)
     2    0.02                           clknet_0_clk (net)
                  0.04    0.00   20.30 ^ clkbuf_1_0__f_clk/A (sky130_fd_sc_hd__clkbuf_16)
                  0.05    0.12   20.42 ^ clkbuf_1_0__f_clk/X (sky130_fd_sc_hd__clkbuf_16)
    14    0.03                           clknet_1_0__leaf_clk (net)
                  0.05    0.00   20.42 ^ _410_/CLK (sky130_fd_sc_hd__dfrtp_4)
                         -0.25   20.17   clock uncertainty
                          0.00   20.17   clock reconvergence pessimism
                          0.22   20.39   library recovery time
                                 20.39   data required time
-----------------------------------------------------------------------------
                                 20.39   data required time
                                 -4.61   data arrival time
-----------------------------------------------------------------------------
                                 15.78   slack (MET)


Startpoint: rst (input port clocked by clk)
Endpoint: _405_ (recovery check against rising-edge clock clk)
Path Group: asynchronous
Path Type: max

Fanout     Cap    Slew   Delay    Time   Description
-----------------------------------------------------------------------------
                          0.00    0.00   clock clk (rise edge)
                          0.00    0.00   clock network delay (propagated)
                          4.00    4.00 v input external delay
                  0.02    0.01    4.01 v rst (in)
     1    0.01                           rst (net)
                  0.02    0.00    4.01 v input1/A (sky130_fd_sc_hd__buf_1)
                  0.08    0.12    4.14 v input1/X (sky130_fd_sc_hd__buf_1)
     1    0.01                           net1 (net)
                  0.08    0.00    4.14 v _367_/A (sky130_fd_sc_hd__buf_4)
                  0.08    0.21    4.35 v _367_/X (sky130_fd_sc_hd__buf_4)
    10    0.05                           _180_ (net)
                  0.08    0.01    4.35 v _368_/A (sky130_fd_sc_hd__buf_4)
                  0.07    0.20    4.56 v _368_/X (sky130_fd_sc_hd__buf_4)
    10    0.04                           _181_ (net)
                  0.07    0.00    4.56 v _376_/A (sky130_fd_sc_hd__inv_2)
                  0.03    0.06    4.62 ^ _376_/Y (sky130_fd_sc_hd__inv_2)
     1    0.00                           _007_ (net)
                  0.03    0.00    4.62 ^ _405_/RESET_B (sky130_fd_sc_hd__dfrtp_4)
                                  4.62   data arrival time

                         20.00   20.00   clock clk (rise edge)
                          0.00   20.00   clock source latency
                  0.20    0.14   20.14 ^ clk (in)
     1    0.04                           clk (net)
                  0.20    0.00   20.14 ^ clkbuf_0_clk/A (sky130_fd_sc_hd__clkbuf_16)
                  0.04    0.16   20.30 ^ clkbuf_0_clk/X (sky130_fd_sc_hd__clkbuf_16)
     2    0.02                           clknet_0_clk (net)
                  0.04    0.00   20.30 ^ clkbuf_1_1__f_clk/A (sky130_fd_sc_hd__clkbuf_16)
                  0.05    0.12   20.42 ^ clkbuf_1_1__f_clk/X (sky130_fd_sc_hd__clkbuf_16)
    14    0.03                           clknet_1_1__leaf_clk (net)
                  0.05    0.00   20.42 ^ _405_/CLK (sky130_fd_sc_hd__dfrtp_4)
                         -0.25   20.17   clock uncertainty
                          0.00   20.17   clock reconvergence pessimism
                          0.22   20.40   library recovery time
                                 20.40   data required time
-----------------------------------------------------------------------------
                                 20.40   data required time
                                 -4.62   data arrival time
-----------------------------------------------------------------------------
                                 15.78   slack (MET)


Startpoint: rst (input port clocked by clk)
Endpoint: _406_ (recovery check against rising-edge clock clk)
Path Group: asynchronous
Path Type: max

Fanout     Cap    Slew   Delay    Time   Description
-----------------------------------------------------------------------------
                          0.00    0.00   clock clk (rise edge)
                          0.00    0.00   clock network delay (propagated)
                          4.00    4.00 v input external delay
                  0.02    0.01    4.01 v rst (in)
     1    0.01                           rst (net)
                  0.02    0.00    4.01 v input1/A (sky130_fd_sc_hd__buf_1)
                  0.08    0.12    4.14 v input1/X (sky130_fd_sc_hd__buf_1)
     1    0.01                           net1 (net)
                  0.08    0.00    4.14 v _367_/A (sky130_fd_sc_hd__buf_4)
                  0.08    0.21    4.35 v _367_/X (sky130_fd_sc_hd__buf_4)
    10    0.05                           _180_ (net)
                  0.08    0.01    4.35 v _368_/A (sky130_fd_sc_hd__buf_4)
                  0.07    0.20    4.56 v _368_/X (sky130_fd_sc_hd__buf_4)
    10    0.04                           _181_ (net)
                  0.07    0.00    4.56 v _377_/A (sky130_fd_sc_hd__inv_2)
                  0.03    0.06    4.62 ^ _377_/Y (sky130_fd_sc_hd__inv_2)
     1    0.00                           _008_ (net)
                  0.03    0.00    4.62 ^ _406_/RESET_B (sky130_fd_sc_hd__dfrtp_2)
                                  4.62   data arrival time

                         20.00   20.00   clock clk (rise edge)
                          0.00   20.00   clock source latency
                  0.20    0.14   20.14 ^ clk (in)
     1    0.04                           clk (net)
                  0.20    0.00   20.14 ^ clkbuf_0_clk/A (sky130_fd_sc_hd__clkbuf_16)
                  0.04    0.16   20.30 ^ clkbuf_0_clk/X (sky130_fd_sc_hd__clkbuf_16)
     2    0.02                           clknet_0_clk (net)
                  0.04    0.00   20.30 ^ clkbuf_1_0__f_clk/A (sky130_fd_sc_hd__clkbuf_16)
                  0.05    0.12   20.42 ^ clkbuf_1_0__f_clk/X (sky130_fd_sc_hd__clkbuf_16)
    14    0.03                           clknet_1_0__leaf_clk (net)
                  0.05    0.00   20.42 ^ _406_/CLK (sky130_fd_sc_hd__dfrtp_2)
                         -0.25   20.17   clock uncertainty
                          0.00   20.17   clock reconvergence pessimism
                          0.22   20.40   library recovery time
                                 20.40   data required time
-----------------------------------------------------------------------------
                                 20.40   data required time
                                 -4.62   data arrival time
-----------------------------------------------------------------------------
                                 15.78   slack (MET)


Startpoint: rst (input port clocked by clk)
Endpoint: _398_ (recovery check against rising-edge clock clk)
Path Group: asynchronous
Path Type: max

Fanout     Cap    Slew   Delay    Time   Description
-----------------------------------------------------------------------------
                          0.00    0.00   clock clk (rise edge)
                          0.00    0.00   clock network delay (propagated)
                          4.00    4.00 v input external delay
                  0.02    0.01    4.01 v rst (in)
     1    0.01                           rst (net)
                  0.02    0.00    4.01 v input1/A (sky130_fd_sc_hd__buf_1)
                  0.08    0.12    4.14 v input1/X (sky130_fd_sc_hd__buf_1)
     1    0.01                           net1 (net)
                  0.08    0.00    4.14 v _367_/A (sky130_fd_sc_hd__buf_4)
                  0.08    0.21    4.35 v _367_/X (sky130_fd_sc_hd__buf_4)
    10    0.05                           _180_ (net)
                  0.08    0.01    4.35 v _368_/A (sky130_fd_sc_hd__buf_4)
                  0.07    0.20    4.56 v _368_/X (sky130_fd_sc_hd__buf_4)
    10    0.04                           _181_ (net)
                  0.07    0.00    4.56 v _369_/A (sky130_fd_sc_hd__inv_2)
                  0.03    0.06    4.61 ^ _369_/Y (sky130_fd_sc_hd__inv_2)
     1    0.00                           _000_ (net)
                  0.03    0.00    4.61 ^ _398_/RESET_B (sky130_fd_sc_hd__dfrtp_4)
                                  4.61   data arrival time

                         20.00   20.00   clock clk (rise edge)
                          0.00   20.00   clock source latency
                  0.20    0.14   20.14 ^ clk (in)
     1    0.04                           clk (net)
                  0.20    0.00   20.14 ^ clkbuf_0_clk/A (sky130_fd_sc_hd__clkbuf_16)
                  0.04    0.16   20.30 ^ clkbuf_0_clk/X (sky130_fd_sc_hd__clkbuf_16)
     2    0.02                           clknet_0_clk (net)
                  0.04    0.00   20.30 ^ clkbuf_1_1__f_clk/A (sky130_fd_sc_hd__clkbuf_16)
                  0.05    0.12   20.42 ^ clkbuf_1_1__f_clk/X (sky130_fd_sc_hd__clkbuf_16)
    14    0.03                           clknet_1_1__leaf_clk (net)
                  0.05    0.00   20.42 ^ _398_/CLK (sky130_fd_sc_hd__dfrtp_4)
                         -0.25   20.17   clock uncertainty
                          0.00   20.17   clock reconvergence pessimism
                          0.22   20.40   library recovery time
                                 20.40   data required time
-----------------------------------------------------------------------------
                                 20.40   data required time
                                 -4.61   data arrival time
-----------------------------------------------------------------------------
                                 15.78   slack (MET)


Startpoint: rst (input port clocked by clk)
Endpoint: _400_ (recovery check against rising-edge clock clk)
Path Group: asynchronous
Path Type: max

Fanout     Cap    Slew   Delay    Time   Description
-----------------------------------------------------------------------------
                          0.00    0.00   clock clk (rise edge)
                          0.00    0.00   clock network delay (propagated)
                          4.00    4.00 v input external delay
                  0.02    0.01    4.01 v rst (in)
     1    0.01                           rst (net)
                  0.02    0.00    4.01 v input1/A (sky130_fd_sc_hd__buf_1)
                  0.08    0.12    4.14 v input1/X (sky130_fd_sc_hd__buf_1)
     1    0.01                           net1 (net)
                  0.08    0.00    4.14 v _367_/A (sky130_fd_sc_hd__buf_4)
                  0.08    0.21    4.35 v _367_/X (sky130_fd_sc_hd__buf_4)
    10    0.05                           _180_ (net)
                  0.08    0.01    4.35 v _368_/A (sky130_fd_sc_hd__buf_4)
                  0.07    0.20    4.56 v _368_/X (sky130_fd_sc_hd__buf_4)
    10    0.04                           _181_ (net)
                  0.07    0.00    4.56 v _371_/A (sky130_fd_sc_hd__inv_2)
                  0.03    0.06    4.61 ^ _371_/Y (sky130_fd_sc_hd__inv_2)
     1    0.00                           _002_ (net)
                  0.03    0.00    4.61 ^ _400_/RESET_B (sky130_fd_sc_hd__dfrtp_4)
                                  4.61   data arrival time

                         20.00   20.00   clock clk (rise edge)
                          0.00   20.00   clock source latency
                  0.20    0.14   20.14 ^ clk (in)
     1    0.04                           clk (net)
                  0.20    0.00   20.14 ^ clkbuf_0_clk/A (sky130_fd_sc_hd__clkbuf_16)
                  0.04    0.16   20.30 ^ clkbuf_0_clk/X (sky130_fd_sc_hd__clkbuf_16)
     2    0.02                           clknet_0_clk (net)
                  0.04    0.00   20.30 ^ clkbuf_1_1__f_clk/A (sky130_fd_sc_hd__clkbuf_16)
                  0.05    0.12   20.42 ^ clkbuf_1_1__f_clk/X (sky130_fd_sc_hd__clkbuf_16)
    14    0.03                           clknet_1_1__leaf_clk (net)
                  0.05    0.00   20.42 ^ _400_/CLK (sky130_fd_sc_hd__dfrtp_4)
                         -0.25   20.17   clock uncertainty
                          0.00   20.17   clock reconvergence pessimism
                          0.22   20.40   library recovery time
                                 20.40   data required time
-----------------------------------------------------------------------------
                                 20.40   data required time
                                 -4.61   data arrival time
-----------------------------------------------------------------------------
                                 15.78   slack (MET)


Startpoint: rst (input port clocked by clk)
Endpoint: _416_ (recovery check against rising-edge clock clk)
Path Group: asynchronous
Path Type: max

Fanout     Cap    Slew   Delay    Time   Description
-----------------------------------------------------------------------------
                          0.00    0.00   clock clk (rise edge)
                          0.00    0.00   clock network delay (propagated)
                          4.00    4.00 v input external delay
                  0.02    0.01    4.01 v rst (in)
     1    0.01                           rst (net)
                  0.02    0.00    4.01 v input1/A (sky130_fd_sc_hd__buf_1)
                  0.08    0.12    4.14 v input1/X (sky130_fd_sc_hd__buf_1)
     1    0.01                           net1 (net)
                  0.08    0.00    4.14 v _367_/A (sky130_fd_sc_hd__buf_4)
                  0.08    0.21    4.35 v _367_/X (sky130_fd_sc_hd__buf_4)
    10    0.05                           _180_ (net)
                  0.08    0.00    4.35 v _379_/A (sky130_fd_sc_hd__buf_4)
                  0.07    0.20    4.55 v _379_/X (sky130_fd_sc_hd__buf_4)
    10    0.04                           _182_ (net)
                  0.07    0.00    4.55 v _388_/A (sky130_fd_sc_hd__inv_2)
                  0.03    0.06    4.61 ^ _388_/Y (sky130_fd_sc_hd__inv_2)
     1    0.00                           _018_ (net)
                  0.03    0.00    4.61 ^ _416_/RESET_B (sky130_fd_sc_hd__dfrtp_4)
                                  4.61   data arrival time

                         20.00   20.00   clock clk (rise edge)
                          0.00   20.00   clock source latency
                  0.20    0.14   20.14 ^ clk (in)
     1    0.04                           clk (net)
                  0.20    0.00   20.14 ^ clkbuf_0_clk/A (sky130_fd_sc_hd__clkbuf_16)
                  0.04    0.16   20.30 ^ clkbuf_0_clk/X (sky130_fd_sc_hd__clkbuf_16)
     2    0.02                           clknet_0_clk (net)
                  0.04    0.00   20.30 ^ clkbuf_1_0__f_clk/A (sky130_fd_sc_hd__clkbuf_16)
                  0.05    0.12   20.42 ^ clkbuf_1_0__f_clk/X (sky130_fd_sc_hd__clkbuf_16)
    14    0.03                           clknet_1_0__leaf_clk (net)
                  0.05    0.00   20.42 ^ _416_/CLK (sky130_fd_sc_hd__dfrtp_4)
                         -0.25   20.17   clock uncertainty
                          0.00   20.17   clock reconvergence pessimism
                          0.22   20.40   library recovery time
                                 20.40   data required time
-----------------------------------------------------------------------------
                                 20.40   data required time
                                 -4.61   data arrival time
-----------------------------------------------------------------------------
                                 15.78   slack (MET)


Startpoint: rst (input port clocked by clk)
Endpoint: _415_ (recovery check against rising-edge clock clk)
Path Group: asynchronous
Path Type: max

Fanout     Cap    Slew   Delay    Time   Description
-----------------------------------------------------------------------------
                          0.00    0.00   clock clk (rise edge)
                          0.00    0.00   clock network delay (propagated)
                          4.00    4.00 v input external delay
                  0.02    0.01    4.01 v rst (in)
     1    0.01                           rst (net)
                  0.02    0.00    4.01 v input1/A (sky130_fd_sc_hd__buf_1)
                  0.08    0.12    4.14 v input1/X (sky130_fd_sc_hd__buf_1)
     1    0.01                           net1 (net)
                  0.08    0.00    4.14 v _367_/A (sky130_fd_sc_hd__buf_4)
                  0.08    0.21    4.35 v _367_/X (sky130_fd_sc_hd__buf_4)
    10    0.05                           _180_ (net)
                  0.08    0.00    4.35 v _379_/A (sky130_fd_sc_hd__buf_4)
                  0.07    0.20    4.55 v _379_/X (sky130_fd_sc_hd__buf_4)
    10    0.04                           _182_ (net)
                  0.07    0.00    4.55 v _387_/A (sky130_fd_sc_hd__inv_2)
                  0.03    0.06    4.61 ^ _387_/Y (sky130_fd_sc_hd__inv_2)
     1    0.00                           _017_ (net)
                  0.03    0.00    4.61 ^ _415_/RESET_B (sky130_fd_sc_hd__dfrtp_4)
                                  4.61   data arrival time

                         20.00   20.00   clock clk (rise edge)
                          0.00   20.00   clock source latency
                  0.20    0.14   20.14 ^ clk (in)
     1    0.04                           clk (net)
                  0.20    0.00   20.14 ^ clkbuf_0_clk/A (sky130_fd_sc_hd__clkbuf_16)
                  0.04    0.16   20.30 ^ clkbuf_0_clk/X (sky130_fd_sc_hd__clkbuf_16)
     2    0.02                           clknet_0_clk (net)
                  0.04    0.00   20.30 ^ clkbuf_1_0__f_clk/A (sky130_fd_sc_hd__clkbuf_16)
                  0.05    0.12   20.42 ^ clkbuf_1_0__f_clk/X (sky130_fd_sc_hd__clkbuf_16)
    14    0.03                           clknet_1_0__leaf_clk (net)
                  0.05    0.00   20.42 ^ _415_/CLK (sky130_fd_sc_hd__dfrtp_4)
                         -0.25   20.17   clock uncertainty
                          0.00   20.17   clock reconvergence pessimism
                          0.22   20.40   library recovery time
                                 20.40   data required time
-----------------------------------------------------------------------------
                                 20.40   data required time
                                 -4.61   data arrival time
-----------------------------------------------------------------------------
                                 15.78   slack (MET)


Startpoint: rst (input port clocked by clk)
Endpoint: _404_ (recovery check against rising-edge clock clk)
Path Group: asynchronous
Path Type: max

Fanout     Cap    Slew   Delay    Time   Description
-----------------------------------------------------------------------------
                          0.00    0.00   clock clk (rise edge)
                          0.00    0.00   clock network delay (propagated)
                          4.00    4.00 v input external delay
                  0.02    0.01    4.01 v rst (in)
     1    0.01                           rst (net)
                  0.02    0.00    4.01 v input1/A (sky130_fd_sc_hd__buf_1)
                  0.08    0.12    4.14 v input1/X (sky130_fd_sc_hd__buf_1)
     1    0.01                           net1 (net)
                  0.08    0.00    4.14 v _367_/A (sky130_fd_sc_hd__buf_4)
                  0.08    0.21    4.35 v _367_/X (sky130_fd_sc_hd__buf_4)
    10    0.05                           _180_ (net)
                  0.08    0.01    4.35 v _368_/A (sky130_fd_sc_hd__buf_4)
                  0.07    0.20    4.56 v _368_/X (sky130_fd_sc_hd__buf_4)
    10    0.04                           _181_ (net)
                  0.07    0.00    4.56 v _375_/A (sky130_fd_sc_hd__inv_2)
                  0.03    0.06    4.61 ^ _375_/Y (sky130_fd_sc_hd__inv_2)
     1    0.00                           _006_ (net)
                  0.03    0.00    4.61 ^ _404_/RESET_B (sky130_fd_sc_hd__dfrtp_4)
                                  4.61   data arrival time

                         20.00   20.00   clock clk (rise edge)
                          0.00   20.00   clock source latency
                  0.20    0.14   20.14 ^ clk (in)
     1    0.04                           clk (net)
                  0.20    0.00   20.14 ^ clkbuf_0_clk/A (sky130_fd_sc_hd__clkbuf_16)
                  0.04    0.16   20.30 ^ clkbuf_0_clk/X (sky130_fd_sc_hd__clkbuf_16)
     2    0.02                           clknet_0_clk (net)
                  0.04    0.00   20.30 ^ clkbuf_1_1__f_clk/A (sky130_fd_sc_hd__clkbuf_16)
                  0.05    0.12   20.42 ^ clkbuf_1_1__f_clk/X (sky130_fd_sc_hd__clkbuf_16)
    14    0.03                           clknet_1_1__leaf_clk (net)
                  0.05    0.00   20.42 ^ _404_/CLK (sky130_fd_sc_hd__dfrtp_4)
                         -0.25   20.17   clock uncertainty
                          0.00   20.17   clock reconvergence pessimism
                          0.22   20.40   library recovery time
                                 20.40   data required time
-----------------------------------------------------------------------------
                                 20.40   data required time
                                 -4.61   data arrival time
-----------------------------------------------------------------------------
                                 15.78   slack (MET)


Startpoint: rst (input port clocked by clk)
Endpoint: _401_ (recovery check against rising-edge clock clk)
Path Group: asynchronous
Path Type: max

Fanout     Cap    Slew   Delay    Time   Description
-----------------------------------------------------------------------------
                          0.00    0.00   clock clk (rise edge)
                          0.00    0.00   clock network delay (propagated)
                          4.00    4.00 v input external delay
                  0.02    0.01    4.01 v rst (in)
     1    0.01                           rst (net)
                  0.02    0.00    4.01 v input1/A (sky130_fd_sc_hd__buf_1)
                  0.08    0.12    4.14 v input1/X (sky130_fd_sc_hd__buf_1)
     1    0.01                           net1 (net)
                  0.08    0.00    4.14 v _367_/A (sky130_fd_sc_hd__buf_4)
                  0.08    0.21    4.35 v _367_/X (sky130_fd_sc_hd__buf_4)
    10    0.05                           _180_ (net)
                  0.08    0.01    4.35 v _368_/A (sky130_fd_sc_hd__buf_4)
                  0.07    0.20    4.56 v _368_/X (sky130_fd_sc_hd__buf_4)
    10    0.04                           _181_ (net)
                  0.07    0.00    4.56 v _372_/A (sky130_fd_sc_hd__inv_2)
                  0.03    0.06    4.61 ^ _372_/Y (sky130_fd_sc_hd__inv_2)
     1    0.00                           _003_ (net)
                  0.03    0.00    4.61 ^ _401_/RESET_B (sky130_fd_sc_hd__dfrtp_4)
                                  4.61   data arrival time

                         20.00   20.00   clock clk (rise edge)
                          0.00   20.00   clock source latency
                  0.20    0.14   20.14 ^ clk (in)
     1    0.04                           clk (net)
                  0.20    0.00   20.14 ^ clkbuf_0_clk/A (sky130_fd_sc_hd__clkbuf_16)
                  0.04    0.16   20.30 ^ clkbuf_0_clk/X (sky130_fd_sc_hd__clkbuf_16)
     2    0.02                           clknet_0_clk (net)
                  0.04    0.00   20.30 ^ clkbuf_1_1__f_clk/A (sky130_fd_sc_hd__clkbuf_16)
                  0.05    0.12   20.42 ^ clkbuf_1_1__f_clk/X (sky130_fd_sc_hd__clkbuf_16)
    14    0.03                           clknet_1_1__leaf_clk (net)
                  0.05    0.00   20.42 ^ _401_/CLK (sky130_fd_sc_hd__dfrtp_4)
                         -0.25   20.17   clock uncertainty
                          0.00   20.17   clock reconvergence pessimism
                          0.22   20.40   library recovery time
                                 20.40   data required time
-----------------------------------------------------------------------------
                                 20.40   data required time
                                 -4.61   data arrival time
-----------------------------------------------------------------------------
                                 15.78   slack (MET)


Startpoint: rst (input port clocked by clk)
Endpoint: _399_ (recovery check against rising-edge clock clk)
Path Group: asynchronous
Path Type: max

Fanout     Cap    Slew   Delay    Time   Description
-----------------------------------------------------------------------------
                          0.00    0.00   clock clk (rise edge)
                          0.00    0.00   clock network delay (propagated)
                          4.00    4.00 v input external delay
                  0.02    0.01    4.01 v rst (in)
     1    0.01                           rst (net)
                  0.02    0.00    4.01 v input1/A (sky130_fd_sc_hd__buf_1)
                  0.08    0.12    4.14 v input1/X (sky130_fd_sc_hd__buf_1)
     1    0.01                           net1 (net)
                  0.08    0.00    4.14 v _367_/A (sky130_fd_sc_hd__buf_4)
                  0.08    0.21    4.35 v _367_/X (sky130_fd_sc_hd__buf_4)
    10    0.05                           _180_ (net)
                  0.08    0.01    4.35 v _368_/A (sky130_fd_sc_hd__buf_4)
                  0.07    0.20    4.56 v _368_/X (sky130_fd_sc_hd__buf_4)
    10    0.04                           _181_ (net)
                  0.07    0.00    4.56 v _370_/A (sky130_fd_sc_hd__inv_2)
                  0.03    0.06    4.61 ^ _370_/Y (sky130_fd_sc_hd__inv_2)
     1    0.00                           _001_ (net)
                  0.03    0.00    4.61 ^ _399_/RESET_B (sky130_fd_sc_hd__dfrtp_4)
                                  4.61   data arrival time

                         20.00   20.00   clock clk (rise edge)
                          0.00   20.00   clock source latency
                  0.20    0.14   20.14 ^ clk (in)
     1    0.04                           clk (net)
                  0.20    0.00   20.14 ^ clkbuf_0_clk/A (sky130_fd_sc_hd__clkbuf_16)
                  0.04    0.16   20.30 ^ clkbuf_0_clk/X (sky130_fd_sc_hd__clkbuf_16)
     2    0.02                           clknet_0_clk (net)
                  0.04    0.00   20.30 ^ clkbuf_1_1__f_clk/A (sky130_fd_sc_hd__clkbuf_16)
                  0.05    0.12   20.42 ^ clkbuf_1_1__f_clk/X (sky130_fd_sc_hd__clkbuf_16)
    14    0.03                           clknet_1_1__leaf_clk (net)
                  0.05    0.00   20.42 ^ _399_/CLK (sky130_fd_sc_hd__dfrtp_4)
                         -0.25   20.17   clock uncertainty
                          0.00   20.17   clock reconvergence pessimism
                          0.22   20.40   library recovery time
                                 20.40   data required time
-----------------------------------------------------------------------------
                                 20.40   data required time
                                 -4.61   data arrival time
-----------------------------------------------------------------------------
                                 15.78   slack (MET)


Startpoint: rst (input port clocked by clk)
Endpoint: _413_ (recovery check against rising-edge clock clk)
Path Group: asynchronous
Path Type: max

Fanout     Cap    Slew   Delay    Time   Description
-----------------------------------------------------------------------------
                          0.00    0.00   clock clk (rise edge)
                          0.00    0.00   clock network delay (propagated)
                          4.00    4.00 v input external delay
                  0.02    0.01    4.01 v rst (in)
     1    0.01                           rst (net)
                  0.02    0.00    4.01 v input1/A (sky130_fd_sc_hd__buf_1)
                  0.08    0.12    4.14 v input1/X (sky130_fd_sc_hd__buf_1)
     1    0.01                           net1 (net)
                  0.08    0.00    4.14 v _367_/A (sky130_fd_sc_hd__buf_4)
                  0.08    0.21    4.35 v _367_/X (sky130_fd_sc_hd__buf_4)
    10    0.05                           _180_ (net)
                  0.08    0.00    4.35 v _379_/A (sky130_fd_sc_hd__buf_4)
                  0.07    0.20    4.55 v _379_/X (sky130_fd_sc_hd__buf_4)
    10    0.04                           _182_ (net)
                  0.07    0.00    4.55 v _385_/A (sky130_fd_sc_hd__inv_2)
                  0.03    0.06    4.61 ^ _385_/Y (sky130_fd_sc_hd__inv_2)
     1    0.00                           _015_ (net)
                  0.03    0.00    4.61 ^ _413_/RESET_B (sky130_fd_sc_hd__dfrtp_4)
                                  4.61   data arrival time

                         20.00   20.00   clock clk (rise edge)
                          0.00   20.00   clock source latency
                  0.20    0.14   20.14 ^ clk (in)
     1    0.04                           clk (net)
                  0.20    0.00   20.14 ^ clkbuf_0_clk/A (sky130_fd_sc_hd__clkbuf_16)
                  0.04    0.16   20.30 ^ clkbuf_0_clk/X (sky130_fd_sc_hd__clkbuf_16)
     2    0.02                           clknet_0_clk (net)
                  0.04    0.00   20.30 ^ clkbuf_1_0__f_clk/A (sky130_fd_sc_hd__clkbuf_16)
                  0.05    0.12   20.42 ^ clkbuf_1_0__f_clk/X (sky130_fd_sc_hd__clkbuf_16)
    14    0.03                           clknet_1_0__leaf_clk (net)
                  0.05    0.00   20.42 ^ _413_/CLK (sky130_fd_sc_hd__dfrtp_4)
                         -0.25   20.17   clock uncertainty
                          0.00   20.17   clock reconvergence pessimism
                          0.22   20.40   library recovery time
                                 20.40   data required time
-----------------------------------------------------------------------------
                                 20.40   data required time
                                 -4.61   data arrival time
-----------------------------------------------------------------------------
                                 15.78   slack (MET)


Startpoint: rst (input port clocked by clk)
Endpoint: _414_ (recovery check against rising-edge clock clk)
Path Group: asynchronous
Path Type: max

Fanout     Cap    Slew   Delay    Time   Description
-----------------------------------------------------------------------------
                          0.00    0.00   clock clk (rise edge)
                          0.00    0.00   clock network delay (propagated)
                          4.00    4.00 v input external delay
                  0.02    0.01    4.01 v rst (in)
     1    0.01                           rst (net)
                  0.02    0.00    4.01 v input1/A (sky130_fd_sc_hd__buf_1)
                  0.08    0.12    4.14 v input1/X (sky130_fd_sc_hd__buf_1)
     1    0.01                           net1 (net)
                  0.08    0.00    4.14 v _367_/A (sky130_fd_sc_hd__buf_4)
                  0.08    0.21    4.35 v _367_/X (sky130_fd_sc_hd__buf_4)
    10    0.05                           _180_ (net)
                  0.08    0.00    4.35 v _379_/A (sky130_fd_sc_hd__buf_4)
                  0.07    0.20    4.55 v _379_/X (sky130_fd_sc_hd__buf_4)
    10    0.04                           _182_ (net)
                  0.07    0.00    4.55 v _386_/A (sky130_fd_sc_hd__inv_2)
                  0.03    0.06    4.61 ^ _386_/Y (sky130_fd_sc_hd__inv_2)
     1    0.00                           _016_ (net)
                  0.03    0.00    4.61 ^ _414_/RESET_B (sky130_fd_sc_hd__dfrtp_4)
                                  4.61   data arrival time

                         20.00   20.00   clock clk (rise edge)
                          0.00   20.00   clock source latency
                  0.20    0.14   20.14 ^ clk (in)
     1    0.04                           clk (net)
                  0.20    0.00   20.14 ^ clkbuf_0_clk/A (sky130_fd_sc_hd__clkbuf_16)
                  0.04    0.16   20.30 ^ clkbuf_0_clk/X (sky130_fd_sc_hd__clkbuf_16)
     2    0.02                           clknet_0_clk (net)
                  0.04    0.00   20.30 ^ clkbuf_1_0__f_clk/A (sky130_fd_sc_hd__clkbuf_16)
                  0.05    0.12   20.42 ^ clkbuf_1_0__f_clk/X (sky130_fd_sc_hd__clkbuf_16)
    14    0.03                           clknet_1_0__leaf_clk (net)
                  0.05    0.00   20.42 ^ _414_/CLK (sky130_fd_sc_hd__dfrtp_4)
                         -0.25   20.17   clock uncertainty
                          0.00   20.17   clock reconvergence pessimism
                          0.22   20.40   library recovery time
                                 20.40   data required time
-----------------------------------------------------------------------------
                                 20.40   data required time
                                 -4.61   data arrival time
-----------------------------------------------------------------------------
                                 15.78   slack (MET)


Startpoint: rst (input port clocked by clk)
Endpoint: _412_ (recovery check against rising-edge clock clk)
Path Group: asynchronous
Path Type: max

Fanout     Cap    Slew   Delay    Time   Description
-----------------------------------------------------------------------------
                          0.00    0.00   clock clk (rise edge)
                          0.00    0.00   clock network delay (propagated)
                          4.00    4.00 v input external delay
                  0.02    0.01    4.01 v rst (in)
     1    0.01                           rst (net)
                  0.02    0.00    4.01 v input1/A (sky130_fd_sc_hd__buf_1)
                  0.08    0.12    4.14 v input1/X (sky130_fd_sc_hd__buf_1)
     1    0.01                           net1 (net)
                  0.08    0.00    4.14 v _367_/A (sky130_fd_sc_hd__buf_4)
                  0.08    0.21    4.35 v _367_/X (sky130_fd_sc_hd__buf_4)
    10    0.05                           _180_ (net)
                  0.08    0.00    4.35 v _379_/A (sky130_fd_sc_hd__buf_4)
                  0.07    0.20    4.55 v _379_/X (sky130_fd_sc_hd__buf_4)
    10    0.04                           _182_ (net)
                  0.07    0.00    4.55 v _384_/A (sky130_fd_sc_hd__inv_2)
                  0.03    0.06    4.61 ^ _384_/Y (sky130_fd_sc_hd__inv_2)
     1    0.00                           _014_ (net)
                  0.03    0.00    4.61 ^ _412_/RESET_B (sky130_fd_sc_hd__dfrtp_2)
                                  4.61   data arrival time

                         20.00   20.00   clock clk (rise edge)
                          0.00   20.00   clock source latency
                  0.20    0.14   20.14 ^ clk (in)
     1    0.04                           clk (net)
                  0.20    0.00   20.14 ^ clkbuf_0_clk/A (sky130_fd_sc_hd__clkbuf_16)
                  0.04    0.16   20.30 ^ clkbuf_0_clk/X (sky130_fd_sc_hd__clkbuf_16)
     2    0.02                           clknet_0_clk (net)
                  0.04    0.00   20.30 ^ clkbuf_1_1__f_clk/A (sky130_fd_sc_hd__clkbuf_16)
                  0.05    0.12   20.42 ^ clkbuf_1_1__f_clk/X (sky130_fd_sc_hd__clkbuf_16)
    14    0.03                           clknet_1_1__leaf_clk (net)
                  0.05    0.00   20.42 ^ _412_/CLK (sky130_fd_sc_hd__dfrtp_2)
                         -0.25   20.17   clock uncertainty
                          0.00   20.17   clock reconvergence pessimism
                          0.22   20.40   library recovery time
                                 20.40   data required time
-----------------------------------------------------------------------------
                                 20.40   data required time
                                 -4.61   data arrival time
-----------------------------------------------------------------------------
                                 15.78   slack (MET)


Startpoint: rst (input port clocked by clk)
Endpoint: _417_ (recovery check against rising-edge clock clk)
Path Group: asynchronous
Path Type: max

Fanout     Cap    Slew   Delay    Time   Description
-----------------------------------------------------------------------------
                          0.00    0.00   clock clk (rise edge)
                          0.00    0.00   clock network delay (propagated)
                          4.00    4.00 v input external delay
                  0.02    0.01    4.01 v rst (in)
     1    0.01                           rst (net)
                  0.02    0.00    4.01 v input1/A (sky130_fd_sc_hd__buf_1)
                  0.08    0.12    4.14 v input1/X (sky130_fd_sc_hd__buf_1)
     1    0.01                           net1 (net)
                  0.08    0.00    4.14 v _367_/A (sky130_fd_sc_hd__buf_4)
                  0.08    0.21    4.35 v _367_/X (sky130_fd_sc_hd__buf_4)
    10    0.05                           _180_ (net)
                  0.08    0.00    4.35 v _379_/A (sky130_fd_sc_hd__buf_4)
                  0.07    0.20    4.55 v _379_/X (sky130_fd_sc_hd__buf_4)
    10    0.04                           _182_ (net)
                  0.07    0.00    4.55 v _389_/A (sky130_fd_sc_hd__inv_2)
                  0.03    0.06    4.61 ^ _389_/Y (sky130_fd_sc_hd__inv_2)
     1    0.00                           _019_ (net)
                  0.03    0.00    4.61 ^ _417_/RESET_B (sky130_fd_sc_hd__dfrtp_4)
                                  4.61   data arrival time

                         20.00   20.00   clock clk (rise edge)
                          0.00   20.00   clock source latency
                  0.20    0.14   20.14 ^ clk (in)
     1    0.04                           clk (net)
                  0.20    0.00   20.14 ^ clkbuf_0_clk/A (sky130_fd_sc_hd__clkbuf_16)
                  0.04    0.16   20.30 ^ clkbuf_0_clk/X (sky130_fd_sc_hd__clkbuf_16)
     2    0.02                           clknet_0_clk (net)
                  0.04    0.00   20.30 ^ clkbuf_1_0__f_clk/A (sky130_fd_sc_hd__clkbuf_16)
                  0.05    0.12   20.42 ^ clkbuf_1_0__f_clk/X (sky130_fd_sc_hd__clkbuf_16)
    14    0.03                           clknet_1_0__leaf_clk (net)
                  0.05    0.00   20.42 ^ _417_/CLK (sky130_fd_sc_hd__dfrtp_4)
                         -0.25   20.17   clock uncertainty
                          0.00   20.17   clock reconvergence pessimism
                          0.22   20.40   library recovery time
                                 20.40   data required time
-----------------------------------------------------------------------------
                                 20.40   data required time
                                 -4.61   data arrival time
-----------------------------------------------------------------------------
                                 15.78   slack (MET)


Startpoint: rst (input port clocked by clk)
Endpoint: _423_ (recovery check against rising-edge clock clk)
Path Group: asynchronous
Path Type: max

Fanout     Cap    Slew   Delay    Time   Description
-----------------------------------------------------------------------------
                          0.00    0.00   clock clk (rise edge)
                          0.00    0.00   clock network delay (propagated)
                          4.00    4.00 v input external delay
                  0.02    0.01    4.01 v rst (in)
     1    0.01                           rst (net)
                  0.02    0.00    4.01 v input1/A (sky130_fd_sc_hd__buf_1)
                  0.08    0.12    4.14 v input1/X (sky130_fd_sc_hd__buf_1)
     1    0.01                           net1 (net)
                  0.08    0.00    4.14 v _367_/A (sky130_fd_sc_hd__buf_4)
                  0.08    0.21    4.35 v _367_/X (sky130_fd_sc_hd__buf_4)
    10    0.05                           _180_ (net)
                  0.08    0.00    4.35 v _395_/A (sky130_fd_sc_hd__inv_2)
                  0.04    0.07    4.42 ^ _395_/Y (sky130_fd_sc_hd__inv_2)
     1    0.01                           _025_ (net)
                  0.04    0.00    4.42 ^ _423_/RESET_B (sky130_fd_sc_hd__dfrtp_4)
                                  4.42   data arrival time

                         20.00   20.00   clock clk (rise edge)
                          0.00   20.00   clock source latency
                  0.20    0.14   20.14 ^ clk (in)
     1    0.04                           clk (net)
                  0.20    0.00   20.14 ^ clkbuf_0_clk/A (sky130_fd_sc_hd__clkbuf_16)
                  0.04    0.16   20.30 ^ clkbuf_0_clk/X (sky130_fd_sc_hd__clkbuf_16)
     2    0.02                           clknet_0_clk (net)
                  0.04    0.00   20.30 ^ clkbuf_1_0__f_clk/A (sky130_fd_sc_hd__clkbuf_16)
                  0.05    0.12   20.42 ^ clkbuf_1_0__f_clk/X (sky130_fd_sc_hd__clkbuf_16)
    14    0.03                           clknet_1_0__leaf_clk (net)
                  0.05    0.00   20.42 ^ _423_/CLK (sky130_fd_sc_hd__dfrtp_4)
                         -0.25   20.17   clock uncertainty
                          0.00   20.17   clock reconvergence pessimism
                          0.22   20.39   library recovery time
                                 20.39   data required time
-----------------------------------------------------------------------------
                                 20.39   data required time
                                 -4.42   data arrival time
-----------------------------------------------------------------------------
                                 15.97   slack (MET)


Startpoint: rst (input port clocked by clk)
Endpoint: _421_ (recovery check against rising-edge clock clk)
Path Group: asynchronous
Path Type: max

Fanout     Cap    Slew   Delay    Time   Description
-----------------------------------------------------------------------------
                          0.00    0.00   clock clk (rise edge)
                          0.00    0.00   clock network delay (propagated)
                          4.00    4.00 v input external delay
                  0.02    0.01    4.01 v rst (in)
     1    0.01                           rst (net)
                  0.02    0.00    4.01 v input1/A (sky130_fd_sc_hd__buf_1)
                  0.08    0.12    4.14 v input1/X (sky130_fd_sc_hd__buf_1)
     1    0.01                           net1 (net)
                  0.08    0.00    4.14 v _367_/A (sky130_fd_sc_hd__buf_4)
                  0.08    0.21    4.35 v _367_/X (sky130_fd_sc_hd__buf_4)
    10    0.05                           _180_ (net)
                  0.08    0.01    4.35 v _393_/A (sky130_fd_sc_hd__inv_2)
                  0.04    0.06    4.42 ^ _393_/Y (sky130_fd_sc_hd__inv_2)
     1    0.00                           _023_ (net)
                  0.04    0.00    4.42 ^ _421_/RESET_B (sky130_fd_sc_hd__dfrtp_4)
                                  4.42   data arrival time

                         20.00   20.00   clock clk (rise edge)
                          0.00   20.00   clock source latency
                  0.20    0.14   20.14 ^ clk (in)
     1    0.04                           clk (net)
                  0.20    0.00   20.14 ^ clkbuf_0_clk/A (sky130_fd_sc_hd__clkbuf_16)
                  0.04    0.16   20.30 ^ clkbuf_0_clk/X (sky130_fd_sc_hd__clkbuf_16)
     2    0.02                           clknet_0_clk (net)
                  0.04    0.00   20.30 ^ clkbuf_1_1__f_clk/A (sky130_fd_sc_hd__clkbuf_16)
                  0.05    0.12   20.42 ^ clkbuf_1_1__f_clk/X (sky130_fd_sc_hd__clkbuf_16)
    14    0.03                           clknet_1_1__leaf_clk (net)
                  0.05    0.00   20.42 ^ _421_/CLK (sky130_fd_sc_hd__dfrtp_4)
                         -0.25   20.17   clock uncertainty
                          0.00   20.17   clock reconvergence pessimism
                          0.22   20.39   library recovery time
                                 20.39   data required time
-----------------------------------------------------------------------------
                                 20.39   data required time
                                 -4.42   data arrival time
-----------------------------------------------------------------------------
                                 15.98   slack (MET)


Startpoint: rst (input port clocked by clk)
Endpoint: _422_ (recovery check against rising-edge clock clk)
Path Group: asynchronous
Path Type: max

Fanout     Cap    Slew   Delay    Time   Description
-----------------------------------------------------------------------------
                          0.00    0.00   clock clk (rise edge)
                          0.00    0.00   clock network delay (propagated)
                          4.00    4.00 v input external delay
                  0.02    0.01    4.01 v rst (in)
     1    0.01                           rst (net)
                  0.02    0.00    4.01 v input1/A (sky130_fd_sc_hd__buf_1)
                  0.08    0.12    4.14 v input1/X (sky130_fd_sc_hd__buf_1)
     1    0.01                           net1 (net)
                  0.08    0.00    4.14 v _367_/A (sky130_fd_sc_hd__buf_4)
                  0.08    0.21    4.35 v _367_/X (sky130_fd_sc_hd__buf_4)
    10    0.05                           _180_ (net)
                  0.08    0.00    4.35 v _394_/A (sky130_fd_sc_hd__inv_2)
                  0.04    0.06    4.42 ^ _394_/Y (sky130_fd_sc_hd__inv_2)
     1    0.00                           _024_ (net)
                  0.04    0.00    4.42 ^ _422_/RESET_B (sky130_fd_sc_hd__dfrtp_4)
                                  4.42   data arrival time

                         20.00   20.00   clock clk (rise edge)
                          0.00   20.00   clock source latency
                  0.20    0.14   20.14 ^ clk (in)
     1    0.04                           clk (net)
                  0.20    0.00   20.14 ^ clkbuf_0_clk/A (sky130_fd_sc_hd__clkbuf_16)
                  0.04    0.16   20.30 ^ clkbuf_0_clk/X (sky130_fd_sc_hd__clkbuf_16)
     2    0.02                           clknet_0_clk (net)
                  0.04    0.00   20.30 ^ clkbuf_1_0__f_clk/A (sky130_fd_sc_hd__clkbuf_16)
                  0.05    0.12   20.42 ^ clkbuf_1_0__f_clk/X (sky130_fd_sc_hd__clkbuf_16)
    14    0.03                           clknet_1_0__leaf_clk (net)
                  0.05    0.00   20.42 ^ _422_/CLK (sky130_fd_sc_hd__dfrtp_4)
                         -0.25   20.17   clock uncertainty
                          0.00   20.17   clock reconvergence pessimism
                          0.22   20.39   library recovery time
                                 20.39   data required time
-----------------------------------------------------------------------------
                                 20.39   data required time
                                 -4.42   data arrival time
-----------------------------------------------------------------------------
                                 15.98   slack (MET)


Startpoint: rst (input port clocked by clk)
Endpoint: _419_ (recovery check against rising-edge clock clk)
Path Group: asynchronous
Path Type: max

Fanout     Cap    Slew   Delay    Time   Description
-----------------------------------------------------------------------------
                          0.00    0.00   clock clk (rise edge)
                          0.00    0.00   clock network delay (propagated)
                          4.00    4.00 v input external delay
                  0.02    0.01    4.01 v rst (in)
     1    0.01                           rst (net)
                  0.02    0.00    4.01 v input1/A (sky130_fd_sc_hd__buf_1)
                  0.08    0.12    4.14 v input1/X (sky130_fd_sc_hd__buf_1)
     1    0.01                           net1 (net)
                  0.08    0.00    4.14 v _367_/A (sky130_fd_sc_hd__buf_4)
                  0.08    0.21    4.35 v _367_/X (sky130_fd_sc_hd__buf_4)
    10    0.05                           _180_ (net)
                  0.08    0.01    4.35 v _391_/A (sky130_fd_sc_hd__inv_2)
                  0.04    0.06    4.42 ^ _391_/Y (sky130_fd_sc_hd__inv_2)
     1    0.00                           _021_ (net)
                  0.04    0.00    4.42 ^ _419_/RESET_B (sky130_fd_sc_hd__dfrtp_4)
                                  4.42   data arrival time

                         20.00   20.00   clock clk (rise edge)
                          0.00   20.00   clock source latency
                  0.20    0.14   20.14 ^ clk (in)
     1    0.04                           clk (net)
                  0.20    0.00   20.14 ^ clkbuf_0_clk/A (sky130_fd_sc_hd__clkbuf_16)
                  0.04    0.16   20.30 ^ clkbuf_0_clk/X (sky130_fd_sc_hd__clkbuf_16)
     2    0.02                           clknet_0_clk (net)
                  0.04    0.00   20.30 ^ clkbuf_1_1__f_clk/A (sky130_fd_sc_hd__clkbuf_16)
                  0.05    0.12   20.42 ^ clkbuf_1_1__f_clk/X (sky130_fd_sc_hd__clkbuf_16)
    14    0.03                           clknet_1_1__leaf_clk (net)
                  0.05    0.00   20.42 ^ _419_/CLK (sky130_fd_sc_hd__dfrtp_4)
                         -0.25   20.17   clock uncertainty
                          0.00   20.17   clock reconvergence pessimism
                          0.22   20.39   library recovery time
                                 20.39   data required time
-----------------------------------------------------------------------------
                                 20.39   data required time
                                 -4.42   data arrival time
-----------------------------------------------------------------------------
                                 15.98   slack (MET)


Startpoint: rst (input port clocked by clk)
Endpoint: _420_ (recovery check against rising-edge clock clk)
Path Group: asynchronous
Path Type: max

Fanout     Cap    Slew   Delay    Time   Description
-----------------------------------------------------------------------------
                          0.00    0.00   clock clk (rise edge)
                          0.00    0.00   clock network delay (propagated)
                          4.00    4.00 v input external delay
                  0.02    0.01    4.01 v rst (in)
     1    0.01                           rst (net)
                  0.02    0.00    4.01 v input1/A (sky130_fd_sc_hd__buf_1)
                  0.08    0.12    4.14 v input1/X (sky130_fd_sc_hd__buf_1)
     1    0.01                           net1 (net)
                  0.08    0.00    4.14 v _367_/A (sky130_fd_sc_hd__buf_4)
                  0.08    0.21    4.35 v _367_/X (sky130_fd_sc_hd__buf_4)
    10    0.05                           _180_ (net)
                  0.08    0.01    4.35 v _392_/A (sky130_fd_sc_hd__inv_2)
                  0.04    0.06    4.42 ^ _392_/Y (sky130_fd_sc_hd__inv_2)
     1    0.00                           _022_ (net)
                  0.04    0.00    4.42 ^ _420_/RESET_B (sky130_fd_sc_hd__dfrtp_4)
                                  4.42   data arrival time

                         20.00   20.00   clock clk (rise edge)
                          0.00   20.00   clock source latency
                  0.20    0.14   20.14 ^ clk (in)
     1    0.04                           clk (net)
                  0.20    0.00   20.14 ^ clkbuf_0_clk/A (sky130_fd_sc_hd__clkbuf_16)
                  0.04    0.16   20.30 ^ clkbuf_0_clk/X (sky130_fd_sc_hd__clkbuf_16)
     2    0.02                           clknet_0_clk (net)
                  0.04    0.00   20.30 ^ clkbuf_1_1__f_clk/A (sky130_fd_sc_hd__clkbuf_16)
                  0.05    0.12   20.42 ^ clkbuf_1_1__f_clk/X (sky130_fd_sc_hd__clkbuf_16)
    14    0.03                           clknet_1_1__leaf_clk (net)
                  0.05    0.00   20.42 ^ _420_/CLK (sky130_fd_sc_hd__dfrtp_4)
                         -0.25   20.17   clock uncertainty
                          0.00   20.17   clock reconvergence pessimism
                          0.22   20.39   library recovery time
                                 20.39   data required time
-----------------------------------------------------------------------------
                                 20.39   data required time
                                 -4.42   data arrival time
-----------------------------------------------------------------------------
                                 15.98   slack (MET)


Startpoint: rst (input port clocked by clk)
Endpoint: _424_ (recovery check against rising-edge clock clk)
Path Group: asynchronous
Path Type: max

Fanout     Cap    Slew   Delay    Time   Description
-----------------------------------------------------------------------------
                          0.00    0.00   clock clk (rise edge)
                          0.00    0.00   clock network delay (propagated)
                          4.00    4.00 v input external delay
                  0.02    0.01    4.01 v rst (in)
     1    0.01                           rst (net)
                  0.02    0.00    4.01 v input1/A (sky130_fd_sc_hd__buf_1)
                  0.08    0.12    4.14 v input1/X (sky130_fd_sc_hd__buf_1)
     1    0.01                           net1 (net)
                  0.08    0.00    4.14 v _367_/A (sky130_fd_sc_hd__buf_4)
                  0.08    0.21    4.35 v _367_/X (sky130_fd_sc_hd__buf_4)
    10    0.05                           _180_ (net)
                  0.08    0.00    4.35 v _396_/A (sky130_fd_sc_hd__inv_2)
                  0.04    0.06    4.42 ^ _396_/Y (sky130_fd_sc_hd__inv_2)
     1    0.01                           _026_ (net)
                  0.04    0.00    4.42 ^ _424_/RESET_B (sky130_fd_sc_hd__dfrtp_4)
                                  4.42   data arrival time

                         20.00   20.00   clock clk (rise edge)
                          0.00   20.00   clock source latency
                  0.20    0.14   20.14 ^ clk (in)
     1    0.04                           clk (net)
                  0.20    0.00   20.14 ^ clkbuf_0_clk/A (sky130_fd_sc_hd__clkbuf_16)
                  0.04    0.16   20.30 ^ clkbuf_0_clk/X (sky130_fd_sc_hd__clkbuf_16)
     2    0.02                           clknet_0_clk (net)
                  0.04    0.00   20.30 ^ clkbuf_1_0__f_clk/A (sky130_fd_sc_hd__clkbuf_16)
                  0.05    0.12   20.42 ^ clkbuf_1_0__f_clk/X (sky130_fd_sc_hd__clkbuf_16)
    14    0.03                           clknet_1_0__leaf_clk (net)
                  0.05    0.00   20.42 ^ _424_/CLK (sky130_fd_sc_hd__dfrtp_4)
                         -0.25   20.17   clock uncertainty
                          0.00   20.17   clock reconvergence pessimism
                          0.22   20.39   library recovery time
                                 20.39   data required time
-----------------------------------------------------------------------------
                                 20.39   data required time
                                 -4.42   data arrival time
-----------------------------------------------------------------------------
                                 15.98   slack (MET)


Startpoint: rst (input port clocked by clk)
Endpoint: _418_ (recovery check against rising-edge clock clk)
Path Group: asynchronous
Path Type: max

Fanout     Cap    Slew   Delay    Time   Description
-----------------------------------------------------------------------------
                          0.00    0.00   clock clk (rise edge)
                          0.00    0.00   clock network delay (propagated)
                          4.00    4.00 v input external delay
                  0.02    0.01    4.01 v rst (in)
     1    0.01                           rst (net)
                  0.02    0.00    4.01 v input1/A (sky130_fd_sc_hd__buf_1)
                  0.08    0.12    4.14 v input1/X (sky130_fd_sc_hd__buf_1)
     1    0.01                           net1 (net)
                  0.08    0.00    4.14 v _367_/A (sky130_fd_sc_hd__buf_4)
                  0.08    0.21    4.35 v _367_/X (sky130_fd_sc_hd__buf_4)
    10    0.05                           _180_ (net)
                  0.08    0.01    4.35 v _390_/A (sky130_fd_sc_hd__inv_2)
                  0.03    0.06    4.42 ^ _390_/Y (sky130_fd_sc_hd__inv_2)
     1    0.00                           _020_ (net)
                  0.03    0.00    4.42 ^ _418_/RESET_B (sky130_fd_sc_hd__dfrtp_4)
                                  4.42   data arrival time

                         20.00   20.00   clock clk (rise edge)
                          0.00   20.00   clock source latency
                  0.20    0.14   20.14 ^ clk (in)
     1    0.04                           clk (net)
                  0.20    0.00   20.14 ^ clkbuf_0_clk/A (sky130_fd_sc_hd__clkbuf_16)
                  0.04    0.16   20.30 ^ clkbuf_0_clk/X (sky130_fd_sc_hd__clkbuf_16)
     2    0.02                           clknet_0_clk (net)
                  0.04    0.00   20.30 ^ clkbuf_1_1__f_clk/A (sky130_fd_sc_hd__clkbuf_16)
                  0.05    0.12   20.42 ^ clkbuf_1_1__f_clk/X (sky130_fd_sc_hd__clkbuf_16)
    14    0.03                           clknet_1_1__leaf_clk (net)
                  0.05    0.00   20.42 ^ _418_/CLK (sky130_fd_sc_hd__dfrtp_4)
                         -0.25   20.17   clock uncertainty
                          0.00   20.17   clock reconvergence pessimism
                          0.22   20.40   library recovery time
                                 20.40   data required time
-----------------------------------------------------------------------------
                                 20.40   data required time
                                 -4.42   data arrival time
-----------------------------------------------------------------------------
                                 15.98   slack (MET)


Startpoint: rst (input port clocked by clk)
Endpoint: _425_ (recovery check against rising-edge clock clk)
Path Group: asynchronous
Path Type: max

Fanout     Cap    Slew   Delay    Time   Description
-----------------------------------------------------------------------------
                          0.00    0.00   clock clk (rise edge)
                          0.00    0.00   clock network delay (propagated)
                          4.00    4.00 v input external delay
                  0.02    0.01    4.01 v rst (in)
     1    0.01                           rst (net)
                  0.02    0.00    4.01 v input1/A (sky130_fd_sc_hd__buf_1)
                  0.08    0.12    4.14 v input1/X (sky130_fd_sc_hd__buf_1)
     1    0.01                           net1 (net)
                  0.08    0.00    4.14 v _367_/A (sky130_fd_sc_hd__buf_4)
                  0.08    0.21    4.35 v _367_/X (sky130_fd_sc_hd__buf_4)
    10    0.05                           _180_ (net)
                  0.08    0.00    4.35 v _397_/A (sky130_fd_sc_hd__inv_2)
                  0.03    0.06    4.41 ^ _397_/Y (sky130_fd_sc_hd__inv_2)
     1    0.00                           _027_ (net)
                  0.03    0.00    4.41 ^ _425_/RESET_B (sky130_fd_sc_hd__dfrtp_4)
                                  4.41   data arrival time

                         20.00   20.00   clock clk (rise edge)
                          0.00   20.00   clock source latency
                  0.20    0.14   20.14 ^ clk (in)
     1    0.04                           clk (net)
                  0.20    0.00   20.14 ^ clkbuf_0_clk/A (sky130_fd_sc_hd__clkbuf_16)
                  0.04    0.16   20.30 ^ clkbuf_0_clk/X (sky130_fd_sc_hd__clkbuf_16)
     2    0.02                           clknet_0_clk (net)
                  0.04    0.00   20.30 ^ clkbuf_1_0__f_clk/A (sky130_fd_sc_hd__clkbuf_16)
                  0.05    0.12   20.42 ^ clkbuf_1_0__f_clk/X (sky130_fd_sc_hd__clkbuf_16)
    14    0.03                           clknet_1_0__leaf_clk (net)
                  0.05    0.00   20.42 ^ _425_/CLK (sky130_fd_sc_hd__dfrtp_4)
                         -0.25   20.17   clock uncertainty
                          0.00   20.17   clock reconvergence pessimism
                          0.22   20.40   library recovery time
                                 20.40   data required time
-----------------------------------------------------------------------------
                                 20.40   data required time
                                 -4.41   data arrival time
-----------------------------------------------------------------------------
                                 15.99   slack (MET)


Startpoint: _399_ (rising edge-triggered flip-flop clocked by clk)
Endpoint: _408_ (rising edge-triggered flip-flop clocked by clk)
Path Group: clk
Path Type: max

Fanout     Cap    Slew   Delay    Time   Description
-----------------------------------------------------------------------------
                          0.00    0.00   clock clk (rise edge)
                          0.00    0.00   clock source latency
                  0.20    0.15    0.15 ^ clk (in)
     1    0.04                           clk (net)
                  0.20    0.00    0.15 ^ clkbuf_0_clk/A (sky130_fd_sc_hd__clkbuf_16)
                  0.04    0.18    0.33 ^ clkbuf_0_clk/X (sky130_fd_sc_hd__clkbuf_16)
     2    0.02                           clknet_0_clk (net)
                  0.04    0.00    0.33 ^ clkbuf_1_1__f_clk/A (sky130_fd_sc_hd__clkbuf_16)
                  0.05    0.14    0.47 ^ clkbuf_1_1__f_clk/X (sky130_fd_sc_hd__clkbuf_16)
    14    0.03                           clknet_1_1__leaf_clk (net)
                  0.05    0.00    0.47 ^ _399_/CLK (sky130_fd_sc_hd__dfrtp_4)
                  0.09    0.53    1.00 v _399_/Q (sky130_fd_sc_hd__dfrtp_4)
     9    0.02                           U_PC.pc[1] (net)
                  0.09    0.00    1.00 v _200_/B (sky130_fd_sc_hd__and2b_1)
                  0.07    0.22    1.22 v _200_/X (sky130_fd_sc_hd__and2b_1)
     4    0.01                           _186_ (net)
                  0.07    0.00    1.22 v _202_/B (sky130_fd_sc_hd__or3_1)
                  0.06    0.36    1.59 v _202_/X (sky130_fd_sc_hd__or3_1)
     1    0.00                           _188_ (net)
                  0.06    0.00    1.59 v _203_/A (sky130_fd_sc_hd__buf_4)
                  0.06    0.19    1.77 v _203_/X (sky130_fd_sc_hd__buf_4)
     9    0.04                           _189_ (net)
                  0.06    0.00    1.77 v _235_/A2 (sky130_fd_sc_hd__a221oi_4)
                  0.29    0.38    2.15 ^ _235_/Y (sky130_fd_sc_hd__a221oi_4)
     3    0.02                           _076_ (net)
                  0.29    0.00    2.15 ^ _238_/A3 (sky130_fd_sc_hd__a32oi_4)
                  0.13    0.19    2.34 v _238_/Y (sky130_fd_sc_hd__a32oi_4)
     5    0.02                           _079_ (net)
                  0.13    0.00    2.34 v _243_/A2 (sky130_fd_sc_hd__o211a_1)
                  0.05    0.26    2.60 v _243_/X (sky130_fd_sc_hd__o211a_1)
     2    0.00                           _084_ (net)
                  0.05    0.00    2.60 v _248_/A2 (sky130_fd_sc_hd__o211a_1)
                  0.06    0.24    2.83 v _248_/X (sky130_fd_sc_hd__o211a_1)
     3    0.01                           _089_ (net)
                  0.06    0.00    2.83 v _270_/C (sky130_fd_sc_hd__or3_1)
                  0.06    0.31    3.14 v _270_/X (sky130_fd_sc_hd__or3_1)
     1    0.00                           _110_ (net)
                  0.06    0.00    3.14 v _271_/C (sky130_fd_sc_hd__and3_1)
                  0.06    0.22    3.36 v _271_/X (sky130_fd_sc_hd__and3_1)
     3    0.01                           _111_ (net)
                  0.06    0.00    3.36 v _343_/A (sky130_fd_sc_hd__or3b_1)
                  0.07    0.40    3.76 v _343_/X (sky130_fd_sc_hd__or3b_1)
     1    0.00                           _167_ (net)
                  0.07    0.00    3.76 v _344_/B1 (sky130_fd_sc_hd__o21a_1)
                  0.03    0.11    3.87 v _344_/X (sky130_fd_sc_hd__o21a_1)
     1    0.00                           _034_ (net)
                  0.03    0.00    3.87 v _408_/D (sky130_fd_sc_hd__dfrtp_4)
                                  3.87   data arrival time

                         20.00   20.00   clock clk (rise edge)
                          0.00   20.00   clock source latency
                  0.20    0.14   20.14 ^ clk (in)
     1    0.04                           clk (net)
                  0.20    0.00   20.14 ^ clkbuf_0_clk/A (sky130_fd_sc_hd__clkbuf_16)
                  0.04    0.16   20.30 ^ clkbuf_0_clk/X (sky130_fd_sc_hd__clkbuf_16)
     2    0.02                           clknet_0_clk (net)
                  0.04    0.00   20.30 ^ clkbuf_1_0__f_clk/A (sky130_fd_sc_hd__clkbuf_16)
                  0.05    0.12   20.42 ^ clkbuf_1_0__f_clk/X (sky130_fd_sc_hd__clkbuf_16)
    14    0.03                           clknet_1_0__leaf_clk (net)
                  0.05    0.00   20.42 ^ _408_/CLK (sky130_fd_sc_hd__dfrtp_4)
                         -0.25   20.17   clock uncertainty
                          0.03   20.20   clock reconvergence pessimism
                         -0.11   20.10   library setup time
                                 20.10   data required time
-----------------------------------------------------------------------------
                                 20.10   data required time
                                 -3.87   data arrival time
-----------------------------------------------------------------------------
                                 16.23   slack (MET)


Startpoint: _399_ (rising edge-triggered flip-flop clocked by clk)
Endpoint: _409_ (rising edge-triggered flip-flop clocked by clk)
Path Group: clk
Path Type: max

Fanout     Cap    Slew   Delay    Time   Description
-----------------------------------------------------------------------------
                          0.00    0.00   clock clk (rise edge)
                          0.00    0.00   clock source latency
                  0.20    0.15    0.15 ^ clk (in)
     1    0.04                           clk (net)
                  0.20    0.00    0.15 ^ clkbuf_0_clk/A (sky130_fd_sc_hd__clkbuf_16)
                  0.04    0.18    0.33 ^ clkbuf_0_clk/X (sky130_fd_sc_hd__clkbuf_16)
     2    0.02                           clknet_0_clk (net)
                  0.04    0.00    0.33 ^ clkbuf_1_1__f_clk/A (sky130_fd_sc_hd__clkbuf_16)
                  0.05    0.14    0.47 ^ clkbuf_1_1__f_clk/X (sky130_fd_sc_hd__clkbuf_16)
    14    0.03                           clknet_1_1__leaf_clk (net)
                  0.05    0.00    0.47 ^ _399_/CLK (sky130_fd_sc_hd__dfrtp_4)
                  0.09    0.53    1.00 v _399_/Q (sky130_fd_sc_hd__dfrtp_4)
     9    0.02                           U_PC.pc[1] (net)
                  0.09    0.00    1.00 v _200_/B (sky130_fd_sc_hd__and2b_1)
                  0.07    0.22    1.22 v _200_/X (sky130_fd_sc_hd__and2b_1)
     4    0.01                           _186_ (net)
                  0.07    0.00    1.22 v _202_/B (sky130_fd_sc_hd__or3_1)
                  0.06    0.36    1.59 v _202_/X (sky130_fd_sc_hd__or3_1)
     1    0.00                           _188_ (net)
                  0.06    0.00    1.59 v _203_/A (sky130_fd_sc_hd__buf_4)
                  0.06    0.19    1.77 v _203_/X (sky130_fd_sc_hd__buf_4)
     9    0.04                           _189_ (net)
                  0.06    0.00    1.77 v _235_/A2 (sky130_fd_sc_hd__a221oi_4)
                  0.29    0.38    2.15 ^ _235_/Y (sky130_fd_sc_hd__a221oi_4)
     3    0.02                           _076_ (net)
                  0.29    0.00    2.15 ^ _238_/A3 (sky130_fd_sc_hd__a32oi_4)
                  0.13    0.19    2.34 v _238_/Y (sky130_fd_sc_hd__a32oi_4)
     5    0.02                           _079_ (net)
                  0.13    0.00    2.34 v _243_/A2 (sky130_fd_sc_hd__o211a_1)
                  0.05    0.26    2.60 v _243_/X (sky130_fd_sc_hd__o211a_1)
     2    0.00                           _084_ (net)
                  0.05    0.00    2.60 v _248_/A2 (sky130_fd_sc_hd__o211a_1)
                  0.06    0.24    2.83 v _248_/X (sky130_fd_sc_hd__o211a_1)
     3    0.01                           _089_ (net)
                  0.06    0.00    2.83 v _255_/A2 (sky130_fd_sc_hd__o21ai_2)
                  0.16    0.17    3.01 ^ _255_/Y (sky130_fd_sc_hd__o21ai_2)
     5    0.01                           _096_ (net)
                  0.16    0.00    3.01 ^ _264_/A1 (sky130_fd_sc_hd__a21oi_1)
                  0.06    0.09    3.10 v _264_/Y (sky130_fd_sc_hd__a21oi_1)
     1    0.00                           _105_ (net)
                  0.06    0.00    3.10 v _267_/A2 (sky130_fd_sc_hd__o21a_1)
                  0.09    0.23    3.33 v _267_/X (sky130_fd_sc_hd__o21a_1)
     4    0.01                           _108_ (net)
                  0.09    0.00    3.33 v _342_/A4 (sky130_fd_sc_hd__o41a_1)
                  0.06    0.34    3.67 v _342_/X (sky130_fd_sc_hd__o41a_1)
     1    0.00                           _035_ (net)
                  0.06    0.00    3.67 v _409_/D (sky130_fd_sc_hd__dfrtp_4)
                                  3.67   data arrival time

                         20.00   20.00   clock clk (rise edge)
                          0.00   20.00   clock source latency
                  0.20    0.14   20.14 ^ clk (in)
     1    0.04                           clk (net)
                  0.20    0.00   20.14 ^ clkbuf_0_clk/A (sky130_fd_sc_hd__clkbuf_16)
                  0.04    0.16   20.30 ^ clkbuf_0_clk/X (sky130_fd_sc_hd__clkbuf_16)
     2    0.02                           clknet_0_clk (net)
                  0.04    0.00   20.30 ^ clkbuf_1_0__f_clk/A (sky130_fd_sc_hd__clkbuf_16)
                  0.05    0.12   20.42 ^ clkbuf_1_0__f_clk/X (sky130_fd_sc_hd__clkbuf_16)
    14    0.03                           clknet_1_0__leaf_clk (net)
                  0.05    0.00   20.42 ^ _409_/CLK (sky130_fd_sc_hd__dfrtp_4)
                         -0.25   20.17   clock uncertainty
                          0.03   20.20   clock reconvergence pessimism
                         -0.12   20.08   library setup time
                                 20.08   data required time
-----------------------------------------------------------------------------
                                 20.08   data required time
                                 -3.67   data arrival time
-----------------------------------------------------------------------------
                                 16.42   slack (MET)


Startpoint: _399_ (rising edge-triggered flip-flop clocked by clk)
Endpoint: _425_ (rising edge-triggered flip-flop clocked by clk)
Path Group: clk
Path Type: max

Fanout     Cap    Slew   Delay    Time   Description
-----------------------------------------------------------------------------
                          0.00    0.00   clock clk (rise edge)
                          0.00    0.00   clock source latency
                  0.20    0.15    0.15 ^ clk (in)
     1    0.04                           clk (net)
                  0.20    0.00    0.15 ^ clkbuf_0_clk/A (sky130_fd_sc_hd__clkbuf_16)
                  0.04    0.18    0.33 ^ clkbuf_0_clk/X (sky130_fd_sc_hd__clkbuf_16)
     2    0.02                           clknet_0_clk (net)
                  0.04    0.00    0.33 ^ clkbuf_1_1__f_clk/A (sky130_fd_sc_hd__clkbuf_16)
                  0.05    0.14    0.47 ^ clkbuf_1_1__f_clk/X (sky130_fd_sc_hd__clkbuf_16)
    14    0.03                           clknet_1_1__leaf_clk (net)
                  0.05    0.00    0.47 ^ _399_/CLK (sky130_fd_sc_hd__dfrtp_4)
                  0.09    0.53    1.00 v _399_/Q (sky130_fd_sc_hd__dfrtp_4)
     9    0.02                           U_PC.pc[1] (net)
                  0.09    0.00    1.00 v _200_/B (sky130_fd_sc_hd__and2b_1)
                  0.07    0.22    1.22 v _200_/X (sky130_fd_sc_hd__and2b_1)
     4    0.01                           _186_ (net)
                  0.07    0.00    1.22 v _202_/B (sky130_fd_sc_hd__or3_1)
                  0.06    0.36    1.59 v _202_/X (sky130_fd_sc_hd__or3_1)
     1    0.00                           _188_ (net)
                  0.06    0.00    1.59 v _203_/A (sky130_fd_sc_hd__buf_4)
                  0.06    0.19    1.77 v _203_/X (sky130_fd_sc_hd__buf_4)
     9    0.04                           _189_ (net)
                  0.06    0.00    1.77 v _235_/A2 (sky130_fd_sc_hd__a221oi_4)
                  0.29    0.38    2.15 ^ _235_/Y (sky130_fd_sc_hd__a221oi_4)
     3    0.02                           _076_ (net)
                  0.29    0.00    2.15 ^ _238_/A3 (sky130_fd_sc_hd__a32oi_4)
                  0.13    0.19    2.34 v _238_/Y (sky130_fd_sc_hd__a32oi_4)
     5    0.02                           _079_ (net)
                  0.13    0.00    2.34 v _243_/A2 (sky130_fd_sc_hd__o211a_1)
                  0.05    0.26    2.60 v _243_/X (sky130_fd_sc_hd__o211a_1)
     2    0.00                           _084_ (net)
                  0.05    0.00    2.60 v _248_/A2 (sky130_fd_sc_hd__o211a_1)
                  0.06    0.24    2.83 v _248_/X (sky130_fd_sc_hd__o211a_1)
     3    0.01                           _089_ (net)
                  0.06    0.00    2.83 v _255_/A2 (sky130_fd_sc_hd__o21ai_2)
                  0.16    0.17    3.01 ^ _255_/Y (sky130_fd_sc_hd__o21ai_2)
     5    0.01                           _096_ (net)
                  0.16    0.00    3.01 ^ _264_/A1 (sky130_fd_sc_hd__a21oi_1)
                  0.06    0.09    3.10 v _264_/Y (sky130_fd_sc_hd__a21oi_1)
     1    0.00                           _105_ (net)
                  0.06    0.00    3.10 v _267_/A2 (sky130_fd_sc_hd__o21a_1)
                  0.09    0.23    3.33 v _267_/X (sky130_fd_sc_hd__o21a_1)
     4    0.01                           _108_ (net)
                  0.09    0.00    3.33 v _268_/B (sky130_fd_sc_hd__or2_1)
                  0.05    0.23    3.56 v _268_/X (sky130_fd_sc_hd__or2_1)
     1    0.00                           _109_ (net)
                  0.05    0.00    3.56 v _269_/A (sky130_fd_sc_hd__clkbuf_1)
                  0.03    0.10    3.66 v _269_/X (sky130_fd_sc_hd__clkbuf_1)
     1    0.00                           _051_ (net)
                  0.03    0.00    3.66 v _425_/D (sky130_fd_sc_hd__dfrtp_4)
                                  3.66   data arrival time

                         20.00   20.00   clock clk (rise edge)
                          0.00   20.00   clock source latency
                  0.20    0.14   20.14 ^ clk (in)
     1    0.04                           clk (net)
                  0.20    0.00   20.14 ^ clkbuf_0_clk/A (sky130_fd_sc_hd__clkbuf_16)
                  0.04    0.16   20.30 ^ clkbuf_0_clk/X (sky130_fd_sc_hd__clkbuf_16)
     2    0.02                           clknet_0_clk (net)
                  0.04    0.00   20.30 ^ clkbuf_1_0__f_clk/A (sky130_fd_sc_hd__clkbuf_16)
                  0.05    0.12   20.42 ^ clkbuf_1_0__f_clk/X (sky130_fd_sc_hd__clkbuf_16)
    14    0.03                           clknet_1_0__leaf_clk (net)
                  0.05    0.00   20.42 ^ _425_/CLK (sky130_fd_sc_hd__dfrtp_4)
                         -0.25   20.17   clock uncertainty
                          0.03   20.20   clock reconvergence pessimism
                         -0.11   20.10   library setup time
                                 20.10   data required time
-----------------------------------------------------------------------------
                                 20.10   data required time
                                 -3.66   data arrival time
-----------------------------------------------------------------------------
                                 16.44   slack (MET)


Startpoint: _399_ (rising edge-triggered flip-flop clocked by clk)
Endpoint: _416_ (rising edge-triggered flip-flop clocked by clk)
Path Group: clk
Path Type: max

Fanout     Cap    Slew   Delay    Time   Description
-----------------------------------------------------------------------------
                          0.00    0.00   clock clk (rise edge)
                          0.00    0.00   clock source latency
                  0.20    0.15    0.15 ^ clk (in)
     1    0.04                           clk (net)
                  0.20    0.00    0.15 ^ clkbuf_0_clk/A (sky130_fd_sc_hd__clkbuf_16)
                  0.04    0.18    0.33 ^ clkbuf_0_clk/X (sky130_fd_sc_hd__clkbuf_16)
     2    0.02                           clknet_0_clk (net)
                  0.04    0.00    0.33 ^ clkbuf_1_1__f_clk/A (sky130_fd_sc_hd__clkbuf_16)
                  0.05    0.14    0.47 ^ clkbuf_1_1__f_clk/X (sky130_fd_sc_hd__clkbuf_16)
    14    0.03                           clknet_1_1__leaf_clk (net)
                  0.05    0.00    0.47 ^ _399_/CLK (sky130_fd_sc_hd__dfrtp_4)
                  0.09    0.53    1.00 v _399_/Q (sky130_fd_sc_hd__dfrtp_4)
     9    0.02                           U_PC.pc[1] (net)
                  0.09    0.00    1.00 v _200_/B (sky130_fd_sc_hd__and2b_1)
                  0.07    0.22    1.22 v _200_/X (sky130_fd_sc_hd__and2b_1)
     4    0.01                           _186_ (net)
                  0.07    0.00    1.22 v _202_/B (sky130_fd_sc_hd__or3_1)
                  0.06    0.36    1.59 v _202_/X (sky130_fd_sc_hd__or3_1)
     1    0.00                           _188_ (net)
                  0.06    0.00    1.59 v _203_/A (sky130_fd_sc_hd__buf_4)
                  0.06    0.19    1.77 v _203_/X (sky130_fd_sc_hd__buf_4)
     9    0.04                           _189_ (net)
                  0.06    0.00    1.77 v _235_/A2 (sky130_fd_sc_hd__a221oi_4)
                  0.29    0.38    2.15 ^ _235_/Y (sky130_fd_sc_hd__a221oi_4)
     3    0.02                           _076_ (net)
                  0.29    0.00    2.15 ^ _238_/A3 (sky130_fd_sc_hd__a32oi_4)
                  0.13    0.19    2.34 v _238_/Y (sky130_fd_sc_hd__a32oi_4)
     5    0.02                           _079_ (net)
                  0.13    0.00    2.34 v _243_/A2 (sky130_fd_sc_hd__o211a_1)
                  0.05    0.26    2.60 v _243_/X (sky130_fd_sc_hd__o211a_1)
     2    0.00                           _084_ (net)
                  0.05    0.00    2.60 v _248_/A2 (sky130_fd_sc_hd__o211a_1)
                  0.06    0.24    2.83 v _248_/X (sky130_fd_sc_hd__o211a_1)
     3    0.01                           _089_ (net)
                  0.06    0.00    2.83 v _255_/A2 (sky130_fd_sc_hd__o21ai_2)
                  0.16    0.17    3.01 ^ _255_/Y (sky130_fd_sc_hd__o21ai_2)
     5    0.01                           _096_ (net)
                  0.16    0.00    3.01 ^ _264_/A1 (sky130_fd_sc_hd__a21oi_1)
                  0.06    0.09    3.10 v _264_/Y (sky130_fd_sc_hd__a21oi_1)
     1    0.00                           _105_ (net)
                  0.06    0.00    3.10 v _267_/A2 (sky130_fd_sc_hd__o21a_1)
                  0.09    0.23    3.33 v _267_/X (sky130_fd_sc_hd__o21a_1)
     4    0.01                           _108_ (net)
                  0.09    0.00    3.33 v _317_/A3 (sky130_fd_sc_hd__o31a_1)
                  0.05    0.26    3.59 v _317_/X (sky130_fd_sc_hd__o31a_1)
     1    0.00                           _042_ (net)
                  0.05    0.00    3.59 v _416_/D (sky130_fd_sc_hd__dfrtp_4)
                                  3.59   data arrival time

                         20.00   20.00   clock clk (rise edge)
                          0.00   20.00   clock source latency
                  0.20    0.14   20.14 ^ clk (in)
     1    0.04                           clk (net)
                  0.20    0.00   20.14 ^ clkbuf_0_clk/A (sky130_fd_sc_hd__clkbuf_16)
                  0.04    0.16   20.30 ^ clkbuf_0_clk/X (sky130_fd_sc_hd__clkbuf_16)
     2    0.02                           clknet_0_clk (net)
                  0.04    0.00   20.30 ^ clkbuf_1_0__f_clk/A (sky130_fd_sc_hd__clkbuf_16)
                  0.05    0.12   20.42 ^ clkbuf_1_0__f_clk/X (sky130_fd_sc_hd__clkbuf_16)
    14    0.03                           clknet_1_0__leaf_clk (net)
                  0.05    0.00   20.42 ^ _416_/CLK (sky130_fd_sc_hd__dfrtp_4)
                         -0.25   20.17   clock uncertainty
                          0.03   20.20   clock reconvergence pessimism
                         -0.12   20.09   library setup time
                                 20.09   data required time
-----------------------------------------------------------------------------
                                 20.09   data required time
                                 -3.59   data arrival time
-----------------------------------------------------------------------------
                                 16.50   slack (MET)


Startpoint: _399_ (rising edge-triggered flip-flop clocked by clk)
Endpoint: _414_ (rising edge-triggered flip-flop clocked by clk)
Path Group: clk
Path Type: max

Fanout     Cap    Slew   Delay    Time   Description
-----------------------------------------------------------------------------
                          0.00    0.00   clock clk (rise edge)
                          0.00    0.00   clock source latency
                  0.20    0.15    0.15 ^ clk (in)
     1    0.04                           clk (net)
                  0.20    0.00    0.15 ^ clkbuf_0_clk/A (sky130_fd_sc_hd__clkbuf_16)
                  0.04    0.18    0.33 ^ clkbuf_0_clk/X (sky130_fd_sc_hd__clkbuf_16)
     2    0.02                           clknet_0_clk (net)
                  0.04    0.00    0.33 ^ clkbuf_1_1__f_clk/A (sky130_fd_sc_hd__clkbuf_16)
                  0.05    0.14    0.47 ^ clkbuf_1_1__f_clk/X (sky130_fd_sc_hd__clkbuf_16)
    14    0.03                           clknet_1_1__leaf_clk (net)
                  0.05    0.00    0.47 ^ _399_/CLK (sky130_fd_sc_hd__dfrtp_4)
                  0.09    0.53    1.00 v _399_/Q (sky130_fd_sc_hd__dfrtp_4)
     9    0.02                           U_PC.pc[1] (net)
                  0.09    0.00    1.00 v _200_/B (sky130_fd_sc_hd__and2b_1)
                  0.07    0.22    1.22 v _200_/X (sky130_fd_sc_hd__and2b_1)
     4    0.01                           _186_ (net)
                  0.07    0.00    1.22 v _202_/B (sky130_fd_sc_hd__or3_1)
                  0.06    0.36    1.59 v _202_/X (sky130_fd_sc_hd__or3_1)
     1    0.00                           _188_ (net)
                  0.06    0.00    1.59 v _203_/A (sky130_fd_sc_hd__buf_4)
                  0.06    0.19    1.77 v _203_/X (sky130_fd_sc_hd__buf_4)
     9    0.04                           _189_ (net)
                  0.06    0.00    1.77 v _235_/A2 (sky130_fd_sc_hd__a221oi_4)
                  0.29    0.38    2.15 ^ _235_/Y (sky130_fd_sc_hd__a221oi_4)
     3    0.02                           _076_ (net)
                  0.29    0.00    2.15 ^ _238_/A3 (sky130_fd_sc_hd__a32oi_4)
                  0.13    0.19    2.34 v _238_/Y (sky130_fd_sc_hd__a32oi_4)
     5    0.02                           _079_ (net)
                  0.13    0.00    2.34 v _243_/A2 (sky130_fd_sc_hd__o211a_1)
                  0.05    0.26    2.60 v _243_/X (sky130_fd_sc_hd__o211a_1)
     2    0.00                           _084_ (net)
                  0.05    0.00    2.60 v _248_/A2 (sky130_fd_sc_hd__o211a_1)
                  0.06    0.24    2.83 v _248_/X (sky130_fd_sc_hd__o211a_1)
     3    0.01                           _089_ (net)
                  0.06    0.00    2.83 v _255_/A2 (sky130_fd_sc_hd__o21ai_2)
                  0.16    0.17    3.01 ^ _255_/Y (sky130_fd_sc_hd__o21ai_2)
     5    0.01                           _096_ (net)
                  0.16    0.00    3.01 ^ _329_/A2 (sky130_fd_sc_hd__a31o_1)
                  0.05    0.17    3.18 ^ _329_/X (sky130_fd_sc_hd__a31o_1)
     1    0.00                           _159_ (net)
                  0.05    0.00    3.18 ^ _332_/A2 (sky130_fd_sc_hd__o21a_1)
                  0.04    0.10    3.28 ^ _332_/X (sky130_fd_sc_hd__o21a_1)
     1    0.00                           _162_ (net)
                  0.04    0.00    3.28 ^ _333_/A2_N (sky130_fd_sc_hd__a2bb2o_1)
                  0.05    0.29    3.57 v _333_/X (sky130_fd_sc_hd__a2bb2o_1)
     1    0.00                           _040_ (net)
                  0.05    0.00    3.57 v _414_/D (sky130_fd_sc_hd__dfrtp_4)
                                  3.57   data arrival time

                         20.00   20.00   clock clk (rise edge)
                          0.00   20.00   clock source latency
                  0.20    0.14   20.14 ^ clk (in)
     1    0.04                           clk (net)
                  0.20    0.00   20.14 ^ clkbuf_0_clk/A (sky130_fd_sc_hd__clkbuf_16)
                  0.04    0.16   20.30 ^ clkbuf_0_clk/X (sky130_fd_sc_hd__clkbuf_16)
     2    0.02                           clknet_0_clk (net)
                  0.04    0.00   20.30 ^ clkbuf_1_0__f_clk/A (sky130_fd_sc_hd__clkbuf_16)
                  0.05    0.12   20.42 ^ clkbuf_1_0__f_clk/X (sky130_fd_sc_hd__clkbuf_16)
    14    0.03                           clknet_1_0__leaf_clk (net)
                  0.05    0.00   20.42 ^ _414_/CLK (sky130_fd_sc_hd__dfrtp_4)
                         -0.25   20.17   clock uncertainty
                          0.03   20.20   clock reconvergence pessimism
                         -0.12   20.09   library setup time
                                 20.09   data required time
-----------------------------------------------------------------------------
                                 20.09   data required time
                                 -3.57   data arrival time
-----------------------------------------------------------------------------
                                 16.52   slack (MET)


Startpoint: _399_ (rising edge-triggered flip-flop clocked by clk)
Endpoint: _407_ (rising edge-triggered flip-flop clocked by clk)
Path Group: clk
Path Type: max

Fanout     Cap    Slew   Delay    Time   Description
-----------------------------------------------------------------------------
                          0.00    0.00   clock clk (rise edge)
                          0.00    0.00   clock source latency
                  0.20    0.15    0.15 ^ clk (in)
     1    0.04                           clk (net)
                  0.20    0.00    0.15 ^ clkbuf_0_clk/A (sky130_fd_sc_hd__clkbuf_16)
                  0.04    0.18    0.33 ^ clkbuf_0_clk/X (sky130_fd_sc_hd__clkbuf_16)
     2    0.02                           clknet_0_clk (net)
                  0.04    0.00    0.33 ^ clkbuf_1_1__f_clk/A (sky130_fd_sc_hd__clkbuf_16)
                  0.05    0.14    0.47 ^ clkbuf_1_1__f_clk/X (sky130_fd_sc_hd__clkbuf_16)
    14    0.03                           clknet_1_1__leaf_clk (net)
                  0.05    0.00    0.47 ^ _399_/CLK (sky130_fd_sc_hd__dfrtp_4)
                  0.09    0.53    1.00 v _399_/Q (sky130_fd_sc_hd__dfrtp_4)
     9    0.02                           U_PC.pc[1] (net)
                  0.09    0.00    1.00 v _200_/B (sky130_fd_sc_hd__and2b_1)
                  0.07    0.22    1.22 v _200_/X (sky130_fd_sc_hd__and2b_1)
     4    0.01                           _186_ (net)
                  0.07    0.00    1.22 v _202_/B (sky130_fd_sc_hd__or3_1)
                  0.06    0.36    1.59 v _202_/X (sky130_fd_sc_hd__or3_1)
     1    0.00                           _188_ (net)
                  0.06    0.00    1.59 v _203_/A (sky130_fd_sc_hd__buf_4)
                  0.06    0.19    1.77 v _203_/X (sky130_fd_sc_hd__buf_4)
     9    0.04                           _189_ (net)
                  0.06    0.00    1.77 v _235_/A2 (sky130_fd_sc_hd__a221oi_4)
                  0.29    0.38    2.15 ^ _235_/Y (sky130_fd_sc_hd__a221oi_4)
     3    0.02                           _076_ (net)
                  0.29    0.00    2.15 ^ _238_/A3 (sky130_fd_sc_hd__a32oi_4)
                  0.13    0.19    2.34 v _238_/Y (sky130_fd_sc_hd__a32oi_4)
     5    0.02                           _079_ (net)
                  0.13    0.00    2.34 v _243_/A2 (sky130_fd_sc_hd__o211a_1)
                  0.05    0.26    2.60 v _243_/X (sky130_fd_sc_hd__o211a_1)
     2    0.00                           _084_ (net)
                  0.05    0.00    2.60 v _248_/A2 (sky130_fd_sc_hd__o211a_1)
                  0.06    0.24    2.83 v _248_/X (sky130_fd_sc_hd__o211a_1)
     3    0.01                           _089_ (net)
                  0.06    0.00    2.83 v _277_/B1 (sky130_fd_sc_hd__a211oi_1)
                  0.29    0.31    3.14 ^ _277_/Y (sky130_fd_sc_hd__a211oi_1)
     2    0.01                           _116_ (net)
                  0.29    0.00    3.14 ^ _305_/A2 (sky130_fd_sc_hd__a211o_1)
                  0.09    0.22    3.37 ^ _305_/X (sky130_fd_sc_hd__a211o_1)
     2    0.01                           _138_ (net)
                  0.09    0.00    3.37 ^ _345_/A1 (sky130_fd_sc_hd__mux2_1)
                  0.05    0.14    3.51 ^ _345_/X (sky130_fd_sc_hd__mux2_1)
     1    0.00                           _168_ (net)
                  0.05    0.00    3.51 ^ _346_/A (sky130_fd_sc_hd__clkbuf_1)
                  0.04    0.08    3.60 ^ _346_/X (sky130_fd_sc_hd__clkbuf_1)
     1    0.00                           _033_ (net)
                  0.04    0.00    3.60 ^ _407_/D (sky130_fd_sc_hd__dfrtp_4)
                                  3.60   data arrival time

                         20.00   20.00   clock clk (rise edge)
                          0.00   20.00   clock source latency
                  0.20    0.14   20.14 ^ clk (in)
     1    0.04                           clk (net)
                  0.20    0.00   20.14 ^ clkbuf_0_clk/A (sky130_fd_sc_hd__clkbuf_16)
                  0.04    0.16   20.30 ^ clkbuf_0_clk/X (sky130_fd_sc_hd__clkbuf_16)
     2    0.02                           clknet_0_clk (net)
                  0.04    0.00   20.30 ^ clkbuf_1_0__f_clk/A (sky130_fd_sc_hd__clkbuf_16)
                  0.05    0.12   20.42 ^ clkbuf_1_0__f_clk/X (sky130_fd_sc_hd__clkbuf_16)
    14    0.03                           clknet_1_0__leaf_clk (net)
                  0.05    0.00   20.42 ^ _407_/CLK (sky130_fd_sc_hd__dfrtp_4)
                         -0.25   20.17   clock uncertainty
                          0.03   20.20   clock reconvergence pessimism
                         -0.06   20.14   library setup time
                                 20.14   data required time
-----------------------------------------------------------------------------
                                 20.14   data required time
                                 -3.60   data arrival time
-----------------------------------------------------------------------------
                                 16.55   slack (MET)


Startpoint: _399_ (rising edge-triggered flip-flop clocked by clk)
Endpoint: _415_ (rising edge-triggered flip-flop clocked by clk)
Path Group: clk
Path Type: max

Fanout     Cap    Slew   Delay    Time   Description
-----------------------------------------------------------------------------
                          0.00    0.00   clock clk (rise edge)
                          0.00    0.00   clock source latency
                  0.20    0.15    0.15 ^ clk (in)
     1    0.04                           clk (net)
                  0.20    0.00    0.15 ^ clkbuf_0_clk/A (sky130_fd_sc_hd__clkbuf_16)
                  0.04    0.18    0.33 ^ clkbuf_0_clk/X (sky130_fd_sc_hd__clkbuf_16)
     2    0.02                           clknet_0_clk (net)
                  0.04    0.00    0.33 ^ clkbuf_1_1__f_clk/A (sky130_fd_sc_hd__clkbuf_16)
                  0.05    0.14    0.47 ^ clkbuf_1_1__f_clk/X (sky130_fd_sc_hd__clkbuf_16)
    14    0.03                           clknet_1_1__leaf_clk (net)
                  0.05    0.00    0.47 ^ _399_/CLK (sky130_fd_sc_hd__dfrtp_4)
                  0.09    0.53    1.00 v _399_/Q (sky130_fd_sc_hd__dfrtp_4)
     9    0.02                           U_PC.pc[1] (net)
                  0.09    0.00    1.00 v _200_/B (sky130_fd_sc_hd__and2b_1)
                  0.07    0.22    1.22 v _200_/X (sky130_fd_sc_hd__and2b_1)
     4    0.01                           _186_ (net)
                  0.07    0.00    1.22 v _202_/B (sky130_fd_sc_hd__or3_1)
                  0.06    0.36    1.59 v _202_/X (sky130_fd_sc_hd__or3_1)
     1    0.00                           _188_ (net)
                  0.06    0.00    1.59 v _203_/A (sky130_fd_sc_hd__buf_4)
                  0.06    0.19    1.77 v _203_/X (sky130_fd_sc_hd__buf_4)
     9    0.04                           _189_ (net)
                  0.06    0.00    1.77 v _235_/A2 (sky130_fd_sc_hd__a221oi_4)
                  0.29    0.38    2.15 ^ _235_/Y (sky130_fd_sc_hd__a221oi_4)
     3    0.02                           _076_ (net)
                  0.29    0.00    2.15 ^ _294_/C1 (sky130_fd_sc_hd__a211o_1)
                  0.06    0.16    2.31 ^ _294_/X (sky130_fd_sc_hd__a211o_1)
     2    0.00                           _129_ (net)
                  0.06    0.00    2.31 ^ _320_/A1 (sky130_fd_sc_hd__a211oi_1)
                  0.07    0.08    2.39 v _320_/Y (sky130_fd_sc_hd__a211oi_1)
     1    0.01                           _151_ (net)
                  0.07    0.00    2.39 v _323_/A1 (sky130_fd_sc_hd__o211a_1)
                  0.05    0.25    2.64 v _323_/X (sky130_fd_sc_hd__o211a_1)
     2    0.00                           _154_ (net)
                  0.05    0.00    2.64 v _324_/A3 (sky130_fd_sc_hd__o311a_1)
                  0.07    0.32    2.96 v _324_/X (sky130_fd_sc_hd__o311a_1)
     2    0.01                           _155_ (net)
                  0.07    0.00    2.96 v _325_/A2 (sky130_fd_sc_hd__o21ai_1)
                  0.10    0.13    3.09 ^ _325_/Y (sky130_fd_sc_hd__o21ai_1)
     1    0.00                           _156_ (net)
                  0.10    0.00    3.09 ^ _326_/C1 (sky130_fd_sc_hd__o211a_1)
                  0.05    0.16    3.25 ^ _326_/X (sky130_fd_sc_hd__o211a_1)
     1    0.00                           _157_ (net)
                  0.05    0.00    3.25 ^ _327_/A2_N (sky130_fd_sc_hd__a2bb2o_1)
                  0.05    0.28    3.54 v _327_/X (sky130_fd_sc_hd__a2bb2o_1)
     1    0.00                           _041_ (net)
                  0.05    0.00    3.54 v _415_/D (sky130_fd_sc_hd__dfrtp_4)
                                  3.54   data arrival time

                         20.00   20.00   clock clk (rise edge)
                          0.00   20.00   clock source latency
                  0.20    0.14   20.14 ^ clk (in)
     1    0.04                           clk (net)
                  0.20    0.00   20.14 ^ clkbuf_0_clk/A (sky130_fd_sc_hd__clkbuf_16)
                  0.04    0.16   20.30 ^ clkbuf_0_clk/X (sky130_fd_sc_hd__clkbuf_16)
     2    0.02                           clknet_0_clk (net)
                  0.04    0.00   20.30 ^ clkbuf_1_0__f_clk/A (sky130_fd_sc_hd__clkbuf_16)
                  0.05    0.12   20.42 ^ clkbuf_1_0__f_clk/X (sky130_fd_sc_hd__clkbuf_16)
    14    0.03                           clknet_1_0__leaf_clk (net)
                  0.05    0.00   20.42 ^ _415_/CLK (sky130_fd_sc_hd__dfrtp_4)
                         -0.25   20.17   clock uncertainty
                          0.03   20.20   clock reconvergence pessimism
                         -0.11   20.09   library setup time
                                 20.09   data required time
-----------------------------------------------------------------------------
                                 20.09   data required time
                                 -3.54   data arrival time
-----------------------------------------------------------------------------
                                 16.55   slack (MET)


Startpoint: _399_ (rising edge-triggered flip-flop clocked by clk)
Endpoint: _424_ (rising edge-triggered flip-flop clocked by clk)
Path Group: clk
Path Type: max

Fanout     Cap    Slew   Delay    Time   Description
-----------------------------------------------------------------------------
                          0.00    0.00   clock clk (rise edge)
                          0.00    0.00   clock source latency
                  0.20    0.15    0.15 ^ clk (in)
     1    0.04                           clk (net)
                  0.20    0.00    0.15 ^ clkbuf_0_clk/A (sky130_fd_sc_hd__clkbuf_16)
                  0.04    0.18    0.33 ^ clkbuf_0_clk/X (sky130_fd_sc_hd__clkbuf_16)
     2    0.02                           clknet_0_clk (net)
                  0.04    0.00    0.33 ^ clkbuf_1_1__f_clk/A (sky130_fd_sc_hd__clkbuf_16)
                  0.05    0.14    0.47 ^ clkbuf_1_1__f_clk/X (sky130_fd_sc_hd__clkbuf_16)
    14    0.03                           clknet_1_1__leaf_clk (net)
                  0.05    0.00    0.47 ^ _399_/CLK (sky130_fd_sc_hd__dfrtp_4)
                  0.09    0.53    1.00 v _399_/Q (sky130_fd_sc_hd__dfrtp_4)
     9    0.02                           U_PC.pc[1] (net)
                  0.09    0.00    1.00 v _200_/B (sky130_fd_sc_hd__and2b_1)
                  0.07    0.22    1.22 v _200_/X (sky130_fd_sc_hd__and2b_1)
     4    0.01                           _186_ (net)
                  0.07    0.00    1.22 v _202_/B (sky130_fd_sc_hd__or3_1)
                  0.06    0.36    1.59 v _202_/X (sky130_fd_sc_hd__or3_1)
     1    0.00                           _188_ (net)
                  0.06    0.00    1.59 v _203_/A (sky130_fd_sc_hd__buf_4)
                  0.06    0.19    1.77 v _203_/X (sky130_fd_sc_hd__buf_4)
     9    0.04                           _189_ (net)
                  0.06    0.00    1.77 v _235_/A2 (sky130_fd_sc_hd__a221oi_4)
                  0.29    0.38    2.15 ^ _235_/Y (sky130_fd_sc_hd__a221oi_4)
     3    0.02                           _076_ (net)
                  0.29    0.00    2.15 ^ _238_/A3 (sky130_fd_sc_hd__a32oi_4)
                  0.13    0.19    2.34 v _238_/Y (sky130_fd_sc_hd__a32oi_4)
     5    0.02                           _079_ (net)
                  0.13    0.00    2.34 v _243_/A2 (sky130_fd_sc_hd__o211a_1)
                  0.05    0.26    2.60 v _243_/X (sky130_fd_sc_hd__o211a_1)
     2    0.00                           _084_ (net)
                  0.05    0.00    2.60 v _248_/A2 (sky130_fd_sc_hd__o211a_1)
                  0.06    0.24    2.83 v _248_/X (sky130_fd_sc_hd__o211a_1)
     3    0.01                           _089_ (net)
                  0.06    0.00    2.83 v _270_/C (sky130_fd_sc_hd__or3_1)
                  0.06    0.31    3.14 v _270_/X (sky130_fd_sc_hd__or3_1)
     1    0.00                           _110_ (net)
                  0.06    0.00    3.14 v _271_/C (sky130_fd_sc_hd__and3_1)
                  0.06    0.22    3.36 v _271_/X (sky130_fd_sc_hd__and3_1)
     3    0.01                           _111_ (net)
                  0.06    0.00    3.36 v _272_/B1 (sky130_fd_sc_hd__a21o_1)
                  0.03    0.16    3.52 v _272_/X (sky130_fd_sc_hd__a21o_1)
     1    0.00                           _050_ (net)
                  0.03    0.00    3.52 v _424_/D (sky130_fd_sc_hd__dfrtp_4)
                                  3.52   data arrival time

                         20.00   20.00   clock clk (rise edge)
                          0.00   20.00   clock source latency
                  0.20    0.14   20.14 ^ clk (in)
     1    0.04                           clk (net)
                  0.20    0.00   20.14 ^ clkbuf_0_clk/A (sky130_fd_sc_hd__clkbuf_16)
                  0.04    0.16   20.30 ^ clkbuf_0_clk/X (sky130_fd_sc_hd__clkbuf_16)
     2    0.02                           clknet_0_clk (net)
                  0.04    0.00   20.30 ^ clkbuf_1_0__f_clk/A (sky130_fd_sc_hd__clkbuf_16)
                  0.05    0.12   20.42 ^ clkbuf_1_0__f_clk/X (sky130_fd_sc_hd__clkbuf_16)
    14    0.03                           clknet_1_0__leaf_clk (net)
                  0.05    0.00   20.42 ^ _424_/CLK (sky130_fd_sc_hd__dfrtp_4)
                         -0.25   20.17   clock uncertainty
                          0.03   20.20   clock reconvergence pessimism
                         -0.11   20.10   library setup time
                                 20.10   data required time
-----------------------------------------------------------------------------
                                 20.10   data required time
                                 -3.52   data arrival time
-----------------------------------------------------------------------------
                                 16.58   slack (MET)


Startpoint: _399_ (rising edge-triggered flip-flop clocked by clk)
Endpoint: _421_ (rising edge-triggered flip-flop clocked by clk)
Path Group: clk
Path Type: max

Fanout     Cap    Slew   Delay    Time   Description
-----------------------------------------------------------------------------
                          0.00    0.00   clock clk (rise edge)
                          0.00    0.00   clock source latency
                  0.20    0.15    0.15 ^ clk (in)
     1    0.04                           clk (net)
                  0.20    0.00    0.15 ^ clkbuf_0_clk/A (sky130_fd_sc_hd__clkbuf_16)
                  0.04    0.18    0.33 ^ clkbuf_0_clk/X (sky130_fd_sc_hd__clkbuf_16)
     2    0.02                           clknet_0_clk (net)
                  0.04    0.00    0.33 ^ clkbuf_1_1__f_clk/A (sky130_fd_sc_hd__clkbuf_16)
                  0.05    0.14    0.47 ^ clkbuf_1_1__f_clk/X (sky130_fd_sc_hd__clkbuf_16)
    14    0.03                           clknet_1_1__leaf_clk (net)
                  0.05    0.00    0.47 ^ _399_/CLK (sky130_fd_sc_hd__dfrtp_4)
                  0.09    0.53    1.00 v _399_/Q (sky130_fd_sc_hd__dfrtp_4)
     9    0.02                           U_PC.pc[1] (net)
                  0.09    0.00    1.00 v _200_/B (sky130_fd_sc_hd__and2b_1)
                  0.07    0.22    1.22 v _200_/X (sky130_fd_sc_hd__and2b_1)
     4    0.01                           _186_ (net)
                  0.07    0.00    1.22 v _202_/B (sky130_fd_sc_hd__or3_1)
                  0.06    0.36    1.59 v _202_/X (sky130_fd_sc_hd__or3_1)
     1    0.00                           _188_ (net)
                  0.06    0.00    1.59 v _203_/A (sky130_fd_sc_hd__buf_4)
                  0.06    0.19    1.77 v _203_/X (sky130_fd_sc_hd__buf_4)
     9    0.04                           _189_ (net)
                  0.06    0.00    1.77 v _235_/A2 (sky130_fd_sc_hd__a221oi_4)
                  0.29    0.38    2.15 ^ _235_/Y (sky130_fd_sc_hd__a221oi_4)
     3    0.02                           _076_ (net)
                  0.29    0.00    2.15 ^ _238_/A3 (sky130_fd_sc_hd__a32oi_4)
                  0.13    0.19    2.34 v _238_/Y (sky130_fd_sc_hd__a32oi_4)
     5    0.02                           _079_ (net)
                  0.13    0.00    2.34 v _283_/C (sky130_fd_sc_hd__or3_1)
                  0.06    0.34    2.68 v _283_/X (sky130_fd_sc_hd__or3_1)
     1    0.00                           _120_ (net)
                  0.06    0.00    2.68 v _284_/A3 (sky130_fd_sc_hd__a311o_2)
                  0.06    0.41    3.10 v _284_/X (sky130_fd_sc_hd__a311o_2)
     3    0.01                           _121_ (net)
                  0.06    0.00    3.10 v _285_/A1 (sky130_fd_sc_hd__mux2_1)
                  0.06    0.31    3.41 v _285_/X (sky130_fd_sc_hd__mux2_1)
     1    0.00                           _122_ (net)
                  0.06    0.00    3.41 v _286_/A (sky130_fd_sc_hd__clkbuf_1)
                  0.03    0.10    3.51 v _286_/X (sky130_fd_sc_hd__clkbuf_1)
     1    0.00                           _047_ (net)
                  0.03    0.00    3.51 v _421_/D (sky130_fd_sc_hd__dfrtp_4)
                                  3.51   data arrival time

                         20.00   20.00   clock clk (rise edge)
                          0.00   20.00   clock source latency
                  0.20    0.14   20.14 ^ clk (in)
     1    0.04                           clk (net)
                  0.20    0.00   20.14 ^ clkbuf_0_clk/A (sky130_fd_sc_hd__clkbuf_16)
                  0.04    0.16   20.30 ^ clkbuf_0_clk/X (sky130_fd_sc_hd__clkbuf_16)
     2    0.02                           clknet_0_clk (net)
                  0.04    0.00   20.30 ^ clkbuf_1_1__f_clk/A (sky130_fd_sc_hd__clkbuf_16)
                  0.05    0.12   20.42 ^ clkbuf_1_1__f_clk/X (sky130_fd_sc_hd__clkbuf_16)
    14    0.03                           clknet_1_1__leaf_clk (net)
                  0.05    0.00   20.42 ^ _421_/CLK (sky130_fd_sc_hd__dfrtp_4)
                         -0.25   20.17   clock uncertainty
                          0.04   20.22   clock reconvergence pessimism
                         -0.11   20.11   library setup time
                                 20.11   data required time
-----------------------------------------------------------------------------
                                 20.11   data required time
                                 -3.51   data arrival time
-----------------------------------------------------------------------------
                                 16.60   slack (MET)


Startpoint: _399_ (rising edge-triggered flip-flop clocked by clk)
Endpoint: _406_ (rising edge-triggered flip-flop clocked by clk)
Path Group: clk
Path Type: max

Fanout     Cap    Slew   Delay    Time   Description
-----------------------------------------------------------------------------
                          0.00    0.00   clock clk (rise edge)
                          0.00    0.00   clock source latency
                  0.20    0.15    0.15 ^ clk (in)
     1    0.04                           clk (net)
                  0.20    0.00    0.15 ^ clkbuf_0_clk/A (sky130_fd_sc_hd__clkbuf_16)
                  0.04    0.18    0.33 ^ clkbuf_0_clk/X (sky130_fd_sc_hd__clkbuf_16)
     2    0.02                           clknet_0_clk (net)
                  0.04    0.00    0.33 ^ clkbuf_1_1__f_clk/A (sky130_fd_sc_hd__clkbuf_16)
                  0.05    0.14    0.47 ^ clkbuf_1_1__f_clk/X (sky130_fd_sc_hd__clkbuf_16)
    14    0.03                           clknet_1_1__leaf_clk (net)
                  0.05    0.00    0.47 ^ _399_/CLK (sky130_fd_sc_hd__dfrtp_4)
                  0.09    0.53    1.00 v _399_/Q (sky130_fd_sc_hd__dfrtp_4)
     9    0.02                           U_PC.pc[1] (net)
                  0.09    0.00    1.00 v _200_/B (sky130_fd_sc_hd__and2b_1)
                  0.07    0.22    1.22 v _200_/X (sky130_fd_sc_hd__and2b_1)
     4    0.01                           _186_ (net)
                  0.07    0.00    1.22 v _202_/B (sky130_fd_sc_hd__or3_1)
                  0.06    0.36    1.59 v _202_/X (sky130_fd_sc_hd__or3_1)
     1    0.00                           _188_ (net)
                  0.06    0.00    1.59 v _203_/A (sky130_fd_sc_hd__buf_4)
                  0.06    0.19    1.77 v _203_/X (sky130_fd_sc_hd__buf_4)
     9    0.04                           _189_ (net)
                  0.06    0.00    1.77 v _235_/A2 (sky130_fd_sc_hd__a221oi_4)
                  0.29    0.38    2.15 ^ _235_/Y (sky130_fd_sc_hd__a221oi_4)
     3    0.02                           _076_ (net)
                  0.29    0.00    2.15 ^ _238_/A3 (sky130_fd_sc_hd__a32oi_4)
                  0.13    0.19    2.34 v _238_/Y (sky130_fd_sc_hd__a32oi_4)
     5    0.02                           _079_ (net)
                  0.13    0.00    2.34 v _243_/A2 (sky130_fd_sc_hd__o211a_1)
                  0.05    0.26    2.60 v _243_/X (sky130_fd_sc_hd__o211a_1)
     2    0.00                           _084_ (net)
                  0.05    0.00    2.60 v _279_/A2 (sky130_fd_sc_hd__o311a_1)
                  0.08    0.37    2.97 v _279_/X (sky130_fd_sc_hd__o311a_1)
     3    0.01                           _117_ (net)
                  0.08    0.00    2.97 v _347_/A (sky130_fd_sc_hd__or3b_1)
                  0.07    0.40    3.37 v _347_/X (sky130_fd_sc_hd__or3b_1)
     1    0.00                           _169_ (net)
                  0.07    0.00    3.37 v _348_/B1 (sky130_fd_sc_hd__o21a_1)
                  0.04    0.12    3.48 v _348_/X (sky130_fd_sc_hd__o21a_1)
     1    0.00                           _032_ (net)
                  0.04    0.00    3.48 v _406_/D (sky130_fd_sc_hd__dfrtp_2)
                                  3.48   data arrival time

                         20.00   20.00   clock clk (rise edge)
                          0.00   20.00   clock source latency
                  0.20    0.14   20.14 ^ clk (in)
     1    0.04                           clk (net)
                  0.20    0.00   20.14 ^ clkbuf_0_clk/A (sky130_fd_sc_hd__clkbuf_16)
                  0.04    0.16   20.30 ^ clkbuf_0_clk/X (sky130_fd_sc_hd__clkbuf_16)
     2    0.02                           clknet_0_clk (net)
                  0.04    0.00   20.30 ^ clkbuf_1_0__f_clk/A (sky130_fd_sc_hd__clkbuf_16)
                  0.05    0.12   20.42 ^ clkbuf_1_0__f_clk/X (sky130_fd_sc_hd__clkbuf_16)
    14    0.03                           clknet_1_0__leaf_clk (net)
                  0.05    0.00   20.42 ^ _406_/CLK (sky130_fd_sc_hd__dfrtp_2)
                         -0.25   20.17   clock uncertainty
                          0.03   20.20   clock reconvergence pessimism
                         -0.11   20.09   library setup time
                                 20.09   data required time
-----------------------------------------------------------------------------
                                 20.09   data required time
                                 -3.48   data arrival time
-----------------------------------------------------------------------------
                                 16.61   slack (MET)


Startpoint: _399_ (rising edge-triggered flip-flop clocked by clk)
Endpoint: _405_ (rising edge-triggered flip-flop clocked by clk)
Path Group: clk
Path Type: max

Fanout     Cap    Slew   Delay    Time   Description
-----------------------------------------------------------------------------
                          0.00    0.00   clock clk (rise edge)
                          0.00    0.00   clock source latency
                  0.20    0.15    0.15 ^ clk (in)
     1    0.04                           clk (net)
                  0.20    0.00    0.15 ^ clkbuf_0_clk/A (sky130_fd_sc_hd__clkbuf_16)
                  0.04    0.18    0.33 ^ clkbuf_0_clk/X (sky130_fd_sc_hd__clkbuf_16)
     2    0.02                           clknet_0_clk (net)
                  0.04    0.00    0.33 ^ clkbuf_1_1__f_clk/A (sky130_fd_sc_hd__clkbuf_16)
                  0.05    0.14    0.47 ^ clkbuf_1_1__f_clk/X (sky130_fd_sc_hd__clkbuf_16)
    14    0.03                           clknet_1_1__leaf_clk (net)
                  0.05    0.00    0.47 ^ _399_/CLK (sky130_fd_sc_hd__dfrtp_4)
                  0.09    0.53    1.00 v _399_/Q (sky130_fd_sc_hd__dfrtp_4)
     9    0.02                           U_PC.pc[1] (net)
                  0.09    0.00    1.00 v _200_/B (sky130_fd_sc_hd__and2b_1)
                  0.07    0.22    1.22 v _200_/X (sky130_fd_sc_hd__and2b_1)
     4    0.01                           _186_ (net)
                  0.07    0.00    1.22 v _202_/B (sky130_fd_sc_hd__or3_1)
                  0.06    0.36    1.59 v _202_/X (sky130_fd_sc_hd__or3_1)
     1    0.00                           _188_ (net)
                  0.06    0.00    1.59 v _203_/A (sky130_fd_sc_hd__buf_4)
                  0.06    0.19    1.77 v _203_/X (sky130_fd_sc_hd__buf_4)
     9    0.04                           _189_ (net)
                  0.06    0.00    1.77 v _235_/A2 (sky130_fd_sc_hd__a221oi_4)
                  0.29    0.38    2.15 ^ _235_/Y (sky130_fd_sc_hd__a221oi_4)
     3    0.02                           _076_ (net)
                  0.29    0.00    2.15 ^ _238_/A3 (sky130_fd_sc_hd__a32oi_4)
                  0.13    0.19    2.34 v _238_/Y (sky130_fd_sc_hd__a32oi_4)
     5    0.02                           _079_ (net)
                  0.13    0.00    2.34 v _283_/C (sky130_fd_sc_hd__or3_1)
                  0.06    0.34    2.68 v _283_/X (sky130_fd_sc_hd__or3_1)
     1    0.00                           _120_ (net)
                  0.06    0.00    2.68 v _284_/A3 (sky130_fd_sc_hd__a311o_2)
                  0.06    0.41    3.10 v _284_/X (sky130_fd_sc_hd__a311o_2)
     3    0.01                           _121_ (net)
                  0.06    0.00    3.10 v _349_/A1 (sky130_fd_sc_hd__mux2_1)
                  0.05    0.31    3.40 v _349_/X (sky130_fd_sc_hd__mux2_1)
     1    0.00                           _170_ (net)
                  0.05    0.00    3.40 v _350_/A (sky130_fd_sc_hd__clkbuf_1)
                  0.03    0.10    3.50 v _350_/X (sky130_fd_sc_hd__clkbuf_1)
     1    0.00                           _031_ (net)
                  0.03    0.00    3.50 v _405_/D (sky130_fd_sc_hd__dfrtp_4)
                                  3.50   data arrival time

                         20.00   20.00   clock clk (rise edge)
                          0.00   20.00   clock source latency
                  0.20    0.14   20.14 ^ clk (in)
     1    0.04                           clk (net)
                  0.20    0.00   20.14 ^ clkbuf_0_clk/A (sky130_fd_sc_hd__clkbuf_16)
                  0.04    0.16   20.30 ^ clkbuf_0_clk/X (sky130_fd_sc_hd__clkbuf_16)
     2    0.02                           clknet_0_clk (net)
                  0.04    0.00   20.30 ^ clkbuf_1_1__f_clk/A (sky130_fd_sc_hd__clkbuf_16)
                  0.05    0.12   20.42 ^ clkbuf_1_1__f_clk/X (sky130_fd_sc_hd__clkbuf_16)
    14    0.03                           clknet_1_1__leaf_clk (net)
                  0.05    0.00   20.42 ^ _405_/CLK (sky130_fd_sc_hd__dfrtp_4)
                         -0.25   20.17   clock uncertainty
                          0.04   20.22   clock reconvergence pessimism
                         -0.11   20.11   library setup time
                                 20.11   data required time
-----------------------------------------------------------------------------
                                 20.11   data required time
                                 -3.50   data arrival time
-----------------------------------------------------------------------------
                                 16.61   slack (MET)


Startpoint: _399_ (rising edge-triggered flip-flop clocked by clk)
Endpoint: _404_ (rising edge-triggered flip-flop clocked by clk)
Path Group: clk
Path Type: max

Fanout     Cap    Slew   Delay    Time   Description
-----------------------------------------------------------------------------
                          0.00    0.00   clock clk (rise edge)
                          0.00    0.00   clock source latency
                  0.20    0.15    0.15 ^ clk (in)
     1    0.04                           clk (net)
                  0.20    0.00    0.15 ^ clkbuf_0_clk/A (sky130_fd_sc_hd__clkbuf_16)
                  0.04    0.18    0.33 ^ clkbuf_0_clk/X (sky130_fd_sc_hd__clkbuf_16)
     2    0.02                           clknet_0_clk (net)
                  0.04    0.00    0.33 ^ clkbuf_1_1__f_clk/A (sky130_fd_sc_hd__clkbuf_16)
                  0.05    0.14    0.47 ^ clkbuf_1_1__f_clk/X (sky130_fd_sc_hd__clkbuf_16)
    14    0.03                           clknet_1_1__leaf_clk (net)
                  0.05    0.00    0.47 ^ _399_/CLK (sky130_fd_sc_hd__dfrtp_4)
                  0.09    0.53    1.00 v _399_/Q (sky130_fd_sc_hd__dfrtp_4)
     9    0.02                           U_PC.pc[1] (net)
                  0.09    0.00    1.00 v _200_/B (sky130_fd_sc_hd__and2b_1)
                  0.07    0.22    1.22 v _200_/X (sky130_fd_sc_hd__and2b_1)
     4    0.01                           _186_ (net)
                  0.07    0.00    1.22 v _202_/B (sky130_fd_sc_hd__or3_1)
                  0.06    0.36    1.59 v _202_/X (sky130_fd_sc_hd__or3_1)
     1    0.00                           _188_ (net)
                  0.06    0.00    1.59 v _203_/A (sky130_fd_sc_hd__buf_4)
                  0.06    0.19    1.77 v _203_/X (sky130_fd_sc_hd__buf_4)
     9    0.04                           _189_ (net)
                  0.06    0.00    1.77 v _235_/A2 (sky130_fd_sc_hd__a221oi_4)
                  0.29    0.38    2.15 ^ _235_/Y (sky130_fd_sc_hd__a221oi_4)
     3    0.02                           _076_ (net)
                  0.29    0.00    2.15 ^ _238_/A3 (sky130_fd_sc_hd__a32oi_4)
                  0.13    0.19    2.34 v _238_/Y (sky130_fd_sc_hd__a32oi_4)
     5    0.02                           _079_ (net)
                  0.13    0.00    2.34 v _288_/A (sky130_fd_sc_hd__xor2_1)
                  0.08    0.21    2.55 v _288_/X (sky130_fd_sc_hd__xor2_1)
     1    0.00                           _124_ (net)
                  0.08    0.00    2.55 v _291_/A2 (sky130_fd_sc_hd__a211o_1)
                  0.09    0.37    2.91 v _291_/X (sky130_fd_sc_hd__a211o_1)
     3    0.01                           _127_ (net)
                  0.09    0.00    2.91 v _351_/A1 (sky130_fd_sc_hd__mux2_1)
                  0.06    0.32    3.23 v _351_/X (sky130_fd_sc_hd__mux2_1)
     1    0.00                           _171_ (net)
                  0.06    0.00    3.23 v _352_/A (sky130_fd_sc_hd__clkbuf_1)
                  0.03    0.10    3.33 v _352_/X (sky130_fd_sc_hd__clkbuf_1)
     1    0.00                           _030_ (net)
                  0.03    0.00    3.33 v _404_/D (sky130_fd_sc_hd__dfrtp_4)
                                  3.33   data arrival time

                         20.00   20.00   clock clk (rise edge)
                          0.00   20.00   clock source latency
                  0.20    0.14   20.14 ^ clk (in)
     1    0.04                           clk (net)
                  0.20    0.00   20.14 ^ clkbuf_0_clk/A (sky130_fd_sc_hd__clkbuf_16)
                  0.04    0.16   20.30 ^ clkbuf_0_clk/X (sky130_fd_sc_hd__clkbuf_16)
     2    0.02                           clknet_0_clk (net)
                  0.04    0.00   20.30 ^ clkbuf_1_1__f_clk/A (sky130_fd_sc_hd__clkbuf_16)
                  0.05    0.12   20.42 ^ clkbuf_1_1__f_clk/X (sky130_fd_sc_hd__clkbuf_16)
    14    0.03                           clknet_1_1__leaf_clk (net)
                  0.05    0.00   20.42 ^ _404_/CLK (sky130_fd_sc_hd__dfrtp_4)
                         -0.25   20.17   clock uncertainty
                          0.04   20.22   clock reconvergence pessimism
                         -0.11   20.11   library setup time
                                 20.11   data required time
-----------------------------------------------------------------------------
                                 20.11   data required time
                                 -3.33   data arrival time
-----------------------------------------------------------------------------
                                 16.78   slack (MET)


Startpoint: _399_ (rising edge-triggered flip-flop clocked by clk)
Endpoint: _422_ (rising edge-triggered flip-flop clocked by clk)
Path Group: clk
Path Type: max

Fanout     Cap    Slew   Delay    Time   Description
-----------------------------------------------------------------------------
                          0.00    0.00   clock clk (rise edge)
                          0.00    0.00   clock source latency
                  0.20    0.15    0.15 ^ clk (in)
     1    0.04                           clk (net)
                  0.20    0.00    0.15 ^ clkbuf_0_clk/A (sky130_fd_sc_hd__clkbuf_16)
                  0.04    0.18    0.33 ^ clkbuf_0_clk/X (sky130_fd_sc_hd__clkbuf_16)
     2    0.02                           clknet_0_clk (net)
                  0.04    0.00    0.33 ^ clkbuf_1_1__f_clk/A (sky130_fd_sc_hd__clkbuf_16)
                  0.05    0.14    0.47 ^ clkbuf_1_1__f_clk/X (sky130_fd_sc_hd__clkbuf_16)
    14    0.03                           clknet_1_1__leaf_clk (net)
                  0.05    0.00    0.47 ^ _399_/CLK (sky130_fd_sc_hd__dfrtp_4)
                  0.09    0.53    1.00 v _399_/Q (sky130_fd_sc_hd__dfrtp_4)
     9    0.02                           U_PC.pc[1] (net)
                  0.09    0.00    1.00 v _200_/B (sky130_fd_sc_hd__and2b_1)
                  0.07    0.22    1.22 v _200_/X (sky130_fd_sc_hd__and2b_1)
     4    0.01                           _186_ (net)
                  0.07    0.00    1.22 v _202_/B (sky130_fd_sc_hd__or3_1)
                  0.06    0.36    1.59 v _202_/X (sky130_fd_sc_hd__or3_1)
     1    0.00                           _188_ (net)
                  0.06    0.00    1.59 v _203_/A (sky130_fd_sc_hd__buf_4)
                  0.06    0.19    1.77 v _203_/X (sky130_fd_sc_hd__buf_4)
     9    0.04                           _189_ (net)
                  0.06    0.00    1.77 v _235_/A2 (sky130_fd_sc_hd__a221oi_4)
                  0.29    0.38    2.15 ^ _235_/Y (sky130_fd_sc_hd__a221oi_4)
     3    0.02                           _076_ (net)
                  0.29    0.00    2.15 ^ _238_/A3 (sky130_fd_sc_hd__a32oi_4)
                  0.13    0.19    2.34 v _238_/Y (sky130_fd_sc_hd__a32oi_4)
     5    0.02                           _079_ (net)
                  0.13    0.00    2.34 v _243_/A2 (sky130_fd_sc_hd__o211a_1)
                  0.05    0.26    2.60 v _243_/X (sky130_fd_sc_hd__o211a_1)
     2    0.00                           _084_ (net)
                  0.05    0.00    2.60 v _279_/A2 (sky130_fd_sc_hd__o311a_1)
                  0.08    0.37    2.97 v _279_/X (sky130_fd_sc_hd__o311a_1)
     3    0.01                           _117_ (net)
                  0.08    0.00    2.97 v _280_/B (sky130_fd_sc_hd__or2_1)
                  0.05    0.23    3.20 v _280_/X (sky130_fd_sc_hd__or2_1)
     1    0.00                           _118_ (net)
                  0.05    0.00    3.20 v _281_/A (sky130_fd_sc_hd__clkbuf_1)
                  0.03    0.10    3.29 v _281_/X (sky130_fd_sc_hd__clkbuf_1)
     1    0.00                           _048_ (net)
                  0.03    0.00    3.29 v _422_/D (sky130_fd_sc_hd__dfrtp_4)
                                  3.29   data arrival time

                         20.00   20.00   clock clk (rise edge)
                          0.00   20.00   clock source latency
                  0.20    0.14   20.14 ^ clk (in)
     1    0.04                           clk (net)
                  0.20    0.00   20.14 ^ clkbuf_0_clk/A (sky130_fd_sc_hd__clkbuf_16)
                  0.04    0.16   20.30 ^ clkbuf_0_clk/X (sky130_fd_sc_hd__clkbuf_16)
     2    0.02                           clknet_0_clk (net)
                  0.04    0.00   20.30 ^ clkbuf_1_0__f_clk/A (sky130_fd_sc_hd__clkbuf_16)
                  0.05    0.12   20.42 ^ clkbuf_1_0__f_clk/X (sky130_fd_sc_hd__clkbuf_16)
    14    0.03                           clknet_1_0__leaf_clk (net)
                  0.05    0.00   20.42 ^ _422_/CLK (sky130_fd_sc_hd__dfrtp_4)
                         -0.25   20.17   clock uncertainty
                          0.03   20.20   clock reconvergence pessimism
                         -0.11   20.10   library setup time
                                 20.10   data required time
-----------------------------------------------------------------------------
                                 20.10   data required time
                                 -3.29   data arrival time
-----------------------------------------------------------------------------
                                 16.81   slack (MET)


Startpoint: _399_ (rising edge-triggered flip-flop clocked by clk)
Endpoint: _423_ (rising edge-triggered flip-flop clocked by clk)
Path Group: clk
Path Type: max

Fanout     Cap    Slew   Delay    Time   Description
-----------------------------------------------------------------------------
                          0.00    0.00   clock clk (rise edge)
                          0.00    0.00   clock source latency
                  0.20    0.15    0.15 ^ clk (in)
     1    0.04                           clk (net)
                  0.20    0.00    0.15 ^ clkbuf_0_clk/A (sky130_fd_sc_hd__clkbuf_16)
                  0.04    0.18    0.33 ^ clkbuf_0_clk/X (sky130_fd_sc_hd__clkbuf_16)
     2    0.02                           clknet_0_clk (net)
                  0.04    0.00    0.33 ^ clkbuf_1_1__f_clk/A (sky130_fd_sc_hd__clkbuf_16)
                  0.05    0.14    0.47 ^ clkbuf_1_1__f_clk/X (sky130_fd_sc_hd__clkbuf_16)
    14    0.03                           clknet_1_1__leaf_clk (net)
                  0.05    0.00    0.47 ^ _399_/CLK (sky130_fd_sc_hd__dfrtp_4)
                  0.09    0.53    1.00 v _399_/Q (sky130_fd_sc_hd__dfrtp_4)
     9    0.02                           U_PC.pc[1] (net)
                  0.09    0.00    1.00 v _200_/B (sky130_fd_sc_hd__and2b_1)
                  0.07    0.22    1.22 v _200_/X (sky130_fd_sc_hd__and2b_1)
     4    0.01                           _186_ (net)
                  0.07    0.00    1.22 v _202_/B (sky130_fd_sc_hd__or3_1)
                  0.06    0.36    1.59 v _202_/X (sky130_fd_sc_hd__or3_1)
     1    0.00                           _188_ (net)
                  0.06    0.00    1.59 v _203_/A (sky130_fd_sc_hd__buf_4)
                  0.06    0.19    1.77 v _203_/X (sky130_fd_sc_hd__buf_4)
     9    0.04                           _189_ (net)
                  0.06    0.00    1.77 v _235_/A2 (sky130_fd_sc_hd__a221oi_4)
                  0.29    0.38    2.15 ^ _235_/Y (sky130_fd_sc_hd__a221oi_4)
     3    0.02                           _076_ (net)
                  0.29    0.00    2.15 ^ _238_/A3 (sky130_fd_sc_hd__a32oi_4)
                  0.13    0.19    2.34 v _238_/Y (sky130_fd_sc_hd__a32oi_4)
     5    0.02                           _079_ (net)
                  0.13    0.00    2.34 v _243_/A2 (sky130_fd_sc_hd__o211a_1)
                  0.05    0.26    2.60 v _243_/X (sky130_fd_sc_hd__o211a_1)
     2    0.00                           _084_ (net)
                  0.05    0.00    2.60 v _248_/A2 (sky130_fd_sc_hd__o211a_1)
                  0.06    0.24    2.83 v _248_/X (sky130_fd_sc_hd__o211a_1)
     3    0.01                           _089_ (net)
                  0.06    0.00    2.83 v _277_/B1 (sky130_fd_sc_hd__a211oi_1)
                  0.29    0.31    3.14 ^ _277_/Y (sky130_fd_sc_hd__a211oi_1)
     2    0.01                           _116_ (net)
                  0.29    0.00    3.14 ^ _278_/A2 (sky130_fd_sc_hd__a21o_1)
                  0.05    0.18    3.32 ^ _278_/X (sky130_fd_sc_hd__a21o_1)
     1    0.00                           _049_ (net)
                  0.05    0.00    3.32 ^ _423_/D (sky130_fd_sc_hd__dfrtp_4)
                                  3.32   data arrival time

                         20.00   20.00   clock clk (rise edge)
                          0.00   20.00   clock source latency
                  0.20    0.14   20.14 ^ clk (in)
     1    0.04                           clk (net)
                  0.20    0.00   20.14 ^ clkbuf_0_clk/A (sky130_fd_sc_hd__clkbuf_16)
                  0.04    0.16   20.30 ^ clkbuf_0_clk/X (sky130_fd_sc_hd__clkbuf_16)
     2    0.02                           clknet_0_clk (net)
                  0.04    0.00   20.30 ^ clkbuf_1_0__f_clk/A (sky130_fd_sc_hd__clkbuf_16)
                  0.05    0.12   20.42 ^ clkbuf_1_0__f_clk/X (sky130_fd_sc_hd__clkbuf_16)
    14    0.03                           clknet_1_0__leaf_clk (net)
                  0.05    0.00   20.42 ^ _423_/CLK (sky130_fd_sc_hd__dfrtp_4)
                         -0.25   20.17   clock uncertainty
                          0.03   20.20   clock reconvergence pessimism
                         -0.06   20.14   library setup time
                                 20.14   data required time
-----------------------------------------------------------------------------
                                 20.14   data required time
                                 -3.32   data arrival time
-----------------------------------------------------------------------------
                                 16.82   slack (MET)


Startpoint: _399_ (rising edge-triggered flip-flop clocked by clk)
Endpoint: _420_ (rising edge-triggered flip-flop clocked by clk)
Path Group: clk
Path Type: max

Fanout     Cap    Slew   Delay    Time   Description
-----------------------------------------------------------------------------
                          0.00    0.00   clock clk (rise edge)
                          0.00    0.00   clock source latency
                  0.20    0.15    0.15 ^ clk (in)
     1    0.04                           clk (net)
                  0.20    0.00    0.15 ^ clkbuf_0_clk/A (sky130_fd_sc_hd__clkbuf_16)
                  0.04    0.18    0.33 ^ clkbuf_0_clk/X (sky130_fd_sc_hd__clkbuf_16)
     2    0.02                           clknet_0_clk (net)
                  0.04    0.00    0.33 ^ clkbuf_1_1__f_clk/A (sky130_fd_sc_hd__clkbuf_16)
                  0.05    0.14    0.47 ^ clkbuf_1_1__f_clk/X (sky130_fd_sc_hd__clkbuf_16)
    14    0.03                           clknet_1_1__leaf_clk (net)
                  0.05    0.00    0.47 ^ _399_/CLK (sky130_fd_sc_hd__dfrtp_4)
                  0.09    0.53    1.00 v _399_/Q (sky130_fd_sc_hd__dfrtp_4)
     9    0.02                           U_PC.pc[1] (net)
                  0.09    0.00    1.00 v _200_/B (sky130_fd_sc_hd__and2b_1)
                  0.07    0.22    1.22 v _200_/X (sky130_fd_sc_hd__and2b_1)
     4    0.01                           _186_ (net)
                  0.07    0.00    1.22 v _202_/B (sky130_fd_sc_hd__or3_1)
                  0.06    0.36    1.59 v _202_/X (sky130_fd_sc_hd__or3_1)
     1    0.00                           _188_ (net)
                  0.06    0.00    1.59 v _203_/A (sky130_fd_sc_hd__buf_4)
                  0.06    0.19    1.77 v _203_/X (sky130_fd_sc_hd__buf_4)
     9    0.04                           _189_ (net)
                  0.06    0.00    1.77 v _235_/A2 (sky130_fd_sc_hd__a221oi_4)
                  0.29    0.38    2.15 ^ _235_/Y (sky130_fd_sc_hd__a221oi_4)
     3    0.02                           _076_ (net)
                  0.29    0.00    2.15 ^ _238_/A3 (sky130_fd_sc_hd__a32oi_4)
                  0.13    0.19    2.34 v _238_/Y (sky130_fd_sc_hd__a32oi_4)
     5    0.02                           _079_ (net)
                  0.13    0.00    2.34 v _288_/A (sky130_fd_sc_hd__xor2_1)
                  0.08    0.21    2.55 v _288_/X (sky130_fd_sc_hd__xor2_1)
     1    0.00                           _124_ (net)
                  0.08    0.00    2.55 v _291_/A2 (sky130_fd_sc_hd__a211o_1)
                  0.09    0.37    2.91 v _291_/X (sky130_fd_sc_hd__a211o_1)
     3    0.01                           _127_ (net)
                  0.09    0.00    2.91 v _292_/A2 (sky130_fd_sc_hd__a21bo_1)
                  0.03    0.21    3.12 v _292_/X (sky130_fd_sc_hd__a21bo_1)
     1    0.00                           _046_ (net)
                  0.03    0.00    3.12 v _420_/D (sky130_fd_sc_hd__dfrtp_4)
                                  3.12   data arrival time

                         20.00   20.00   clock clk (rise edge)
                          0.00   20.00   clock source latency
                  0.20    0.14   20.14 ^ clk (in)
     1    0.04                           clk (net)
                  0.20    0.00   20.14 ^ clkbuf_0_clk/A (sky130_fd_sc_hd__clkbuf_16)
                  0.04    0.16   20.30 ^ clkbuf_0_clk/X (sky130_fd_sc_hd__clkbuf_16)
     2    0.02                           clknet_0_clk (net)
                  0.04    0.00   20.30 ^ clkbuf_1_1__f_clk/A (sky130_fd_sc_hd__clkbuf_16)
                  0.05    0.12   20.42 ^ clkbuf_1_1__f_clk/X (sky130_fd_sc_hd__clkbuf_16)
    14    0.03                           clknet_1_1__leaf_clk (net)
                  0.05    0.00   20.42 ^ _420_/CLK (sky130_fd_sc_hd__dfrtp_4)
                         -0.25   20.17   clock uncertainty
                          0.04   20.22   clock reconvergence pessimism
                         -0.11   20.11   library setup time
                                 20.11   data required time
-----------------------------------------------------------------------------
                                 20.11   data required time
                                 -3.12   data arrival time
-----------------------------------------------------------------------------
                                 16.99   slack (MET)


Startpoint: _399_ (rising edge-triggered flip-flop clocked by clk)
Endpoint: _403_ (rising edge-triggered flip-flop clocked by clk)
Path Group: clk
Path Type: max

Fanout     Cap    Slew   Delay    Time   Description
-----------------------------------------------------------------------------
                          0.00    0.00   clock clk (rise edge)
                          0.00    0.00   clock source latency
                  0.20    0.15    0.15 ^ clk (in)
     1    0.04                           clk (net)
                  0.20    0.00    0.15 ^ clkbuf_0_clk/A (sky130_fd_sc_hd__clkbuf_16)
                  0.04    0.18    0.33 ^ clkbuf_0_clk/X (sky130_fd_sc_hd__clkbuf_16)
     2    0.02                           clknet_0_clk (net)
                  0.04    0.00    0.33 ^ clkbuf_1_1__f_clk/A (sky130_fd_sc_hd__clkbuf_16)
                  0.05    0.14    0.47 ^ clkbuf_1_1__f_clk/X (sky130_fd_sc_hd__clkbuf_16)
    14    0.03                           clknet_1_1__leaf_clk (net)
                  0.05    0.00    0.47 ^ _399_/CLK (sky130_fd_sc_hd__dfrtp_4)
                  0.09    0.53    1.00 v _399_/Q (sky130_fd_sc_hd__dfrtp_4)
     9    0.02                           U_PC.pc[1] (net)
                  0.09    0.00    1.00 v _200_/B (sky130_fd_sc_hd__and2b_1)
                  0.07    0.22    1.22 v _200_/X (sky130_fd_sc_hd__and2b_1)
     4    0.01                           _186_ (net)
                  0.07    0.00    1.22 v _202_/B (sky130_fd_sc_hd__or3_1)
                  0.06    0.36    1.59 v _202_/X (sky130_fd_sc_hd__or3_1)
     1    0.00                           _188_ (net)
                  0.06    0.00    1.59 v _203_/A (sky130_fd_sc_hd__buf_4)
                  0.06    0.19    1.77 v _203_/X (sky130_fd_sc_hd__buf_4)
     9    0.04                           _189_ (net)
                  0.06    0.00    1.77 v _235_/A2 (sky130_fd_sc_hd__a221oi_4)
                  0.29    0.38    2.15 ^ _235_/Y (sky130_fd_sc_hd__a221oi_4)
     3    0.02                           _076_ (net)
                  0.29    0.00    2.15 ^ _294_/C1 (sky130_fd_sc_hd__a211o_1)
                  0.06    0.16    2.31 ^ _294_/X (sky130_fd_sc_hd__a211o_1)
     2    0.00                           _129_ (net)
                  0.06    0.00    2.31 ^ _296_/A (sky130_fd_sc_hd__nand2_1)
                  0.04    0.05    2.36 v _296_/Y (sky130_fd_sc_hd__nand2_1)
     1    0.00                           _131_ (net)
                  0.04    0.00    2.36 v _299_/A2 (sky130_fd_sc_hd__a21o_1)
                  0.05    0.19    2.55 v _299_/X (sky130_fd_sc_hd__a21o_1)
     3    0.01                           _134_ (net)
                  0.05    0.00    2.55 v _353_/A1 (sky130_fd_sc_hd__mux2_1)
                  0.06    0.30    2.86 v _353_/X (sky130_fd_sc_hd__mux2_1)
     1    0.00                           _172_ (net)
                  0.06    0.00    2.86 v _354_/A (sky130_fd_sc_hd__clkbuf_1)
                  0.03    0.10    2.95 v _354_/X (sky130_fd_sc_hd__clkbuf_1)
     1    0.00                           _029_ (net)
                  0.03    0.00    2.95 v _403_/D (sky130_fd_sc_hd__dfrtp_4)
                                  2.95   data arrival time

                         20.00   20.00   clock clk (rise edge)
                          0.00   20.00   clock source latency
                  0.20    0.14   20.14 ^ clk (in)
     1    0.04                           clk (net)
                  0.20    0.00   20.14 ^ clkbuf_0_clk/A (sky130_fd_sc_hd__clkbuf_16)
                  0.04    0.16   20.30 ^ clkbuf_0_clk/X (sky130_fd_sc_hd__clkbuf_16)
     2    0.02                           clknet_0_clk (net)
                  0.04    0.00   20.30 ^ clkbuf_1_1__f_clk/A (sky130_fd_sc_hd__clkbuf_16)
                  0.05    0.12   20.42 ^ clkbuf_1_1__f_clk/X (sky130_fd_sc_hd__clkbuf_16)
    14    0.03                           clknet_1_1__leaf_clk (net)
                  0.05    0.00   20.42 ^ _403_/CLK (sky130_fd_sc_hd__dfrtp_4)
                         -0.25   20.17   clock uncertainty
                          0.04   20.22   clock reconvergence pessimism
                         -0.10   20.11   library setup time
                                 20.11   data required time
-----------------------------------------------------------------------------
                                 20.11   data required time
                                 -2.95   data arrival time
-----------------------------------------------------------------------------
                                 17.16   slack (MET)


Startpoint: _399_ (rising edge-triggered flip-flop clocked by clk)
Endpoint: _419_ (rising edge-triggered flip-flop clocked by clk)
Path Group: clk
Path Type: max

Fanout     Cap    Slew   Delay    Time   Description
-----------------------------------------------------------------------------
                          0.00    0.00   clock clk (rise edge)
                          0.00    0.00   clock source latency
                  0.20    0.15    0.15 ^ clk (in)
     1    0.04                           clk (net)
                  0.20    0.00    0.15 ^ clkbuf_0_clk/A (sky130_fd_sc_hd__clkbuf_16)
                  0.04    0.18    0.33 ^ clkbuf_0_clk/X (sky130_fd_sc_hd__clkbuf_16)
     2    0.02                           clknet_0_clk (net)
                  0.04    0.00    0.33 ^ clkbuf_1_1__f_clk/A (sky130_fd_sc_hd__clkbuf_16)
                  0.05    0.14    0.47 ^ clkbuf_1_1__f_clk/X (sky130_fd_sc_hd__clkbuf_16)
    14    0.03                           clknet_1_1__leaf_clk (net)
                  0.05    0.00    0.47 ^ _399_/CLK (sky130_fd_sc_hd__dfrtp_4)
                  0.09    0.53    1.00 v _399_/Q (sky130_fd_sc_hd__dfrtp_4)
     9    0.02                           U_PC.pc[1] (net)
                  0.09    0.00    1.00 v _200_/B (sky130_fd_sc_hd__and2b_1)
                  0.07    0.22    1.22 v _200_/X (sky130_fd_sc_hd__and2b_1)
     4    0.01                           _186_ (net)
                  0.07    0.00    1.22 v _202_/B (sky130_fd_sc_hd__or3_1)
                  0.06    0.36    1.59 v _202_/X (sky130_fd_sc_hd__or3_1)
     1    0.00                           _188_ (net)
                  0.06    0.00    1.59 v _203_/A (sky130_fd_sc_hd__buf_4)
                  0.06    0.19    1.77 v _203_/X (sky130_fd_sc_hd__buf_4)
     9    0.04                           _189_ (net)
                  0.06    0.00    1.77 v _235_/A2 (sky130_fd_sc_hd__a221oi_4)
                  0.29    0.38    2.15 ^ _235_/Y (sky130_fd_sc_hd__a221oi_4)
     3    0.02                           _076_ (net)
                  0.29    0.00    2.15 ^ _294_/C1 (sky130_fd_sc_hd__a211o_1)
                  0.06    0.16    2.31 ^ _294_/X (sky130_fd_sc_hd__a211o_1)
     2    0.00                           _129_ (net)
                  0.06    0.00    2.31 ^ _296_/A (sky130_fd_sc_hd__nand2_1)
                  0.04    0.05    2.36 v _296_/Y (sky130_fd_sc_hd__nand2_1)
     1    0.00                           _131_ (net)
                  0.04    0.00    2.36 v _299_/A2 (sky130_fd_sc_hd__a21o_1)
                  0.05    0.19    2.55 v _299_/X (sky130_fd_sc_hd__a21o_1)
     3    0.01                           _134_ (net)
                  0.05    0.00    2.55 v _300_/A2 (sky130_fd_sc_hd__a21o_1)
                  0.04    0.19    2.74 v _300_/X (sky130_fd_sc_hd__a21o_1)
     1    0.00                           _045_ (net)
                  0.04    0.00    2.74 v _419_/D (sky130_fd_sc_hd__dfrtp_4)
                                  2.74   data arrival time

                         20.00   20.00   clock clk (rise edge)
                          0.00   20.00   clock source latency
                  0.20    0.14   20.14 ^ clk (in)
     1    0.04                           clk (net)
                  0.20    0.00   20.14 ^ clkbuf_0_clk/A (sky130_fd_sc_hd__clkbuf_16)
                  0.04    0.16   20.30 ^ clkbuf_0_clk/X (sky130_fd_sc_hd__clkbuf_16)
     2    0.02                           clknet_0_clk (net)
                  0.04    0.00   20.30 ^ clkbuf_1_1__f_clk/A (sky130_fd_sc_hd__clkbuf_16)
                  0.05    0.12   20.42 ^ clkbuf_1_1__f_clk/X (sky130_fd_sc_hd__clkbuf_16)
    14    0.03                           clknet_1_1__leaf_clk (net)
                  0.05    0.00   20.42 ^ _419_/CLK (sky130_fd_sc_hd__dfrtp_4)
                         -0.25   20.17   clock uncertainty
                          0.04   20.22   clock reconvergence pessimism
                         -0.11   20.11   library setup time
                                 20.11   data required time
-----------------------------------------------------------------------------
                                 20.11   data required time
                                 -2.74   data arrival time
-----------------------------------------------------------------------------
                                 17.37   slack (MET)


Startpoint: _401_ (rising edge-triggered flip-flop clocked by clk)
Endpoint: _402_ (rising edge-triggered flip-flop clocked by clk)
Path Group: clk
Path Type: max

Fanout     Cap    Slew   Delay    Time   Description
-----------------------------------------------------------------------------
                          0.00    0.00   clock clk (rise edge)
                          0.00    0.00   clock source latency
                  0.20    0.15    0.15 ^ clk (in)
     1    0.04                           clk (net)
                  0.20    0.00    0.15 ^ clkbuf_0_clk/A (sky130_fd_sc_hd__clkbuf_16)
                  0.04    0.18    0.33 ^ clkbuf_0_clk/X (sky130_fd_sc_hd__clkbuf_16)
     2    0.02                           clknet_0_clk (net)
                  0.04    0.00    0.33 ^ clkbuf_1_1__f_clk/A (sky130_fd_sc_hd__clkbuf_16)
                  0.05    0.14    0.47 ^ clkbuf_1_1__f_clk/X (sky130_fd_sc_hd__clkbuf_16)
    14    0.03                           clknet_1_1__leaf_clk (net)
                  0.05    0.00    0.47 ^ _401_/CLK (sky130_fd_sc_hd__dfrtp_4)
                  0.08    0.53    1.00 v _401_/Q (sky130_fd_sc_hd__dfrtp_4)
     8    0.02                           U_PC.pc[3] (net)
                  0.08    0.00    1.00 v _232_/A (sky130_fd_sc_hd__nor3_2)
                  0.30    0.33    1.33 ^ _232_/Y (sky130_fd_sc_hd__nor3_2)
     5    0.02                           _073_ (net)
                  0.30    0.00    1.33 ^ max_cap28/A (sky130_fd_sc_hd__buf_2)
                  0.14    0.26    1.59 ^ max_cap28/X (sky130_fd_sc_hd__buf_2)
     5    0.03                           net28 (net)
                  0.14    0.00    1.59 ^ _265_/B (sky130_fd_sc_hd__and2_1)
                  0.04    0.15    1.74 ^ _265_/X (sky130_fd_sc_hd__and2_1)
     1    0.00                           _106_ (net)
                  0.04    0.00    1.74 ^ _266_/A (sky130_fd_sc_hd__clkbuf_4)
                  0.08    0.17    1.90 ^ _266_/X (sky130_fd_sc_hd__clkbuf_4)
     9    0.02                           _107_ (net)
                  0.08    0.00    1.90 ^ _308_/A2 (sky130_fd_sc_hd__a211o_1)
                  0.03    0.12    2.02 ^ _308_/X (sky130_fd_sc_hd__a211o_1)
     1    0.00                           _141_ (net)
                  0.03    0.00    2.02 ^ _309_/B1_N (sky130_fd_sc_hd__a21bo_1)
                  0.04    0.20    2.22 v _309_/X (sky130_fd_sc_hd__a21bo_1)
     2    0.00                           _142_ (net)
                  0.04    0.00    2.22 v _355_/A1 (sky130_fd_sc_hd__mux2_1)
                  0.06    0.30    2.53 v _355_/X (sky130_fd_sc_hd__mux2_1)
     1    0.00                           _173_ (net)
                  0.06    0.00    2.53 v _356_/A (sky130_fd_sc_hd__clkbuf_1)
                  0.03    0.10    2.63 v _356_/X (sky130_fd_sc_hd__clkbuf_1)
     1    0.00                           _028_ (net)
                  0.03    0.00    2.63 v _402_/D (sky130_fd_sc_hd__dfrtp_4)
                                  2.63   data arrival time

                         20.00   20.00   clock clk (rise edge)
                          0.00   20.00   clock source latency
                  0.20    0.14   20.14 ^ clk (in)
     1    0.04                           clk (net)
                  0.20    0.00   20.14 ^ clkbuf_0_clk/A (sky130_fd_sc_hd__clkbuf_16)
                  0.04    0.16   20.30 ^ clkbuf_0_clk/X (sky130_fd_sc_hd__clkbuf_16)
     2    0.02                           clknet_0_clk (net)
                  0.04    0.00   20.30 ^ clkbuf_1_1__f_clk/A (sky130_fd_sc_hd__clkbuf_16)
                  0.05    0.12   20.42 ^ clkbuf_1_1__f_clk/X (sky130_fd_sc_hd__clkbuf_16)
    14    0.03                           clknet_1_1__leaf_clk (net)
                  0.05    0.00   20.42 ^ _402_/CLK (sky130_fd_sc_hd__dfrtp_4)
                         -0.25   20.17   clock uncertainty
                          0.04   20.22   clock reconvergence pessimism
                         -0.11   20.11   library setup time
                                 20.11   data required time
-----------------------------------------------------------------------------
                                 20.11   data required time
                                 -2.63   data arrival time
-----------------------------------------------------------------------------
                                 17.48   slack (MET)


Startpoint: _398_ (rising edge-triggered flip-flop clocked by clk)
Endpoint: _399_ (rising edge-triggered flip-flop clocked by clk)
Path Group: clk
Path Type: max

Fanout     Cap    Slew   Delay    Time   Description
-----------------------------------------------------------------------------
                          0.00    0.00   clock clk (rise edge)
                          0.00    0.00   clock source latency
                  0.20    0.15    0.15 ^ clk (in)
     1    0.04                           clk (net)
                  0.20    0.00    0.15 ^ clkbuf_0_clk/A (sky130_fd_sc_hd__clkbuf_16)
                  0.04    0.18    0.33 ^ clkbuf_0_clk/X (sky130_fd_sc_hd__clkbuf_16)
     2    0.02                           clknet_0_clk (net)
                  0.04    0.00    0.33 ^ clkbuf_1_1__f_clk/A (sky130_fd_sc_hd__clkbuf_16)
                  0.05    0.14    0.47 ^ clkbuf_1_1__f_clk/X (sky130_fd_sc_hd__clkbuf_16)
    14    0.03                           clknet_1_1__leaf_clk (net)
                  0.05    0.00    0.47 ^ _398_/CLK (sky130_fd_sc_hd__dfrtp_4)
                  0.09    0.54    1.01 v _398_/Q (sky130_fd_sc_hd__dfrtp_4)
    10    0.03                           U_PC.pc[0] (net)
                  0.09    0.00    1.01 v _204_/A (sky130_fd_sc_hd__or2b_1)
                  0.06    0.26    1.27 v _204_/X (sky130_fd_sc_hd__or2b_1)
     2    0.01                           _190_ (net)
                  0.06    0.00    1.27 v _205_/A (sky130_fd_sc_hd__clkbuf_4)
                  0.05    0.17    1.44 v _205_/X (sky130_fd_sc_hd__clkbuf_4)
    10    0.02                           _191_ (net)
                  0.05    0.00    1.44 v _224_/A (sky130_fd_sc_hd__and2_2)
                  0.08    0.23    1.67 v _224_/X (sky130_fd_sc_hd__and2_2)
     6    0.02                           _065_ (net)
                  0.08    0.00    1.67 v _307_/A (sky130_fd_sc_hd__clkbuf_4)
                  0.07    0.20    1.86 v _307_/X (sky130_fd_sc_hd__clkbuf_4)
    10    0.03                           _140_ (net)
                  0.07    0.00    1.86 v _358_/B1 (sky130_fd_sc_hd__o21a_1)
                  0.04    0.11    1.98 v _358_/X (sky130_fd_sc_hd__o21a_1)
     2    0.00                           _174_ (net)
                  0.04    0.00    1.98 v _360_/B (sky130_fd_sc_hd__or3_1)
                  0.06    0.35    2.33 v _360_/X (sky130_fd_sc_hd__or3_1)
     1    0.00                           _176_ (net)
                  0.06    0.00    2.33 v _361_/A (sky130_fd_sc_hd__clkbuf_1)
                  0.03    0.10    2.43 v _361_/X (sky130_fd_sc_hd__clkbuf_1)
     1    0.00                           U_PC.next_pc[1] (net)
                  0.03    0.00    2.43 v _399_/D (sky130_fd_sc_hd__dfrtp_4)
                                  2.43   data arrival time

                         20.00   20.00   clock clk (rise edge)
                          0.00   20.00   clock source latency
                  0.20    0.14   20.14 ^ clk (in)
     1    0.04                           clk (net)
                  0.20    0.00   20.14 ^ clkbuf_0_clk/A (sky130_fd_sc_hd__clkbuf_16)
                  0.04    0.16   20.30 ^ clkbuf_0_clk/X (sky130_fd_sc_hd__clkbuf_16)
     2    0.02                           clknet_0_clk (net)
                  0.04    0.00   20.30 ^ clkbuf_1_1__f_clk/A (sky130_fd_sc_hd__clkbuf_16)
                  0.05    0.12   20.42 ^ clkbuf_1_1__f_clk/X (sky130_fd_sc_hd__clkbuf_16)
    14    0.03                           clknet_1_1__leaf_clk (net)
                  0.05    0.00   20.42 ^ _399_/CLK (sky130_fd_sc_hd__dfrtp_4)
                         -0.25   20.17   clock uncertainty
                          0.04   20.22   clock reconvergence pessimism
                         -0.11   20.11   library setup time
                                 20.11   data required time
-----------------------------------------------------------------------------
                                 20.11   data required time
                                 -2.43   data arrival time
-----------------------------------------------------------------------------
                                 17.68   slack (MET)


Startpoint: _398_ (rising edge-triggered flip-flop clocked by clk)
Endpoint: _400_ (rising edge-triggered flip-flop clocked by clk)
Path Group: clk
Path Type: max

Fanout     Cap    Slew   Delay    Time   Description
-----------------------------------------------------------------------------
                          0.00    0.00   clock clk (rise edge)
                          0.00    0.00   clock source latency
                  0.20    0.15    0.15 ^ clk (in)
     1    0.04                           clk (net)
                  0.20    0.00    0.15 ^ clkbuf_0_clk/A (sky130_fd_sc_hd__clkbuf_16)
                  0.04    0.18    0.33 ^ clkbuf_0_clk/X (sky130_fd_sc_hd__clkbuf_16)
     2    0.02                           clknet_0_clk (net)
                  0.04    0.00    0.33 ^ clkbuf_1_1__f_clk/A (sky130_fd_sc_hd__clkbuf_16)
                  0.05    0.14    0.47 ^ clkbuf_1_1__f_clk/X (sky130_fd_sc_hd__clkbuf_16)
    14    0.03                           clknet_1_1__leaf_clk (net)
                  0.05    0.00    0.47 ^ _398_/CLK (sky130_fd_sc_hd__dfrtp_4)
                  0.09    0.54    1.01 v _398_/Q (sky130_fd_sc_hd__dfrtp_4)
    10    0.03                           U_PC.pc[0] (net)
                  0.09    0.00    1.01 v _204_/A (sky130_fd_sc_hd__or2b_1)
                  0.06    0.26    1.27 v _204_/X (sky130_fd_sc_hd__or2b_1)
     2    0.01                           _190_ (net)
                  0.06    0.00    1.27 v _205_/A (sky130_fd_sc_hd__clkbuf_4)
                  0.05    0.17    1.44 v _205_/X (sky130_fd_sc_hd__clkbuf_4)
    10    0.02                           _191_ (net)
                  0.05    0.00    1.44 v _224_/A (sky130_fd_sc_hd__and2_2)
                  0.08    0.23    1.67 v _224_/X (sky130_fd_sc_hd__and2_2)
     6    0.02                           _065_ (net)
                  0.08    0.00    1.67 v _307_/A (sky130_fd_sc_hd__clkbuf_4)
                  0.07    0.20    1.86 v _307_/X (sky130_fd_sc_hd__clkbuf_4)
    10    0.03                           _140_ (net)
                  0.07    0.00    1.86 v _358_/B1 (sky130_fd_sc_hd__o21a_1)
                  0.04    0.11    1.98 v _358_/X (sky130_fd_sc_hd__o21a_1)
     2    0.00                           _174_ (net)
                  0.04    0.00    1.98 v _364_/B2 (sky130_fd_sc_hd__o2bb2a_1)
                  0.05    0.29    2.26 v _364_/X (sky130_fd_sc_hd__o2bb2a_1)
     1    0.00                           U_PC.next_pc[2] (net)
                  0.05    0.00    2.26 v _400_/D (sky130_fd_sc_hd__dfrtp_4)
                                  2.26   data arrival time

                         20.00   20.00   clock clk (rise edge)
                          0.00   20.00   clock source latency
                  0.20    0.14   20.14 ^ clk (in)
     1    0.04                           clk (net)
                  0.20    0.00   20.14 ^ clkbuf_0_clk/A (sky130_fd_sc_hd__clkbuf_16)
                  0.04    0.16   20.30 ^ clkbuf_0_clk/X (sky130_fd_sc_hd__clkbuf_16)
     2    0.02                           clknet_0_clk (net)
                  0.04    0.00   20.30 ^ clkbuf_1_1__f_clk/A (sky130_fd_sc_hd__clkbuf_16)
                  0.05    0.12   20.42 ^ clkbuf_1_1__f_clk/X (sky130_fd_sc_hd__clkbuf_16)
    14    0.03                           clknet_1_1__leaf_clk (net)
                  0.05    0.00   20.42 ^ _400_/CLK (sky130_fd_sc_hd__dfrtp_4)
                         -0.25   20.17   clock uncertainty
                          0.04   20.22   clock reconvergence pessimism
                         -0.12   20.10   library setup time
                                 20.10   data required time
-----------------------------------------------------------------------------
                                 20.10   data required time
                                 -2.26   data arrival time
-----------------------------------------------------------------------------
                                 17.84   slack (MET)


Startpoint: _398_ (rising edge-triggered flip-flop clocked by clk)
Endpoint: _412_ (rising edge-triggered flip-flop clocked by clk)
Path Group: clk
Path Type: max

Fanout     Cap    Slew   Delay    Time   Description
-----------------------------------------------------------------------------
                          0.00    0.00   clock clk (rise edge)
                          0.00    0.00   clock source latency
                  0.20    0.15    0.15 ^ clk (in)
     1    0.04                           clk (net)
                  0.20    0.00    0.15 ^ clkbuf_0_clk/A (sky130_fd_sc_hd__clkbuf_16)
                  0.04    0.18    0.33 ^ clkbuf_0_clk/X (sky130_fd_sc_hd__clkbuf_16)
     2    0.02                           clknet_0_clk (net)
                  0.04    0.00    0.33 ^ clkbuf_1_1__f_clk/A (sky130_fd_sc_hd__clkbuf_16)
                  0.05    0.14    0.47 ^ clkbuf_1_1__f_clk/X (sky130_fd_sc_hd__clkbuf_16)
    14    0.03                           clknet_1_1__leaf_clk (net)
                  0.05    0.00    0.47 ^ _398_/CLK (sky130_fd_sc_hd__dfrtp_4)
                  0.09    0.54    1.01 v _398_/Q (sky130_fd_sc_hd__dfrtp_4)
    10    0.03                           U_PC.pc[0] (net)
                  0.09    0.00    1.01 v _204_/A (sky130_fd_sc_hd__or2b_1)
                  0.06    0.26    1.27 v _204_/X (sky130_fd_sc_hd__or2b_1)
     2    0.01                           _190_ (net)
                  0.06    0.00    1.27 v _205_/A (sky130_fd_sc_hd__clkbuf_4)
                  0.05    0.17    1.44 v _205_/X (sky130_fd_sc_hd__clkbuf_4)
    10    0.02                           _191_ (net)
                  0.05    0.00    1.44 v _224_/A (sky130_fd_sc_hd__and2_2)
                  0.08    0.23    1.67 v _224_/X (sky130_fd_sc_hd__and2_2)
     6    0.02                           _065_ (net)
                  0.08    0.00    1.67 v _307_/A (sky130_fd_sc_hd__clkbuf_4)
                  0.07    0.20    1.86 v _307_/X (sky130_fd_sc_hd__clkbuf_4)
    10    0.03                           _140_ (net)
                  0.07    0.00    1.86 v _336_/A2 (sky130_fd_sc_hd__a21o_1)
                  0.03    0.19    2.05 v _336_/X (sky130_fd_sc_hd__a21o_1)
     1    0.00                           _038_ (net)
                  0.03    0.00    2.05 v _412_/D (sky130_fd_sc_hd__dfrtp_2)
                                  2.05   data arrival time

                         20.00   20.00   clock clk (rise edge)
                          0.00   20.00   clock source latency
                  0.20    0.14   20.14 ^ clk (in)
     1    0.04                           clk (net)
                  0.20    0.00   20.14 ^ clkbuf_0_clk/A (sky130_fd_sc_hd__clkbuf_16)
                  0.04    0.16   20.30 ^ clkbuf_0_clk/X (sky130_fd_sc_hd__clkbuf_16)
     2    0.02                           clknet_0_clk (net)
                  0.04    0.00   20.30 ^ clkbuf_1_1__f_clk/A (sky130_fd_sc_hd__clkbuf_16)
                  0.05    0.12   20.42 ^ clkbuf_1_1__f_clk/X (sky130_fd_sc_hd__clkbuf_16)
    14    0.03                           clknet_1_1__leaf_clk (net)
                  0.05    0.00   20.42 ^ _412_/CLK (sky130_fd_sc_hd__dfrtp_2)
                         -0.25   20.17   clock uncertainty
                          0.04   20.22   clock reconvergence pessimism
                         -0.11   20.11   library setup time
                                 20.11   data required time
-----------------------------------------------------------------------------
                                 20.11   data required time
                                 -2.05   data arrival time
-----------------------------------------------------------------------------
                                 18.05   slack (MET)


Startpoint: _401_ (rising edge-triggered flip-flop clocked by clk)
Endpoint: _418_ (rising edge-triggered flip-flop clocked by clk)
Path Group: clk
Path Type: max

Fanout     Cap    Slew   Delay    Time   Description
-----------------------------------------------------------------------------
                          0.00    0.00   clock clk (rise edge)
                          0.00    0.00   clock source latency
                  0.20    0.15    0.15 ^ clk (in)
     1    0.04                           clk (net)
                  0.20    0.00    0.15 ^ clkbuf_0_clk/A (sky130_fd_sc_hd__clkbuf_16)
                  0.04    0.18    0.33 ^ clkbuf_0_clk/X (sky130_fd_sc_hd__clkbuf_16)
     2    0.02                           clknet_0_clk (net)
                  0.04    0.00    0.33 ^ clkbuf_1_1__f_clk/A (sky130_fd_sc_hd__clkbuf_16)
                  0.05    0.14    0.47 ^ clkbuf_1_1__f_clk/X (sky130_fd_sc_hd__clkbuf_16)
    14    0.03                           clknet_1_1__leaf_clk (net)
                  0.05    0.00    0.47 ^ _401_/CLK (sky130_fd_sc_hd__dfrtp_4)
                  0.08    0.53    1.00 v _401_/Q (sky130_fd_sc_hd__dfrtp_4)
     8    0.02                           U_PC.pc[3] (net)
                  0.08    0.00    1.00 v _232_/A (sky130_fd_sc_hd__nor3_2)
                  0.30    0.33    1.33 ^ _232_/Y (sky130_fd_sc_hd__nor3_2)
     5    0.02                           _073_ (net)
                  0.30    0.00    1.33 ^ max_cap28/A (sky130_fd_sc_hd__buf_2)
                  0.14    0.26    1.59 ^ max_cap28/X (sky130_fd_sc_hd__buf_2)
     5    0.03                           net28 (net)
                  0.14    0.00    1.59 ^ _265_/B (sky130_fd_sc_hd__and2_1)
                  0.04    0.15    1.74 ^ _265_/X (sky130_fd_sc_hd__and2_1)
     1    0.00                           _106_ (net)
                  0.04    0.00    1.74 ^ _266_/A (sky130_fd_sc_hd__clkbuf_4)
                  0.08    0.17    1.90 ^ _266_/X (sky130_fd_sc_hd__clkbuf_4)
     9    0.02                           _107_ (net)
                  0.08    0.00    1.90 ^ _301_/A2 (sky130_fd_sc_hd__a21oi_1)
                  0.06    0.08    1.98 v _301_/Y (sky130_fd_sc_hd__a21oi_1)
     1    0.00                           _044_ (net)
                  0.06    0.00    1.98 v _418_/D (sky130_fd_sc_hd__dfrtp_4)
                                  1.98   data arrival time

                         20.00   20.00   clock clk (rise edge)
                          0.00   20.00   clock source latency
                  0.20    0.14   20.14 ^ clk (in)
     1    0.04                           clk (net)
                  0.20    0.00   20.14 ^ clkbuf_0_clk/A (sky130_fd_sc_hd__clkbuf_16)
                  0.04    0.16   20.30 ^ clkbuf_0_clk/X (sky130_fd_sc_hd__clkbuf_16)
     2    0.02                           clknet_0_clk (net)
                  0.04    0.00   20.30 ^ clkbuf_1_1__f_clk/A (sky130_fd_sc_hd__clkbuf_16)
                  0.05    0.12   20.42 ^ clkbuf_1_1__f_clk/X (sky130_fd_sc_hd__clkbuf_16)
    14    0.03                           clknet_1_1__leaf_clk (net)
                  0.05    0.00   20.42 ^ _418_/CLK (sky130_fd_sc_hd__dfrtp_4)
                         -0.25   20.17   clock uncertainty
                          0.04   20.22   clock reconvergence pessimism
                         -0.12   20.10   library setup time
                                 20.10   data required time
-----------------------------------------------------------------------------
                                 20.10   data required time
                                 -1.98   data arrival time
-----------------------------------------------------------------------------
                                 18.12   slack (MET)


Startpoint: _401_ (rising edge-triggered flip-flop clocked by clk)
Endpoint: _401_ (rising edge-triggered flip-flop clocked by clk)
Path Group: clk
Path Type: max

Fanout     Cap    Slew   Delay    Time   Description
-----------------------------------------------------------------------------
                          0.00    0.00   clock clk (rise edge)
                          0.00    0.00   clock source latency
                  0.20    0.15    0.15 ^ clk (in)
     1    0.04                           clk (net)
                  0.20    0.00    0.15 ^ clkbuf_0_clk/A (sky130_fd_sc_hd__clkbuf_16)
                  0.04    0.18    0.33 ^ clkbuf_0_clk/X (sky130_fd_sc_hd__clkbuf_16)
     2    0.02                           clknet_0_clk (net)
                  0.04    0.00    0.33 ^ clkbuf_1_1__f_clk/A (sky130_fd_sc_hd__clkbuf_16)
                  0.05    0.14    0.47 ^ clkbuf_1_1__f_clk/X (sky130_fd_sc_hd__clkbuf_16)
    14    0.03                           clknet_1_1__leaf_clk (net)
                  0.05    0.00    0.47 ^ _401_/CLK (sky130_fd_sc_hd__dfrtp_4)
                  0.08    0.53    1.00 v _401_/Q (sky130_fd_sc_hd__dfrtp_4)
     8    0.02                           U_PC.pc[3] (net)
                  0.08    0.00    1.00 v hold3/A (sky130_fd_sc_hd__dlygate4sd3_1)
                  0.06    0.60    1.60 v hold3/X (sky130_fd_sc_hd__dlygate4sd3_1)
     1    0.00                           net33 (net)
                  0.06    0.00    1.60 v _366_/B1 (sky130_fd_sc_hd__o21a_1)
                  0.04    0.11    1.71 v _366_/X (sky130_fd_sc_hd__o21a_1)
     1    0.00                           U_PC.next_pc[3] (net)
                  0.04    0.00    1.71 v _401_/D (sky130_fd_sc_hd__dfrtp_4)
                                  1.71   data arrival time

                         20.00   20.00   clock clk (rise edge)
                          0.00   20.00   clock source latency
                  0.20    0.14   20.14 ^ clk (in)
     1    0.04                           clk (net)
                  0.20    0.00   20.14 ^ clkbuf_0_clk/A (sky130_fd_sc_hd__clkbuf_16)
                  0.04    0.16   20.30 ^ clkbuf_0_clk/X (sky130_fd_sc_hd__clkbuf_16)
     2    0.02                           clknet_0_clk (net)
                  0.04    0.00   20.30 ^ clkbuf_1_1__f_clk/A (sky130_fd_sc_hd__clkbuf_16)
                  0.05    0.12   20.42 ^ clkbuf_1_1__f_clk/X (sky130_fd_sc_hd__clkbuf_16)
    14    0.03                           clknet_1_1__leaf_clk (net)
                  0.05    0.00   20.42 ^ _401_/CLK (sky130_fd_sc_hd__dfrtp_4)
                         -0.25   20.17   clock uncertainty
                          0.04   20.22   clock reconvergence pessimism
                         -0.11   20.11   library setup time
                                 20.11   data required time
-----------------------------------------------------------------------------
                                 20.11   data required time
                                 -1.71   data arrival time
-----------------------------------------------------------------------------
                                 18.39   slack (MET)


Startpoint: _398_ (rising edge-triggered flip-flop clocked by clk)
Endpoint: _411_ (rising edge-triggered flip-flop clocked by clk)
Path Group: clk
Path Type: max

Fanout     Cap    Slew   Delay    Time   Description
-----------------------------------------------------------------------------
                          0.00    0.00   clock clk (rise edge)
                          0.00    0.00   clock source latency
                  0.20    0.15    0.15 ^ clk (in)
     1    0.04                           clk (net)
                  0.20    0.00    0.15 ^ clkbuf_0_clk/A (sky130_fd_sc_hd__clkbuf_16)
                  0.04    0.18    0.33 ^ clkbuf_0_clk/X (sky130_fd_sc_hd__clkbuf_16)
     2    0.02                           clknet_0_clk (net)
                  0.04    0.00    0.33 ^ clkbuf_1_1__f_clk/A (sky130_fd_sc_hd__clkbuf_16)
                  0.05    0.14    0.47 ^ clkbuf_1_1__f_clk/X (sky130_fd_sc_hd__clkbuf_16)
    14    0.03                           clknet_1_1__leaf_clk (net)
                  0.05    0.00    0.47 ^ _398_/CLK (sky130_fd_sc_hd__dfrtp_4)
                  0.09    0.54    1.01 v _398_/Q (sky130_fd_sc_hd__dfrtp_4)
    10    0.03                           U_PC.pc[0] (net)
                  0.09    0.00    1.01 v _204_/A (sky130_fd_sc_hd__or2b_1)
                  0.06    0.26    1.27 v _204_/X (sky130_fd_sc_hd__or2b_1)
     2    0.01                           _190_ (net)
                  0.06    0.00    1.27 v _205_/A (sky130_fd_sc_hd__clkbuf_4)
                  0.05    0.17    1.44 v _205_/X (sky130_fd_sc_hd__clkbuf_4)
    10    0.02                           _191_ (net)
                  0.05    0.00    1.44 v _337_/B (sky130_fd_sc_hd__and3_1)
                  0.04    0.18    1.61 v _337_/X (sky130_fd_sc_hd__and3_1)
     1    0.00                           _164_ (net)
                  0.04    0.00    1.61 v _338_/A (sky130_fd_sc_hd__clkbuf_1)
                  0.03    0.09    1.70 v _338_/X (sky130_fd_sc_hd__clkbuf_1)
     1    0.00                           _037_ (net)
                  0.03    0.00    1.70 v _411_/D (sky130_fd_sc_hd__dfrtp_4)
                                  1.70   data arrival time

                         20.00   20.00   clock clk (rise edge)
                          0.00   20.00   clock source latency
                  0.20    0.14   20.14 ^ clk (in)
     1    0.04                           clk (net)
                  0.20    0.00   20.14 ^ clkbuf_0_clk/A (sky130_fd_sc_hd__clkbuf_16)
                  0.04    0.16   20.30 ^ clkbuf_0_clk/X (sky130_fd_sc_hd__clkbuf_16)
     2    0.02                           clknet_0_clk (net)
                  0.04    0.00   20.30 ^ clkbuf_1_1__f_clk/A (sky130_fd_sc_hd__clkbuf_16)
                  0.05    0.12   20.42 ^ clkbuf_1_1__f_clk/X (sky130_fd_sc_hd__clkbuf_16)
    14    0.03                           clknet_1_1__leaf_clk (net)
                  0.05    0.00   20.42 ^ _411_/CLK (sky130_fd_sc_hd__dfrtp_4)
                         -0.25   20.17   clock uncertainty
                          0.04   20.22   clock reconvergence pessimism
                         -0.11   20.11   library setup time
                                 20.11   data required time
-----------------------------------------------------------------------------
                                 20.11   data required time
                                 -1.70   data arrival time
-----------------------------------------------------------------------------
                                 18.41   slack (MET)


Startpoint: _398_ (rising edge-triggered flip-flop clocked by clk)
Endpoint: _413_ (rising edge-triggered flip-flop clocked by clk)
Path Group: clk
Path Type: max

Fanout     Cap    Slew   Delay    Time   Description
-----------------------------------------------------------------------------
                          0.00    0.00   clock clk (rise edge)
                          0.00    0.00   clock source latency
                  0.20    0.15    0.15 ^ clk (in)
     1    0.04                           clk (net)
                  0.20    0.00    0.15 ^ clkbuf_0_clk/A (sky130_fd_sc_hd__clkbuf_16)
                  0.04    0.18    0.33 ^ clkbuf_0_clk/X (sky130_fd_sc_hd__clkbuf_16)
     2    0.02                           clknet_0_clk (net)
                  0.04    0.00    0.33 ^ clkbuf_1_1__f_clk/A (sky130_fd_sc_hd__clkbuf_16)
                  0.05    0.14    0.47 ^ clkbuf_1_1__f_clk/X (sky130_fd_sc_hd__clkbuf_16)
    14    0.03                           clknet_1_1__leaf_clk (net)
                  0.05    0.00    0.47 ^ _398_/CLK (sky130_fd_sc_hd__dfrtp_4)
                  0.09    0.54    1.01 v _398_/Q (sky130_fd_sc_hd__dfrtp_4)
    10    0.03                           U_PC.pc[0] (net)
                  0.09    0.00    1.01 v _204_/A (sky130_fd_sc_hd__or2b_1)
                  0.06    0.26    1.27 v _204_/X (sky130_fd_sc_hd__or2b_1)
     2    0.01                           _190_ (net)
                  0.06    0.00    1.27 v _205_/A (sky130_fd_sc_hd__clkbuf_4)
                  0.05    0.17    1.44 v _205_/X (sky130_fd_sc_hd__clkbuf_4)
    10    0.02                           _191_ (net)
                  0.05    0.00    1.44 v _334_/B (sky130_fd_sc_hd__and3_1)
                  0.04    0.17    1.60 v _334_/X (sky130_fd_sc_hd__and3_1)
     1    0.00                           _163_ (net)
                  0.04    0.00    1.60 v _335_/A (sky130_fd_sc_hd__clkbuf_1)
                  0.03    0.09    1.69 v _335_/X (sky130_fd_sc_hd__clkbuf_1)
     1    0.00                           _039_ (net)
                  0.03    0.00    1.69 v _413_/D (sky130_fd_sc_hd__dfrtp_4)
                                  1.69   data arrival time

                         20.00   20.00   clock clk (rise edge)
                          0.00   20.00   clock source latency
                  0.20    0.14   20.14 ^ clk (in)
     1    0.04                           clk (net)
                  0.20    0.00   20.14 ^ clkbuf_0_clk/A (sky130_fd_sc_hd__clkbuf_16)
                  0.04    0.16   20.30 ^ clkbuf_0_clk/X (sky130_fd_sc_hd__clkbuf_16)
     2    0.02                           clknet_0_clk (net)
                  0.04    0.00   20.30 ^ clkbuf_1_0__f_clk/A (sky130_fd_sc_hd__clkbuf_16)
                  0.05    0.12   20.42 ^ clkbuf_1_0__f_clk/X (sky130_fd_sc_hd__clkbuf_16)
    14    0.03                           clknet_1_0__leaf_clk (net)
                  0.05    0.00   20.42 ^ _413_/CLK (sky130_fd_sc_hd__dfrtp_4)
                         -0.25   20.17   clock uncertainty
                          0.03   20.20   clock reconvergence pessimism
                         -0.11   20.10   library setup time
                                 20.10   data required time
-----------------------------------------------------------------------------
                                 20.10   data required time
                                 -1.69   data arrival time
-----------------------------------------------------------------------------
                                 18.41   slack (MET)


Startpoint: _401_ (rising edge-triggered flip-flop clocked by clk)
Endpoint: _410_ (rising edge-triggered flip-flop clocked by clk)
Path Group: clk
Path Type: max

Fanout     Cap    Slew   Delay    Time   Description
-----------------------------------------------------------------------------
                          0.00    0.00   clock clk (rise edge)
                          0.00    0.00   clock source latency
                  0.20    0.15    0.15 ^ clk (in)
     1    0.04                           clk (net)
                  0.20    0.00    0.15 ^ clkbuf_0_clk/A (sky130_fd_sc_hd__clkbuf_16)
                  0.04    0.18    0.33 ^ clkbuf_0_clk/X (sky130_fd_sc_hd__clkbuf_16)
     2    0.02                           clknet_0_clk (net)
                  0.04    0.00    0.33 ^ clkbuf_1_1__f_clk/A (sky130_fd_sc_hd__clkbuf_16)
                  0.05    0.14    0.47 ^ clkbuf_1_1__f_clk/X (sky130_fd_sc_hd__clkbuf_16)
    14    0.03                           clknet_1_1__leaf_clk (net)
                  0.05    0.00    0.47 ^ _401_/CLK (sky130_fd_sc_hd__dfrtp_4)
                  0.08    0.53    1.00 v _401_/Q (sky130_fd_sc_hd__dfrtp_4)
     8    0.02                           U_PC.pc[3] (net)
                  0.08    0.00    1.00 v _232_/A (sky130_fd_sc_hd__nor3_2)
                  0.30    0.33    1.33 ^ _232_/Y (sky130_fd_sc_hd__nor3_2)
     5    0.02                           _073_ (net)
                  0.30    0.00    1.33 ^ max_cap28/A (sky130_fd_sc_hd__buf_2)
                  0.14    0.26    1.59 ^ max_cap28/X (sky130_fd_sc_hd__buf_2)
     5    0.03                           net28 (net)
                  0.14    0.00    1.59 ^ _339_/B1 (sky130_fd_sc_hd__a31o_1)
                  0.04    0.12    1.71 ^ _339_/X (sky130_fd_sc_hd__a31o_1)
     1    0.00                           _036_ (net)
                  0.04    0.00    1.71 ^ _410_/D (sky130_fd_sc_hd__dfrtp_4)
                                  1.71   data arrival time

                         20.00   20.00   clock clk (rise edge)
                          0.00   20.00   clock source latency
                  0.20    0.14   20.14 ^ clk (in)
     1    0.04                           clk (net)
                  0.20    0.00   20.14 ^ clkbuf_0_clk/A (sky130_fd_sc_hd__clkbuf_16)
                  0.04    0.16   20.30 ^ clkbuf_0_clk/X (sky130_fd_sc_hd__clkbuf_16)
     2    0.02                           clknet_0_clk (net)
                  0.04    0.00   20.30 ^ clkbuf_1_0__f_clk/A (sky130_fd_sc_hd__clkbuf_16)
                  0.05    0.12   20.42 ^ clkbuf_1_0__f_clk/X (sky130_fd_sc_hd__clkbuf_16)
    14    0.03                           clknet_1_0__leaf_clk (net)
                  0.05    0.00   20.42 ^ _410_/CLK (sky130_fd_sc_hd__dfrtp_4)
                         -0.25   20.17   clock uncertainty
                          0.03   20.20   clock reconvergence pessimism
                         -0.06   20.14   library setup time
                                 20.14   data required time
-----------------------------------------------------------------------------
                                 20.14   data required time
                                 -1.71   data arrival time
-----------------------------------------------------------------------------
                                 18.44   slack (MET)


Startpoint: _400_ (rising edge-triggered flip-flop clocked by clk)
Endpoint: _398_ (rising edge-triggered flip-flop clocked by clk)
Path Group: clk
Path Type: max

Fanout     Cap    Slew   Delay    Time   Description
-----------------------------------------------------------------------------
                          0.00    0.00   clock clk (rise edge)
                          0.00    0.00   clock source latency
                  0.20    0.15    0.15 ^ clk (in)
     1    0.04                           clk (net)
                  0.20    0.00    0.15 ^ clkbuf_0_clk/A (sky130_fd_sc_hd__clkbuf_16)
                  0.04    0.18    0.33 ^ clkbuf_0_clk/X (sky130_fd_sc_hd__clkbuf_16)
     2    0.02                           clknet_0_clk (net)
                  0.04    0.00    0.33 ^ clkbuf_1_1__f_clk/A (sky130_fd_sc_hd__clkbuf_16)
                  0.05    0.14    0.47 ^ clkbuf_1_1__f_clk/X (sky130_fd_sc_hd__clkbuf_16)
    14    0.03                           clknet_1_1__leaf_clk (net)
                  0.05    0.00    0.47 ^ _400_/CLK (sky130_fd_sc_hd__dfrtp_4)
                  0.09    0.53    1.00 v _400_/Q (sky130_fd_sc_hd__dfrtp_4)
     7    0.02                           U_PC.pc[2] (net)
                  0.09    0.00    1.00 v _206_/B (sky130_fd_sc_hd__and2b_1)
                  0.06    0.21    1.21 v _206_/X (sky130_fd_sc_hd__and2b_1)
     4    0.01                           _192_ (net)
                  0.06    0.00    1.21 v _207_/A (sky130_fd_sc_hd__clkbuf_4)
                  0.05    0.17    1.39 v _207_/X (sky130_fd_sc_hd__clkbuf_4)
    10    0.02                           _193_ (net)
                  0.05    0.00    1.39 v _357_/A2 (sky130_fd_sc_hd__a21bo_1)
                  0.04    0.20    1.58 v _357_/X (sky130_fd_sc_hd__a21bo_1)
     1    0.00                           U_PC.next_pc[0] (net)
                  0.04    0.00    1.58 v _398_/D (sky130_fd_sc_hd__dfrtp_4)
                                  1.58   data arrival time

                         20.00   20.00   clock clk (rise edge)
                          0.00   20.00   clock source latency
                  0.20    0.14   20.14 ^ clk (in)
     1    0.04                           clk (net)
                  0.20    0.00   20.14 ^ clkbuf_0_clk/A (sky130_fd_sc_hd__clkbuf_16)
                  0.04    0.16   20.30 ^ clkbuf_0_clk/X (sky130_fd_sc_hd__clkbuf_16)
     2    0.02                           clknet_0_clk (net)
                  0.04    0.00   20.30 ^ clkbuf_1_1__f_clk/A (sky130_fd_sc_hd__clkbuf_16)
                  0.05    0.12   20.42 ^ clkbuf_1_1__f_clk/X (sky130_fd_sc_hd__clkbuf_16)
    14    0.03                           clknet_1_1__leaf_clk (net)
                  0.05    0.00   20.42 ^ _398_/CLK (sky130_fd_sc_hd__dfrtp_4)
                         -0.25   20.17   clock uncertainty
                          0.04   20.22   clock reconvergence pessimism
                         -0.11   20.11   library setup time
                                 20.11   data required time
-----------------------------------------------------------------------------
                                 20.11   data required time
                                 -1.58   data arrival time
-----------------------------------------------------------------------------
                                 18.52   slack (MET)



max_report_end
checks_report

===========================================================================
report_checks -unconstrained
===========================================================================
======================= Typical Corner ===================================

Startpoint: rst (input port clocked by clk)
Endpoint: _402_ (recovery check against rising-edge clock clk)
Path Group: asynchronous
Path Type: max

Fanout     Cap    Slew   Delay    Time   Description
-----------------------------------------------------------------------------
                          0.00    0.00   clock clk (rise edge)
                          0.00    0.00   clock network delay (propagated)
                          4.00    4.00 v input external delay
                  0.02    0.01    4.01 v rst (in)
     1    0.01                           rst (net)
                  0.02    0.00    4.01 v input1/A (sky130_fd_sc_hd__buf_1)
                  0.08    0.12    4.14 v input1/X (sky130_fd_sc_hd__buf_1)
     1    0.01                           net1 (net)
                  0.08    0.00    4.14 v _367_/A (sky130_fd_sc_hd__buf_4)
                  0.08    0.21    4.35 v _367_/X (sky130_fd_sc_hd__buf_4)
    10    0.05                           _180_ (net)
                  0.08    0.01    4.35 v _368_/A (sky130_fd_sc_hd__buf_4)
                  0.07    0.20    4.56 v _368_/X (sky130_fd_sc_hd__buf_4)
    10    0.04                           _181_ (net)
                  0.07    0.00    4.56 v _373_/A (sky130_fd_sc_hd__inv_2)
                  0.04    0.06    4.62 ^ _373_/Y (sky130_fd_sc_hd__inv_2)
     1    0.01                           _004_ (net)
                  0.04    0.00    4.62 ^ _402_/RESET_B (sky130_fd_sc_hd__dfrtp_4)
                                  4.62   data arrival time

                         20.00   20.00   clock clk (rise edge)
                          0.00   20.00   clock source latency
                  0.20    0.14   20.14 ^ clk (in)
     1    0.04                           clk (net)
                  0.20    0.00   20.14 ^ clkbuf_0_clk/A (sky130_fd_sc_hd__clkbuf_16)
                  0.04    0.16   20.30 ^ clkbuf_0_clk/X (sky130_fd_sc_hd__clkbuf_16)
     2    0.02                           clknet_0_clk (net)
                  0.04    0.00   20.30 ^ clkbuf_1_1__f_clk/A (sky130_fd_sc_hd__clkbuf_16)
                  0.05    0.12   20.42 ^ clkbuf_1_1__f_clk/X (sky130_fd_sc_hd__clkbuf_16)
    14    0.03                           clknet_1_1__leaf_clk (net)
                  0.05    0.00   20.42 ^ _402_/CLK (sky130_fd_sc_hd__dfrtp_4)
                         -0.25   20.17   clock uncertainty
                          0.00   20.17   clock reconvergence pessimism
                          0.22   20.39   library recovery time
                                 20.39   data required time
-----------------------------------------------------------------------------
                                 20.39   data required time
                                 -4.62   data arrival time
-----------------------------------------------------------------------------
                                 15.78   slack (MET)


Startpoint: _410_ (rising edge-triggered flip-flop clocked by clk)
Endpoint: last_opcode_out[0] (output port clocked by clk)
Path Group: clk
Path Type: max

Fanout     Cap    Slew   Delay    Time   Description
-----------------------------------------------------------------------------
                          0.00    0.00   clock clk (rise edge)
                          0.00    0.00   clock source latency
                  0.20    0.15    0.15 ^ clk (in)
     1    0.04                           clk (net)
                  0.20    0.00    0.15 ^ clkbuf_0_clk/A (sky130_fd_sc_hd__clkbuf_16)
                  0.04    0.18    0.33 ^ clkbuf_0_clk/X (sky130_fd_sc_hd__clkbuf_16)
     2    0.02                           clknet_0_clk (net)
                  0.04    0.00    0.33 ^ clkbuf_1_0__f_clk/A (sky130_fd_sc_hd__clkbuf_16)
                  0.05    0.14    0.47 ^ clkbuf_1_0__f_clk/X (sky130_fd_sc_hd__clkbuf_16)
    14    0.03                           clknet_1_0__leaf_clk (net)
                  0.05    0.00    0.47 ^ _410_/CLK (sky130_fd_sc_hd__dfrtp_4)
                  0.12    0.59    1.05 v _410_/Q (sky130_fd_sc_hd__dfrtp_4)
     3    0.05                           net23 (net)
                  0.12    0.00    1.06 v _427_/A (sky130_fd_sc_hd__clkbuf_1)
                  0.03    0.13    1.19 v _427_/X (sky130_fd_sc_hd__clkbuf_1)
     1    0.00                           net22 (net)
                  0.03    0.00    1.19 v output22/A (sky130_fd_sc_hd__clkbuf_4)
                  0.08    0.19    1.37 v output22/X (sky130_fd_sc_hd__clkbuf_4)
     1    0.03                           last_opcode_out[0] (net)
                  0.08    0.00    1.37 v last_opcode_out[0] (out)
                                  1.37   data arrival time

                         20.00   20.00   clock clk (rise edge)
                          0.00   20.00   clock network delay (propagated)
                         -0.25   19.75   clock uncertainty
                          0.00   19.75   clock reconvergence pessimism
                         -4.00   15.75   output external delay
                                 15.75   data required time
-----------------------------------------------------------------------------
                                 15.75   data required time
                                 -1.37   data arrival time
-----------------------------------------------------------------------------
                                 14.38   slack (MET)




===========================================================================
report_checks --slack_max -0.01
============================================================================
======================= Typical Corner ===================================

No paths found.


===========================================================================
 report_check_types -max_slew -max_cap -max_fanout -violators
============================================================================
======================= Typical Corner ===================================

max fanout

Pin                                   Limit Fanout  Slack
---------------------------------------------------------
clkbuf_1_0__f_clk/X                      10     14     -4 (VIOLATED)
clkbuf_1_1__f_clk/X                      10     14     -4 (VIOLATED)



===========================================================================
report_parasitic_annotation -report_unannotated
============================================================================
Found 271 unannotated drivers.
 clk
 rst
 _197_/X
 _198_/X
 _199_/X
 _200_/X
 _201_/X
 _202_/X
 _203_/X
 _204_/X
 _205_/X
 _206_/X
 _207_/X
 _208_/X
 _209_/Y
 _210_/X
 _211_/X
 _212_/X
 _213_/Y
 _214_/X
 _215_/Y
 _216_/Y
 _217_/Y
 _218_/X
 _219_/X
 _220_/Y
 _221_/X
 _222_/Y
 _223_/Y
 _224_/X
 _225_/Y
 _226_/Y
 _227_/X
 _228_/X
 _229_/X
 _230_/Y
 _231_/Y
 _232_/Y
 _233_/Y
 _234_/Y
 _235_/Y
 _236_/Y
 _237_/X
 _238_/Y
 _239_/Y
 _240_/X
 _241_/X
 _242_/Y
 _243_/X
 _244_/X
 _245_/X
 _246_/X
 _247_/Y
 _248_/X
 _249_/X
 _250_/Y
 _251_/X
 _252_/X
 _253_/Y
 _254_/Y
 _255_/Y
 _256_/X
 _257_/X
 _258_/Y
 _259_/X
 _260_/X
 _261_/X
 _262_/Y
 _263_/X
 _264_/Y
 _265_/X
 _266_/X
 _267_/X
 _268_/X
 _269_/X
 _270_/X
 _271_/X
 _272_/X
 _273_/Y
 _274_/X
 _275_/Y
 _276_/Y
 _277_/Y
 _278_/X
 _279_/X
 _280_/X
 _281_/X
 _282_/Y
 _283_/X
 _284_/X
 _285_/X
 _286_/X
 _287_/Y
 _288_/X
 _289_/Y
 _290_/X
 _291_/X
 _292_/X
 _293_/X
 _294_/X
 _295_/Y
 _296_/Y
 _297_/X
 _298_/X
 _299_/X
 _300_/X
 _301_/Y
 _302_/Y
 _303_/X
 _304_/X
 _305_/X
 _306_/X
 _307_/X
 _308_/X
 _309_/X
 _310_/X
 _311_/X
 _312_/X
 _313_/Y
 _314_/Y
 _315_/Y
 _316_/X
 _317_/X
 _318_/Y
 _319_/X
 _320_/Y
 _321_/X
 _322_/X
 _323_/X
 _324_/X
 _325_/Y
 _326_/X
 _327_/X
 _328_/Y
 _329_/X
 _330_/Y
 _331_/X
 _332_/X
 _333_/X
 _334_/X
 _335_/X
 _336_/X
 _337_/X
 _338_/X
 _339_/X
 _340_/Y
 _341_/X
 _342_/X
 _343_/X
 _344_/X
 _345_/X
 _346_/X
 _347_/X
 _348_/X
 _349_/X
 _350_/X
 _351_/X
 _352_/X
 _353_/X
 _354_/X
 _355_/X
 _356_/X
 _357_/X
 _358_/X
 _359_/X
 _360_/X
 _361_/X
 _362_/Y
 _363_/Y
 _364_/X
 _365_/Y
 _366_/X
 _367_/X
 _368_/X
 _369_/Y
 _370_/Y
 _371_/Y
 _372_/Y
 _373_/Y
 _374_/Y
 _375_/Y
 _376_/Y
 _377_/Y
 _378_/Y
 _379_/X
 _380_/Y
 _381_/Y
 _382_/Y
 _383_/Y
 _384_/Y
 _385_/Y
 _386_/Y
 _387_/Y
 _388_/Y
 _389_/Y
 _390_/Y
 _391_/Y
 _392_/Y
 _393_/Y
 _394_/Y
 _395_/Y
 _396_/Y
 _397_/Y
 _398_/Q
 _399_/Q
 _400_/Q
 _401_/Q
 _402_/Q
 _403_/Q
 _404_/Q
 _405_/Q
 _406_/Q
 _407_/Q
 _408_/Q
 _409_/Q
 _410_/Q
 _411_/Q
 _412_/Q
 _413_/Q
 _414_/Q
 _415_/Q
 _416_/Q
 _417_/Q
 _418_/Q
 _419_/Q
 _420_/Q
 _421_/Q
 _422_/Q
 _423_/Q
 _424_/Q
 _425_/Q
 _427_/X
 _428_/X
 clkbuf_0_clk/X
 clkbuf_1_0__f_clk/X
 clkbuf_1_1__f_clk/X
 computer_30/HI
 computer_30/LO
 hold1/X
 hold2/X
 hold3/X
 input1/X
 max_cap1/X
 max_cap28/X
 max_cap29/X
 output10/X
 output11/X
 output12/X
 output13/X
 output14/X
 output15/X
 output16/X
 output17/X
 output18/X
 output19/X
 output2/X
 output20/X
 output21/X
 output22/X
 output23/X
 output24/X
 output25/X
 output26/X
 output27/X
 output3/X
 output4/X
 output5/X
 output6/X
 output7/X
 output8/X
 output9/X
Found 0 partially unannotated drivers.

===========================================================================
max slew violation count 0
max fanout violation count 2
max cap violation count 0
============================================================================

===========================================================================
check_setup -verbose -unconstrained_endpoints -multiple_clock -no_clock -no_input_delay -loops -generated_clocks
===========================================================================
Warning: There is 1 unconstrained endpoint.
  last_opcode_out[5]
checks_report_end
power_report

===========================================================================
 report_power
============================================================================
======================= Typical Corner ===================================

Group                  Internal  Switching    Leakage      Total
                          Power      Power      Power      Power (Watts)
----------------------------------------------------------------
Sequential             9.03e-05   4.77e-05   3.01e-10   1.38e-04  21.8%
Combinational          2.43e-04   2.53e-04   1.82e-09   4.95e-04  78.2%
Macro                  0.00e+00   0.00e+00   0.00e+00   0.00e+00   0.0%
Pad                    0.00e+00   0.00e+00   0.00e+00   0.00e+00   0.0%
----------------------------------------------------------------
Total                  3.33e-04   3.00e-04   2.12e-09   6.33e-04 100.0%
                          52.6%      47.4%       0.0%

power_report_end
skew_report

===========================================================================
report_clock_skew
============================================================================
Clock clk
Latency      CRPR       Skew
_398_/CLK ^
   0.47
_406_/CLK ^
   0.42     -0.03       0.01

skew_report_end
summary_report

===========================================================================
report_tns
============================================================================
tns 0.00

===========================================================================
report_wns
============================================================================
wns 0.00

===========================================================================
report_worst_slack -max (Setup)
============================================================================
worst slack 14.38

===========================================================================
report_worst_slack -min (Hold)
============================================================================
worst slack 0.27
summary_report_end
area_report

===========================================================================
report_design_area
============================================================================
Design area 5105 u^2 4% utilization.
area_report_end
[WARNING] Did not save OpenROAD database!
Writing SDF to '/home/zerotoasic/Documents/proyecto3/arqui-comp-proyecto-3/runs/computer_final/results/signoff/computer.sdf'…
Writing timing model to '/home/zerotoasic/Documents/proyecto3/arqui-comp-proyecto-3/runs/computer_final/results/signoff/computer.lib'…
