OpenROAD 41a51eaf4ca2171c92ff38afb91eb37bbd3f36da 
This program is licensed under the BSD-3 license. See the LICENSE file for details.
Components of this program may be licensed under more restrictive licenses which must be honored.
[INFO]: Reading ODB at '/home/zerotoasic/Documents/proyecto3/arqui-comp-proyecto-3/runs/computer_final/tmp/routing/19-global.odb'…
define_corners Typical
read_liberty -corner Typical /home/zerotoasic/asic_tools/pdk/sky130A/libs.ref/sky130_fd_sc_hd/lib/sky130_fd_sc_hd__tt_025C_1v80.lib
Using 1e-12 for capacitance...
Using 1e+03 for resistance...
Using 1e-09 for time...
Using 1e+00 for voltage...
Using 1e-03 for current...
Using 1e-09 for power...
Using 1e-06 for distance...
Reading design constraints file at '/home/zerotoasic/Documents/proyecto3/arqui-comp-proyecto-3/runs/computer_final/tmp/17-computer.sdc'…
min_report

===========================================================================
report_checks -path_delay min (Hold)
============================================================================
======================= Typical Corner ===================================

Startpoint: _417_ (rising edge-triggered flip-flop clocked by clk)
Endpoint: _417_ (rising edge-triggered flip-flop clocked by clk)
Path Group: clk
Path Type: min

Fanout     Cap    Slew   Delay    Time   Description
-----------------------------------------------------------------------------
                          0.00    0.00   clock clk (rise edge)
                          0.00    0.00   clock source latency
                  0.04    0.03    0.03 ^ clk (in)
     1    0.01                           clk (net)
                  0.04    0.00    0.03 ^ clkbuf_0_clk/A (sky130_fd_sc_hd__clkbuf_16)
                  0.04    0.11    0.14 ^ clkbuf_0_clk/X (sky130_fd_sc_hd__clkbuf_16)
     2    0.02                           clknet_0_clk (net)
                  0.04    0.00    0.14 ^ clkbuf_1_0__f_clk/A (sky130_fd_sc_hd__clkbuf_16)
                  0.05    0.12    0.26 ^ clkbuf_1_0__f_clk/X (sky130_fd_sc_hd__clkbuf_16)
    14    0.03                           clknet_1_0__leaf_clk (net)
                  0.05    0.00    0.26 ^ _417_/CLK (sky130_fd_sc_hd__dfrtp_4)
                  0.06    0.38    0.64 ^ _417_/Q (sky130_fd_sc_hd__dfrtp_4)
     3    0.01                           net21 (net)
                  0.06    0.00    0.64 ^ _313_/A (sky130_fd_sc_hd__nand2_1)
                  0.03    0.04    0.69 v _313_/Y (sky130_fd_sc_hd__nand2_1)
     1    0.00                           _146_ (net)
                  0.03    0.00    0.69 v _314_/B1 (sky130_fd_sc_hd__o41ai_1)
                  0.04    0.04    0.73 ^ _314_/Y (sky130_fd_sc_hd__o41ai_1)
     1    0.00                           _043_ (net)
                  0.04    0.00    0.73 ^ _417_/D (sky130_fd_sc_hd__dfrtp_4)
                                  0.73   data arrival time

                          0.00    0.00   clock clk (rise edge)
                          0.00    0.00   clock source latency
                  0.04    0.03    0.03 ^ clk (in)
     1    0.01                           clk (net)
                  0.04    0.00    0.03 ^ clkbuf_0_clk/A (sky130_fd_sc_hd__clkbuf_16)
                  0.04    0.13    0.16 ^ clkbuf_0_clk/X (sky130_fd_sc_hd__clkbuf_16)
     2    0.02                           clknet_0_clk (net)
                  0.04    0.00    0.16 ^ clkbuf_1_0__f_clk/A (sky130_fd_sc_hd__clkbuf_16)
                  0.05    0.14    0.29 ^ clkbuf_1_0__f_clk/X (sky130_fd_sc_hd__clkbuf_16)
    14    0.03                           clknet_1_0__leaf_clk (net)
                  0.05    0.00    0.29 ^ _417_/CLK (sky130_fd_sc_hd__dfrtp_4)
                          0.25    0.54   clock uncertainty
                         -0.03    0.51   clock reconvergence pessimism
                         -0.03    0.48   library hold time
                                  0.48   data required time
-----------------------------------------------------------------------------
                                  0.48   data required time
                                 -0.73   data arrival time
-----------------------------------------------------------------------------
                                  0.25   slack (MET)


Startpoint: _414_ (rising edge-triggered flip-flop clocked by clk)
Endpoint: _414_ (rising edge-triggered flip-flop clocked by clk)
Path Group: clk
Path Type: min

Fanout     Cap    Slew   Delay    Time   Description
-----------------------------------------------------------------------------
                          0.00    0.00   clock clk (rise edge)
                          0.00    0.00   clock source latency
                  0.04    0.03    0.03 ^ clk (in)
     1    0.01                           clk (net)
                  0.04    0.00    0.03 ^ clkbuf_0_clk/A (sky130_fd_sc_hd__clkbuf_16)
                  0.04    0.11    0.14 ^ clkbuf_0_clk/X (sky130_fd_sc_hd__clkbuf_16)
     2    0.02                           clknet_0_clk (net)
                  0.04    0.00    0.14 ^ clkbuf_1_0__f_clk/A (sky130_fd_sc_hd__clkbuf_16)
                  0.05    0.12    0.26 ^ clkbuf_1_0__f_clk/X (sky130_fd_sc_hd__clkbuf_16)
    14    0.03                           clknet_1_0__leaf_clk (net)
                  0.05    0.00    0.26 ^ _414_/CLK (sky130_fd_sc_hd__dfrtp_4)
                  0.05    0.37    0.63 ^ _414_/Q (sky130_fd_sc_hd__dfrtp_4)
     2    0.00                           net18 (net)
                  0.05    0.00    0.63 ^ _333_/B2 (sky130_fd_sc_hd__a2bb2o_1)
                  0.04    0.11    0.74 ^ _333_/X (sky130_fd_sc_hd__a2bb2o_1)
     1    0.00                           _040_ (net)
                  0.04    0.00    0.74 ^ _414_/D (sky130_fd_sc_hd__dfrtp_4)
                                  0.74   data arrival time

                          0.00    0.00   clock clk (rise edge)
                          0.00    0.00   clock source latency
                  0.04    0.03    0.03 ^ clk (in)
     1    0.01                           clk (net)
                  0.04    0.00    0.03 ^ clkbuf_0_clk/A (sky130_fd_sc_hd__clkbuf_16)
                  0.04    0.13    0.16 ^ clkbuf_0_clk/X (sky130_fd_sc_hd__clkbuf_16)
     2    0.02                           clknet_0_clk (net)
                  0.04    0.00    0.16 ^ clkbuf_1_0__f_clk/A (sky130_fd_sc_hd__clkbuf_16)
                  0.05    0.14    0.29 ^ clkbuf_1_0__f_clk/X (sky130_fd_sc_hd__clkbuf_16)
    14    0.03                           clknet_1_0__leaf_clk (net)
                  0.05    0.00    0.29 ^ _414_/CLK (sky130_fd_sc_hd__dfrtp_4)
                          0.25    0.54   clock uncertainty
                         -0.03    0.51   clock reconvergence pessimism
                         -0.03    0.48   library hold time
                                  0.48   data required time
-----------------------------------------------------------------------------
                                  0.48   data required time
                                 -0.74   data arrival time
-----------------------------------------------------------------------------
                                  0.26   slack (MET)


Startpoint: _415_ (rising edge-triggered flip-flop clocked by clk)
Endpoint: _415_ (rising edge-triggered flip-flop clocked by clk)
Path Group: clk
Path Type: min

Fanout     Cap    Slew   Delay    Time   Description
-----------------------------------------------------------------------------
                          0.00    0.00   clock clk (rise edge)
                          0.00    0.00   clock source latency
                  0.04    0.03    0.03 ^ clk (in)
     1    0.01                           clk (net)
                  0.04    0.00    0.03 ^ clkbuf_0_clk/A (sky130_fd_sc_hd__clkbuf_16)
                  0.04    0.11    0.14 ^ clkbuf_0_clk/X (sky130_fd_sc_hd__clkbuf_16)
     2    0.02                           clknet_0_clk (net)
                  0.04    0.00    0.14 ^ clkbuf_1_0__f_clk/A (sky130_fd_sc_hd__clkbuf_16)
                  0.05    0.12    0.26 ^ clkbuf_1_0__f_clk/X (sky130_fd_sc_hd__clkbuf_16)
    14    0.03                           clknet_1_0__leaf_clk (net)
                  0.05    0.00    0.26 ^ _415_/CLK (sky130_fd_sc_hd__dfrtp_4)
                  0.05    0.37    0.63 ^ _415_/Q (sky130_fd_sc_hd__dfrtp_4)
     2    0.00                           net19 (net)
                  0.05    0.00    0.63 ^ _327_/B2 (sky130_fd_sc_hd__a2bb2o_1)
                  0.04    0.11    0.74 ^ _327_/X (sky130_fd_sc_hd__a2bb2o_1)
     1    0.00                           _041_ (net)
                  0.04    0.00    0.74 ^ _415_/D (sky130_fd_sc_hd__dfrtp_4)
                                  0.74   data arrival time

                          0.00    0.00   clock clk (rise edge)
                          0.00    0.00   clock source latency
                  0.04    0.03    0.03 ^ clk (in)
     1    0.01                           clk (net)
                  0.04    0.00    0.03 ^ clkbuf_0_clk/A (sky130_fd_sc_hd__clkbuf_16)
                  0.04    0.13    0.16 ^ clkbuf_0_clk/X (sky130_fd_sc_hd__clkbuf_16)
     2    0.02                           clknet_0_clk (net)
                  0.04    0.00    0.16 ^ clkbuf_1_0__f_clk/A (sky130_fd_sc_hd__clkbuf_16)
                  0.05    0.14    0.29 ^ clkbuf_1_0__f_clk/X (sky130_fd_sc_hd__clkbuf_16)
    14    0.03                           clknet_1_0__leaf_clk (net)
                  0.05    0.00    0.29 ^ _415_/CLK (sky130_fd_sc_hd__dfrtp_4)
                          0.25    0.54   clock uncertainty
                         -0.03    0.51   clock reconvergence pessimism
                         -0.03    0.48   library hold time
                                  0.48   data required time
-----------------------------------------------------------------------------
                                  0.48   data required time
                                 -0.74   data arrival time
-----------------------------------------------------------------------------
                                  0.26   slack (MET)


Startpoint: _408_ (rising edge-triggered flip-flop clocked by clk)
Endpoint: _408_ (rising edge-triggered flip-flop clocked by clk)
Path Group: clk
Path Type: min

Fanout     Cap    Slew   Delay    Time   Description
-----------------------------------------------------------------------------
                          0.00    0.00   clock clk (rise edge)
                          0.00    0.00   clock source latency
                  0.04    0.03    0.03 ^ clk (in)
     1    0.01                           clk (net)
                  0.04    0.00    0.03 ^ clkbuf_0_clk/A (sky130_fd_sc_hd__clkbuf_16)
                  0.04    0.11    0.14 ^ clkbuf_0_clk/X (sky130_fd_sc_hd__clkbuf_16)
     2    0.02                           clknet_0_clk (net)
                  0.04    0.00    0.14 ^ clkbuf_1_0__f_clk/A (sky130_fd_sc_hd__clkbuf_16)
                  0.05    0.12    0.26 ^ clkbuf_1_0__f_clk/X (sky130_fd_sc_hd__clkbuf_16)
    14    0.03                           clknet_1_0__leaf_clk (net)
                  0.05    0.00    0.26 ^ _408_/CLK (sky130_fd_sc_hd__dfrtp_4)
                  0.06    0.38    0.64 ^ _408_/Q (sky130_fd_sc_hd__dfrtp_4)
     3    0.01                           net8 (net)
                  0.06    0.00    0.64 ^ _344_/A1 (sky130_fd_sc_hd__o21a_1)
                  0.04    0.10    0.74 ^ _344_/X (sky130_fd_sc_hd__o21a_1)
     1    0.00                           _034_ (net)
                  0.04    0.00    0.74 ^ _408_/D (sky130_fd_sc_hd__dfrtp_4)
                                  0.74   data arrival time

                          0.00    0.00   clock clk (rise edge)
                          0.00    0.00   clock source latency
                  0.04    0.03    0.03 ^ clk (in)
     1    0.01                           clk (net)
                  0.04    0.00    0.03 ^ clkbuf_0_clk/A (sky130_fd_sc_hd__clkbuf_16)
                  0.04    0.13    0.16 ^ clkbuf_0_clk/X (sky130_fd_sc_hd__clkbuf_16)
     2    0.02                           clknet_0_clk (net)
                  0.04    0.00    0.16 ^ clkbuf_1_0__f_clk/A (sky130_fd_sc_hd__clkbuf_16)
                  0.05    0.14    0.29 ^ clkbuf_1_0__f_clk/X (sky130_fd_sc_hd__clkbuf_16)
    14    0.03                           clknet_1_0__leaf_clk (net)
                  0.05    0.00    0.29 ^ _408_/CLK (sky130_fd_sc_hd__dfrtp_4)
                          0.25    0.54   clock uncertainty
                         -0.03    0.51   clock reconvergence pessimism
                         -0.03    0.48   library hold time
                                  0.48   data required time
-----------------------------------------------------------------------------
                                  0.48   data required time
                                 -0.74   data arrival time
-----------------------------------------------------------------------------
                                  0.26   slack (MET)


Startpoint: _418_ (rising edge-triggered flip-flop clocked by clk)
Endpoint: _418_ (rising edge-triggered flip-flop clocked by clk)
Path Group: clk
Path Type: min

Fanout     Cap    Slew   Delay    Time   Description
-----------------------------------------------------------------------------
                          0.00    0.00   clock clk (rise edge)
                          0.00    0.00   clock source latency
                  0.04    0.03    0.03 ^ clk (in)
     1    0.01                           clk (net)
                  0.04    0.00    0.03 ^ clkbuf_0_clk/A (sky130_fd_sc_hd__clkbuf_16)
                  0.04    0.11    0.14 ^ clkbuf_0_clk/X (sky130_fd_sc_hd__clkbuf_16)
     2    0.02                           clknet_0_clk (net)
                  0.04    0.00    0.14 ^ clkbuf_1_1__f_clk/A (sky130_fd_sc_hd__clkbuf_16)
                  0.05    0.12    0.26 ^ clkbuf_1_1__f_clk/X (sky130_fd_sc_hd__clkbuf_16)
    14    0.03                           clknet_1_1__leaf_clk (net)
                  0.05    0.00    0.26 ^ _418_/CLK (sky130_fd_sc_hd__dfrtp_4)
                  0.09    0.42    0.68 ^ _418_/Q (sky130_fd_sc_hd__dfrtp_4)
     5    0.02                           net10 (net)
                  0.09    0.00    0.68 ^ _301_/A1 (sky130_fd_sc_hd__a21oi_1)
                  0.04    0.06    0.74 v _301_/Y (sky130_fd_sc_hd__a21oi_1)
     1    0.00                           _044_ (net)
                  0.04    0.00    0.74 v _418_/D (sky130_fd_sc_hd__dfrtp_4)
                                  0.74   data arrival time

                          0.00    0.00   clock clk (rise edge)
                          0.00    0.00   clock source latency
                  0.04    0.03    0.03 ^ clk (in)
     1    0.01                           clk (net)
                  0.04    0.00    0.03 ^ clkbuf_0_clk/A (sky130_fd_sc_hd__clkbuf_16)
                  0.04    0.13    0.16 ^ clkbuf_0_clk/X (sky130_fd_sc_hd__clkbuf_16)
     2    0.02                           clknet_0_clk (net)
                  0.04    0.00    0.16 ^ clkbuf_1_1__f_clk/A (sky130_fd_sc_hd__clkbuf_16)
                  0.05    0.14    0.29 ^ clkbuf_1_1__f_clk/X (sky130_fd_sc_hd__clkbuf_16)
    14    0.03                           clknet_1_1__leaf_clk (net)
                  0.05    0.00    0.29 ^ _418_/CLK (sky130_fd_sc_hd__dfrtp_4)
                          0.25    0.54   clock uncertainty
                         -0.03    0.51   clock reconvergence pessimism
                         -0.04    0.48   library hold time
                                  0.48   data required time
-----------------------------------------------------------------------------
                                  0.48   data required time
                                 -0.74   data arrival time
-----------------------------------------------------------------------------
                                  0.26   slack (MET)


Startpoint: _410_ (rising edge-triggered flip-flop clocked by clk)
Endpoint: _410_ (rising edge-triggered flip-flop clocked by clk)
Path Group: clk
Path Type: min

Fanout     Cap    Slew   Delay    Time   Description
-----------------------------------------------------------------------------
                          0.00    0.00   clock clk (rise edge)
                          0.00    0.00   clock source latency
                  0.04    0.03    0.03 ^ clk (in)
     1    0.01                           clk (net)
                  0.04    0.00    0.03 ^ clkbuf_0_clk/A (sky130_fd_sc_hd__clkbuf_16)
                  0.04    0.11    0.14 ^ clkbuf_0_clk/X (sky130_fd_sc_hd__clkbuf_16)
     2    0.02                           clknet_0_clk (net)
                  0.04    0.00    0.14 ^ clkbuf_1_0__f_clk/A (sky130_fd_sc_hd__clkbuf_16)
                  0.05    0.12    0.26 ^ clkbuf_1_0__f_clk/X (sky130_fd_sc_hd__clkbuf_16)
    14    0.03                           clknet_1_0__leaf_clk (net)
                  0.05    0.00    0.26 ^ _410_/CLK (sky130_fd_sc_hd__dfrtp_4)
                  0.06    0.38    0.64 ^ _410_/Q (sky130_fd_sc_hd__dfrtp_4)
     3    0.01                           net23 (net)
                  0.06    0.00    0.64 ^ _339_/A1 (sky130_fd_sc_hd__a31o_1)
                  0.04    0.11    0.75 ^ _339_/X (sky130_fd_sc_hd__a31o_1)
     1    0.00                           _036_ (net)
                  0.04    0.00    0.75 ^ _410_/D (sky130_fd_sc_hd__dfrtp_4)
                                  0.75   data arrival time

                          0.00    0.00   clock clk (rise edge)
                          0.00    0.00   clock source latency
                  0.04    0.03    0.03 ^ clk (in)
     1    0.01                           clk (net)
                  0.04    0.00    0.03 ^ clkbuf_0_clk/A (sky130_fd_sc_hd__clkbuf_16)
                  0.04    0.13    0.16 ^ clkbuf_0_clk/X (sky130_fd_sc_hd__clkbuf_16)
     2    0.02                           clknet_0_clk (net)
                  0.04    0.00    0.16 ^ clkbuf_1_0__f_clk/A (sky130_fd_sc_hd__clkbuf_16)
                  0.05    0.14    0.29 ^ clkbuf_1_0__f_clk/X (sky130_fd_sc_hd__clkbuf_16)
    14    0.03                           clknet_1_0__leaf_clk (net)
                  0.05    0.00    0.29 ^ _410_/CLK (sky130_fd_sc_hd__dfrtp_4)
                          0.25    0.54   clock uncertainty
                         -0.03    0.51   clock reconvergence pessimism
                         -0.03    0.48   library hold time
                                  0.48   data required time
-----------------------------------------------------------------------------
                                  0.48   data required time
                                 -0.75   data arrival time
-----------------------------------------------------------------------------
                                  0.27   slack (MET)


Startpoint: _424_ (rising edge-triggered flip-flop clocked by clk)
Endpoint: _424_ (rising edge-triggered flip-flop clocked by clk)
Path Group: clk
Path Type: min

Fanout     Cap    Slew   Delay    Time   Description
-----------------------------------------------------------------------------
                          0.00    0.00   clock clk (rise edge)
                          0.00    0.00   clock source latency
                  0.04    0.03    0.03 ^ clk (in)
     1    0.01                           clk (net)
                  0.04    0.00    0.03 ^ clkbuf_0_clk/A (sky130_fd_sc_hd__clkbuf_16)
                  0.04    0.11    0.14 ^ clkbuf_0_clk/X (sky130_fd_sc_hd__clkbuf_16)
     2    0.02                           clknet_0_clk (net)
                  0.04    0.00    0.14 ^ clkbuf_1_0__f_clk/A (sky130_fd_sc_hd__clkbuf_16)
                  0.05    0.12    0.26 ^ clkbuf_1_0__f_clk/X (sky130_fd_sc_hd__clkbuf_16)
    14    0.03                           clknet_1_0__leaf_clk (net)
                  0.05    0.00    0.26 ^ _424_/CLK (sky130_fd_sc_hd__dfrtp_4)
                  0.08    0.40    0.66 ^ _424_/Q (sky130_fd_sc_hd__dfrtp_4)
     6    0.01                           net16 (net)
                  0.08    0.00    0.66 ^ _272_/A1 (sky130_fd_sc_hd__a21o_1)
                  0.03    0.10    0.76 ^ _272_/X (sky130_fd_sc_hd__a21o_1)
     1    0.00                           _050_ (net)
                  0.03    0.00    0.76 ^ _424_/D (sky130_fd_sc_hd__dfrtp_4)
                                  0.76   data arrival time

                          0.00    0.00   clock clk (rise edge)
                          0.00    0.00   clock source latency
                  0.04    0.03    0.03 ^ clk (in)
     1    0.01                           clk (net)
                  0.04    0.00    0.03 ^ clkbuf_0_clk/A (sky130_fd_sc_hd__clkbuf_16)
                  0.04    0.13    0.16 ^ clkbuf_0_clk/X (sky130_fd_sc_hd__clkbuf_16)
     2    0.02                           clknet_0_clk (net)
                  0.04    0.00    0.16 ^ clkbuf_1_0__f_clk/A (sky130_fd_sc_hd__clkbuf_16)
                  0.05    0.14    0.29 ^ clkbuf_1_0__f_clk/X (sky130_fd_sc_hd__clkbuf_16)
    14    0.03                           clknet_1_0__leaf_clk (net)
                  0.05    0.00    0.29 ^ _424_/CLK (sky130_fd_sc_hd__dfrtp_4)
                          0.25    0.54   clock uncertainty
                         -0.03    0.51   clock reconvergence pessimism
                         -0.03    0.48   library hold time
                                  0.48   data required time
-----------------------------------------------------------------------------
                                  0.48   data required time
                                 -0.76   data arrival time
-----------------------------------------------------------------------------
                                  0.28   slack (MET)


Startpoint: _399_ (rising edge-triggered flip-flop clocked by clk)
Endpoint: _398_ (rising edge-triggered flip-flop clocked by clk)
Path Group: clk
Path Type: min

Fanout     Cap    Slew   Delay    Time   Description
-----------------------------------------------------------------------------
                          0.00    0.00   clock clk (rise edge)
                          0.00    0.00   clock source latency
                  0.04    0.03    0.03 ^ clk (in)
     1    0.01                           clk (net)
                  0.04    0.00    0.03 ^ clkbuf_0_clk/A (sky130_fd_sc_hd__clkbuf_16)
                  0.04    0.11    0.14 ^ clkbuf_0_clk/X (sky130_fd_sc_hd__clkbuf_16)
     2    0.02                           clknet_0_clk (net)
                  0.04    0.00    0.14 ^ clkbuf_1_1__f_clk/A (sky130_fd_sc_hd__clkbuf_16)
                  0.05    0.12    0.26 ^ clkbuf_1_1__f_clk/X (sky130_fd_sc_hd__clkbuf_16)
    14    0.03                           clknet_1_1__leaf_clk (net)
                  0.05    0.00    0.26 ^ _399_/CLK (sky130_fd_sc_hd__dfrtp_4)
                  0.11    0.43    0.69 ^ _399_/Q (sky130_fd_sc_hd__dfrtp_4)
     9    0.03                           U_PC.pc[1] (net)
                  0.11    0.00    0.69 ^ _357_/A1 (sky130_fd_sc_hd__a21bo_1)
                  0.03    0.11    0.80 ^ _357_/X (sky130_fd_sc_hd__a21bo_1)
     1    0.00                           U_PC.next_pc[0] (net)
                  0.03    0.00    0.80 ^ _398_/D (sky130_fd_sc_hd__dfrtp_4)
                                  0.80   data arrival time

                          0.00    0.00   clock clk (rise edge)
                          0.00    0.00   clock source latency
                  0.04    0.03    0.03 ^ clk (in)
     1    0.01                           clk (net)
                  0.04    0.00    0.03 ^ clkbuf_0_clk/A (sky130_fd_sc_hd__clkbuf_16)
                  0.04    0.13    0.16 ^ clkbuf_0_clk/X (sky130_fd_sc_hd__clkbuf_16)
     2    0.02                           clknet_0_clk (net)
                  0.04    0.00    0.16 ^ clkbuf_1_1__f_clk/A (sky130_fd_sc_hd__clkbuf_16)
                  0.05    0.14    0.29 ^ clkbuf_1_1__f_clk/X (sky130_fd_sc_hd__clkbuf_16)
    14    0.03                           clknet_1_1__leaf_clk (net)
                  0.05    0.00    0.29 ^ _398_/CLK (sky130_fd_sc_hd__dfrtp_4)
                          0.25    0.54   clock uncertainty
                         -0.03    0.51   clock reconvergence pessimism
                         -0.03    0.48   library hold time
                                  0.48   data required time
-----------------------------------------------------------------------------
                                  0.48   data required time
                                 -0.80   data arrival time
-----------------------------------------------------------------------------
                                  0.31   slack (MET)


Startpoint: _407_ (rising edge-triggered flip-flop clocked by clk)
Endpoint: _407_ (rising edge-triggered flip-flop clocked by clk)
Path Group: clk
Path Type: min

Fanout     Cap    Slew   Delay    Time   Description
-----------------------------------------------------------------------------
                          0.00    0.00   clock clk (rise edge)
                          0.00    0.00   clock source latency
                  0.04    0.03    0.03 ^ clk (in)
     1    0.01                           clk (net)
                  0.04    0.00    0.03 ^ clkbuf_0_clk/A (sky130_fd_sc_hd__clkbuf_16)
                  0.04    0.11    0.14 ^ clkbuf_0_clk/X (sky130_fd_sc_hd__clkbuf_16)
     2    0.02                           clknet_0_clk (net)
                  0.04    0.00    0.14 ^ clkbuf_1_0__f_clk/A (sky130_fd_sc_hd__clkbuf_16)
                  0.05    0.12    0.26 ^ clkbuf_1_0__f_clk/X (sky130_fd_sc_hd__clkbuf_16)
    14    0.03                           clknet_1_0__leaf_clk (net)
                  0.05    0.00    0.26 ^ _407_/CLK (sky130_fd_sc_hd__dfrtp_4)
                  0.05    0.37    0.64 ^ _407_/Q (sky130_fd_sc_hd__dfrtp_4)
     3    0.00                           net7 (net)
                  0.05    0.00    0.64 ^ _345_/A0 (sky130_fd_sc_hd__mux2_1)
                  0.04    0.11    0.74 ^ _345_/X (sky130_fd_sc_hd__mux2_1)
     1    0.00                           _168_ (net)
                  0.04    0.00    0.74 ^ _346_/A (sky130_fd_sc_hd__clkbuf_1)
                  0.04    0.07    0.81 ^ _346_/X (sky130_fd_sc_hd__clkbuf_1)
     1    0.00                           _033_ (net)
                  0.04    0.00    0.81 ^ _407_/D (sky130_fd_sc_hd__dfrtp_4)
                                  0.81   data arrival time

                          0.00    0.00   clock clk (rise edge)
                          0.00    0.00   clock source latency
                  0.04    0.03    0.03 ^ clk (in)
     1    0.01                           clk (net)
                  0.04    0.00    0.03 ^ clkbuf_0_clk/A (sky130_fd_sc_hd__clkbuf_16)
                  0.04    0.13    0.16 ^ clkbuf_0_clk/X (sky130_fd_sc_hd__clkbuf_16)
     2    0.02                           clknet_0_clk (net)
                  0.04    0.00    0.16 ^ clkbuf_1_0__f_clk/A (sky130_fd_sc_hd__clkbuf_16)
                  0.05    0.14    0.29 ^ clkbuf_1_0__f_clk/X (sky130_fd_sc_hd__clkbuf_16)
    14    0.03                           clknet_1_0__leaf_clk (net)
                  0.05    0.00    0.29 ^ _407_/CLK (sky130_fd_sc_hd__dfrtp_4)
                          0.25    0.54   clock uncertainty
                         -0.03    0.51   clock reconvergence pessimism
                         -0.03    0.48   library hold time
                                  0.48   data required time
-----------------------------------------------------------------------------
                                  0.48   data required time
                                 -0.81   data arrival time
-----------------------------------------------------------------------------
                                  0.33   slack (MET)


Startpoint: _403_ (rising edge-triggered flip-flop clocked by clk)
Endpoint: _403_ (rising edge-triggered flip-flop clocked by clk)
Path Group: clk
Path Type: min

Fanout     Cap    Slew   Delay    Time   Description
-----------------------------------------------------------------------------
                          0.00    0.00   clock clk (rise edge)
                          0.00    0.00   clock source latency
                  0.04    0.03    0.03 ^ clk (in)
     1    0.01                           clk (net)
                  0.04    0.00    0.03 ^ clkbuf_0_clk/A (sky130_fd_sc_hd__clkbuf_16)
                  0.04    0.11    0.14 ^ clkbuf_0_clk/X (sky130_fd_sc_hd__clkbuf_16)
     2    0.02                           clknet_0_clk (net)
                  0.04    0.00    0.14 ^ clkbuf_1_1__f_clk/A (sky130_fd_sc_hd__clkbuf_16)
                  0.05    0.12    0.26 ^ clkbuf_1_1__f_clk/X (sky130_fd_sc_hd__clkbuf_16)
    14    0.03                           clknet_1_1__leaf_clk (net)
                  0.05    0.00    0.26 ^ _403_/CLK (sky130_fd_sc_hd__dfrtp_4)
                  0.05    0.37    0.64 ^ _403_/Q (sky130_fd_sc_hd__dfrtp_4)
     3    0.01                           net3 (net)
                  0.05    0.00    0.64 ^ _353_/A0 (sky130_fd_sc_hd__mux2_1)
                  0.04    0.11    0.74 ^ _353_/X (sky130_fd_sc_hd__mux2_1)
     1    0.00                           _172_ (net)
                  0.04    0.00    0.74 ^ _354_/A (sky130_fd_sc_hd__clkbuf_1)
                  0.04    0.07    0.81 ^ _354_/X (sky130_fd_sc_hd__clkbuf_1)
     1    0.00                           _029_ (net)
                  0.04    0.00    0.81 ^ _403_/D (sky130_fd_sc_hd__dfrtp_4)
                                  0.81   data arrival time

                          0.00    0.00   clock clk (rise edge)
                          0.00    0.00   clock source latency
                  0.04    0.03    0.03 ^ clk (in)
     1    0.01                           clk (net)
                  0.04    0.00    0.03 ^ clkbuf_0_clk/A (sky130_fd_sc_hd__clkbuf_16)
                  0.04    0.13    0.16 ^ clkbuf_0_clk/X (sky130_fd_sc_hd__clkbuf_16)
     2    0.02                           clknet_0_clk (net)
                  0.04    0.00    0.16 ^ clkbuf_1_1__f_clk/A (sky130_fd_sc_hd__clkbuf_16)
                  0.05    0.14    0.29 ^ clkbuf_1_1__f_clk/X (sky130_fd_sc_hd__clkbuf_16)
    14    0.03                           clknet_1_1__leaf_clk (net)
                  0.05    0.00    0.29 ^ _403_/CLK (sky130_fd_sc_hd__dfrtp_4)
                          0.25    0.54   clock uncertainty
                         -0.03    0.51   clock reconvergence pessimism
                         -0.03    0.48   library hold time
                                  0.48   data required time
-----------------------------------------------------------------------------
                                  0.48   data required time
                                 -0.81   data arrival time
-----------------------------------------------------------------------------
                                  0.33   slack (MET)


Startpoint: _405_ (rising edge-triggered flip-flop clocked by clk)
Endpoint: _405_ (rising edge-triggered flip-flop clocked by clk)
Path Group: clk
Path Type: min

Fanout     Cap    Slew   Delay    Time   Description
-----------------------------------------------------------------------------
                          0.00    0.00   clock clk (rise edge)
                          0.00    0.00   clock source latency
                  0.04    0.03    0.03 ^ clk (in)
     1    0.01                           clk (net)
                  0.04    0.00    0.03 ^ clkbuf_0_clk/A (sky130_fd_sc_hd__clkbuf_16)
                  0.04    0.11    0.14 ^ clkbuf_0_clk/X (sky130_fd_sc_hd__clkbuf_16)
     2    0.02                           clknet_0_clk (net)
                  0.04    0.00    0.14 ^ clkbuf_1_1__f_clk/A (sky130_fd_sc_hd__clkbuf_16)
                  0.05    0.12    0.26 ^ clkbuf_1_1__f_clk/X (sky130_fd_sc_hd__clkbuf_16)
    14    0.03                           clknet_1_1__leaf_clk (net)
                  0.05    0.00    0.26 ^ _405_/CLK (sky130_fd_sc_hd__dfrtp_4)
                  0.05    0.37    0.64 ^ _405_/Q (sky130_fd_sc_hd__dfrtp_4)
     3    0.01                           net5 (net)
                  0.05    0.00    0.64 ^ _349_/A0 (sky130_fd_sc_hd__mux2_1)
                  0.04    0.11    0.74 ^ _349_/X (sky130_fd_sc_hd__mux2_1)
     1    0.00                           _170_ (net)
                  0.04    0.00    0.74 ^ _350_/A (sky130_fd_sc_hd__clkbuf_1)
                  0.04    0.07    0.81 ^ _350_/X (sky130_fd_sc_hd__clkbuf_1)
     1    0.00                           _031_ (net)
                  0.04    0.00    0.81 ^ _405_/D (sky130_fd_sc_hd__dfrtp_4)
                                  0.81   data arrival time

                          0.00    0.00   clock clk (rise edge)
                          0.00    0.00   clock source latency
                  0.04    0.03    0.03 ^ clk (in)
     1    0.01                           clk (net)
                  0.04    0.00    0.03 ^ clkbuf_0_clk/A (sky130_fd_sc_hd__clkbuf_16)
                  0.04    0.13    0.16 ^ clkbuf_0_clk/X (sky130_fd_sc_hd__clkbuf_16)
     2    0.02                           clknet_0_clk (net)
                  0.04    0.00    0.16 ^ clkbuf_1_1__f_clk/A (sky130_fd_sc_hd__clkbuf_16)
                  0.05    0.14    0.29 ^ clkbuf_1_1__f_clk/X (sky130_fd_sc_hd__clkbuf_16)
    14    0.03                           clknet_1_1__leaf_clk (net)
                  0.05    0.00    0.29 ^ _405_/CLK (sky130_fd_sc_hd__dfrtp_4)
                          0.25    0.54   clock uncertainty
                         -0.03    0.51   clock reconvergence pessimism
                         -0.03    0.48   library hold time
                                  0.48   data required time
-----------------------------------------------------------------------------
                                  0.48   data required time
                                 -0.81   data arrival time
-----------------------------------------------------------------------------
                                  0.33   slack (MET)


Startpoint: _416_ (rising edge-triggered flip-flop clocked by clk)
Endpoint: _416_ (rising edge-triggered flip-flop clocked by clk)
Path Group: clk
Path Type: min

Fanout     Cap    Slew   Delay    Time   Description
-----------------------------------------------------------------------------
                          0.00    0.00   clock clk (rise edge)
                          0.00    0.00   clock source latency
                  0.04    0.03    0.03 ^ clk (in)
     1    0.01                           clk (net)
                  0.04    0.00    0.03 ^ clkbuf_0_clk/A (sky130_fd_sc_hd__clkbuf_16)
                  0.04    0.11    0.14 ^ clkbuf_0_clk/X (sky130_fd_sc_hd__clkbuf_16)
     2    0.02                           clknet_0_clk (net)
                  0.04    0.00    0.14 ^ clkbuf_1_0__f_clk/A (sky130_fd_sc_hd__clkbuf_16)
                  0.05    0.12    0.26 ^ clkbuf_1_0__f_clk/X (sky130_fd_sc_hd__clkbuf_16)
    14    0.03                           clknet_1_0__leaf_clk (net)
                  0.05    0.00    0.26 ^ _416_/CLK (sky130_fd_sc_hd__dfrtp_4)
                  0.05    0.37    0.63 ^ _416_/Q (sky130_fd_sc_hd__dfrtp_4)
     2    0.00                           net20 (net)
                  0.05    0.00    0.63 ^ _316_/A (sky130_fd_sc_hd__or2_1)
                  0.04    0.08    0.71 ^ _316_/X (sky130_fd_sc_hd__or2_1)
     1    0.00                           _148_ (net)
                  0.04    0.00    0.71 ^ _317_/B1 (sky130_fd_sc_hd__o31a_1)
                  0.04    0.10    0.82 ^ _317_/X (sky130_fd_sc_hd__o31a_1)
     1    0.00                           _042_ (net)
                  0.04    0.00    0.82 ^ _416_/D (sky130_fd_sc_hd__dfrtp_4)
                                  0.82   data arrival time

                          0.00    0.00   clock clk (rise edge)
                          0.00    0.00   clock source latency
                  0.04    0.03    0.03 ^ clk (in)
     1    0.01                           clk (net)
                  0.04    0.00    0.03 ^ clkbuf_0_clk/A (sky130_fd_sc_hd__clkbuf_16)
                  0.04    0.13    0.16 ^ clkbuf_0_clk/X (sky130_fd_sc_hd__clkbuf_16)
     2    0.02                           clknet_0_clk (net)
                  0.04    0.00    0.16 ^ clkbuf_1_0__f_clk/A (sky130_fd_sc_hd__clkbuf_16)
                  0.05    0.14    0.29 ^ clkbuf_1_0__f_clk/X (sky130_fd_sc_hd__clkbuf_16)
    14    0.03                           clknet_1_0__leaf_clk (net)
                  0.05    0.00    0.29 ^ _416_/CLK (sky130_fd_sc_hd__dfrtp_4)
                          0.25    0.54   clock uncertainty
                         -0.03    0.51   clock reconvergence pessimism
                         -0.03    0.48   library hold time
                                  0.48   data required time
-----------------------------------------------------------------------------
                                  0.48   data required time
                                 -0.82   data arrival time
-----------------------------------------------------------------------------
                                  0.34   slack (MET)


Startpoint: _411_ (rising edge-triggered flip-flop clocked by clk)
Endpoint: _411_ (rising edge-triggered flip-flop clocked by clk)
Path Group: clk
Path Type: min

Fanout     Cap    Slew   Delay    Time   Description
-----------------------------------------------------------------------------
                          0.00    0.00   clock clk (rise edge)
                          0.00    0.00   clock source latency
                  0.04    0.03    0.03 ^ clk (in)
     1    0.01                           clk (net)
                  0.04    0.00    0.03 ^ clkbuf_0_clk/A (sky130_fd_sc_hd__clkbuf_16)
                  0.04    0.11    0.14 ^ clkbuf_0_clk/X (sky130_fd_sc_hd__clkbuf_16)
     2    0.02                           clknet_0_clk (net)
                  0.04    0.00    0.14 ^ clkbuf_1_1__f_clk/A (sky130_fd_sc_hd__clkbuf_16)
                  0.05    0.12    0.26 ^ clkbuf_1_1__f_clk/X (sky130_fd_sc_hd__clkbuf_16)
    14    0.03                           clknet_1_1__leaf_clk (net)
                  0.05    0.00    0.26 ^ _411_/CLK (sky130_fd_sc_hd__dfrtp_4)
                  0.05    0.37    0.63 ^ _411_/Q (sky130_fd_sc_hd__dfrtp_4)
     2    0.00                           net24 (net)
                  0.05    0.00    0.63 ^ _337_/A (sky130_fd_sc_hd__and3_1)
                  0.05    0.12    0.75 ^ _337_/X (sky130_fd_sc_hd__and3_1)
     1    0.00                           _164_ (net)
                  0.05    0.00    0.75 ^ _338_/A (sky130_fd_sc_hd__clkbuf_1)
                  0.04    0.07    0.82 ^ _338_/X (sky130_fd_sc_hd__clkbuf_1)
     1    0.00                           _037_ (net)
                  0.04    0.00    0.82 ^ _411_/D (sky130_fd_sc_hd__dfrtp_4)
                                  0.82   data arrival time

                          0.00    0.00   clock clk (rise edge)
                          0.00    0.00   clock source latency
                  0.04    0.03    0.03 ^ clk (in)
     1    0.01                           clk (net)
                  0.04    0.00    0.03 ^ clkbuf_0_clk/A (sky130_fd_sc_hd__clkbuf_16)
                  0.04    0.13    0.16 ^ clkbuf_0_clk/X (sky130_fd_sc_hd__clkbuf_16)
     2    0.02                           clknet_0_clk (net)
                  0.04    0.00    0.16 ^ clkbuf_1_1__f_clk/A (sky130_fd_sc_hd__clkbuf_16)
                  0.05    0.14    0.29 ^ clkbuf_1_1__f_clk/X (sky130_fd_sc_hd__clkbuf_16)
    14    0.03                           clknet_1_1__leaf_clk (net)
                  0.05    0.00    0.29 ^ _411_/CLK (sky130_fd_sc_hd__dfrtp_4)
                          0.25    0.54   clock uncertainty
                         -0.03    0.51   clock reconvergence pessimism
                         -0.03    0.48   library hold time
                                  0.48   data required time
-----------------------------------------------------------------------------
                                  0.48   data required time
                                 -0.82   data arrival time
-----------------------------------------------------------------------------
                                  0.34   slack (MET)


Startpoint: _421_ (rising edge-triggered flip-flop clocked by clk)
Endpoint: _421_ (rising edge-triggered flip-flop clocked by clk)
Path Group: clk
Path Type: min

Fanout     Cap    Slew   Delay    Time   Description
-----------------------------------------------------------------------------
                          0.00    0.00   clock clk (rise edge)
                          0.00    0.00   clock source latency
                  0.04    0.03    0.03 ^ clk (in)
     1    0.01                           clk (net)
                  0.04    0.00    0.03 ^ clkbuf_0_clk/A (sky130_fd_sc_hd__clkbuf_16)
                  0.04    0.11    0.14 ^ clkbuf_0_clk/X (sky130_fd_sc_hd__clkbuf_16)
     2    0.02                           clknet_0_clk (net)
                  0.04    0.00    0.14 ^ clkbuf_1_1__f_clk/A (sky130_fd_sc_hd__clkbuf_16)
                  0.05    0.12    0.26 ^ clkbuf_1_1__f_clk/X (sky130_fd_sc_hd__clkbuf_16)
    14    0.03                           clknet_1_1__leaf_clk (net)
                  0.05    0.00    0.26 ^ _421_/CLK (sky130_fd_sc_hd__dfrtp_4)
                  0.06    0.38    0.65 ^ _421_/Q (sky130_fd_sc_hd__dfrtp_4)
     4    0.01                           net13 (net)
                  0.06    0.00    0.65 ^ _285_/A0 (sky130_fd_sc_hd__mux2_1)
                  0.04    0.11    0.76 ^ _285_/X (sky130_fd_sc_hd__mux2_1)
     1    0.00                           _122_ (net)
                  0.04    0.00    0.76 ^ _286_/A (sky130_fd_sc_hd__clkbuf_1)
                  0.04    0.07    0.83 ^ _286_/X (sky130_fd_sc_hd__clkbuf_1)
     1    0.00                           _047_ (net)
                  0.04    0.00    0.83 ^ _421_/D (sky130_fd_sc_hd__dfrtp_4)
                                  0.83   data arrival time

                          0.00    0.00   clock clk (rise edge)
                          0.00    0.00   clock source latency
                  0.04    0.03    0.03 ^ clk (in)
     1    0.01                           clk (net)
                  0.04    0.00    0.03 ^ clkbuf_0_clk/A (sky130_fd_sc_hd__clkbuf_16)
                  0.04    0.13    0.16 ^ clkbuf_0_clk/X (sky130_fd_sc_hd__clkbuf_16)
     2    0.02                           clknet_0_clk (net)
                  0.04    0.00    0.16 ^ clkbuf_1_1__f_clk/A (sky130_fd_sc_hd__clkbuf_16)
                  0.05    0.14    0.29 ^ clkbuf_1_1__f_clk/X (sky130_fd_sc_hd__clkbuf_16)
    14    0.03                           clknet_1_1__leaf_clk (net)
                  0.05    0.00    0.29 ^ _421_/CLK (sky130_fd_sc_hd__dfrtp_4)
                          0.25    0.54   clock uncertainty
                         -0.03    0.51   clock reconvergence pessimism
                         -0.03    0.48   library hold time
                                  0.48   data required time
-----------------------------------------------------------------------------
                                  0.48   data required time
                                 -0.83   data arrival time
-----------------------------------------------------------------------------
                                  0.34   slack (MET)


Startpoint: _413_ (rising edge-triggered flip-flop clocked by clk)
Endpoint: _413_ (rising edge-triggered flip-flop clocked by clk)
Path Group: clk
Path Type: min

Fanout     Cap    Slew   Delay    Time   Description
-----------------------------------------------------------------------------
                          0.00    0.00   clock clk (rise edge)
                          0.00    0.00   clock source latency
                  0.04    0.03    0.03 ^ clk (in)
     1    0.01                           clk (net)
                  0.04    0.00    0.03 ^ clkbuf_0_clk/A (sky130_fd_sc_hd__clkbuf_16)
                  0.04    0.11    0.14 ^ clkbuf_0_clk/X (sky130_fd_sc_hd__clkbuf_16)
     2    0.02                           clknet_0_clk (net)
                  0.04    0.00    0.14 ^ clkbuf_1_0__f_clk/A (sky130_fd_sc_hd__clkbuf_16)
                  0.05    0.12    0.26 ^ clkbuf_1_0__f_clk/X (sky130_fd_sc_hd__clkbuf_16)
    14    0.03                           clknet_1_0__leaf_clk (net)
                  0.05    0.00    0.26 ^ _413_/CLK (sky130_fd_sc_hd__dfrtp_4)
                  0.06    0.38    0.64 ^ _413_/Q (sky130_fd_sc_hd__dfrtp_4)
     3    0.01                           net27 (net)
                  0.06    0.00    0.64 ^ _334_/A (sky130_fd_sc_hd__and3_1)
                  0.05    0.12    0.76 ^ _334_/X (sky130_fd_sc_hd__and3_1)
     1    0.00                           _163_ (net)
                  0.05    0.00    0.76 ^ _335_/A (sky130_fd_sc_hd__clkbuf_1)
                  0.04    0.07    0.83 ^ _335_/X (sky130_fd_sc_hd__clkbuf_1)
     1    0.00                           _039_ (net)
                  0.04    0.00    0.83 ^ _413_/D (sky130_fd_sc_hd__dfrtp_4)
                                  0.83   data arrival time

                          0.00    0.00   clock clk (rise edge)
                          0.00    0.00   clock source latency
                  0.04    0.03    0.03 ^ clk (in)
     1    0.01                           clk (net)
                  0.04    0.00    0.03 ^ clkbuf_0_clk/A (sky130_fd_sc_hd__clkbuf_16)
                  0.04    0.13    0.16 ^ clkbuf_0_clk/X (sky130_fd_sc_hd__clkbuf_16)
     2    0.02                           clknet_0_clk (net)
                  0.04    0.00    0.16 ^ clkbuf_1_0__f_clk/A (sky130_fd_sc_hd__clkbuf_16)
                  0.05    0.14    0.29 ^ clkbuf_1_0__f_clk/X (sky130_fd_sc_hd__clkbuf_16)
    14    0.03                           clknet_1_0__leaf_clk (net)
                  0.05    0.00    0.29 ^ _413_/CLK (sky130_fd_sc_hd__dfrtp_4)
                          0.25    0.54   clock uncertainty
                         -0.03    0.51   clock reconvergence pessimism
                         -0.03    0.48   library hold time
                                  0.48   data required time
-----------------------------------------------------------------------------
                                  0.48   data required time
                                 -0.83   data arrival time
-----------------------------------------------------------------------------
                                  0.35   slack (MET)


Startpoint: _409_ (rising edge-triggered flip-flop clocked by clk)
Endpoint: _409_ (rising edge-triggered flip-flop clocked by clk)
Path Group: clk
Path Type: min

Fanout     Cap    Slew   Delay    Time   Description
-----------------------------------------------------------------------------
                          0.00    0.00   clock clk (rise edge)
                          0.00    0.00   clock source latency
                  0.04    0.03    0.03 ^ clk (in)
     1    0.01                           clk (net)
                  0.04    0.00    0.03 ^ clkbuf_0_clk/A (sky130_fd_sc_hd__clkbuf_16)
                  0.04    0.11    0.14 ^ clkbuf_0_clk/X (sky130_fd_sc_hd__clkbuf_16)
     2    0.02                           clknet_0_clk (net)
                  0.04    0.00    0.14 ^ clkbuf_1_0__f_clk/A (sky130_fd_sc_hd__clkbuf_16)
                  0.05    0.12    0.26 ^ clkbuf_1_0__f_clk/X (sky130_fd_sc_hd__clkbuf_16)
    14    0.03                           clknet_1_0__leaf_clk (net)
                  0.05    0.00    0.26 ^ _409_/CLK (sky130_fd_sc_hd__dfrtp_4)
                  0.05    0.37    0.64 ^ _409_/Q (sky130_fd_sc_hd__dfrtp_4)
     3    0.01                           net9 (net)
                  0.05    0.00    0.64 ^ _341_/A (sky130_fd_sc_hd__or2_1)
                  0.04    0.09    0.72 ^ _341_/X (sky130_fd_sc_hd__or2_1)
     1    0.00                           _166_ (net)
                  0.04    0.00    0.72 ^ _342_/B1 (sky130_fd_sc_hd__o41a_1)
                  0.04    0.11    0.83 ^ _342_/X (sky130_fd_sc_hd__o41a_1)
     1    0.00                           _035_ (net)
                  0.04    0.00    0.83 ^ _409_/D (sky130_fd_sc_hd__dfrtp_4)
                                  0.83   data arrival time

                          0.00    0.00   clock clk (rise edge)
                          0.00    0.00   clock source latency
                  0.04    0.03    0.03 ^ clk (in)
     1    0.01                           clk (net)
                  0.04    0.00    0.03 ^ clkbuf_0_clk/A (sky130_fd_sc_hd__clkbuf_16)
                  0.04    0.13    0.16 ^ clkbuf_0_clk/X (sky130_fd_sc_hd__clkbuf_16)
     2    0.02                           clknet_0_clk (net)
                  0.04    0.00    0.16 ^ clkbuf_1_0__f_clk/A (sky130_fd_sc_hd__clkbuf_16)
                  0.05    0.14    0.29 ^ clkbuf_1_0__f_clk/X (sky130_fd_sc_hd__clkbuf_16)
    14    0.03                           clknet_1_0__leaf_clk (net)
                  0.05    0.00    0.29 ^ _409_/CLK (sky130_fd_sc_hd__dfrtp_4)
                          0.25    0.54   clock uncertainty
                         -0.03    0.51   clock reconvergence pessimism
                         -0.03    0.48   library hold time
                                  0.48   data required time
-----------------------------------------------------------------------------
                                  0.48   data required time
                                 -0.83   data arrival time
-----------------------------------------------------------------------------
                                  0.35   slack (MET)


Startpoint: _404_ (rising edge-triggered flip-flop clocked by clk)
Endpoint: _404_ (rising edge-triggered flip-flop clocked by clk)
Path Group: clk
Path Type: min

Fanout     Cap    Slew   Delay    Time   Description
-----------------------------------------------------------------------------
                          0.00    0.00   clock clk (rise edge)
                          0.00    0.00   clock source latency
                  0.04    0.03    0.03 ^ clk (in)
     1    0.01                           clk (net)
                  0.04    0.00    0.03 ^ clkbuf_0_clk/A (sky130_fd_sc_hd__clkbuf_16)
                  0.04    0.11    0.14 ^ clkbuf_0_clk/X (sky130_fd_sc_hd__clkbuf_16)
     2    0.02                           clknet_0_clk (net)
                  0.04    0.00    0.14 ^ clkbuf_1_1__f_clk/A (sky130_fd_sc_hd__clkbuf_16)
                  0.05    0.12    0.26 ^ clkbuf_1_1__f_clk/X (sky130_fd_sc_hd__clkbuf_16)
    14    0.03                           clknet_1_1__leaf_clk (net)
                  0.05    0.00    0.26 ^ _404_/CLK (sky130_fd_sc_hd__dfrtp_4)
                  0.08    0.40    0.67 ^ _404_/Q (sky130_fd_sc_hd__dfrtp_4)
     4    0.02                           net4 (net)
                  0.08    0.00    0.67 ^ _351_/A0 (sky130_fd_sc_hd__mux2_1)
                  0.04    0.12    0.78 ^ _351_/X (sky130_fd_sc_hd__mux2_1)
     1    0.00                           _171_ (net)
                  0.04    0.00    0.78 ^ _352_/A (sky130_fd_sc_hd__clkbuf_1)
                  0.04    0.07    0.85 ^ _352_/X (sky130_fd_sc_hd__clkbuf_1)
     1    0.00                           _030_ (net)
                  0.04    0.00    0.85 ^ _404_/D (sky130_fd_sc_hd__dfrtp_4)
                                  0.85   data arrival time

                          0.00    0.00   clock clk (rise edge)
                          0.00    0.00   clock source latency
                  0.04    0.03    0.03 ^ clk (in)
     1    0.01                           clk (net)
                  0.04    0.00    0.03 ^ clkbuf_0_clk/A (sky130_fd_sc_hd__clkbuf_16)
                  0.04    0.13    0.16 ^ clkbuf_0_clk/X (sky130_fd_sc_hd__clkbuf_16)
     2    0.02                           clknet_0_clk (net)
                  0.04    0.00    0.16 ^ clkbuf_1_1__f_clk/A (sky130_fd_sc_hd__clkbuf_16)
                  0.05    0.14    0.29 ^ clkbuf_1_1__f_clk/X (sky130_fd_sc_hd__clkbuf_16)
    14    0.03                           clknet_1_1__leaf_clk (net)
                  0.05    0.00    0.29 ^ _404_/CLK (sky130_fd_sc_hd__dfrtp_4)
                          0.25    0.54   clock uncertainty
                         -0.03    0.51   clock reconvergence pessimism
                         -0.03    0.48   library hold time
                                  0.48   data required time
-----------------------------------------------------------------------------
                                  0.48   data required time
                                 -0.85   data arrival time
-----------------------------------------------------------------------------
                                  0.37   slack (MET)


Startpoint: _402_ (rising edge-triggered flip-flop clocked by clk)
Endpoint: _402_ (rising edge-triggered flip-flop clocked by clk)
Path Group: clk
Path Type: min

Fanout     Cap    Slew   Delay    Time   Description
-----------------------------------------------------------------------------
                          0.00    0.00   clock clk (rise edge)
                          0.00    0.00   clock source latency
                  0.04    0.03    0.03 ^ clk (in)
     1    0.01                           clk (net)
                  0.04    0.00    0.03 ^ clkbuf_0_clk/A (sky130_fd_sc_hd__clkbuf_16)
                  0.04    0.11    0.14 ^ clkbuf_0_clk/X (sky130_fd_sc_hd__clkbuf_16)
     2    0.02                           clknet_0_clk (net)
                  0.04    0.00    0.14 ^ clkbuf_1_1__f_clk/A (sky130_fd_sc_hd__clkbuf_16)
                  0.05    0.12    0.26 ^ clkbuf_1_1__f_clk/X (sky130_fd_sc_hd__clkbuf_16)
    14    0.03                           clknet_1_1__leaf_clk (net)
                  0.05    0.00    0.26 ^ _402_/CLK (sky130_fd_sc_hd__dfrtp_4)
                  0.08    0.40    0.67 ^ _402_/Q (sky130_fd_sc_hd__dfrtp_4)
     4    0.02                           net2 (net)
                  0.08    0.00    0.67 ^ _355_/A0 (sky130_fd_sc_hd__mux2_1)
                  0.04    0.12    0.78 ^ _355_/X (sky130_fd_sc_hd__mux2_1)
     1    0.00                           _173_ (net)
                  0.04    0.00    0.78 ^ _356_/A (sky130_fd_sc_hd__clkbuf_1)
                  0.04    0.07    0.85 ^ _356_/X (sky130_fd_sc_hd__clkbuf_1)
     1    0.00                           _028_ (net)
                  0.04    0.00    0.85 ^ _402_/D (sky130_fd_sc_hd__dfrtp_4)
                                  0.85   data arrival time

                          0.00    0.00   clock clk (rise edge)
                          0.00    0.00   clock source latency
                  0.04    0.03    0.03 ^ clk (in)
     1    0.01                           clk (net)
                  0.04    0.00    0.03 ^ clkbuf_0_clk/A (sky130_fd_sc_hd__clkbuf_16)
                  0.04    0.13    0.16 ^ clkbuf_0_clk/X (sky130_fd_sc_hd__clkbuf_16)
     2    0.02                           clknet_0_clk (net)
                  0.04    0.00    0.16 ^ clkbuf_1_1__f_clk/A (sky130_fd_sc_hd__clkbuf_16)
                  0.05    0.14    0.29 ^ clkbuf_1_1__f_clk/X (sky130_fd_sc_hd__clkbuf_16)
    14    0.03                           clknet_1_1__leaf_clk (net)
                  0.05    0.00    0.29 ^ _402_/CLK (sky130_fd_sc_hd__dfrtp_4)
                          0.25    0.54   clock uncertainty
                         -0.03    0.51   clock reconvergence pessimism
                         -0.03    0.48   library hold time
                                  0.48   data required time
-----------------------------------------------------------------------------
                                  0.48   data required time
                                 -0.85   data arrival time
-----------------------------------------------------------------------------
                                  0.37   slack (MET)


Startpoint: _417_ (rising edge-triggered flip-flop clocked by clk)
Endpoint: _400_ (rising edge-triggered flip-flop clocked by clk)
Path Group: clk
Path Type: min

Fanout     Cap    Slew   Delay    Time   Description
-----------------------------------------------------------------------------
                          0.00    0.00   clock clk (rise edge)
                          0.00    0.00   clock source latency
                  0.04    0.03    0.03 ^ clk (in)
     1    0.01                           clk (net)
                  0.04    0.00    0.03 ^ clkbuf_0_clk/A (sky130_fd_sc_hd__clkbuf_16)
                  0.04    0.11    0.14 ^ clkbuf_0_clk/X (sky130_fd_sc_hd__clkbuf_16)
     2    0.02                           clknet_0_clk (net)
                  0.04    0.00    0.14 ^ clkbuf_1_0__f_clk/A (sky130_fd_sc_hd__clkbuf_16)
                  0.05    0.12    0.26 ^ clkbuf_1_0__f_clk/X (sky130_fd_sc_hd__clkbuf_16)
    14    0.03                           clknet_1_0__leaf_clk (net)
                  0.05    0.00    0.26 ^ _417_/CLK (sky130_fd_sc_hd__dfrtp_4)
                  0.06    0.38    0.64 ^ _417_/Q (sky130_fd_sc_hd__dfrtp_4)
     3    0.01                           net21 (net)
                  0.06    0.00    0.64 ^ _358_/A1 (sky130_fd_sc_hd__o21a_1)
                  0.05    0.12    0.76 ^ _358_/X (sky130_fd_sc_hd__o21a_1)
     2    0.00                           _174_ (net)
                  0.05    0.00    0.76 ^ _364_/B2 (sky130_fd_sc_hd__o2bb2a_1)
                  0.04    0.11    0.87 ^ _364_/X (sky130_fd_sc_hd__o2bb2a_1)
     1    0.00                           U_PC.next_pc[2] (net)
                  0.04    0.00    0.87 ^ _400_/D (sky130_fd_sc_hd__dfrtp_4)
                                  0.87   data arrival time

                          0.00    0.00   clock clk (rise edge)
                          0.00    0.00   clock source latency
                  0.04    0.03    0.03 ^ clk (in)
     1    0.01                           clk (net)
                  0.04    0.00    0.03 ^ clkbuf_0_clk/A (sky130_fd_sc_hd__clkbuf_16)
                  0.04    0.13    0.16 ^ clkbuf_0_clk/X (sky130_fd_sc_hd__clkbuf_16)
     2    0.02                           clknet_0_clk (net)
                  0.04    0.00    0.16 ^ clkbuf_1_1__f_clk/A (sky130_fd_sc_hd__clkbuf_16)
                  0.05    0.14    0.29 ^ clkbuf_1_1__f_clk/X (sky130_fd_sc_hd__clkbuf_16)
    14    0.03                           clknet_1_1__leaf_clk (net)
                  0.05    0.00    0.29 ^ _400_/CLK (sky130_fd_sc_hd__dfrtp_4)
                          0.25    0.54   clock uncertainty
                         -0.01    0.53   clock reconvergence pessimism
                         -0.03    0.49   library hold time
                                  0.49   data required time
-----------------------------------------------------------------------------
                                  0.49   data required time
                                 -0.87   data arrival time
-----------------------------------------------------------------------------
                                  0.38   slack (MET)


Startpoint: _400_ (rising edge-triggered flip-flop clocked by clk)
Endpoint: _401_ (rising edge-triggered flip-flop clocked by clk)
Path Group: clk
Path Type: min

Fanout     Cap    Slew   Delay    Time   Description
-----------------------------------------------------------------------------
                          0.00    0.00   clock clk (rise edge)
                          0.00    0.00   clock source latency
                  0.04    0.03    0.03 ^ clk (in)
     1    0.01                           clk (net)
                  0.04    0.00    0.03 ^ clkbuf_0_clk/A (sky130_fd_sc_hd__clkbuf_16)
                  0.04    0.11    0.14 ^ clkbuf_0_clk/X (sky130_fd_sc_hd__clkbuf_16)
     2    0.02                           clknet_0_clk (net)
                  0.04    0.00    0.14 ^ clkbuf_1_1__f_clk/A (sky130_fd_sc_hd__clkbuf_16)
                  0.05    0.12    0.26 ^ clkbuf_1_1__f_clk/X (sky130_fd_sc_hd__clkbuf_16)
    14    0.03                           clknet_1_1__leaf_clk (net)
                  0.05    0.00    0.26 ^ _400_/CLK (sky130_fd_sc_hd__dfrtp_4)
                  0.10    0.42    0.68 ^ _400_/Q (sky130_fd_sc_hd__dfrtp_4)
     7    0.02                           U_PC.pc[2] (net)
                  0.10    0.00    0.68 ^ _365_/A (sky130_fd_sc_hd__inv_2)
                  0.02    0.03    0.71 v _365_/Y (sky130_fd_sc_hd__inv_2)
     1    0.00                           _179_ (net)
                  0.02    0.00    0.71 v _366_/A1 (sky130_fd_sc_hd__o21a_1)
                  0.03    0.16    0.87 v _366_/X (sky130_fd_sc_hd__o21a_1)
     1    0.00                           U_PC.next_pc[3] (net)
                  0.03    0.00    0.87 v _401_/D (sky130_fd_sc_hd__dfrtp_4)
                                  0.87   data arrival time

                          0.00    0.00   clock clk (rise edge)
                          0.00    0.00   clock source latency
                  0.04    0.03    0.03 ^ clk (in)
     1    0.01                           clk (net)
                  0.04    0.00    0.03 ^ clkbuf_0_clk/A (sky130_fd_sc_hd__clkbuf_16)
                  0.04    0.13    0.16 ^ clkbuf_0_clk/X (sky130_fd_sc_hd__clkbuf_16)
     2    0.02                           clknet_0_clk (net)
                  0.04    0.00    0.16 ^ clkbuf_1_1__f_clk/A (sky130_fd_sc_hd__clkbuf_16)
                  0.05    0.14    0.29 ^ clkbuf_1_1__f_clk/X (sky130_fd_sc_hd__clkbuf_16)
    14    0.03                           clknet_1_1__leaf_clk (net)
                  0.05    0.00    0.29 ^ _401_/CLK (sky130_fd_sc_hd__dfrtp_4)
                          0.25    0.54   clock uncertainty
                         -0.03    0.51   clock reconvergence pessimism
                         -0.03    0.48   library hold time
                                  0.48   data required time
-----------------------------------------------------------------------------
                                  0.48   data required time
                                 -0.87   data arrival time
-----------------------------------------------------------------------------
                                  0.39   slack (MET)


Startpoint: _401_ (rising edge-triggered flip-flop clocked by clk)
Endpoint: _419_ (rising edge-triggered flip-flop clocked by clk)
Path Group: clk
Path Type: min

Fanout     Cap    Slew   Delay    Time   Description
-----------------------------------------------------------------------------
                          0.00    0.00   clock clk (rise edge)
                          0.00    0.00   clock source latency
                  0.04    0.03    0.03 ^ clk (in)
     1    0.01                           clk (net)
                  0.04    0.00    0.03 ^ clkbuf_0_clk/A (sky130_fd_sc_hd__clkbuf_16)
                  0.04    0.11    0.14 ^ clkbuf_0_clk/X (sky130_fd_sc_hd__clkbuf_16)
     2    0.02                           clknet_0_clk (net)
                  0.04    0.00    0.14 ^ clkbuf_1_1__f_clk/A (sky130_fd_sc_hd__clkbuf_16)
                  0.05    0.12    0.26 ^ clkbuf_1_1__f_clk/X (sky130_fd_sc_hd__clkbuf_16)
    14    0.03                           clknet_1_1__leaf_clk (net)
                  0.05    0.00    0.26 ^ _401_/CLK (sky130_fd_sc_hd__dfrtp_4)
                  0.09    0.41    0.68 ^ _401_/Q (sky130_fd_sc_hd__dfrtp_4)
     8    0.02                           U_PC.pc[3] (net)
                  0.09    0.00    0.68 ^ _232_/A (sky130_fd_sc_hd__nor3_2)
                  0.05    0.07    0.75 v _232_/Y (sky130_fd_sc_hd__nor3_2)
     5    0.01                           _073_ (net)
                  0.05    0.00    0.75 v _300_/A1 (sky130_fd_sc_hd__a21o_1)
                  0.03    0.14    0.89 v _300_/X (sky130_fd_sc_hd__a21o_1)
     1    0.00                           _045_ (net)
                  0.03    0.00    0.89 v _419_/D (sky130_fd_sc_hd__dfrtp_4)
                                  0.89   data arrival time

                          0.00    0.00   clock clk (rise edge)
                          0.00    0.00   clock source latency
                  0.04    0.03    0.03 ^ clk (in)
     1    0.01                           clk (net)
                  0.04    0.00    0.03 ^ clkbuf_0_clk/A (sky130_fd_sc_hd__clkbuf_16)
                  0.04    0.13    0.16 ^ clkbuf_0_clk/X (sky130_fd_sc_hd__clkbuf_16)
     2    0.02                           clknet_0_clk (net)
                  0.04    0.00    0.16 ^ clkbuf_1_1__f_clk/A (sky130_fd_sc_hd__clkbuf_16)
                  0.05    0.14    0.29 ^ clkbuf_1_1__f_clk/X (sky130_fd_sc_hd__clkbuf_16)
    14    0.03                           clknet_1_1__leaf_clk (net)
                  0.05    0.00    0.29 ^ _419_/CLK (sky130_fd_sc_hd__dfrtp_4)
                          0.25    0.54   clock uncertainty
                         -0.03    0.51   clock reconvergence pessimism
                         -0.03    0.48   library hold time
                                  0.48   data required time
-----------------------------------------------------------------------------
                                  0.48   data required time
                                 -0.89   data arrival time
-----------------------------------------------------------------------------
                                  0.41   slack (MET)


Startpoint: _417_ (rising edge-triggered flip-flop clocked by clk)
Endpoint: _399_ (rising edge-triggered flip-flop clocked by clk)
Path Group: clk
Path Type: min

Fanout     Cap    Slew   Delay    Time   Description
-----------------------------------------------------------------------------
                          0.00    0.00   clock clk (rise edge)
                          0.00    0.00   clock source latency
                  0.04    0.03    0.03 ^ clk (in)
     1    0.01                           clk (net)
                  0.04    0.00    0.03 ^ clkbuf_0_clk/A (sky130_fd_sc_hd__clkbuf_16)
                  0.04    0.11    0.14 ^ clkbuf_0_clk/X (sky130_fd_sc_hd__clkbuf_16)
     2    0.02                           clknet_0_clk (net)
                  0.04    0.00    0.14 ^ clkbuf_1_0__f_clk/A (sky130_fd_sc_hd__clkbuf_16)
                  0.05    0.12    0.26 ^ clkbuf_1_0__f_clk/X (sky130_fd_sc_hd__clkbuf_16)
    14    0.03                           clknet_1_0__leaf_clk (net)
                  0.05    0.00    0.26 ^ _417_/CLK (sky130_fd_sc_hd__dfrtp_4)
                  0.06    0.38    0.64 ^ _417_/Q (sky130_fd_sc_hd__dfrtp_4)
     3    0.01                           net21 (net)
                  0.06    0.00    0.64 ^ _358_/A1 (sky130_fd_sc_hd__o21a_1)
                  0.05    0.12    0.76 ^ _358_/X (sky130_fd_sc_hd__o21a_1)
     2    0.00                           _174_ (net)
                  0.05    0.00    0.76 ^ _360_/B (sky130_fd_sc_hd__or3_1)
                  0.03    0.08    0.84 ^ _360_/X (sky130_fd_sc_hd__or3_1)
     1    0.00                           _176_ (net)
                  0.03    0.00    0.84 ^ _361_/A (sky130_fd_sc_hd__clkbuf_1)
                  0.04    0.07    0.91 ^ _361_/X (sky130_fd_sc_hd__clkbuf_1)
     1    0.00                           U_PC.next_pc[1] (net)
                  0.04    0.00    0.91 ^ _399_/D (sky130_fd_sc_hd__dfrtp_4)
                                  0.91   data arrival time

                          0.00    0.00   clock clk (rise edge)
                          0.00    0.00   clock source latency
                  0.04    0.03    0.03 ^ clk (in)
     1    0.01                           clk (net)
                  0.04    0.00    0.03 ^ clkbuf_0_clk/A (sky130_fd_sc_hd__clkbuf_16)
                  0.04    0.13    0.16 ^ clkbuf_0_clk/X (sky130_fd_sc_hd__clkbuf_16)
     2    0.02                           clknet_0_clk (net)
                  0.04    0.00    0.16 ^ clkbuf_1_1__f_clk/A (sky130_fd_sc_hd__clkbuf_16)
                  0.05    0.14    0.29 ^ clkbuf_1_1__f_clk/X (sky130_fd_sc_hd__clkbuf_16)
    14    0.03                           clknet_1_1__leaf_clk (net)
                  0.05    0.00    0.29 ^ _399_/CLK (sky130_fd_sc_hd__dfrtp_4)
                          0.25    0.54   clock uncertainty
                         -0.01    0.53   clock reconvergence pessimism
                         -0.03    0.49   library hold time
                                  0.49   data required time
-----------------------------------------------------------------------------
                                  0.49   data required time
                                 -0.91   data arrival time
-----------------------------------------------------------------------------
                                  0.42   slack (MET)


Startpoint: _401_ (rising edge-triggered flip-flop clocked by clk)
Endpoint: _420_ (rising edge-triggered flip-flop clocked by clk)
Path Group: clk
Path Type: min

Fanout     Cap    Slew   Delay    Time   Description
-----------------------------------------------------------------------------
                          0.00    0.00   clock clk (rise edge)
                          0.00    0.00   clock source latency
                  0.04    0.03    0.03 ^ clk (in)
     1    0.01                           clk (net)
                  0.04    0.00    0.03 ^ clkbuf_0_clk/A (sky130_fd_sc_hd__clkbuf_16)
                  0.04    0.11    0.14 ^ clkbuf_0_clk/X (sky130_fd_sc_hd__clkbuf_16)
     2    0.02                           clknet_0_clk (net)
                  0.04    0.00    0.14 ^ clkbuf_1_1__f_clk/A (sky130_fd_sc_hd__clkbuf_16)
                  0.05    0.12    0.26 ^ clkbuf_1_1__f_clk/X (sky130_fd_sc_hd__clkbuf_16)
    14    0.03                           clknet_1_1__leaf_clk (net)
                  0.05    0.00    0.26 ^ _401_/CLK (sky130_fd_sc_hd__dfrtp_4)
                  0.09    0.41    0.68 ^ _401_/Q (sky130_fd_sc_hd__dfrtp_4)
     8    0.02                           U_PC.pc[3] (net)
                  0.09    0.00    0.68 ^ _232_/A (sky130_fd_sc_hd__nor3_2)
                  0.05    0.07    0.75 v _232_/Y (sky130_fd_sc_hd__nor3_2)
     5    0.01                           _073_ (net)
                  0.05    0.00    0.75 v _292_/A1 (sky130_fd_sc_hd__a21bo_1)
                  0.03    0.15    0.90 v _292_/X (sky130_fd_sc_hd__a21bo_1)
     1    0.00                           _046_ (net)
                  0.03    0.00    0.90 v _420_/D (sky130_fd_sc_hd__dfrtp_4)
                                  0.90   data arrival time

                          0.00    0.00   clock clk (rise edge)
                          0.00    0.00   clock source latency
                  0.04    0.03    0.03 ^ clk (in)
     1    0.01                           clk (net)
                  0.04    0.00    0.03 ^ clkbuf_0_clk/A (sky130_fd_sc_hd__clkbuf_16)
                  0.04    0.13    0.16 ^ clkbuf_0_clk/X (sky130_fd_sc_hd__clkbuf_16)
     2    0.02                           clknet_0_clk (net)
                  0.04    0.00    0.16 ^ clkbuf_1_1__f_clk/A (sky130_fd_sc_hd__clkbuf_16)
                  0.05    0.14    0.29 ^ clkbuf_1_1__f_clk/X (sky130_fd_sc_hd__clkbuf_16)
    14    0.03                           clknet_1_1__leaf_clk (net)
                  0.05    0.00    0.29 ^ _420_/CLK (sky130_fd_sc_hd__dfrtp_4)
                          0.25    0.54   clock uncertainty
                         -0.03    0.51   clock reconvergence pessimism
                         -0.03    0.48   library hold time
                                  0.48   data required time
-----------------------------------------------------------------------------
                                  0.48   data required time
                                 -0.90   data arrival time
-----------------------------------------------------------------------------
                                  0.42   slack (MET)


Startpoint: _423_ (rising edge-triggered flip-flop clocked by clk)
Endpoint: _423_ (rising edge-triggered flip-flop clocked by clk)
Path Group: clk
Path Type: min

Fanout     Cap    Slew   Delay    Time   Description
-----------------------------------------------------------------------------
                          0.00    0.00   clock clk (rise edge)
                          0.00    0.00   clock source latency
                  0.04    0.03    0.03 ^ clk (in)
     1    0.01                           clk (net)
                  0.04    0.00    0.03 ^ clkbuf_0_clk/A (sky130_fd_sc_hd__clkbuf_16)
                  0.04    0.11    0.14 ^ clkbuf_0_clk/X (sky130_fd_sc_hd__clkbuf_16)
     2    0.02                           clknet_0_clk (net)
                  0.04    0.00    0.14 ^ clkbuf_1_0__f_clk/A (sky130_fd_sc_hd__clkbuf_16)
                  0.05    0.12    0.26 ^ clkbuf_1_0__f_clk/X (sky130_fd_sc_hd__clkbuf_16)
    14    0.03                           clknet_1_0__leaf_clk (net)
                  0.05    0.00    0.26 ^ _423_/CLK (sky130_fd_sc_hd__dfrtp_4)
                  0.06    0.38    0.65 ^ _423_/Q (sky130_fd_sc_hd__dfrtp_4)
     3    0.01                           net15 (net)
                  0.06    0.00    0.65 ^ _210_/A (sky130_fd_sc_hd__and2_1)
                  0.16    0.19    0.84 ^ _210_/X (sky130_fd_sc_hd__and2_1)
     5    0.02                           _196_ (net)
                  0.16    0.00    0.84 ^ _278_/B1 (sky130_fd_sc_hd__a21o_1)
                  0.03    0.09    0.93 ^ _278_/X (sky130_fd_sc_hd__a21o_1)
     1    0.00                           _049_ (net)
                  0.03    0.00    0.93 ^ _423_/D (sky130_fd_sc_hd__dfrtp_4)
                                  0.93   data arrival time

                          0.00    0.00   clock clk (rise edge)
                          0.00    0.00   clock source latency
                  0.04    0.03    0.03 ^ clk (in)
     1    0.01                           clk (net)
                  0.04    0.00    0.03 ^ clkbuf_0_clk/A (sky130_fd_sc_hd__clkbuf_16)
                  0.04    0.13    0.16 ^ clkbuf_0_clk/X (sky130_fd_sc_hd__clkbuf_16)
     2    0.02                           clknet_0_clk (net)
                  0.04    0.00    0.16 ^ clkbuf_1_0__f_clk/A (sky130_fd_sc_hd__clkbuf_16)
                  0.05    0.14    0.29 ^ clkbuf_1_0__f_clk/X (sky130_fd_sc_hd__clkbuf_16)
    14    0.03                           clknet_1_0__leaf_clk (net)
                  0.05    0.00    0.29 ^ _423_/CLK (sky130_fd_sc_hd__dfrtp_4)
                          0.25    0.54   clock uncertainty
                         -0.03    0.51   clock reconvergence pessimism
                         -0.03    0.48   library hold time
                                  0.48   data required time
-----------------------------------------------------------------------------
                                  0.48   data required time
                                 -0.93   data arrival time
-----------------------------------------------------------------------------
                                  0.45   slack (MET)


Startpoint: _422_ (rising edge-triggered flip-flop clocked by clk)
Endpoint: _422_ (rising edge-triggered flip-flop clocked by clk)
Path Group: clk
Path Type: min

Fanout     Cap    Slew   Delay    Time   Description
-----------------------------------------------------------------------------
                          0.00    0.00   clock clk (rise edge)
                          0.00    0.00   clock source latency
                  0.04    0.03    0.03 ^ clk (in)
     1    0.01                           clk (net)
                  0.04    0.00    0.03 ^ clkbuf_0_clk/A (sky130_fd_sc_hd__clkbuf_16)
                  0.04    0.11    0.14 ^ clkbuf_0_clk/X (sky130_fd_sc_hd__clkbuf_16)
     2    0.02                           clknet_0_clk (net)
                  0.04    0.00    0.14 ^ clkbuf_1_0__f_clk/A (sky130_fd_sc_hd__clkbuf_16)
                  0.05    0.12    0.26 ^ clkbuf_1_0__f_clk/X (sky130_fd_sc_hd__clkbuf_16)
    14    0.03                           clknet_1_0__leaf_clk (net)
                  0.05    0.00    0.26 ^ _422_/CLK (sky130_fd_sc_hd__dfrtp_4)
                  0.07    0.39    0.65 ^ _422_/Q (sky130_fd_sc_hd__dfrtp_4)
     5    0.01                           net14 (net)
                  0.07    0.00    0.65 ^ _214_/A (sky130_fd_sc_hd__and2_1)
                  0.08    0.14    0.79 ^ _214_/X (sky130_fd_sc_hd__and2_1)
     3    0.01                           _055_ (net)
                  0.08    0.00    0.79 ^ _280_/A (sky130_fd_sc_hd__or2_1)
                  0.04    0.09    0.89 ^ _280_/X (sky130_fd_sc_hd__or2_1)
     1    0.00                           _118_ (net)
                  0.04    0.00    0.89 ^ _281_/A (sky130_fd_sc_hd__clkbuf_1)
                  0.04    0.07    0.95 ^ _281_/X (sky130_fd_sc_hd__clkbuf_1)
     1    0.00                           _048_ (net)
                  0.04    0.00    0.95 ^ _422_/D (sky130_fd_sc_hd__dfrtp_4)
                                  0.95   data arrival time

                          0.00    0.00   clock clk (rise edge)
                          0.00    0.00   clock source latency
                  0.04    0.03    0.03 ^ clk (in)
     1    0.01                           clk (net)
                  0.04    0.00    0.03 ^ clkbuf_0_clk/A (sky130_fd_sc_hd__clkbuf_16)
                  0.04    0.13    0.16 ^ clkbuf_0_clk/X (sky130_fd_sc_hd__clkbuf_16)
     2    0.02                           clknet_0_clk (net)
                  0.04    0.00    0.16 ^ clkbuf_1_0__f_clk/A (sky130_fd_sc_hd__clkbuf_16)
                  0.05    0.14    0.29 ^ clkbuf_1_0__f_clk/X (sky130_fd_sc_hd__clkbuf_16)
    14    0.03                           clknet_1_0__leaf_clk (net)
                  0.05    0.00    0.29 ^ _422_/CLK (sky130_fd_sc_hd__dfrtp_4)
                          0.25    0.54   clock uncertainty
                         -0.03    0.51   clock reconvergence pessimism
                         -0.03    0.48   library hold time
                                  0.48   data required time
-----------------------------------------------------------------------------
                                  0.48   data required time
                                 -0.95   data arrival time
-----------------------------------------------------------------------------
                                  0.47   slack (MET)


Startpoint: _425_ (rising edge-triggered flip-flop clocked by clk)
Endpoint: _425_ (rising edge-triggered flip-flop clocked by clk)
Path Group: clk
Path Type: min

Fanout     Cap    Slew   Delay    Time   Description
-----------------------------------------------------------------------------
                          0.00    0.00   clock clk (rise edge)
                          0.00    0.00   clock source latency
                  0.04    0.03    0.03 ^ clk (in)
     1    0.01                           clk (net)
                  0.04    0.00    0.03 ^ clkbuf_0_clk/A (sky130_fd_sc_hd__clkbuf_16)
                  0.04    0.11    0.14 ^ clkbuf_0_clk/X (sky130_fd_sc_hd__clkbuf_16)
     2    0.02                           clknet_0_clk (net)
                  0.04    0.00    0.14 ^ clkbuf_1_0__f_clk/A (sky130_fd_sc_hd__clkbuf_16)
                  0.05    0.12    0.26 ^ clkbuf_1_0__f_clk/X (sky130_fd_sc_hd__clkbuf_16)
    14    0.03                           clknet_1_0__leaf_clk (net)
                  0.05    0.00    0.26 ^ _425_/CLK (sky130_fd_sc_hd__dfrtp_4)
                  0.06    0.38    0.65 ^ _425_/Q (sky130_fd_sc_hd__dfrtp_4)
     3    0.01                           net17 (net)
                  0.06    0.00    0.65 ^ _199_/A (sky130_fd_sc_hd__and2_2)
                  0.09    0.17    0.81 ^ _199_/X (sky130_fd_sc_hd__and2_2)
     7    0.01                           _185_ (net)
                  0.09    0.00    0.81 ^ _268_/A (sky130_fd_sc_hd__or2_1)
                  0.04    0.10    0.91 ^ _268_/X (sky130_fd_sc_hd__or2_1)
     1    0.00                           _109_ (net)
                  0.04    0.00    0.91 ^ _269_/A (sky130_fd_sc_hd__clkbuf_1)
                  0.04    0.07    0.97 ^ _269_/X (sky130_fd_sc_hd__clkbuf_1)
     1    0.00                           _051_ (net)
                  0.04    0.00    0.97 ^ _425_/D (sky130_fd_sc_hd__dfrtp_4)
                                  0.97   data arrival time

                          0.00    0.00   clock clk (rise edge)
                          0.00    0.00   clock source latency
                  0.04    0.03    0.03 ^ clk (in)
     1    0.01                           clk (net)
                  0.04    0.00    0.03 ^ clkbuf_0_clk/A (sky130_fd_sc_hd__clkbuf_16)
                  0.04    0.13    0.16 ^ clkbuf_0_clk/X (sky130_fd_sc_hd__clkbuf_16)
     2    0.02                           clknet_0_clk (net)
                  0.04    0.00    0.16 ^ clkbuf_1_0__f_clk/A (sky130_fd_sc_hd__clkbuf_16)
                  0.05    0.14    0.29 ^ clkbuf_1_0__f_clk/X (sky130_fd_sc_hd__clkbuf_16)
    14    0.03                           clknet_1_0__leaf_clk (net)
                  0.05    0.00    0.29 ^ _425_/CLK (sky130_fd_sc_hd__dfrtp_4)
                          0.25    0.54   clock uncertainty
                         -0.03    0.51   clock reconvergence pessimism
                         -0.03    0.48   library hold time
                                  0.48   data required time
-----------------------------------------------------------------------------
                                  0.48   data required time
                                 -0.97   data arrival time
-----------------------------------------------------------------------------
                                  0.49   slack (MET)


Startpoint: _399_ (rising edge-triggered flip-flop clocked by clk)
Endpoint: _412_ (rising edge-triggered flip-flop clocked by clk)
Path Group: clk
Path Type: min

Fanout     Cap    Slew   Delay    Time   Description
-----------------------------------------------------------------------------
                          0.00    0.00   clock clk (rise edge)
                          0.00    0.00   clock source latency
                  0.04    0.03    0.03 ^ clk (in)
     1    0.01                           clk (net)
                  0.04    0.00    0.03 ^ clkbuf_0_clk/A (sky130_fd_sc_hd__clkbuf_16)
                  0.04    0.11    0.14 ^ clkbuf_0_clk/X (sky130_fd_sc_hd__clkbuf_16)
     2    0.02                           clknet_0_clk (net)
                  0.04    0.00    0.14 ^ clkbuf_1_1__f_clk/A (sky130_fd_sc_hd__clkbuf_16)
                  0.05    0.12    0.26 ^ clkbuf_1_1__f_clk/X (sky130_fd_sc_hd__clkbuf_16)
    14    0.03                           clknet_1_1__leaf_clk (net)
                  0.05    0.00    0.26 ^ _399_/CLK (sky130_fd_sc_hd__dfrtp_4)
                  0.11    0.43    0.69 ^ _399_/Q (sky130_fd_sc_hd__dfrtp_4)
     9    0.03                           U_PC.pc[1] (net)
                  0.11    0.00    0.69 ^ _265_/A (sky130_fd_sc_hd__and2_1)
                  0.04    0.12    0.81 ^ _265_/X (sky130_fd_sc_hd__and2_1)
     1    0.00                           _106_ (net)
                  0.04    0.00    0.81 ^ _266_/A (sky130_fd_sc_hd__clkbuf_4)
                  0.08    0.15    0.96 ^ _266_/X (sky130_fd_sc_hd__clkbuf_4)
     9    0.02                           _107_ (net)
                  0.08    0.00    0.96 ^ _336_/B1 (sky130_fd_sc_hd__a21o_1)
                  0.03    0.08    1.04 ^ _336_/X (sky130_fd_sc_hd__a21o_1)
     1    0.00                           _038_ (net)
                  0.03    0.00    1.04 ^ _412_/D (sky130_fd_sc_hd__dfrtp_2)
                                  1.04   data arrival time

                          0.00    0.00   clock clk (rise edge)
                          0.00    0.00   clock source latency
                  0.04    0.03    0.03 ^ clk (in)
     1    0.01                           clk (net)
                  0.04    0.00    0.03 ^ clkbuf_0_clk/A (sky130_fd_sc_hd__clkbuf_16)
                  0.04    0.13    0.16 ^ clkbuf_0_clk/X (sky130_fd_sc_hd__clkbuf_16)
     2    0.02                           clknet_0_clk (net)
                  0.04    0.00    0.16 ^ clkbuf_1_1__f_clk/A (sky130_fd_sc_hd__clkbuf_16)
                  0.05    0.14    0.29 ^ clkbuf_1_1__f_clk/X (sky130_fd_sc_hd__clkbuf_16)
    14    0.03                           clknet_1_1__leaf_clk (net)
                  0.05    0.00    0.29 ^ _412_/CLK (sky130_fd_sc_hd__dfrtp_2)
                          0.25    0.54   clock uncertainty
                         -0.03    0.51   clock reconvergence pessimism
                         -0.03    0.48   library hold time
                                  0.48   data required time
-----------------------------------------------------------------------------
                                  0.48   data required time
                                 -1.04   data arrival time
-----------------------------------------------------------------------------
                                  0.55   slack (MET)


Startpoint: _406_ (rising edge-triggered flip-flop clocked by clk)
Endpoint: _406_ (rising edge-triggered flip-flop clocked by clk)
Path Group: clk
Path Type: min

Fanout     Cap    Slew   Delay    Time   Description
-----------------------------------------------------------------------------
                          0.00    0.00   clock clk (rise edge)
                          0.00    0.00   clock source latency
                  0.04    0.03    0.03 ^ clk (in)
     1    0.01                           clk (net)
                  0.04    0.00    0.03 ^ clkbuf_0_clk/A (sky130_fd_sc_hd__clkbuf_16)
                  0.04    0.11    0.14 ^ clkbuf_0_clk/X (sky130_fd_sc_hd__clkbuf_16)
     2    0.02                           clknet_0_clk (net)
                  0.04    0.00    0.14 ^ clkbuf_1_0__f_clk/A (sky130_fd_sc_hd__clkbuf_16)
                  0.05    0.12    0.26 ^ clkbuf_1_0__f_clk/X (sky130_fd_sc_hd__clkbuf_16)
    14    0.03                           clknet_1_0__leaf_clk (net)
                  0.05    0.00    0.26 ^ _406_/CLK (sky130_fd_sc_hd__dfrtp_2)
                  0.05    0.33    0.59 ^ _406_/Q (sky130_fd_sc_hd__dfrtp_2)
     3    0.01                           net6 (net)
                  0.05    0.00    0.59 ^ _212_/A (sky130_fd_sc_hd__and3_1)
                  0.11    0.17    0.77 ^ _212_/X (sky130_fd_sc_hd__and3_1)
     4    0.01                           _053_ (net)
                  0.11    0.00    0.77 ^ _306_/A (sky130_fd_sc_hd__or2_1)
                  0.05    0.11    0.87 ^ _306_/X (sky130_fd_sc_hd__or2_1)
     2    0.00                           _139_ (net)
                  0.05    0.00    0.87 ^ _347_/B (sky130_fd_sc_hd__or3b_1)
                  0.04    0.09    0.96 ^ _347_/X (sky130_fd_sc_hd__or3b_1)
     1    0.00                           _169_ (net)
                  0.04    0.00    0.96 ^ _348_/B1 (sky130_fd_sc_hd__o21a_1)
                  0.04    0.09    1.05 ^ _348_/X (sky130_fd_sc_hd__o21a_1)
     1    0.00                           _032_ (net)
                  0.04    0.00    1.05 ^ _406_/D (sky130_fd_sc_hd__dfrtp_2)
                                  1.05   data arrival time

                          0.00    0.00   clock clk (rise edge)
                          0.00    0.00   clock source latency
                  0.04    0.03    0.03 ^ clk (in)
     1    0.01                           clk (net)
                  0.04    0.00    0.03 ^ clkbuf_0_clk/A (sky130_fd_sc_hd__clkbuf_16)
                  0.04    0.13    0.16 ^ clkbuf_0_clk/X (sky130_fd_sc_hd__clkbuf_16)
     2    0.02                           clknet_0_clk (net)
                  0.04    0.00    0.16 ^ clkbuf_1_0__f_clk/A (sky130_fd_sc_hd__clkbuf_16)
                  0.05    0.14    0.29 ^ clkbuf_1_0__f_clk/X (sky130_fd_sc_hd__clkbuf_16)
    14    0.03                           clknet_1_0__leaf_clk (net)
                  0.05    0.00    0.29 ^ _406_/CLK (sky130_fd_sc_hd__dfrtp_2)
                          0.25    0.54   clock uncertainty
                         -0.03    0.51   clock reconvergence pessimism
                         -0.03    0.48   library hold time
                                  0.48   data required time
-----------------------------------------------------------------------------
                                  0.48   data required time
                                 -1.05   data arrival time
-----------------------------------------------------------------------------
                                  0.57   slack (MET)


Startpoint: rst (input port clocked by clk)
Endpoint: _418_ (removal check against rising-edge clock clk)
Path Group: asynchronous
Path Type: min

Fanout     Cap    Slew   Delay    Time   Description
-----------------------------------------------------------------------------
                          0.00    0.00   clock clk (rise edge)
                          0.00    0.00   clock network delay (propagated)
                          4.00    4.00 v input external delay
                  0.01    0.00    4.00 v rst (in)
     1    0.00                           rst (net)
                  0.01    0.00    4.00 v input1/A (sky130_fd_sc_hd__buf_1)
                  0.02    0.07    4.07 v input1/X (sky130_fd_sc_hd__buf_1)
     1    0.00                           net1 (net)
                  0.02    0.00    4.07 v _367_/A (sky130_fd_sc_hd__buf_4)
                  0.06    0.16    4.22 v _367_/X (sky130_fd_sc_hd__buf_4)
    10    0.04                           _180_ (net)
                  0.06    0.00    4.22 v _390_/A (sky130_fd_sc_hd__inv_2)
                  0.03    0.05    4.27 ^ _390_/Y (sky130_fd_sc_hd__inv_2)
     1    0.00                           _020_ (net)
                  0.03    0.00    4.27 ^ _418_/RESET_B (sky130_fd_sc_hd__dfrtp_4)
                                  4.27   data arrival time

                          0.00    0.00   clock clk (rise edge)
                          0.00    0.00   clock source latency
                  0.04    0.03    0.03 ^ clk (in)
     1    0.01                           clk (net)
                  0.04    0.00    0.03 ^ clkbuf_0_clk/A (sky130_fd_sc_hd__clkbuf_16)
                  0.04    0.13    0.16 ^ clkbuf_0_clk/X (sky130_fd_sc_hd__clkbuf_16)
     2    0.02                           clknet_0_clk (net)
                  0.04    0.00    0.16 ^ clkbuf_1_1__f_clk/A (sky130_fd_sc_hd__clkbuf_16)
                  0.05    0.14    0.29 ^ clkbuf_1_1__f_clk/X (sky130_fd_sc_hd__clkbuf_16)
    14    0.03                           clknet_1_1__leaf_clk (net)
                  0.05    0.00    0.29 ^ _418_/CLK (sky130_fd_sc_hd__dfrtp_4)
                          0.25    0.54   clock uncertainty
                          0.00    0.54   clock reconvergence pessimism
                          0.32    0.86   library removal time
                                  0.86   data required time
-----------------------------------------------------------------------------
                                  0.86   data required time
                                 -4.27   data arrival time
-----------------------------------------------------------------------------
                                  3.41   slack (MET)


Startpoint: rst (input port clocked by clk)
Endpoint: _419_ (removal check against rising-edge clock clk)
Path Group: asynchronous
Path Type: min

Fanout     Cap    Slew   Delay    Time   Description
-----------------------------------------------------------------------------
                          0.00    0.00   clock clk (rise edge)
                          0.00    0.00   clock network delay (propagated)
                          4.00    4.00 v input external delay
                  0.01    0.00    4.00 v rst (in)
     1    0.00                           rst (net)
                  0.01    0.00    4.00 v input1/A (sky130_fd_sc_hd__buf_1)
                  0.02    0.07    4.07 v input1/X (sky130_fd_sc_hd__buf_1)
     1    0.00                           net1 (net)
                  0.02    0.00    4.07 v _367_/A (sky130_fd_sc_hd__buf_4)
                  0.06    0.16    4.22 v _367_/X (sky130_fd_sc_hd__buf_4)
    10    0.04                           _180_ (net)
                  0.06    0.00    4.22 v _391_/A (sky130_fd_sc_hd__inv_2)
                  0.03    0.05    4.27 ^ _391_/Y (sky130_fd_sc_hd__inv_2)
     1    0.00                           _021_ (net)
                  0.03    0.00    4.27 ^ _419_/RESET_B (sky130_fd_sc_hd__dfrtp_4)
                                  4.27   data arrival time

                          0.00    0.00   clock clk (rise edge)
                          0.00    0.00   clock source latency
                  0.04    0.03    0.03 ^ clk (in)
     1    0.01                           clk (net)
                  0.04    0.00    0.03 ^ clkbuf_0_clk/A (sky130_fd_sc_hd__clkbuf_16)
                  0.04    0.13    0.16 ^ clkbuf_0_clk/X (sky130_fd_sc_hd__clkbuf_16)
     2    0.02                           clknet_0_clk (net)
                  0.04    0.00    0.16 ^ clkbuf_1_1__f_clk/A (sky130_fd_sc_hd__clkbuf_16)
                  0.05    0.14    0.29 ^ clkbuf_1_1__f_clk/X (sky130_fd_sc_hd__clkbuf_16)
    14    0.03                           clknet_1_1__leaf_clk (net)
                  0.05    0.00    0.29 ^ _419_/CLK (sky130_fd_sc_hd__dfrtp_4)
                          0.25    0.54   clock uncertainty
                          0.00    0.54   clock reconvergence pessimism
                          0.32    0.86   library removal time
                                  0.86   data required time
-----------------------------------------------------------------------------
                                  0.86   data required time
                                 -4.27   data arrival time
-----------------------------------------------------------------------------
                                  3.41   slack (MET)


Startpoint: rst (input port clocked by clk)
Endpoint: _420_ (removal check against rising-edge clock clk)
Path Group: asynchronous
Path Type: min

Fanout     Cap    Slew   Delay    Time   Description
-----------------------------------------------------------------------------
                          0.00    0.00   clock clk (rise edge)
                          0.00    0.00   clock network delay (propagated)
                          4.00    4.00 v input external delay
                  0.01    0.00    4.00 v rst (in)
     1    0.00                           rst (net)
                  0.01    0.00    4.00 v input1/A (sky130_fd_sc_hd__buf_1)
                  0.02    0.07    4.07 v input1/X (sky130_fd_sc_hd__buf_1)
     1    0.00                           net1 (net)
                  0.02    0.00    4.07 v _367_/A (sky130_fd_sc_hd__buf_4)
                  0.06    0.16    4.22 v _367_/X (sky130_fd_sc_hd__buf_4)
    10    0.04                           _180_ (net)
                  0.06    0.00    4.22 v _392_/A (sky130_fd_sc_hd__inv_2)
                  0.03    0.05    4.27 ^ _392_/Y (sky130_fd_sc_hd__inv_2)
     1    0.00                           _022_ (net)
                  0.03    0.00    4.27 ^ _420_/RESET_B (sky130_fd_sc_hd__dfrtp_4)
                                  4.27   data arrival time

                          0.00    0.00   clock clk (rise edge)
                          0.00    0.00   clock source latency
                  0.04    0.03    0.03 ^ clk (in)
     1    0.01                           clk (net)
                  0.04    0.00    0.03 ^ clkbuf_0_clk/A (sky130_fd_sc_hd__clkbuf_16)
                  0.04    0.13    0.16 ^ clkbuf_0_clk/X (sky130_fd_sc_hd__clkbuf_16)
     2    0.02                           clknet_0_clk (net)
                  0.04    0.00    0.16 ^ clkbuf_1_1__f_clk/A (sky130_fd_sc_hd__clkbuf_16)
                  0.05    0.14    0.29 ^ clkbuf_1_1__f_clk/X (sky130_fd_sc_hd__clkbuf_16)
    14    0.03                           clknet_1_1__leaf_clk (net)
                  0.05    0.00    0.29 ^ _420_/CLK (sky130_fd_sc_hd__dfrtp_4)
                          0.25    0.54   clock uncertainty
                          0.00    0.54   clock reconvergence pessimism
                          0.32    0.86   library removal time
                                  0.86   data required time
-----------------------------------------------------------------------------
                                  0.86   data required time
                                 -4.27   data arrival time
-----------------------------------------------------------------------------
                                  3.41   slack (MET)


Startpoint: rst (input port clocked by clk)
Endpoint: _421_ (removal check against rising-edge clock clk)
Path Group: asynchronous
Path Type: min

Fanout     Cap    Slew   Delay    Time   Description
-----------------------------------------------------------------------------
                          0.00    0.00   clock clk (rise edge)
                          0.00    0.00   clock network delay (propagated)
                          4.00    4.00 v input external delay
                  0.01    0.00    4.00 v rst (in)
     1    0.00                           rst (net)
                  0.01    0.00    4.00 v input1/A (sky130_fd_sc_hd__buf_1)
                  0.02    0.07    4.07 v input1/X (sky130_fd_sc_hd__buf_1)
     1    0.00                           net1 (net)
                  0.02    0.00    4.07 v _367_/A (sky130_fd_sc_hd__buf_4)
                  0.06    0.16    4.22 v _367_/X (sky130_fd_sc_hd__buf_4)
    10    0.04                           _180_ (net)
                  0.06    0.00    4.22 v _393_/A (sky130_fd_sc_hd__inv_2)
                  0.03    0.05    4.27 ^ _393_/Y (sky130_fd_sc_hd__inv_2)
     1    0.00                           _023_ (net)
                  0.03    0.00    4.27 ^ _421_/RESET_B (sky130_fd_sc_hd__dfrtp_4)
                                  4.27   data arrival time

                          0.00    0.00   clock clk (rise edge)
                          0.00    0.00   clock source latency
                  0.04    0.03    0.03 ^ clk (in)
     1    0.01                           clk (net)
                  0.04    0.00    0.03 ^ clkbuf_0_clk/A (sky130_fd_sc_hd__clkbuf_16)
                  0.04    0.13    0.16 ^ clkbuf_0_clk/X (sky130_fd_sc_hd__clkbuf_16)
     2    0.02                           clknet_0_clk (net)
                  0.04    0.00    0.16 ^ clkbuf_1_1__f_clk/A (sky130_fd_sc_hd__clkbuf_16)
                  0.05    0.14    0.29 ^ clkbuf_1_1__f_clk/X (sky130_fd_sc_hd__clkbuf_16)
    14    0.03                           clknet_1_1__leaf_clk (net)
                  0.05    0.00    0.29 ^ _421_/CLK (sky130_fd_sc_hd__dfrtp_4)
                          0.25    0.54   clock uncertainty
                          0.00    0.54   clock reconvergence pessimism
                          0.32    0.86   library removal time
                                  0.86   data required time
-----------------------------------------------------------------------------
                                  0.86   data required time
                                 -4.27   data arrival time
-----------------------------------------------------------------------------
                                  3.41   slack (MET)


Startpoint: rst (input port clocked by clk)
Endpoint: _422_ (removal check against rising-edge clock clk)
Path Group: asynchronous
Path Type: min

Fanout     Cap    Slew   Delay    Time   Description
-----------------------------------------------------------------------------
                          0.00    0.00   clock clk (rise edge)
                          0.00    0.00   clock network delay (propagated)
                          4.00    4.00 v input external delay
                  0.01    0.00    4.00 v rst (in)
     1    0.00                           rst (net)
                  0.01    0.00    4.00 v input1/A (sky130_fd_sc_hd__buf_1)
                  0.02    0.07    4.07 v input1/X (sky130_fd_sc_hd__buf_1)
     1    0.00                           net1 (net)
                  0.02    0.00    4.07 v _367_/A (sky130_fd_sc_hd__buf_4)
                  0.06    0.16    4.22 v _367_/X (sky130_fd_sc_hd__buf_4)
    10    0.04                           _180_ (net)
                  0.06    0.00    4.22 v _394_/A (sky130_fd_sc_hd__inv_2)
                  0.03    0.05    4.27 ^ _394_/Y (sky130_fd_sc_hd__inv_2)
     1    0.00                           _024_ (net)
                  0.03    0.00    4.27 ^ _422_/RESET_B (sky130_fd_sc_hd__dfrtp_4)
                                  4.27   data arrival time

                          0.00    0.00   clock clk (rise edge)
                          0.00    0.00   clock source latency
                  0.04    0.03    0.03 ^ clk (in)
     1    0.01                           clk (net)
                  0.04    0.00    0.03 ^ clkbuf_0_clk/A (sky130_fd_sc_hd__clkbuf_16)
                  0.04    0.13    0.16 ^ clkbuf_0_clk/X (sky130_fd_sc_hd__clkbuf_16)
     2    0.02                           clknet_0_clk (net)
                  0.04    0.00    0.16 ^ clkbuf_1_0__f_clk/A (sky130_fd_sc_hd__clkbuf_16)
                  0.05    0.14    0.29 ^ clkbuf_1_0__f_clk/X (sky130_fd_sc_hd__clkbuf_16)
    14    0.03                           clknet_1_0__leaf_clk (net)
                  0.05    0.00    0.29 ^ _422_/CLK (sky130_fd_sc_hd__dfrtp_4)
                          0.25    0.54   clock uncertainty
                          0.00    0.54   clock reconvergence pessimism
                          0.32    0.86   library removal time
                                  0.86   data required time
-----------------------------------------------------------------------------
                                  0.86   data required time
                                 -4.27   data arrival time
-----------------------------------------------------------------------------
                                  3.41   slack (MET)


Startpoint: rst (input port clocked by clk)
Endpoint: _423_ (removal check against rising-edge clock clk)
Path Group: asynchronous
Path Type: min

Fanout     Cap    Slew   Delay    Time   Description
-----------------------------------------------------------------------------
                          0.00    0.00   clock clk (rise edge)
                          0.00    0.00   clock network delay (propagated)
                          4.00    4.00 v input external delay
                  0.01    0.00    4.00 v rst (in)
     1    0.00                           rst (net)
                  0.01    0.00    4.00 v input1/A (sky130_fd_sc_hd__buf_1)
                  0.02    0.07    4.07 v input1/X (sky130_fd_sc_hd__buf_1)
     1    0.00                           net1 (net)
                  0.02    0.00    4.07 v _367_/A (sky130_fd_sc_hd__buf_4)
                  0.06    0.16    4.22 v _367_/X (sky130_fd_sc_hd__buf_4)
    10    0.04                           _180_ (net)
                  0.06    0.00    4.22 v _395_/A (sky130_fd_sc_hd__inv_2)
                  0.03    0.05    4.27 ^ _395_/Y (sky130_fd_sc_hd__inv_2)
     1    0.00                           _025_ (net)
                  0.03    0.00    4.27 ^ _423_/RESET_B (sky130_fd_sc_hd__dfrtp_4)
                                  4.27   data arrival time

                          0.00    0.00   clock clk (rise edge)
                          0.00    0.00   clock source latency
                  0.04    0.03    0.03 ^ clk (in)
     1    0.01                           clk (net)
                  0.04    0.00    0.03 ^ clkbuf_0_clk/A (sky130_fd_sc_hd__clkbuf_16)
                  0.04    0.13    0.16 ^ clkbuf_0_clk/X (sky130_fd_sc_hd__clkbuf_16)
     2    0.02                           clknet_0_clk (net)
                  0.04    0.00    0.16 ^ clkbuf_1_0__f_clk/A (sky130_fd_sc_hd__clkbuf_16)
                  0.05    0.14    0.29 ^ clkbuf_1_0__f_clk/X (sky130_fd_sc_hd__clkbuf_16)
    14    0.03                           clknet_1_0__leaf_clk (net)
                  0.05    0.00    0.29 ^ _423_/CLK (sky130_fd_sc_hd__dfrtp_4)
                          0.25    0.54   clock uncertainty
                          0.00    0.54   clock reconvergence pessimism
                          0.32    0.86   library removal time
                                  0.86   data required time
-----------------------------------------------------------------------------
                                  0.86   data required time
                                 -4.27   data arrival time
-----------------------------------------------------------------------------
                                  3.41   slack (MET)


Startpoint: rst (input port clocked by clk)
Endpoint: _424_ (removal check against rising-edge clock clk)
Path Group: asynchronous
Path Type: min

Fanout     Cap    Slew   Delay    Time   Description
-----------------------------------------------------------------------------
                          0.00    0.00   clock clk (rise edge)
                          0.00    0.00   clock network delay (propagated)
                          4.00    4.00 v input external delay
                  0.01    0.00    4.00 v rst (in)
     1    0.00                           rst (net)
                  0.01    0.00    4.00 v input1/A (sky130_fd_sc_hd__buf_1)
                  0.02    0.07    4.07 v input1/X (sky130_fd_sc_hd__buf_1)
     1    0.00                           net1 (net)
                  0.02    0.00    4.07 v _367_/A (sky130_fd_sc_hd__buf_4)
                  0.06    0.16    4.22 v _367_/X (sky130_fd_sc_hd__buf_4)
    10    0.04                           _180_ (net)
                  0.06    0.00    4.22 v _396_/A (sky130_fd_sc_hd__inv_2)
                  0.03    0.05    4.27 ^ _396_/Y (sky130_fd_sc_hd__inv_2)
     1    0.00                           _026_ (net)
                  0.03    0.00    4.27 ^ _424_/RESET_B (sky130_fd_sc_hd__dfrtp_4)
                                  4.27   data arrival time

                          0.00    0.00   clock clk (rise edge)
                          0.00    0.00   clock source latency
                  0.04    0.03    0.03 ^ clk (in)
     1    0.01                           clk (net)
                  0.04    0.00    0.03 ^ clkbuf_0_clk/A (sky130_fd_sc_hd__clkbuf_16)
                  0.04    0.13    0.16 ^ clkbuf_0_clk/X (sky130_fd_sc_hd__clkbuf_16)
     2    0.02                           clknet_0_clk (net)
                  0.04    0.00    0.16 ^ clkbuf_1_0__f_clk/A (sky130_fd_sc_hd__clkbuf_16)
                  0.05    0.14    0.29 ^ clkbuf_1_0__f_clk/X (sky130_fd_sc_hd__clkbuf_16)
    14    0.03                           clknet_1_0__leaf_clk (net)
                  0.05    0.00    0.29 ^ _424_/CLK (sky130_fd_sc_hd__dfrtp_4)
                          0.25    0.54   clock uncertainty
                          0.00    0.54   clock reconvergence pessimism
                          0.32    0.86   library removal time
                                  0.86   data required time
-----------------------------------------------------------------------------
                                  0.86   data required time
                                 -4.27   data arrival time
-----------------------------------------------------------------------------
                                  3.41   slack (MET)


Startpoint: rst (input port clocked by clk)
Endpoint: _425_ (removal check against rising-edge clock clk)
Path Group: asynchronous
Path Type: min

Fanout     Cap    Slew   Delay    Time   Description
-----------------------------------------------------------------------------
                          0.00    0.00   clock clk (rise edge)
                          0.00    0.00   clock network delay (propagated)
                          4.00    4.00 v input external delay
                  0.01    0.00    4.00 v rst (in)
     1    0.00                           rst (net)
                  0.01    0.00    4.00 v input1/A (sky130_fd_sc_hd__buf_1)
                  0.02    0.07    4.07 v input1/X (sky130_fd_sc_hd__buf_1)
     1    0.00                           net1 (net)
                  0.02    0.00    4.07 v _367_/A (sky130_fd_sc_hd__buf_4)
                  0.06    0.16    4.22 v _367_/X (sky130_fd_sc_hd__buf_4)
    10    0.04                           _180_ (net)
                  0.06    0.00    4.22 v _397_/A (sky130_fd_sc_hd__inv_2)
                  0.03    0.05    4.27 ^ _397_/Y (sky130_fd_sc_hd__inv_2)
     1    0.00                           _027_ (net)
                  0.03    0.00    4.27 ^ _425_/RESET_B (sky130_fd_sc_hd__dfrtp_4)
                                  4.27   data arrival time

                          0.00    0.00   clock clk (rise edge)
                          0.00    0.00   clock source latency
                  0.04    0.03    0.03 ^ clk (in)
     1    0.01                           clk (net)
                  0.04    0.00    0.03 ^ clkbuf_0_clk/A (sky130_fd_sc_hd__clkbuf_16)
                  0.04    0.13    0.16 ^ clkbuf_0_clk/X (sky130_fd_sc_hd__clkbuf_16)
     2    0.02                           clknet_0_clk (net)
                  0.04    0.00    0.16 ^ clkbuf_1_0__f_clk/A (sky130_fd_sc_hd__clkbuf_16)
                  0.05    0.14    0.29 ^ clkbuf_1_0__f_clk/X (sky130_fd_sc_hd__clkbuf_16)
    14    0.03                           clknet_1_0__leaf_clk (net)
                  0.05    0.00    0.29 ^ _425_/CLK (sky130_fd_sc_hd__dfrtp_4)
                          0.25    0.54   clock uncertainty
                          0.00    0.54   clock reconvergence pessimism
                          0.32    0.86   library removal time
                                  0.86   data required time
-----------------------------------------------------------------------------
                                  0.86   data required time
                                 -4.27   data arrival time
-----------------------------------------------------------------------------
                                  3.41   slack (MET)


Startpoint: rst (input port clocked by clk)
Endpoint: _406_ (removal check against rising-edge clock clk)
Path Group: asynchronous
Path Type: min

Fanout     Cap    Slew   Delay    Time   Description
-----------------------------------------------------------------------------
                          0.00    0.00   clock clk (rise edge)
                          0.00    0.00   clock network delay (propagated)
                          4.00    4.00 v input external delay
                  0.01    0.00    4.00 v rst (in)
     1    0.00                           rst (net)
                  0.01    0.00    4.00 v input1/A (sky130_fd_sc_hd__buf_1)
                  0.02    0.07    4.07 v input1/X (sky130_fd_sc_hd__buf_1)
     1    0.00                           net1 (net)
                  0.02    0.00    4.07 v _367_/A (sky130_fd_sc_hd__buf_4)
                  0.06    0.16    4.22 v _367_/X (sky130_fd_sc_hd__buf_4)
    10    0.04                           _180_ (net)
                  0.06    0.00    4.22 v _368_/A (sky130_fd_sc_hd__buf_4)
                  0.07    0.18    4.40 v _368_/X (sky130_fd_sc_hd__buf_4)
    10    0.04                           _181_ (net)
                  0.07    0.00    4.40 v _377_/A (sky130_fd_sc_hd__inv_2)
                  0.03    0.05    4.45 ^ _377_/Y (sky130_fd_sc_hd__inv_2)
     1    0.00                           _008_ (net)
                  0.03    0.00    4.45 ^ _406_/RESET_B (sky130_fd_sc_hd__dfrtp_2)
                                  4.45   data arrival time

                          0.00    0.00   clock clk (rise edge)
                          0.00    0.00   clock source latency
                  0.04    0.03    0.03 ^ clk (in)
     1    0.01                           clk (net)
                  0.04    0.00    0.03 ^ clkbuf_0_clk/A (sky130_fd_sc_hd__clkbuf_16)
                  0.04    0.13    0.16 ^ clkbuf_0_clk/X (sky130_fd_sc_hd__clkbuf_16)
     2    0.02                           clknet_0_clk (net)
                  0.04    0.00    0.16 ^ clkbuf_1_0__f_clk/A (sky130_fd_sc_hd__clkbuf_16)
                  0.05    0.14    0.29 ^ clkbuf_1_0__f_clk/X (sky130_fd_sc_hd__clkbuf_16)
    14    0.03                           clknet_1_0__leaf_clk (net)
                  0.05    0.00    0.29 ^ _406_/CLK (sky130_fd_sc_hd__dfrtp_2)
                          0.25    0.54   clock uncertainty
                          0.00    0.54   clock reconvergence pessimism
                          0.32    0.86   library removal time
                                  0.86   data required time
-----------------------------------------------------------------------------
                                  0.86   data required time
                                 -4.45   data arrival time
-----------------------------------------------------------------------------
                                  3.59   slack (MET)


Startpoint: rst (input port clocked by clk)
Endpoint: _412_ (removal check against rising-edge clock clk)
Path Group: asynchronous
Path Type: min

Fanout     Cap    Slew   Delay    Time   Description
-----------------------------------------------------------------------------
                          0.00    0.00   clock clk (rise edge)
                          0.00    0.00   clock network delay (propagated)
                          4.00    4.00 v input external delay
                  0.01    0.00    4.00 v rst (in)
     1    0.00                           rst (net)
                  0.01    0.00    4.00 v input1/A (sky130_fd_sc_hd__buf_1)
                  0.02    0.07    4.07 v input1/X (sky130_fd_sc_hd__buf_1)
     1    0.00                           net1 (net)
                  0.02    0.00    4.07 v _367_/A (sky130_fd_sc_hd__buf_4)
                  0.06    0.16    4.22 v _367_/X (sky130_fd_sc_hd__buf_4)
    10    0.04                           _180_ (net)
                  0.06    0.00    4.22 v _379_/A (sky130_fd_sc_hd__buf_4)
                  0.07    0.18    4.40 v _379_/X (sky130_fd_sc_hd__buf_4)
    10    0.04                           _182_ (net)
                  0.07    0.00    4.40 v _384_/A (sky130_fd_sc_hd__inv_2)
                  0.03    0.05    4.45 ^ _384_/Y (sky130_fd_sc_hd__inv_2)
     1    0.00                           _014_ (net)
                  0.03    0.00    4.45 ^ _412_/RESET_B (sky130_fd_sc_hd__dfrtp_2)
                                  4.45   data arrival time

                          0.00    0.00   clock clk (rise edge)
                          0.00    0.00   clock source latency
                  0.04    0.03    0.03 ^ clk (in)
     1    0.01                           clk (net)
                  0.04    0.00    0.03 ^ clkbuf_0_clk/A (sky130_fd_sc_hd__clkbuf_16)
                  0.04    0.13    0.16 ^ clkbuf_0_clk/X (sky130_fd_sc_hd__clkbuf_16)
     2    0.02                           clknet_0_clk (net)
                  0.04    0.00    0.16 ^ clkbuf_1_1__f_clk/A (sky130_fd_sc_hd__clkbuf_16)
                  0.05    0.14    0.29 ^ clkbuf_1_1__f_clk/X (sky130_fd_sc_hd__clkbuf_16)
    14    0.03                           clknet_1_1__leaf_clk (net)
                  0.05    0.00    0.29 ^ _412_/CLK (sky130_fd_sc_hd__dfrtp_2)
                          0.25    0.54   clock uncertainty
                          0.00    0.54   clock reconvergence pessimism
                          0.32    0.86   library removal time
                                  0.86   data required time
-----------------------------------------------------------------------------
                                  0.86   data required time
                                 -4.45   data arrival time
-----------------------------------------------------------------------------
                                  3.59   slack (MET)


Startpoint: rst (input port clocked by clk)
Endpoint: _398_ (removal check against rising-edge clock clk)
Path Group: asynchronous
Path Type: min

Fanout     Cap    Slew   Delay    Time   Description
-----------------------------------------------------------------------------
                          0.00    0.00   clock clk (rise edge)
                          0.00    0.00   clock network delay (propagated)
                          4.00    4.00 v input external delay
                  0.01    0.00    4.00 v rst (in)
     1    0.00                           rst (net)
                  0.01    0.00    4.00 v input1/A (sky130_fd_sc_hd__buf_1)
                  0.02    0.07    4.07 v input1/X (sky130_fd_sc_hd__buf_1)
     1    0.00                           net1 (net)
                  0.02    0.00    4.07 v _367_/A (sky130_fd_sc_hd__buf_4)
                  0.06    0.16    4.22 v _367_/X (sky130_fd_sc_hd__buf_4)
    10    0.04                           _180_ (net)
                  0.06    0.00    4.22 v _368_/A (sky130_fd_sc_hd__buf_4)
                  0.07    0.18    4.40 v _368_/X (sky130_fd_sc_hd__buf_4)
    10    0.04                           _181_ (net)
                  0.07    0.00    4.40 v _369_/A (sky130_fd_sc_hd__inv_2)
                  0.03    0.05    4.45 ^ _369_/Y (sky130_fd_sc_hd__inv_2)
     1    0.00                           _000_ (net)
                  0.03    0.00    4.45 ^ _398_/RESET_B (sky130_fd_sc_hd__dfrtp_4)
                                  4.45   data arrival time

                          0.00    0.00   clock clk (rise edge)
                          0.00    0.00   clock source latency
                  0.04    0.03    0.03 ^ clk (in)
     1    0.01                           clk (net)
                  0.04    0.00    0.03 ^ clkbuf_0_clk/A (sky130_fd_sc_hd__clkbuf_16)
                  0.04    0.13    0.16 ^ clkbuf_0_clk/X (sky130_fd_sc_hd__clkbuf_16)
     2    0.02                           clknet_0_clk (net)
                  0.04    0.00    0.16 ^ clkbuf_1_1__f_clk/A (sky130_fd_sc_hd__clkbuf_16)
                  0.05    0.14    0.29 ^ clkbuf_1_1__f_clk/X (sky130_fd_sc_hd__clkbuf_16)
    14    0.03                           clknet_1_1__leaf_clk (net)
                  0.05    0.00    0.29 ^ _398_/CLK (sky130_fd_sc_hd__dfrtp_4)
                          0.25    0.54   clock uncertainty
                          0.00    0.54   clock reconvergence pessimism
                          0.32    0.86   library removal time
                                  0.86   data required time
-----------------------------------------------------------------------------
                                  0.86   data required time
                                 -4.45   data arrival time
-----------------------------------------------------------------------------
                                  3.59   slack (MET)


Startpoint: rst (input port clocked by clk)
Endpoint: _399_ (removal check against rising-edge clock clk)
Path Group: asynchronous
Path Type: min

Fanout     Cap    Slew   Delay    Time   Description
-----------------------------------------------------------------------------
                          0.00    0.00   clock clk (rise edge)
                          0.00    0.00   clock network delay (propagated)
                          4.00    4.00 v input external delay
                  0.01    0.00    4.00 v rst (in)
     1    0.00                           rst (net)
                  0.01    0.00    4.00 v input1/A (sky130_fd_sc_hd__buf_1)
                  0.02    0.07    4.07 v input1/X (sky130_fd_sc_hd__buf_1)
     1    0.00                           net1 (net)
                  0.02    0.00    4.07 v _367_/A (sky130_fd_sc_hd__buf_4)
                  0.06    0.16    4.22 v _367_/X (sky130_fd_sc_hd__buf_4)
    10    0.04                           _180_ (net)
                  0.06    0.00    4.22 v _368_/A (sky130_fd_sc_hd__buf_4)
                  0.07    0.18    4.40 v _368_/X (sky130_fd_sc_hd__buf_4)
    10    0.04                           _181_ (net)
                  0.07    0.00    4.40 v _370_/A (sky130_fd_sc_hd__inv_2)
                  0.03    0.05    4.45 ^ _370_/Y (sky130_fd_sc_hd__inv_2)
     1    0.00                           _001_ (net)
                  0.03    0.00    4.45 ^ _399_/RESET_B (sky130_fd_sc_hd__dfrtp_4)
                                  4.45   data arrival time

                          0.00    0.00   clock clk (rise edge)
                          0.00    0.00   clock source latency
                  0.04    0.03    0.03 ^ clk (in)
     1    0.01                           clk (net)
                  0.04    0.00    0.03 ^ clkbuf_0_clk/A (sky130_fd_sc_hd__clkbuf_16)
                  0.04    0.13    0.16 ^ clkbuf_0_clk/X (sky130_fd_sc_hd__clkbuf_16)
     2    0.02                           clknet_0_clk (net)
                  0.04    0.00    0.16 ^ clkbuf_1_1__f_clk/A (sky130_fd_sc_hd__clkbuf_16)
                  0.05    0.14    0.29 ^ clkbuf_1_1__f_clk/X (sky130_fd_sc_hd__clkbuf_16)
    14    0.03                           clknet_1_1__leaf_clk (net)
                  0.05    0.00    0.29 ^ _399_/CLK (sky130_fd_sc_hd__dfrtp_4)
                          0.25    0.54   clock uncertainty
                          0.00    0.54   clock reconvergence pessimism
                          0.32    0.86   library removal time
                                  0.86   data required time
-----------------------------------------------------------------------------
                                  0.86   data required time
                                 -4.45   data arrival time
-----------------------------------------------------------------------------
                                  3.59   slack (MET)


Startpoint: rst (input port clocked by clk)
Endpoint: _400_ (removal check against rising-edge clock clk)
Path Group: asynchronous
Path Type: min

Fanout     Cap    Slew   Delay    Time   Description
-----------------------------------------------------------------------------
                          0.00    0.00   clock clk (rise edge)
                          0.00    0.00   clock network delay (propagated)
                          4.00    4.00 v input external delay
                  0.01    0.00    4.00 v rst (in)
     1    0.00                           rst (net)
                  0.01    0.00    4.00 v input1/A (sky130_fd_sc_hd__buf_1)
                  0.02    0.07    4.07 v input1/X (sky130_fd_sc_hd__buf_1)
     1    0.00                           net1 (net)
                  0.02    0.00    4.07 v _367_/A (sky130_fd_sc_hd__buf_4)
                  0.06    0.16    4.22 v _367_/X (sky130_fd_sc_hd__buf_4)
    10    0.04                           _180_ (net)
                  0.06    0.00    4.22 v _368_/A (sky130_fd_sc_hd__buf_4)
                  0.07    0.18    4.40 v _368_/X (sky130_fd_sc_hd__buf_4)
    10    0.04                           _181_ (net)
                  0.07    0.00    4.40 v _371_/A (sky130_fd_sc_hd__inv_2)
                  0.03    0.05    4.45 ^ _371_/Y (sky130_fd_sc_hd__inv_2)
     1    0.00                           _002_ (net)
                  0.03    0.00    4.45 ^ _400_/RESET_B (sky130_fd_sc_hd__dfrtp_4)
                                  4.45   data arrival time

                          0.00    0.00   clock clk (rise edge)
                          0.00    0.00   clock source latency
                  0.04    0.03    0.03 ^ clk (in)
     1    0.01                           clk (net)
                  0.04    0.00    0.03 ^ clkbuf_0_clk/A (sky130_fd_sc_hd__clkbuf_16)
                  0.04    0.13    0.16 ^ clkbuf_0_clk/X (sky130_fd_sc_hd__clkbuf_16)
     2    0.02                           clknet_0_clk (net)
                  0.04    0.00    0.16 ^ clkbuf_1_1__f_clk/A (sky130_fd_sc_hd__clkbuf_16)
                  0.05    0.14    0.29 ^ clkbuf_1_1__f_clk/X (sky130_fd_sc_hd__clkbuf_16)
    14    0.03                           clknet_1_1__leaf_clk (net)
                  0.05    0.00    0.29 ^ _400_/CLK (sky130_fd_sc_hd__dfrtp_4)
                          0.25    0.54   clock uncertainty
                          0.00    0.54   clock reconvergence pessimism
                          0.32    0.86   library removal time
                                  0.86   data required time
-----------------------------------------------------------------------------
                                  0.86   data required time
                                 -4.45   data arrival time
-----------------------------------------------------------------------------
                                  3.59   slack (MET)


Startpoint: rst (input port clocked by clk)
Endpoint: _401_ (removal check against rising-edge clock clk)
Path Group: asynchronous
Path Type: min

Fanout     Cap    Slew   Delay    Time   Description
-----------------------------------------------------------------------------
                          0.00    0.00   clock clk (rise edge)
                          0.00    0.00   clock network delay (propagated)
                          4.00    4.00 v input external delay
                  0.01    0.00    4.00 v rst (in)
     1    0.00                           rst (net)
                  0.01    0.00    4.00 v input1/A (sky130_fd_sc_hd__buf_1)
                  0.02    0.07    4.07 v input1/X (sky130_fd_sc_hd__buf_1)
     1    0.00                           net1 (net)
                  0.02    0.00    4.07 v _367_/A (sky130_fd_sc_hd__buf_4)
                  0.06    0.16    4.22 v _367_/X (sky130_fd_sc_hd__buf_4)
    10    0.04                           _180_ (net)
                  0.06    0.00    4.22 v _368_/A (sky130_fd_sc_hd__buf_4)
                  0.07    0.18    4.40 v _368_/X (sky130_fd_sc_hd__buf_4)
    10    0.04                           _181_ (net)
                  0.07    0.00    4.40 v _372_/A (sky130_fd_sc_hd__inv_2)
                  0.03    0.05    4.45 ^ _372_/Y (sky130_fd_sc_hd__inv_2)
     1    0.00                           _003_ (net)
                  0.03    0.00    4.45 ^ _401_/RESET_B (sky130_fd_sc_hd__dfrtp_4)
                                  4.45   data arrival time

                          0.00    0.00   clock clk (rise edge)
                          0.00    0.00   clock source latency
                  0.04    0.03    0.03 ^ clk (in)
     1    0.01                           clk (net)
                  0.04    0.00    0.03 ^ clkbuf_0_clk/A (sky130_fd_sc_hd__clkbuf_16)
                  0.04    0.13    0.16 ^ clkbuf_0_clk/X (sky130_fd_sc_hd__clkbuf_16)
     2    0.02                           clknet_0_clk (net)
                  0.04    0.00    0.16 ^ clkbuf_1_1__f_clk/A (sky130_fd_sc_hd__clkbuf_16)
                  0.05    0.14    0.29 ^ clkbuf_1_1__f_clk/X (sky130_fd_sc_hd__clkbuf_16)
    14    0.03                           clknet_1_1__leaf_clk (net)
                  0.05    0.00    0.29 ^ _401_/CLK (sky130_fd_sc_hd__dfrtp_4)
                          0.25    0.54   clock uncertainty
                          0.00    0.54   clock reconvergence pessimism
                          0.32    0.86   library removal time
                                  0.86   data required time
-----------------------------------------------------------------------------
                                  0.86   data required time
                                 -4.45   data arrival time
-----------------------------------------------------------------------------
                                  3.59   slack (MET)


Startpoint: rst (input port clocked by clk)
Endpoint: _402_ (removal check against rising-edge clock clk)
Path Group: asynchronous
Path Type: min

Fanout     Cap    Slew   Delay    Time   Description
-----------------------------------------------------------------------------
                          0.00    0.00   clock clk (rise edge)
                          0.00    0.00   clock network delay (propagated)
                          4.00    4.00 v input external delay
                  0.01    0.00    4.00 v rst (in)
     1    0.00                           rst (net)
                  0.01    0.00    4.00 v input1/A (sky130_fd_sc_hd__buf_1)
                  0.02    0.07    4.07 v input1/X (sky130_fd_sc_hd__buf_1)
     1    0.00                           net1 (net)
                  0.02    0.00    4.07 v _367_/A (sky130_fd_sc_hd__buf_4)
                  0.06    0.16    4.22 v _367_/X (sky130_fd_sc_hd__buf_4)
    10    0.04                           _180_ (net)
                  0.06    0.00    4.22 v _368_/A (sky130_fd_sc_hd__buf_4)
                  0.07    0.18    4.40 v _368_/X (sky130_fd_sc_hd__buf_4)
    10    0.04                           _181_ (net)
                  0.07    0.00    4.40 v _373_/A (sky130_fd_sc_hd__inv_2)
                  0.03    0.05    4.45 ^ _373_/Y (sky130_fd_sc_hd__inv_2)
     1    0.00                           _004_ (net)
                  0.03    0.00    4.45 ^ _402_/RESET_B (sky130_fd_sc_hd__dfrtp_4)
                                  4.45   data arrival time

                          0.00    0.00   clock clk (rise edge)
                          0.00    0.00   clock source latency
                  0.04    0.03    0.03 ^ clk (in)
     1    0.01                           clk (net)
                  0.04    0.00    0.03 ^ clkbuf_0_clk/A (sky130_fd_sc_hd__clkbuf_16)
                  0.04    0.13    0.16 ^ clkbuf_0_clk/X (sky130_fd_sc_hd__clkbuf_16)
     2    0.02                           clknet_0_clk (net)
                  0.04    0.00    0.16 ^ clkbuf_1_1__f_clk/A (sky130_fd_sc_hd__clkbuf_16)
                  0.05    0.14    0.29 ^ clkbuf_1_1__f_clk/X (sky130_fd_sc_hd__clkbuf_16)
    14    0.03                           clknet_1_1__leaf_clk (net)
                  0.05    0.00    0.29 ^ _402_/CLK (sky130_fd_sc_hd__dfrtp_4)
                          0.25    0.54   clock uncertainty
                          0.00    0.54   clock reconvergence pessimism
                          0.32    0.86   library removal time
                                  0.86   data required time
-----------------------------------------------------------------------------
                                  0.86   data required time
                                 -4.45   data arrival time
-----------------------------------------------------------------------------
                                  3.59   slack (MET)


Startpoint: rst (input port clocked by clk)
Endpoint: _403_ (removal check against rising-edge clock clk)
Path Group: asynchronous
Path Type: min

Fanout     Cap    Slew   Delay    Time   Description
-----------------------------------------------------------------------------
                          0.00    0.00   clock clk (rise edge)
                          0.00    0.00   clock network delay (propagated)
                          4.00    4.00 v input external delay
                  0.01    0.00    4.00 v rst (in)
     1    0.00                           rst (net)
                  0.01    0.00    4.00 v input1/A (sky130_fd_sc_hd__buf_1)
                  0.02    0.07    4.07 v input1/X (sky130_fd_sc_hd__buf_1)
     1    0.00                           net1 (net)
                  0.02    0.00    4.07 v _367_/A (sky130_fd_sc_hd__buf_4)
                  0.06    0.16    4.22 v _367_/X (sky130_fd_sc_hd__buf_4)
    10    0.04                           _180_ (net)
                  0.06    0.00    4.22 v _368_/A (sky130_fd_sc_hd__buf_4)
                  0.07    0.18    4.40 v _368_/X (sky130_fd_sc_hd__buf_4)
    10    0.04                           _181_ (net)
                  0.07    0.00    4.40 v _374_/A (sky130_fd_sc_hd__inv_2)
                  0.03    0.05    4.45 ^ _374_/Y (sky130_fd_sc_hd__inv_2)
     1    0.00                           _005_ (net)
                  0.03    0.00    4.45 ^ _403_/RESET_B (sky130_fd_sc_hd__dfrtp_4)
                                  4.45   data arrival time

                          0.00    0.00   clock clk (rise edge)
                          0.00    0.00   clock source latency
                  0.04    0.03    0.03 ^ clk (in)
     1    0.01                           clk (net)
                  0.04    0.00    0.03 ^ clkbuf_0_clk/A (sky130_fd_sc_hd__clkbuf_16)
                  0.04    0.13    0.16 ^ clkbuf_0_clk/X (sky130_fd_sc_hd__clkbuf_16)
     2    0.02                           clknet_0_clk (net)
                  0.04    0.00    0.16 ^ clkbuf_1_1__f_clk/A (sky130_fd_sc_hd__clkbuf_16)
                  0.05    0.14    0.29 ^ clkbuf_1_1__f_clk/X (sky130_fd_sc_hd__clkbuf_16)
    14    0.03                           clknet_1_1__leaf_clk (net)
                  0.05    0.00    0.29 ^ _403_/CLK (sky130_fd_sc_hd__dfrtp_4)
                          0.25    0.54   clock uncertainty
                          0.00    0.54   clock reconvergence pessimism
                          0.32    0.86   library removal time
                                  0.86   data required time
-----------------------------------------------------------------------------
                                  0.86   data required time
                                 -4.45   data arrival time
-----------------------------------------------------------------------------
                                  3.59   slack (MET)


Startpoint: rst (input port clocked by clk)
Endpoint: _404_ (removal check against rising-edge clock clk)
Path Group: asynchronous
Path Type: min

Fanout     Cap    Slew   Delay    Time   Description
-----------------------------------------------------------------------------
                          0.00    0.00   clock clk (rise edge)
                          0.00    0.00   clock network delay (propagated)
                          4.00    4.00 v input external delay
                  0.01    0.00    4.00 v rst (in)
     1    0.00                           rst (net)
                  0.01    0.00    4.00 v input1/A (sky130_fd_sc_hd__buf_1)
                  0.02    0.07    4.07 v input1/X (sky130_fd_sc_hd__buf_1)
     1    0.00                           net1 (net)
                  0.02    0.00    4.07 v _367_/A (sky130_fd_sc_hd__buf_4)
                  0.06    0.16    4.22 v _367_/X (sky130_fd_sc_hd__buf_4)
    10    0.04                           _180_ (net)
                  0.06    0.00    4.22 v _368_/A (sky130_fd_sc_hd__buf_4)
                  0.07    0.18    4.40 v _368_/X (sky130_fd_sc_hd__buf_4)
    10    0.04                           _181_ (net)
                  0.07    0.00    4.40 v _375_/A (sky130_fd_sc_hd__inv_2)
                  0.03    0.05    4.45 ^ _375_/Y (sky130_fd_sc_hd__inv_2)
     1    0.00                           _006_ (net)
                  0.03    0.00    4.45 ^ _404_/RESET_B (sky130_fd_sc_hd__dfrtp_4)
                                  4.45   data arrival time

                          0.00    0.00   clock clk (rise edge)
                          0.00    0.00   clock source latency
                  0.04    0.03    0.03 ^ clk (in)
     1    0.01                           clk (net)
                  0.04    0.00    0.03 ^ clkbuf_0_clk/A (sky130_fd_sc_hd__clkbuf_16)
                  0.04    0.13    0.16 ^ clkbuf_0_clk/X (sky130_fd_sc_hd__clkbuf_16)
     2    0.02                           clknet_0_clk (net)
                  0.04    0.00    0.16 ^ clkbuf_1_1__f_clk/A (sky130_fd_sc_hd__clkbuf_16)
                  0.05    0.14    0.29 ^ clkbuf_1_1__f_clk/X (sky130_fd_sc_hd__clkbuf_16)
    14    0.03                           clknet_1_1__leaf_clk (net)
                  0.05    0.00    0.29 ^ _404_/CLK (sky130_fd_sc_hd__dfrtp_4)
                          0.25    0.54   clock uncertainty
                          0.00    0.54   clock reconvergence pessimism
                          0.32    0.86   library removal time
                                  0.86   data required time
-----------------------------------------------------------------------------
                                  0.86   data required time
                                 -4.45   data arrival time
-----------------------------------------------------------------------------
                                  3.59   slack (MET)


Startpoint: rst (input port clocked by clk)
Endpoint: _405_ (removal check against rising-edge clock clk)
Path Group: asynchronous
Path Type: min

Fanout     Cap    Slew   Delay    Time   Description
-----------------------------------------------------------------------------
                          0.00    0.00   clock clk (rise edge)
                          0.00    0.00   clock network delay (propagated)
                          4.00    4.00 v input external delay
                  0.01    0.00    4.00 v rst (in)
     1    0.00                           rst (net)
                  0.01    0.00    4.00 v input1/A (sky130_fd_sc_hd__buf_1)
                  0.02    0.07    4.07 v input1/X (sky130_fd_sc_hd__buf_1)
     1    0.00                           net1 (net)
                  0.02    0.00    4.07 v _367_/A (sky130_fd_sc_hd__buf_4)
                  0.06    0.16    4.22 v _367_/X (sky130_fd_sc_hd__buf_4)
    10    0.04                           _180_ (net)
                  0.06    0.00    4.22 v _368_/A (sky130_fd_sc_hd__buf_4)
                  0.07    0.18    4.40 v _368_/X (sky130_fd_sc_hd__buf_4)
    10    0.04                           _181_ (net)
                  0.07    0.00    4.40 v _376_/A (sky130_fd_sc_hd__inv_2)
                  0.03    0.05    4.45 ^ _376_/Y (sky130_fd_sc_hd__inv_2)
     1    0.00                           _007_ (net)
                  0.03    0.00    4.45 ^ _405_/RESET_B (sky130_fd_sc_hd__dfrtp_4)
                                  4.45   data arrival time

                          0.00    0.00   clock clk (rise edge)
                          0.00    0.00   clock source latency
                  0.04    0.03    0.03 ^ clk (in)
     1    0.01                           clk (net)
                  0.04    0.00    0.03 ^ clkbuf_0_clk/A (sky130_fd_sc_hd__clkbuf_16)
                  0.04    0.13    0.16 ^ clkbuf_0_clk/X (sky130_fd_sc_hd__clkbuf_16)
     2    0.02                           clknet_0_clk (net)
                  0.04    0.00    0.16 ^ clkbuf_1_1__f_clk/A (sky130_fd_sc_hd__clkbuf_16)
                  0.05    0.14    0.29 ^ clkbuf_1_1__f_clk/X (sky130_fd_sc_hd__clkbuf_16)
    14    0.03                           clknet_1_1__leaf_clk (net)
                  0.05    0.00    0.29 ^ _405_/CLK (sky130_fd_sc_hd__dfrtp_4)
                          0.25    0.54   clock uncertainty
                          0.00    0.54   clock reconvergence pessimism
                          0.32    0.86   library removal time
                                  0.86   data required time
-----------------------------------------------------------------------------
                                  0.86   data required time
                                 -4.45   data arrival time
-----------------------------------------------------------------------------
                                  3.59   slack (MET)


Startpoint: rst (input port clocked by clk)
Endpoint: _407_ (removal check against rising-edge clock clk)
Path Group: asynchronous
Path Type: min

Fanout     Cap    Slew   Delay    Time   Description
-----------------------------------------------------------------------------
                          0.00    0.00   clock clk (rise edge)
                          0.00    0.00   clock network delay (propagated)
                          4.00    4.00 v input external delay
                  0.01    0.00    4.00 v rst (in)
     1    0.00                           rst (net)
                  0.01    0.00    4.00 v input1/A (sky130_fd_sc_hd__buf_1)
                  0.02    0.07    4.07 v input1/X (sky130_fd_sc_hd__buf_1)
     1    0.00                           net1 (net)
                  0.02    0.00    4.07 v _367_/A (sky130_fd_sc_hd__buf_4)
                  0.06    0.16    4.22 v _367_/X (sky130_fd_sc_hd__buf_4)
    10    0.04                           _180_ (net)
                  0.06    0.00    4.22 v _368_/A (sky130_fd_sc_hd__buf_4)
                  0.07    0.18    4.40 v _368_/X (sky130_fd_sc_hd__buf_4)
    10    0.04                           _181_ (net)
                  0.07    0.00    4.40 v _378_/A (sky130_fd_sc_hd__inv_2)
                  0.03    0.05    4.45 ^ _378_/Y (sky130_fd_sc_hd__inv_2)
     1    0.00                           _009_ (net)
                  0.03    0.00    4.45 ^ _407_/RESET_B (sky130_fd_sc_hd__dfrtp_4)
                                  4.45   data arrival time

                          0.00    0.00   clock clk (rise edge)
                          0.00    0.00   clock source latency
                  0.04    0.03    0.03 ^ clk (in)
     1    0.01                           clk (net)
                  0.04    0.00    0.03 ^ clkbuf_0_clk/A (sky130_fd_sc_hd__clkbuf_16)
                  0.04    0.13    0.16 ^ clkbuf_0_clk/X (sky130_fd_sc_hd__clkbuf_16)
     2    0.02                           clknet_0_clk (net)
                  0.04    0.00    0.16 ^ clkbuf_1_0__f_clk/A (sky130_fd_sc_hd__clkbuf_16)
                  0.05    0.14    0.29 ^ clkbuf_1_0__f_clk/X (sky130_fd_sc_hd__clkbuf_16)
    14    0.03                           clknet_1_0__leaf_clk (net)
                  0.05    0.00    0.29 ^ _407_/CLK (sky130_fd_sc_hd__dfrtp_4)
                          0.25    0.54   clock uncertainty
                          0.00    0.54   clock reconvergence pessimism
                          0.32    0.86   library removal time
                                  0.86   data required time
-----------------------------------------------------------------------------
                                  0.86   data required time
                                 -4.45   data arrival time
-----------------------------------------------------------------------------
                                  3.59   slack (MET)


Startpoint: rst (input port clocked by clk)
Endpoint: _408_ (removal check against rising-edge clock clk)
Path Group: asynchronous
Path Type: min

Fanout     Cap    Slew   Delay    Time   Description
-----------------------------------------------------------------------------
                          0.00    0.00   clock clk (rise edge)
                          0.00    0.00   clock network delay (propagated)
                          4.00    4.00 v input external delay
                  0.01    0.00    4.00 v rst (in)
     1    0.00                           rst (net)
                  0.01    0.00    4.00 v input1/A (sky130_fd_sc_hd__buf_1)
                  0.02    0.07    4.07 v input1/X (sky130_fd_sc_hd__buf_1)
     1    0.00                           net1 (net)
                  0.02    0.00    4.07 v _367_/A (sky130_fd_sc_hd__buf_4)
                  0.06    0.16    4.22 v _367_/X (sky130_fd_sc_hd__buf_4)
    10    0.04                           _180_ (net)
                  0.06    0.00    4.22 v _379_/A (sky130_fd_sc_hd__buf_4)
                  0.07    0.18    4.40 v _379_/X (sky130_fd_sc_hd__buf_4)
    10    0.04                           _182_ (net)
                  0.07    0.00    4.40 v _380_/A (sky130_fd_sc_hd__inv_2)
                  0.03    0.05    4.45 ^ _380_/Y (sky130_fd_sc_hd__inv_2)
     1    0.00                           _010_ (net)
                  0.03    0.00    4.45 ^ _408_/RESET_B (sky130_fd_sc_hd__dfrtp_4)
                                  4.45   data arrival time

                          0.00    0.00   clock clk (rise edge)
                          0.00    0.00   clock source latency
                  0.04    0.03    0.03 ^ clk (in)
     1    0.01                           clk (net)
                  0.04    0.00    0.03 ^ clkbuf_0_clk/A (sky130_fd_sc_hd__clkbuf_16)
                  0.04    0.13    0.16 ^ clkbuf_0_clk/X (sky130_fd_sc_hd__clkbuf_16)
     2    0.02                           clknet_0_clk (net)
                  0.04    0.00    0.16 ^ clkbuf_1_0__f_clk/A (sky130_fd_sc_hd__clkbuf_16)
                  0.05    0.14    0.29 ^ clkbuf_1_0__f_clk/X (sky130_fd_sc_hd__clkbuf_16)
    14    0.03                           clknet_1_0__leaf_clk (net)
                  0.05    0.00    0.29 ^ _408_/CLK (sky130_fd_sc_hd__dfrtp_4)
                          0.25    0.54   clock uncertainty
                          0.00    0.54   clock reconvergence pessimism
                          0.32    0.86   library removal time
                                  0.86   data required time
-----------------------------------------------------------------------------
                                  0.86   data required time
                                 -4.45   data arrival time
-----------------------------------------------------------------------------
                                  3.59   slack (MET)


Startpoint: rst (input port clocked by clk)
Endpoint: _409_ (removal check against rising-edge clock clk)
Path Group: asynchronous
Path Type: min

Fanout     Cap    Slew   Delay    Time   Description
-----------------------------------------------------------------------------
                          0.00    0.00   clock clk (rise edge)
                          0.00    0.00   clock network delay (propagated)
                          4.00    4.00 v input external delay
                  0.01    0.00    4.00 v rst (in)
     1    0.00                           rst (net)
                  0.01    0.00    4.00 v input1/A (sky130_fd_sc_hd__buf_1)
                  0.02    0.07    4.07 v input1/X (sky130_fd_sc_hd__buf_1)
     1    0.00                           net1 (net)
                  0.02    0.00    4.07 v _367_/A (sky130_fd_sc_hd__buf_4)
                  0.06    0.16    4.22 v _367_/X (sky130_fd_sc_hd__buf_4)
    10    0.04                           _180_ (net)
                  0.06    0.00    4.22 v _379_/A (sky130_fd_sc_hd__buf_4)
                  0.07    0.18    4.40 v _379_/X (sky130_fd_sc_hd__buf_4)
    10    0.04                           _182_ (net)
                  0.07    0.00    4.40 v _381_/A (sky130_fd_sc_hd__inv_2)
                  0.03    0.05    4.45 ^ _381_/Y (sky130_fd_sc_hd__inv_2)
     1    0.00                           _011_ (net)
                  0.03    0.00    4.45 ^ _409_/RESET_B (sky130_fd_sc_hd__dfrtp_4)
                                  4.45   data arrival time

                          0.00    0.00   clock clk (rise edge)
                          0.00    0.00   clock source latency
                  0.04    0.03    0.03 ^ clk (in)
     1    0.01                           clk (net)
                  0.04    0.00    0.03 ^ clkbuf_0_clk/A (sky130_fd_sc_hd__clkbuf_16)
                  0.04    0.13    0.16 ^ clkbuf_0_clk/X (sky130_fd_sc_hd__clkbuf_16)
     2    0.02                           clknet_0_clk (net)
                  0.04    0.00    0.16 ^ clkbuf_1_0__f_clk/A (sky130_fd_sc_hd__clkbuf_16)
                  0.05    0.14    0.29 ^ clkbuf_1_0__f_clk/X (sky130_fd_sc_hd__clkbuf_16)
    14    0.03                           clknet_1_0__leaf_clk (net)
                  0.05    0.00    0.29 ^ _409_/CLK (sky130_fd_sc_hd__dfrtp_4)
                          0.25    0.54   clock uncertainty
                          0.00    0.54   clock reconvergence pessimism
                          0.32    0.86   library removal time
                                  0.86   data required time
-----------------------------------------------------------------------------
                                  0.86   data required time
                                 -4.45   data arrival time
-----------------------------------------------------------------------------
                                  3.59   slack (MET)


Startpoint: rst (input port clocked by clk)
Endpoint: _410_ (removal check against rising-edge clock clk)
Path Group: asynchronous
Path Type: min

Fanout     Cap    Slew   Delay    Time   Description
-----------------------------------------------------------------------------
                          0.00    0.00   clock clk (rise edge)
                          0.00    0.00   clock network delay (propagated)
                          4.00    4.00 v input external delay
                  0.01    0.00    4.00 v rst (in)
     1    0.00                           rst (net)
                  0.01    0.00    4.00 v input1/A (sky130_fd_sc_hd__buf_1)
                  0.02    0.07    4.07 v input1/X (sky130_fd_sc_hd__buf_1)
     1    0.00                           net1 (net)
                  0.02    0.00    4.07 v _367_/A (sky130_fd_sc_hd__buf_4)
                  0.06    0.16    4.22 v _367_/X (sky130_fd_sc_hd__buf_4)
    10    0.04                           _180_ (net)
                  0.06    0.00    4.22 v _379_/A (sky130_fd_sc_hd__buf_4)
                  0.07    0.18    4.40 v _379_/X (sky130_fd_sc_hd__buf_4)
    10    0.04                           _182_ (net)
                  0.07    0.00    4.40 v _382_/A (sky130_fd_sc_hd__inv_2)
                  0.03    0.05    4.45 ^ _382_/Y (sky130_fd_sc_hd__inv_2)
     1    0.00                           _012_ (net)
                  0.03    0.00    4.45 ^ _410_/RESET_B (sky130_fd_sc_hd__dfrtp_4)
                                  4.45   data arrival time

                          0.00    0.00   clock clk (rise edge)
                          0.00    0.00   clock source latency
                  0.04    0.03    0.03 ^ clk (in)
     1    0.01                           clk (net)
                  0.04    0.00    0.03 ^ clkbuf_0_clk/A (sky130_fd_sc_hd__clkbuf_16)
                  0.04    0.13    0.16 ^ clkbuf_0_clk/X (sky130_fd_sc_hd__clkbuf_16)
     2    0.02                           clknet_0_clk (net)
                  0.04    0.00    0.16 ^ clkbuf_1_0__f_clk/A (sky130_fd_sc_hd__clkbuf_16)
                  0.05    0.14    0.29 ^ clkbuf_1_0__f_clk/X (sky130_fd_sc_hd__clkbuf_16)
    14    0.03                           clknet_1_0__leaf_clk (net)
                  0.05    0.00    0.29 ^ _410_/CLK (sky130_fd_sc_hd__dfrtp_4)
                          0.25    0.54   clock uncertainty
                          0.00    0.54   clock reconvergence pessimism
                          0.32    0.86   library removal time
                                  0.86   data required time
-----------------------------------------------------------------------------
                                  0.86   data required time
                                 -4.45   data arrival time
-----------------------------------------------------------------------------
                                  3.59   slack (MET)


Startpoint: rst (input port clocked by clk)
Endpoint: _411_ (removal check against rising-edge clock clk)
Path Group: asynchronous
Path Type: min

Fanout     Cap    Slew   Delay    Time   Description
-----------------------------------------------------------------------------
                          0.00    0.00   clock clk (rise edge)
                          0.00    0.00   clock network delay (propagated)
                          4.00    4.00 v input external delay
                  0.01    0.00    4.00 v rst (in)
     1    0.00                           rst (net)
                  0.01    0.00    4.00 v input1/A (sky130_fd_sc_hd__buf_1)
                  0.02    0.07    4.07 v input1/X (sky130_fd_sc_hd__buf_1)
     1    0.00                           net1 (net)
                  0.02    0.00    4.07 v _367_/A (sky130_fd_sc_hd__buf_4)
                  0.06    0.16    4.22 v _367_/X (sky130_fd_sc_hd__buf_4)
    10    0.04                           _180_ (net)
                  0.06    0.00    4.22 v _379_/A (sky130_fd_sc_hd__buf_4)
                  0.07    0.18    4.40 v _379_/X (sky130_fd_sc_hd__buf_4)
    10    0.04                           _182_ (net)
                  0.07    0.00    4.40 v _383_/A (sky130_fd_sc_hd__inv_2)
                  0.03    0.05    4.45 ^ _383_/Y (sky130_fd_sc_hd__inv_2)
     1    0.00                           _013_ (net)
                  0.03    0.00    4.45 ^ _411_/RESET_B (sky130_fd_sc_hd__dfrtp_4)
                                  4.45   data arrival time

                          0.00    0.00   clock clk (rise edge)
                          0.00    0.00   clock source latency
                  0.04    0.03    0.03 ^ clk (in)
     1    0.01                           clk (net)
                  0.04    0.00    0.03 ^ clkbuf_0_clk/A (sky130_fd_sc_hd__clkbuf_16)
                  0.04    0.13    0.16 ^ clkbuf_0_clk/X (sky130_fd_sc_hd__clkbuf_16)
     2    0.02                           clknet_0_clk (net)
                  0.04    0.00    0.16 ^ clkbuf_1_1__f_clk/A (sky130_fd_sc_hd__clkbuf_16)
                  0.05    0.14    0.29 ^ clkbuf_1_1__f_clk/X (sky130_fd_sc_hd__clkbuf_16)
    14    0.03                           clknet_1_1__leaf_clk (net)
                  0.05    0.00    0.29 ^ _411_/CLK (sky130_fd_sc_hd__dfrtp_4)
                          0.25    0.54   clock uncertainty
                          0.00    0.54   clock reconvergence pessimism
                          0.32    0.86   library removal time
                                  0.86   data required time
-----------------------------------------------------------------------------
                                  0.86   data required time
                                 -4.45   data arrival time
-----------------------------------------------------------------------------
                                  3.59   slack (MET)


Startpoint: rst (input port clocked by clk)
Endpoint: _413_ (removal check against rising-edge clock clk)
Path Group: asynchronous
Path Type: min

Fanout     Cap    Slew   Delay    Time   Description
-----------------------------------------------------------------------------
                          0.00    0.00   clock clk (rise edge)
                          0.00    0.00   clock network delay (propagated)
                          4.00    4.00 v input external delay
                  0.01    0.00    4.00 v rst (in)
     1    0.00                           rst (net)
                  0.01    0.00    4.00 v input1/A (sky130_fd_sc_hd__buf_1)
                  0.02    0.07    4.07 v input1/X (sky130_fd_sc_hd__buf_1)
     1    0.00                           net1 (net)
                  0.02    0.00    4.07 v _367_/A (sky130_fd_sc_hd__buf_4)
                  0.06    0.16    4.22 v _367_/X (sky130_fd_sc_hd__buf_4)
    10    0.04                           _180_ (net)
                  0.06    0.00    4.22 v _379_/A (sky130_fd_sc_hd__buf_4)
                  0.07    0.18    4.40 v _379_/X (sky130_fd_sc_hd__buf_4)
    10    0.04                           _182_ (net)
                  0.07    0.00    4.40 v _385_/A (sky130_fd_sc_hd__inv_2)
                  0.03    0.05    4.45 ^ _385_/Y (sky130_fd_sc_hd__inv_2)
     1    0.00                           _015_ (net)
                  0.03    0.00    4.45 ^ _413_/RESET_B (sky130_fd_sc_hd__dfrtp_4)
                                  4.45   data arrival time

                          0.00    0.00   clock clk (rise edge)
                          0.00    0.00   clock source latency
                  0.04    0.03    0.03 ^ clk (in)
     1    0.01                           clk (net)
                  0.04    0.00    0.03 ^ clkbuf_0_clk/A (sky130_fd_sc_hd__clkbuf_16)
                  0.04    0.13    0.16 ^ clkbuf_0_clk/X (sky130_fd_sc_hd__clkbuf_16)
     2    0.02                           clknet_0_clk (net)
                  0.04    0.00    0.16 ^ clkbuf_1_0__f_clk/A (sky130_fd_sc_hd__clkbuf_16)
                  0.05    0.14    0.29 ^ clkbuf_1_0__f_clk/X (sky130_fd_sc_hd__clkbuf_16)
    14    0.03                           clknet_1_0__leaf_clk (net)
                  0.05    0.00    0.29 ^ _413_/CLK (sky130_fd_sc_hd__dfrtp_4)
                          0.25    0.54   clock uncertainty
                          0.00    0.54   clock reconvergence pessimism
                          0.32    0.86   library removal time
                                  0.86   data required time
-----------------------------------------------------------------------------
                                  0.86   data required time
                                 -4.45   data arrival time
-----------------------------------------------------------------------------
                                  3.59   slack (MET)


Startpoint: rst (input port clocked by clk)
Endpoint: _414_ (removal check against rising-edge clock clk)
Path Group: asynchronous
Path Type: min

Fanout     Cap    Slew   Delay    Time   Description
-----------------------------------------------------------------------------
                          0.00    0.00   clock clk (rise edge)
                          0.00    0.00   clock network delay (propagated)
                          4.00    4.00 v input external delay
                  0.01    0.00    4.00 v rst (in)
     1    0.00                           rst (net)
                  0.01    0.00    4.00 v input1/A (sky130_fd_sc_hd__buf_1)
                  0.02    0.07    4.07 v input1/X (sky130_fd_sc_hd__buf_1)
     1    0.00                           net1 (net)
                  0.02    0.00    4.07 v _367_/A (sky130_fd_sc_hd__buf_4)
                  0.06    0.16    4.22 v _367_/X (sky130_fd_sc_hd__buf_4)
    10    0.04                           _180_ (net)
                  0.06    0.00    4.22 v _379_/A (sky130_fd_sc_hd__buf_4)
                  0.07    0.18    4.40 v _379_/X (sky130_fd_sc_hd__buf_4)
    10    0.04                           _182_ (net)
                  0.07    0.00    4.40 v _386_/A (sky130_fd_sc_hd__inv_2)
                  0.03    0.05    4.45 ^ _386_/Y (sky130_fd_sc_hd__inv_2)
     1    0.00                           _016_ (net)
                  0.03    0.00    4.45 ^ _414_/RESET_B (sky130_fd_sc_hd__dfrtp_4)
                                  4.45   data arrival time

                          0.00    0.00   clock clk (rise edge)
                          0.00    0.00   clock source latency
                  0.04    0.03    0.03 ^ clk (in)
     1    0.01                           clk (net)
                  0.04    0.00    0.03 ^ clkbuf_0_clk/A (sky130_fd_sc_hd__clkbuf_16)
                  0.04    0.13    0.16 ^ clkbuf_0_clk/X (sky130_fd_sc_hd__clkbuf_16)
     2    0.02                           clknet_0_clk (net)
                  0.04    0.00    0.16 ^ clkbuf_1_0__f_clk/A (sky130_fd_sc_hd__clkbuf_16)
                  0.05    0.14    0.29 ^ clkbuf_1_0__f_clk/X (sky130_fd_sc_hd__clkbuf_16)
    14    0.03                           clknet_1_0__leaf_clk (net)
                  0.05    0.00    0.29 ^ _414_/CLK (sky130_fd_sc_hd__dfrtp_4)
                          0.25    0.54   clock uncertainty
                          0.00    0.54   clock reconvergence pessimism
                          0.32    0.86   library removal time
                                  0.86   data required time
-----------------------------------------------------------------------------
                                  0.86   data required time
                                 -4.45   data arrival time
-----------------------------------------------------------------------------
                                  3.59   slack (MET)


Startpoint: rst (input port clocked by clk)
Endpoint: _415_ (removal check against rising-edge clock clk)
Path Group: asynchronous
Path Type: min

Fanout     Cap    Slew   Delay    Time   Description
-----------------------------------------------------------------------------
                          0.00    0.00   clock clk (rise edge)
                          0.00    0.00   clock network delay (propagated)
                          4.00    4.00 v input external delay
                  0.01    0.00    4.00 v rst (in)
     1    0.00                           rst (net)
                  0.01    0.00    4.00 v input1/A (sky130_fd_sc_hd__buf_1)
                  0.02    0.07    4.07 v input1/X (sky130_fd_sc_hd__buf_1)
     1    0.00                           net1 (net)
                  0.02    0.00    4.07 v _367_/A (sky130_fd_sc_hd__buf_4)
                  0.06    0.16    4.22 v _367_/X (sky130_fd_sc_hd__buf_4)
    10    0.04                           _180_ (net)
                  0.06    0.00    4.22 v _379_/A (sky130_fd_sc_hd__buf_4)
                  0.07    0.18    4.40 v _379_/X (sky130_fd_sc_hd__buf_4)
    10    0.04                           _182_ (net)
                  0.07    0.00    4.40 v _387_/A (sky130_fd_sc_hd__inv_2)
                  0.03    0.05    4.45 ^ _387_/Y (sky130_fd_sc_hd__inv_2)
     1    0.00                           _017_ (net)
                  0.03    0.00    4.45 ^ _415_/RESET_B (sky130_fd_sc_hd__dfrtp_4)
                                  4.45   data arrival time

                          0.00    0.00   clock clk (rise edge)
                          0.00    0.00   clock source latency
                  0.04    0.03    0.03 ^ clk (in)
     1    0.01                           clk (net)
                  0.04    0.00    0.03 ^ clkbuf_0_clk/A (sky130_fd_sc_hd__clkbuf_16)
                  0.04    0.13    0.16 ^ clkbuf_0_clk/X (sky130_fd_sc_hd__clkbuf_16)
     2    0.02                           clknet_0_clk (net)
                  0.04    0.00    0.16 ^ clkbuf_1_0__f_clk/A (sky130_fd_sc_hd__clkbuf_16)
                  0.05    0.14    0.29 ^ clkbuf_1_0__f_clk/X (sky130_fd_sc_hd__clkbuf_16)
    14    0.03                           clknet_1_0__leaf_clk (net)
                  0.05    0.00    0.29 ^ _415_/CLK (sky130_fd_sc_hd__dfrtp_4)
                          0.25    0.54   clock uncertainty
                          0.00    0.54   clock reconvergence pessimism
                          0.32    0.86   library removal time
                                  0.86   data required time
-----------------------------------------------------------------------------
                                  0.86   data required time
                                 -4.45   data arrival time
-----------------------------------------------------------------------------
                                  3.59   slack (MET)


Startpoint: rst (input port clocked by clk)
Endpoint: _416_ (removal check against rising-edge clock clk)
Path Group: asynchronous
Path Type: min

Fanout     Cap    Slew   Delay    Time   Description
-----------------------------------------------------------------------------
                          0.00    0.00   clock clk (rise edge)
                          0.00    0.00   clock network delay (propagated)
                          4.00    4.00 v input external delay
                  0.01    0.00    4.00 v rst (in)
     1    0.00                           rst (net)
                  0.01    0.00    4.00 v input1/A (sky130_fd_sc_hd__buf_1)
                  0.02    0.07    4.07 v input1/X (sky130_fd_sc_hd__buf_1)
     1    0.00                           net1 (net)
                  0.02    0.00    4.07 v _367_/A (sky130_fd_sc_hd__buf_4)
                  0.06    0.16    4.22 v _367_/X (sky130_fd_sc_hd__buf_4)
    10    0.04                           _180_ (net)
                  0.06    0.00    4.22 v _379_/A (sky130_fd_sc_hd__buf_4)
                  0.07    0.18    4.40 v _379_/X (sky130_fd_sc_hd__buf_4)
    10    0.04                           _182_ (net)
                  0.07    0.00    4.40 v _388_/A (sky130_fd_sc_hd__inv_2)
                  0.03    0.05    4.45 ^ _388_/Y (sky130_fd_sc_hd__inv_2)
     1    0.00                           _018_ (net)
                  0.03    0.00    4.45 ^ _416_/RESET_B (sky130_fd_sc_hd__dfrtp_4)
                                  4.45   data arrival time

                          0.00    0.00   clock clk (rise edge)
                          0.00    0.00   clock source latency
                  0.04    0.03    0.03 ^ clk (in)
     1    0.01                           clk (net)
                  0.04    0.00    0.03 ^ clkbuf_0_clk/A (sky130_fd_sc_hd__clkbuf_16)
                  0.04    0.13    0.16 ^ clkbuf_0_clk/X (sky130_fd_sc_hd__clkbuf_16)
     2    0.02                           clknet_0_clk (net)
                  0.04    0.00    0.16 ^ clkbuf_1_0__f_clk/A (sky130_fd_sc_hd__clkbuf_16)
                  0.05    0.14    0.29 ^ clkbuf_1_0__f_clk/X (sky130_fd_sc_hd__clkbuf_16)
    14    0.03                           clknet_1_0__leaf_clk (net)
                  0.05    0.00    0.29 ^ _416_/CLK (sky130_fd_sc_hd__dfrtp_4)
                          0.25    0.54   clock uncertainty
                          0.00    0.54   clock reconvergence pessimism
                          0.32    0.86   library removal time
                                  0.86   data required time
-----------------------------------------------------------------------------
                                  0.86   data required time
                                 -4.45   data arrival time
-----------------------------------------------------------------------------
                                  3.59   slack (MET)


Startpoint: rst (input port clocked by clk)
Endpoint: _417_ (removal check against rising-edge clock clk)
Path Group: asynchronous
Path Type: min

Fanout     Cap    Slew   Delay    Time   Description
-----------------------------------------------------------------------------
                          0.00    0.00   clock clk (rise edge)
                          0.00    0.00   clock network delay (propagated)
                          4.00    4.00 v input external delay
                  0.01    0.00    4.00 v rst (in)
     1    0.00                           rst (net)
                  0.01    0.00    4.00 v input1/A (sky130_fd_sc_hd__buf_1)
                  0.02    0.07    4.07 v input1/X (sky130_fd_sc_hd__buf_1)
     1    0.00                           net1 (net)
                  0.02    0.00    4.07 v _367_/A (sky130_fd_sc_hd__buf_4)
                  0.06    0.16    4.22 v _367_/X (sky130_fd_sc_hd__buf_4)
    10    0.04                           _180_ (net)
                  0.06    0.00    4.22 v _379_/A (sky130_fd_sc_hd__buf_4)
                  0.07    0.18    4.40 v _379_/X (sky130_fd_sc_hd__buf_4)
    10    0.04                           _182_ (net)
                  0.07    0.00    4.40 v _389_/A (sky130_fd_sc_hd__inv_2)
                  0.03    0.05    4.45 ^ _389_/Y (sky130_fd_sc_hd__inv_2)
     1    0.00                           _019_ (net)
                  0.03    0.00    4.45 ^ _417_/RESET_B (sky130_fd_sc_hd__dfrtp_4)
                                  4.45   data arrival time

                          0.00    0.00   clock clk (rise edge)
                          0.00    0.00   clock source latency
                  0.04    0.03    0.03 ^ clk (in)
     1    0.01                           clk (net)
                  0.04    0.00    0.03 ^ clkbuf_0_clk/A (sky130_fd_sc_hd__clkbuf_16)
                  0.04    0.13    0.16 ^ clkbuf_0_clk/X (sky130_fd_sc_hd__clkbuf_16)
     2    0.02                           clknet_0_clk (net)
                  0.04    0.00    0.16 ^ clkbuf_1_0__f_clk/A (sky130_fd_sc_hd__clkbuf_16)
                  0.05    0.14    0.29 ^ clkbuf_1_0__f_clk/X (sky130_fd_sc_hd__clkbuf_16)
    14    0.03                           clknet_1_0__leaf_clk (net)
                  0.05    0.00    0.29 ^ _417_/CLK (sky130_fd_sc_hd__dfrtp_4)
                          0.25    0.54   clock uncertainty
                          0.00    0.54   clock reconvergence pessimism
                          0.32    0.86   library removal time
                                  0.86   data required time
-----------------------------------------------------------------------------
                                  0.86   data required time
                                 -4.45   data arrival time
-----------------------------------------------------------------------------
                                  3.59   slack (MET)


Startpoint: _412_ (rising edge-triggered flip-flop clocked by clk)
Endpoint: last_opcode_out[3] (output port clocked by clk)
Path Group: clk
Path Type: min

Fanout     Cap    Slew   Delay    Time   Description
-----------------------------------------------------------------------------
                          0.00    0.00   clock clk (rise edge)
                          0.00    0.00   clock source latency
                  0.04    0.03    0.03 ^ clk (in)
     1    0.01                           clk (net)
                  0.04    0.00    0.03 ^ clkbuf_0_clk/A (sky130_fd_sc_hd__clkbuf_16)
                  0.04    0.11    0.14 ^ clkbuf_0_clk/X (sky130_fd_sc_hd__clkbuf_16)
     2    0.02                           clknet_0_clk (net)
                  0.04    0.00    0.14 ^ clkbuf_1_1__f_clk/A (sky130_fd_sc_hd__clkbuf_16)
                  0.05    0.12    0.26 ^ clkbuf_1_1__f_clk/X (sky130_fd_sc_hd__clkbuf_16)
    14    0.03                           clknet_1_1__leaf_clk (net)
                  0.05    0.00    0.26 ^ _412_/CLK (sky130_fd_sc_hd__dfrtp_2)
                  0.04    0.32    0.59 ^ _412_/Q (sky130_fd_sc_hd__dfrtp_2)
     2    0.00                           net25 (net)
                  0.04    0.00    0.59 ^ output25/A (sky130_fd_sc_hd__clkbuf_4)
                  0.11    0.17    0.76 ^ output25/X (sky130_fd_sc_hd__clkbuf_4)
     1    0.03                           last_opcode_out[3] (net)
                  0.11    0.00    0.76 ^ last_opcode_out[3] (out)
                                  0.76   data arrival time

                          0.00    0.00   clock clk (rise edge)
                          0.00    0.00   clock network delay (propagated)
                          0.25    0.25   clock uncertainty
                          0.00    0.25   clock reconvergence pessimism
                         -4.00   -3.75   output external delay
                                 -3.75   data required time
-----------------------------------------------------------------------------
                                 -3.75   data required time
                                 -0.76   data arrival time
-----------------------------------------------------------------------------
                                  4.51   slack (MET)


Startpoint: _406_ (rising edge-triggered flip-flop clocked by clk)
Endpoint: A_out[4] (output port clocked by clk)
Path Group: clk
Path Type: min

Fanout     Cap    Slew   Delay    Time   Description
-----------------------------------------------------------------------------
                          0.00    0.00   clock clk (rise edge)
                          0.00    0.00   clock source latency
                  0.04    0.03    0.03 ^ clk (in)
     1    0.01                           clk (net)
                  0.04    0.00    0.03 ^ clkbuf_0_clk/A (sky130_fd_sc_hd__clkbuf_16)
                  0.04    0.11    0.14 ^ clkbuf_0_clk/X (sky130_fd_sc_hd__clkbuf_16)
     2    0.02                           clknet_0_clk (net)
                  0.04    0.00    0.14 ^ clkbuf_1_0__f_clk/A (sky130_fd_sc_hd__clkbuf_16)
                  0.05    0.12    0.26 ^ clkbuf_1_0__f_clk/X (sky130_fd_sc_hd__clkbuf_16)
    14    0.03                           clknet_1_0__leaf_clk (net)
                  0.05    0.00    0.26 ^ _406_/CLK (sky130_fd_sc_hd__dfrtp_2)
                  0.05    0.33    0.59 ^ _406_/Q (sky130_fd_sc_hd__dfrtp_2)
     3    0.01                           net6 (net)
                  0.05    0.00    0.59 ^ output6/A (sky130_fd_sc_hd__clkbuf_4)
                  0.11    0.18    0.77 ^ output6/X (sky130_fd_sc_hd__clkbuf_4)
     1    0.03                           A_out[4] (net)
                  0.11    0.00    0.77 ^ A_out[4] (out)
                                  0.77   data arrival time

                          0.00    0.00   clock clk (rise edge)
                          0.00    0.00   clock network delay (propagated)
                          0.25    0.25   clock uncertainty
                          0.00    0.25   clock reconvergence pessimism
                         -4.00   -3.75   output external delay
                                 -3.75   data required time
-----------------------------------------------------------------------------
                                 -3.75   data required time
                                 -0.77   data arrival time
-----------------------------------------------------------------------------
                                  4.52   slack (MET)


Startpoint: _411_ (rising edge-triggered flip-flop clocked by clk)
Endpoint: last_opcode_out[2] (output port clocked by clk)
Path Group: clk
Path Type: min

Fanout     Cap    Slew   Delay    Time   Description
-----------------------------------------------------------------------------
                          0.00    0.00   clock clk (rise edge)
                          0.00    0.00   clock source latency
                  0.04    0.03    0.03 ^ clk (in)
     1    0.01                           clk (net)
                  0.04    0.00    0.03 ^ clkbuf_0_clk/A (sky130_fd_sc_hd__clkbuf_16)
                  0.04    0.11    0.14 ^ clkbuf_0_clk/X (sky130_fd_sc_hd__clkbuf_16)
     2    0.02                           clknet_0_clk (net)
                  0.04    0.00    0.14 ^ clkbuf_1_1__f_clk/A (sky130_fd_sc_hd__clkbuf_16)
                  0.05    0.12    0.26 ^ clkbuf_1_1__f_clk/X (sky130_fd_sc_hd__clkbuf_16)
    14    0.03                           clknet_1_1__leaf_clk (net)
                  0.05    0.00    0.26 ^ _411_/CLK (sky130_fd_sc_hd__dfrtp_4)
                  0.05    0.37    0.63 ^ _411_/Q (sky130_fd_sc_hd__dfrtp_4)
     2    0.00                           net24 (net)
                  0.05    0.00    0.63 ^ output24/A (sky130_fd_sc_hd__clkbuf_4)
                  0.11    0.18    0.81 ^ output24/X (sky130_fd_sc_hd__clkbuf_4)
     1    0.03                           last_opcode_out[2] (net)
                  0.11    0.00    0.81 ^ last_opcode_out[2] (out)
                                  0.81   data arrival time

                          0.00    0.00   clock clk (rise edge)
                          0.00    0.00   clock network delay (propagated)
                          0.25    0.25   clock uncertainty
                          0.00    0.25   clock reconvergence pessimism
                         -4.00   -3.75   output external delay
                                 -3.75   data required time
-----------------------------------------------------------------------------
                                 -3.75   data required time
                                 -0.81   data arrival time
-----------------------------------------------------------------------------
                                  4.56   slack (MET)


Startpoint: _414_ (rising edge-triggered flip-flop clocked by clk)
Endpoint: flags_out[0] (output port clocked by clk)
Path Group: clk
Path Type: min

Fanout     Cap    Slew   Delay    Time   Description
-----------------------------------------------------------------------------
                          0.00    0.00   clock clk (rise edge)
                          0.00    0.00   clock source latency
                  0.04    0.03    0.03 ^ clk (in)
     1    0.01                           clk (net)
                  0.04    0.00    0.03 ^ clkbuf_0_clk/A (sky130_fd_sc_hd__clkbuf_16)
                  0.04    0.11    0.14 ^ clkbuf_0_clk/X (sky130_fd_sc_hd__clkbuf_16)
     2    0.02                           clknet_0_clk (net)
                  0.04    0.00    0.14 ^ clkbuf_1_0__f_clk/A (sky130_fd_sc_hd__clkbuf_16)
                  0.05    0.12    0.26 ^ clkbuf_1_0__f_clk/X (sky130_fd_sc_hd__clkbuf_16)
    14    0.03                           clknet_1_0__leaf_clk (net)
                  0.05    0.00    0.26 ^ _414_/CLK (sky130_fd_sc_hd__dfrtp_4)
                  0.05    0.37    0.63 ^ _414_/Q (sky130_fd_sc_hd__dfrtp_4)
     2    0.00                           net18 (net)
                  0.05    0.00    0.63 ^ output18/A (sky130_fd_sc_hd__clkbuf_4)
                  0.11    0.18    0.81 ^ output18/X (sky130_fd_sc_hd__clkbuf_4)
     1    0.03                           flags_out[0] (net)
                  0.11    0.00    0.81 ^ flags_out[0] (out)
                                  0.81   data arrival time

                          0.00    0.00   clock clk (rise edge)
                          0.00    0.00   clock network delay (propagated)
                          0.25    0.25   clock uncertainty
                          0.00    0.25   clock reconvergence pessimism
                         -4.00   -3.75   output external delay
                                 -3.75   data required time
-----------------------------------------------------------------------------
                                 -3.75   data required time
                                 -0.81   data arrival time
-----------------------------------------------------------------------------
                                  4.56   slack (MET)


Startpoint: _415_ (rising edge-triggered flip-flop clocked by clk)
Endpoint: flags_out[1] (output port clocked by clk)
Path Group: clk
Path Type: min

Fanout     Cap    Slew   Delay    Time   Description
-----------------------------------------------------------------------------
                          0.00    0.00   clock clk (rise edge)
                          0.00    0.00   clock source latency
                  0.04    0.03    0.03 ^ clk (in)
     1    0.01                           clk (net)
                  0.04    0.00    0.03 ^ clkbuf_0_clk/A (sky130_fd_sc_hd__clkbuf_16)
                  0.04    0.11    0.14 ^ clkbuf_0_clk/X (sky130_fd_sc_hd__clkbuf_16)
     2    0.02                           clknet_0_clk (net)
                  0.04    0.00    0.14 ^ clkbuf_1_0__f_clk/A (sky130_fd_sc_hd__clkbuf_16)
                  0.05    0.12    0.26 ^ clkbuf_1_0__f_clk/X (sky130_fd_sc_hd__clkbuf_16)
    14    0.03                           clknet_1_0__leaf_clk (net)
                  0.05    0.00    0.26 ^ _415_/CLK (sky130_fd_sc_hd__dfrtp_4)
                  0.05    0.37    0.63 ^ _415_/Q (sky130_fd_sc_hd__dfrtp_4)
     2    0.00                           net19 (net)
                  0.05    0.00    0.63 ^ output19/A (sky130_fd_sc_hd__clkbuf_4)
                  0.11    0.18    0.81 ^ output19/X (sky130_fd_sc_hd__clkbuf_4)
     1    0.03                           flags_out[1] (net)
                  0.11    0.00    0.81 ^ flags_out[1] (out)
                                  0.81   data arrival time

                          0.00    0.00   clock clk (rise edge)
                          0.00    0.00   clock network delay (propagated)
                          0.25    0.25   clock uncertainty
                          0.00    0.25   clock reconvergence pessimism
                         -4.00   -3.75   output external delay
                                 -3.75   data required time
-----------------------------------------------------------------------------
                                 -3.75   data required time
                                 -0.81   data arrival time
-----------------------------------------------------------------------------
                                  4.56   slack (MET)


Startpoint: _409_ (rising edge-triggered flip-flop clocked by clk)
Endpoint: A_out[7] (output port clocked by clk)
Path Group: clk
Path Type: min

Fanout     Cap    Slew   Delay    Time   Description
-----------------------------------------------------------------------------
                          0.00    0.00   clock clk (rise edge)
                          0.00    0.00   clock source latency
                  0.04    0.03    0.03 ^ clk (in)
     1    0.01                           clk (net)
                  0.04    0.00    0.03 ^ clkbuf_0_clk/A (sky130_fd_sc_hd__clkbuf_16)
                  0.04    0.11    0.14 ^ clkbuf_0_clk/X (sky130_fd_sc_hd__clkbuf_16)
     2    0.02                           clknet_0_clk (net)
                  0.04    0.00    0.14 ^ clkbuf_1_0__f_clk/A (sky130_fd_sc_hd__clkbuf_16)
                  0.05    0.12    0.26 ^ clkbuf_1_0__f_clk/X (sky130_fd_sc_hd__clkbuf_16)
    14    0.03                           clknet_1_0__leaf_clk (net)
                  0.05    0.00    0.26 ^ _409_/CLK (sky130_fd_sc_hd__dfrtp_4)
                  0.05    0.37    0.64 ^ _409_/Q (sky130_fd_sc_hd__dfrtp_4)
     3    0.01                           net9 (net)
                  0.05    0.00    0.64 ^ output9/A (sky130_fd_sc_hd__clkbuf_4)
                  0.11    0.18    0.81 ^ output9/X (sky130_fd_sc_hd__clkbuf_4)
     1    0.03                           A_out[7] (net)
                  0.11    0.00    0.81 ^ A_out[7] (out)
                                  0.81   data arrival time

                          0.00    0.00   clock clk (rise edge)
                          0.00    0.00   clock network delay (propagated)
                          0.25    0.25   clock uncertainty
                          0.00    0.25   clock reconvergence pessimism
                         -4.00   -3.75   output external delay
                                 -3.75   data required time
-----------------------------------------------------------------------------
                                 -3.75   data required time
                                 -0.81   data arrival time
-----------------------------------------------------------------------------
                                  4.56   slack (MET)


Startpoint: _403_ (rising edge-triggered flip-flop clocked by clk)
Endpoint: A_out[1] (output port clocked by clk)
Path Group: clk
Path Type: min

Fanout     Cap    Slew   Delay    Time   Description
-----------------------------------------------------------------------------
                          0.00    0.00   clock clk (rise edge)
                          0.00    0.00   clock source latency
                  0.04    0.03    0.03 ^ clk (in)
     1    0.01                           clk (net)
                  0.04    0.00    0.03 ^ clkbuf_0_clk/A (sky130_fd_sc_hd__clkbuf_16)
                  0.04    0.11    0.14 ^ clkbuf_0_clk/X (sky130_fd_sc_hd__clkbuf_16)
     2    0.02                           clknet_0_clk (net)
                  0.04    0.00    0.14 ^ clkbuf_1_1__f_clk/A (sky130_fd_sc_hd__clkbuf_16)
                  0.05    0.12    0.26 ^ clkbuf_1_1__f_clk/X (sky130_fd_sc_hd__clkbuf_16)
    14    0.03                           clknet_1_1__leaf_clk (net)
                  0.05    0.00    0.26 ^ _403_/CLK (sky130_fd_sc_hd__dfrtp_4)
                  0.05    0.37    0.64 ^ _403_/Q (sky130_fd_sc_hd__dfrtp_4)
     3    0.01                           net3 (net)
                  0.05    0.00    0.64 ^ output3/A (sky130_fd_sc_hd__clkbuf_4)
                  0.11    0.18    0.81 ^ output3/X (sky130_fd_sc_hd__clkbuf_4)
     1    0.03                           A_out[1] (net)
                  0.11    0.00    0.81 ^ A_out[1] (out)
                                  0.81   data arrival time

                          0.00    0.00   clock clk (rise edge)
                          0.00    0.00   clock network delay (propagated)
                          0.25    0.25   clock uncertainty
                          0.00    0.25   clock reconvergence pessimism
                         -4.00   -3.75   output external delay
                                 -3.75   data required time
-----------------------------------------------------------------------------
                                 -3.75   data required time
                                 -0.81   data arrival time
-----------------------------------------------------------------------------
                                  4.56   slack (MET)


Startpoint: _405_ (rising edge-triggered flip-flop clocked by clk)
Endpoint: A_out[3] (output port clocked by clk)
Path Group: clk
Path Type: min

Fanout     Cap    Slew   Delay    Time   Description
-----------------------------------------------------------------------------
                          0.00    0.00   clock clk (rise edge)
                          0.00    0.00   clock source latency
                  0.04    0.03    0.03 ^ clk (in)
     1    0.01                           clk (net)
                  0.04    0.00    0.03 ^ clkbuf_0_clk/A (sky130_fd_sc_hd__clkbuf_16)
                  0.04    0.11    0.14 ^ clkbuf_0_clk/X (sky130_fd_sc_hd__clkbuf_16)
     2    0.02                           clknet_0_clk (net)
                  0.04    0.00    0.14 ^ clkbuf_1_1__f_clk/A (sky130_fd_sc_hd__clkbuf_16)
                  0.05    0.12    0.26 ^ clkbuf_1_1__f_clk/X (sky130_fd_sc_hd__clkbuf_16)
    14    0.03                           clknet_1_1__leaf_clk (net)
                  0.05    0.00    0.26 ^ _405_/CLK (sky130_fd_sc_hd__dfrtp_4)
                  0.05    0.37    0.64 ^ _405_/Q (sky130_fd_sc_hd__dfrtp_4)
     3    0.01                           net5 (net)
                  0.05    0.00    0.64 ^ output5/A (sky130_fd_sc_hd__clkbuf_4)
                  0.11    0.18    0.81 ^ output5/X (sky130_fd_sc_hd__clkbuf_4)
     1    0.03                           A_out[3] (net)
                  0.11    0.00    0.81 ^ A_out[3] (out)
                                  0.81   data arrival time

                          0.00    0.00   clock clk (rise edge)
                          0.00    0.00   clock network delay (propagated)
                          0.25    0.25   clock uncertainty
                          0.00    0.25   clock reconvergence pessimism
                         -4.00   -3.75   output external delay
                                 -3.75   data required time
-----------------------------------------------------------------------------
                                 -3.75   data required time
                                 -0.81   data arrival time
-----------------------------------------------------------------------------
                                  4.56   slack (MET)


Startpoint: _416_ (rising edge-triggered flip-flop clocked by clk)
Endpoint: flags_out[2] (output port clocked by clk)
Path Group: clk
Path Type: min

Fanout     Cap    Slew   Delay    Time   Description
-----------------------------------------------------------------------------
                          0.00    0.00   clock clk (rise edge)
                          0.00    0.00   clock source latency
                  0.04    0.03    0.03 ^ clk (in)
     1    0.01                           clk (net)
                  0.04    0.00    0.03 ^ clkbuf_0_clk/A (sky130_fd_sc_hd__clkbuf_16)
                  0.04    0.11    0.14 ^ clkbuf_0_clk/X (sky130_fd_sc_hd__clkbuf_16)
     2    0.02                           clknet_0_clk (net)
                  0.04    0.00    0.14 ^ clkbuf_1_0__f_clk/A (sky130_fd_sc_hd__clkbuf_16)
                  0.05    0.12    0.26 ^ clkbuf_1_0__f_clk/X (sky130_fd_sc_hd__clkbuf_16)
    14    0.03                           clknet_1_0__leaf_clk (net)
                  0.05    0.00    0.26 ^ _416_/CLK (sky130_fd_sc_hd__dfrtp_4)
                  0.05    0.37    0.63 ^ _416_/Q (sky130_fd_sc_hd__dfrtp_4)
     2    0.00                           net20 (net)
                  0.05    0.00    0.63 ^ output20/A (sky130_fd_sc_hd__buf_2)
                  0.17    0.19    0.82 ^ output20/X (sky130_fd_sc_hd__buf_2)
     1    0.03                           flags_out[2] (net)
                  0.17    0.00    0.82 ^ flags_out[2] (out)
                                  0.82   data arrival time

                          0.00    0.00   clock clk (rise edge)
                          0.00    0.00   clock network delay (propagated)
                          0.25    0.25   clock uncertainty
                          0.00    0.25   clock reconvergence pessimism
                         -4.00   -3.75   output external delay
                                 -3.75   data required time
-----------------------------------------------------------------------------
                                 -3.75   data required time
                                 -0.82   data arrival time
-----------------------------------------------------------------------------
                                  4.57   slack (MET)


Startpoint: _413_ (rising edge-triggered flip-flop clocked by clk)
Endpoint: last_opcode_out[6] (output port clocked by clk)
Path Group: clk
Path Type: min

Fanout     Cap    Slew   Delay    Time   Description
-----------------------------------------------------------------------------
                          0.00    0.00   clock clk (rise edge)
                          0.00    0.00   clock source latency
                  0.04    0.03    0.03 ^ clk (in)
     1    0.01                           clk (net)
                  0.04    0.00    0.03 ^ clkbuf_0_clk/A (sky130_fd_sc_hd__clkbuf_16)
                  0.04    0.11    0.14 ^ clkbuf_0_clk/X (sky130_fd_sc_hd__clkbuf_16)
     2    0.02                           clknet_0_clk (net)
                  0.04    0.00    0.14 ^ clkbuf_1_0__f_clk/A (sky130_fd_sc_hd__clkbuf_16)
                  0.05    0.12    0.26 ^ clkbuf_1_0__f_clk/X (sky130_fd_sc_hd__clkbuf_16)
    14    0.03                           clknet_1_0__leaf_clk (net)
                  0.05    0.00    0.26 ^ _413_/CLK (sky130_fd_sc_hd__dfrtp_4)
                  0.06    0.38    0.64 ^ _413_/Q (sky130_fd_sc_hd__dfrtp_4)
     3    0.01                           net27 (net)
                  0.06    0.00    0.64 ^ output27/A (sky130_fd_sc_hd__clkbuf_4)
                  0.11    0.18    0.82 ^ output27/X (sky130_fd_sc_hd__clkbuf_4)
     1    0.03                           last_opcode_out[6] (net)
                  0.11    0.00    0.82 ^ last_opcode_out[6] (out)
                                  0.82   data arrival time

                          0.00    0.00   clock clk (rise edge)
                          0.00    0.00   clock network delay (propagated)
                          0.25    0.25   clock uncertainty
                          0.00    0.25   clock reconvergence pessimism
                         -4.00   -3.75   output external delay
                                 -3.75   data required time
-----------------------------------------------------------------------------
                                 -3.75   data required time
                                 -0.82   data arrival time
-----------------------------------------------------------------------------
                                  4.57   slack (MET)


Startpoint: _417_ (rising edge-triggered flip-flop clocked by clk)
Endpoint: flags_out[3] (output port clocked by clk)
Path Group: clk
Path Type: min

Fanout     Cap    Slew   Delay    Time   Description
-----------------------------------------------------------------------------
                          0.00    0.00   clock clk (rise edge)
                          0.00    0.00   clock source latency
                  0.04    0.03    0.03 ^ clk (in)
     1    0.01                           clk (net)
                  0.04    0.00    0.03 ^ clkbuf_0_clk/A (sky130_fd_sc_hd__clkbuf_16)
                  0.04    0.11    0.14 ^ clkbuf_0_clk/X (sky130_fd_sc_hd__clkbuf_16)
     2    0.02                           clknet_0_clk (net)
                  0.04    0.00    0.14 ^ clkbuf_1_0__f_clk/A (sky130_fd_sc_hd__clkbuf_16)
                  0.05    0.12    0.26 ^ clkbuf_1_0__f_clk/X (sky130_fd_sc_hd__clkbuf_16)
    14    0.03                           clknet_1_0__leaf_clk (net)
                  0.05    0.00    0.26 ^ _417_/CLK (sky130_fd_sc_hd__dfrtp_4)
                  0.06    0.38    0.64 ^ _417_/Q (sky130_fd_sc_hd__dfrtp_4)
     3    0.01                           net21 (net)
                  0.06    0.00    0.64 ^ output21/A (sky130_fd_sc_hd__clkbuf_4)
                  0.11    0.18    0.82 ^ output21/X (sky130_fd_sc_hd__clkbuf_4)
     1    0.03                           flags_out[3] (net)
                  0.11    0.00    0.82 ^ flags_out[3] (out)
                                  0.82   data arrival time

                          0.00    0.00   clock clk (rise edge)
                          0.00    0.00   clock network delay (propagated)
                          0.25    0.25   clock uncertainty
                          0.00    0.25   clock reconvergence pessimism
                         -4.00   -3.75   output external delay
                                 -3.75   data required time
-----------------------------------------------------------------------------
                                 -3.75   data required time
                                 -0.82   data arrival time
-----------------------------------------------------------------------------
                                  4.57   slack (MET)


Startpoint: _407_ (rising edge-triggered flip-flop clocked by clk)
Endpoint: A_out[5] (output port clocked by clk)
Path Group: clk
Path Type: min

Fanout     Cap    Slew   Delay    Time   Description
-----------------------------------------------------------------------------
                          0.00    0.00   clock clk (rise edge)
                          0.00    0.00   clock source latency
                  0.04    0.03    0.03 ^ clk (in)
     1    0.01                           clk (net)
                  0.04    0.00    0.03 ^ clkbuf_0_clk/A (sky130_fd_sc_hd__clkbuf_16)
                  0.04    0.11    0.14 ^ clkbuf_0_clk/X (sky130_fd_sc_hd__clkbuf_16)
     2    0.02                           clknet_0_clk (net)
                  0.04    0.00    0.14 ^ clkbuf_1_0__f_clk/A (sky130_fd_sc_hd__clkbuf_16)
                  0.05    0.12    0.26 ^ clkbuf_1_0__f_clk/X (sky130_fd_sc_hd__clkbuf_16)
    14    0.03                           clknet_1_0__leaf_clk (net)
                  0.05    0.00    0.26 ^ _407_/CLK (sky130_fd_sc_hd__dfrtp_4)
                  0.05    0.37    0.64 ^ _407_/Q (sky130_fd_sc_hd__dfrtp_4)
     3    0.00                           net7 (net)
                  0.05    0.00    0.64 ^ output7/A (sky130_fd_sc_hd__buf_2)
                  0.17    0.19    0.82 ^ output7/X (sky130_fd_sc_hd__buf_2)
     1    0.03                           A_out[5] (net)
                  0.17    0.00    0.82 ^ A_out[5] (out)
                                  0.82   data arrival time

                          0.00    0.00   clock clk (rise edge)
                          0.00    0.00   clock network delay (propagated)
                          0.25    0.25   clock uncertainty
                          0.00    0.25   clock reconvergence pessimism
                         -4.00   -3.75   output external delay
                                 -3.75   data required time
-----------------------------------------------------------------------------
                                 -3.75   data required time
                                 -0.82   data arrival time
-----------------------------------------------------------------------------
                                  4.57   slack (MET)


Startpoint: _425_ (rising edge-triggered flip-flop clocked by clk)
Endpoint: B_out[7] (output port clocked by clk)
Path Group: clk
Path Type: min

Fanout     Cap    Slew   Delay    Time   Description
-----------------------------------------------------------------------------
                          0.00    0.00   clock clk (rise edge)
                          0.00    0.00   clock source latency
                  0.04    0.03    0.03 ^ clk (in)
     1    0.01                           clk (net)
                  0.04    0.00    0.03 ^ clkbuf_0_clk/A (sky130_fd_sc_hd__clkbuf_16)
                  0.04    0.11    0.14 ^ clkbuf_0_clk/X (sky130_fd_sc_hd__clkbuf_16)
     2    0.02                           clknet_0_clk (net)
                  0.04    0.00    0.14 ^ clkbuf_1_0__f_clk/A (sky130_fd_sc_hd__clkbuf_16)
                  0.05    0.12    0.26 ^ clkbuf_1_0__f_clk/X (sky130_fd_sc_hd__clkbuf_16)
    14    0.03                           clknet_1_0__leaf_clk (net)
                  0.05    0.00    0.26 ^ _425_/CLK (sky130_fd_sc_hd__dfrtp_4)
                  0.06    0.38    0.65 ^ _425_/Q (sky130_fd_sc_hd__dfrtp_4)
     3    0.01                           net17 (net)
                  0.06    0.00    0.65 ^ output17/A (sky130_fd_sc_hd__clkbuf_4)
                  0.11    0.18    0.83 ^ output17/X (sky130_fd_sc_hd__clkbuf_4)
     1    0.03                           B_out[7] (net)
                  0.11    0.00    0.83 ^ B_out[7] (out)
                                  0.83   data arrival time

                          0.00    0.00   clock clk (rise edge)
                          0.00    0.00   clock network delay (propagated)
                          0.25    0.25   clock uncertainty
                          0.00    0.25   clock reconvergence pessimism
                         -4.00   -3.75   output external delay
                                 -3.75   data required time
-----------------------------------------------------------------------------
                                 -3.75   data required time
                                 -0.83   data arrival time
-----------------------------------------------------------------------------
                                  4.58   slack (MET)


Startpoint: _423_ (rising edge-triggered flip-flop clocked by clk)
Endpoint: B_out[5] (output port clocked by clk)
Path Group: clk
Path Type: min

Fanout     Cap    Slew   Delay    Time   Description
-----------------------------------------------------------------------------
                          0.00    0.00   clock clk (rise edge)
                          0.00    0.00   clock source latency
                  0.04    0.03    0.03 ^ clk (in)
     1    0.01                           clk (net)
                  0.04    0.00    0.03 ^ clkbuf_0_clk/A (sky130_fd_sc_hd__clkbuf_16)
                  0.04    0.11    0.14 ^ clkbuf_0_clk/X (sky130_fd_sc_hd__clkbuf_16)
     2    0.02                           clknet_0_clk (net)
                  0.04    0.00    0.14 ^ clkbuf_1_0__f_clk/A (sky130_fd_sc_hd__clkbuf_16)
                  0.05    0.12    0.26 ^ clkbuf_1_0__f_clk/X (sky130_fd_sc_hd__clkbuf_16)
    14    0.03                           clknet_1_0__leaf_clk (net)
                  0.05    0.00    0.26 ^ _423_/CLK (sky130_fd_sc_hd__dfrtp_4)
                  0.06    0.38    0.65 ^ _423_/Q (sky130_fd_sc_hd__dfrtp_4)
     3    0.01                           net15 (net)
                  0.06    0.00    0.65 ^ output15/A (sky130_fd_sc_hd__clkbuf_4)
                  0.11    0.18    0.83 ^ output15/X (sky130_fd_sc_hd__clkbuf_4)
     1    0.03                           B_out[5] (net)
                  0.11    0.00    0.83 ^ B_out[5] (out)
                                  0.83   data arrival time

                          0.00    0.00   clock clk (rise edge)
                          0.00    0.00   clock network delay (propagated)
                          0.25    0.25   clock uncertainty
                          0.00    0.25   clock reconvergence pessimism
                         -4.00   -3.75   output external delay
                                 -3.75   data required time
-----------------------------------------------------------------------------
                                 -3.75   data required time
                                 -0.83   data arrival time
-----------------------------------------------------------------------------
                                  4.58   slack (MET)


Startpoint: _419_ (rising edge-triggered flip-flop clocked by clk)
Endpoint: B_out[1] (output port clocked by clk)
Path Group: clk
Path Type: min

Fanout     Cap    Slew   Delay    Time   Description
-----------------------------------------------------------------------------
                          0.00    0.00   clock clk (rise edge)
                          0.00    0.00   clock source latency
                  0.04    0.03    0.03 ^ clk (in)
     1    0.01                           clk (net)
                  0.04    0.00    0.03 ^ clkbuf_0_clk/A (sky130_fd_sc_hd__clkbuf_16)
                  0.04    0.11    0.14 ^ clkbuf_0_clk/X (sky130_fd_sc_hd__clkbuf_16)
     2    0.02                           clknet_0_clk (net)
                  0.04    0.00    0.14 ^ clkbuf_1_1__f_clk/A (sky130_fd_sc_hd__clkbuf_16)
                  0.05    0.12    0.26 ^ clkbuf_1_1__f_clk/X (sky130_fd_sc_hd__clkbuf_16)
    14    0.03                           clknet_1_1__leaf_clk (net)
                  0.05    0.00    0.26 ^ _419_/CLK (sky130_fd_sc_hd__dfrtp_4)
                  0.06    0.38    0.65 ^ _419_/Q (sky130_fd_sc_hd__dfrtp_4)
     4    0.01                           net11 (net)
                  0.06    0.00    0.65 ^ output11/A (sky130_fd_sc_hd__clkbuf_4)
                  0.11    0.18    0.83 ^ output11/X (sky130_fd_sc_hd__clkbuf_4)
     1    0.03                           B_out[1] (net)
                  0.11    0.00    0.83 ^ B_out[1] (out)
                                  0.83   data arrival time

                          0.00    0.00   clock clk (rise edge)
                          0.00    0.00   clock network delay (propagated)
                          0.25    0.25   clock uncertainty
                          0.00    0.25   clock reconvergence pessimism
                         -4.00   -3.75   output external delay
                                 -3.75   data required time
-----------------------------------------------------------------------------
                                 -3.75   data required time
                                 -0.83   data arrival time
-----------------------------------------------------------------------------
                                  4.58   slack (MET)


Startpoint: _421_ (rising edge-triggered flip-flop clocked by clk)
Endpoint: B_out[3] (output port clocked by clk)
Path Group: clk
Path Type: min

Fanout     Cap    Slew   Delay    Time   Description
-----------------------------------------------------------------------------
                          0.00    0.00   clock clk (rise edge)
                          0.00    0.00   clock source latency
                  0.04    0.03    0.03 ^ clk (in)
     1    0.01                           clk (net)
                  0.04    0.00    0.03 ^ clkbuf_0_clk/A (sky130_fd_sc_hd__clkbuf_16)
                  0.04    0.11    0.14 ^ clkbuf_0_clk/X (sky130_fd_sc_hd__clkbuf_16)
     2    0.02                           clknet_0_clk (net)
                  0.04    0.00    0.14 ^ clkbuf_1_1__f_clk/A (sky130_fd_sc_hd__clkbuf_16)
                  0.05    0.12    0.26 ^ clkbuf_1_1__f_clk/X (sky130_fd_sc_hd__clkbuf_16)
    14    0.03                           clknet_1_1__leaf_clk (net)
                  0.05    0.00    0.26 ^ _421_/CLK (sky130_fd_sc_hd__dfrtp_4)
                  0.06    0.38    0.65 ^ _421_/Q (sky130_fd_sc_hd__dfrtp_4)
     4    0.01                           net13 (net)
                  0.06    0.00    0.65 ^ output13/A (sky130_fd_sc_hd__clkbuf_4)
                  0.11    0.18    0.83 ^ output13/X (sky130_fd_sc_hd__clkbuf_4)
     1    0.03                           B_out[3] (net)
                  0.11    0.00    0.83 ^ B_out[3] (out)
                                  0.83   data arrival time

                          0.00    0.00   clock clk (rise edge)
                          0.00    0.00   clock network delay (propagated)
                          0.25    0.25   clock uncertainty
                          0.00    0.25   clock reconvergence pessimism
                         -4.00   -3.75   output external delay
                                 -3.75   data required time
-----------------------------------------------------------------------------
                                 -3.75   data required time
                                 -0.83   data arrival time
-----------------------------------------------------------------------------
                                  4.58   slack (MET)


Startpoint: _408_ (rising edge-triggered flip-flop clocked by clk)
Endpoint: A_out[6] (output port clocked by clk)
Path Group: clk
Path Type: min

Fanout     Cap    Slew   Delay    Time   Description
-----------------------------------------------------------------------------
                          0.00    0.00   clock clk (rise edge)
                          0.00    0.00   clock source latency
                  0.04    0.03    0.03 ^ clk (in)
     1    0.01                           clk (net)
                  0.04    0.00    0.03 ^ clkbuf_0_clk/A (sky130_fd_sc_hd__clkbuf_16)
                  0.04    0.11    0.14 ^ clkbuf_0_clk/X (sky130_fd_sc_hd__clkbuf_16)
     2    0.02                           clknet_0_clk (net)
                  0.04    0.00    0.14 ^ clkbuf_1_0__f_clk/A (sky130_fd_sc_hd__clkbuf_16)
                  0.05    0.12    0.26 ^ clkbuf_1_0__f_clk/X (sky130_fd_sc_hd__clkbuf_16)
    14    0.03                           clknet_1_0__leaf_clk (net)
                  0.05    0.00    0.26 ^ _408_/CLK (sky130_fd_sc_hd__dfrtp_4)
                  0.06    0.38    0.64 ^ _408_/Q (sky130_fd_sc_hd__dfrtp_4)
     3    0.01                           net8 (net)
                  0.06    0.00    0.64 ^ output8/A (sky130_fd_sc_hd__buf_2)
                  0.17    0.19    0.83 ^ output8/X (sky130_fd_sc_hd__buf_2)
     1    0.03                           A_out[6] (net)
                  0.17    0.00    0.83 ^ A_out[6] (out)
                                  0.83   data arrival time

                          0.00    0.00   clock clk (rise edge)
                          0.00    0.00   clock network delay (propagated)
                          0.25    0.25   clock uncertainty
                          0.00    0.25   clock reconvergence pessimism
                         -4.00   -3.75   output external delay
                                 -3.75   data required time
-----------------------------------------------------------------------------
                                 -3.75   data required time
                                 -0.83   data arrival time
-----------------------------------------------------------------------------
                                  4.58   slack (MET)


Startpoint: _410_ (rising edge-triggered flip-flop clocked by clk)
Endpoint: last_opcode_out[1] (output port clocked by clk)
Path Group: clk
Path Type: min

Fanout     Cap    Slew   Delay    Time   Description
-----------------------------------------------------------------------------
                          0.00    0.00   clock clk (rise edge)
                          0.00    0.00   clock source latency
                  0.04    0.03    0.03 ^ clk (in)
     1    0.01                           clk (net)
                  0.04    0.00    0.03 ^ clkbuf_0_clk/A (sky130_fd_sc_hd__clkbuf_16)
                  0.04    0.11    0.14 ^ clkbuf_0_clk/X (sky130_fd_sc_hd__clkbuf_16)
     2    0.02                           clknet_0_clk (net)
                  0.04    0.00    0.14 ^ clkbuf_1_0__f_clk/A (sky130_fd_sc_hd__clkbuf_16)
                  0.05    0.12    0.26 ^ clkbuf_1_0__f_clk/X (sky130_fd_sc_hd__clkbuf_16)
    14    0.03                           clknet_1_0__leaf_clk (net)
                  0.05    0.00    0.26 ^ _410_/CLK (sky130_fd_sc_hd__dfrtp_4)
                  0.06    0.38    0.64 ^ _410_/Q (sky130_fd_sc_hd__dfrtp_4)
     3    0.01                           net23 (net)
                  0.06    0.00    0.64 ^ output23/A (sky130_fd_sc_hd__buf_2)
                  0.17    0.19    0.83 ^ output23/X (sky130_fd_sc_hd__buf_2)
     1    0.03                           last_opcode_out[1] (net)
                  0.17    0.00    0.83 ^ last_opcode_out[1] (out)
                                  0.83   data arrival time

                          0.00    0.00   clock clk (rise edge)
                          0.00    0.00   clock network delay (propagated)
                          0.25    0.25   clock uncertainty
                          0.00    0.25   clock reconvergence pessimism
                         -4.00   -3.75   output external delay
                                 -3.75   data required time
-----------------------------------------------------------------------------
                                 -3.75   data required time
                                 -0.83   data arrival time
-----------------------------------------------------------------------------
                                  4.58   slack (MET)


Startpoint: _422_ (rising edge-triggered flip-flop clocked by clk)
Endpoint: B_out[4] (output port clocked by clk)
Path Group: clk
Path Type: min

Fanout     Cap    Slew   Delay    Time   Description
-----------------------------------------------------------------------------
                          0.00    0.00   clock clk (rise edge)
                          0.00    0.00   clock source latency
                  0.04    0.03    0.03 ^ clk (in)
     1    0.01                           clk (net)
                  0.04    0.00    0.03 ^ clkbuf_0_clk/A (sky130_fd_sc_hd__clkbuf_16)
                  0.04    0.11    0.14 ^ clkbuf_0_clk/X (sky130_fd_sc_hd__clkbuf_16)
     2    0.02                           clknet_0_clk (net)
                  0.04    0.00    0.14 ^ clkbuf_1_0__f_clk/A (sky130_fd_sc_hd__clkbuf_16)
                  0.05    0.12    0.26 ^ clkbuf_1_0__f_clk/X (sky130_fd_sc_hd__clkbuf_16)
    14    0.03                           clknet_1_0__leaf_clk (net)
                  0.05    0.00    0.26 ^ _422_/CLK (sky130_fd_sc_hd__dfrtp_4)
                  0.07    0.39    0.65 ^ _422_/Q (sky130_fd_sc_hd__dfrtp_4)
     5    0.01                           net14 (net)
                  0.07    0.00    0.65 ^ output14/A (sky130_fd_sc_hd__clkbuf_4)
                  0.11    0.18    0.84 ^ output14/X (sky130_fd_sc_hd__clkbuf_4)
     1    0.03                           B_out[4] (net)
                  0.11    0.00    0.84 ^ B_out[4] (out)
                                  0.84   data arrival time

                          0.00    0.00   clock clk (rise edge)
                          0.00    0.00   clock network delay (propagated)
                          0.25    0.25   clock uncertainty
                          0.00    0.25   clock reconvergence pessimism
                         -4.00   -3.75   output external delay
                                 -3.75   data required time
-----------------------------------------------------------------------------
                                 -3.75   data required time
                                 -0.84   data arrival time
-----------------------------------------------------------------------------
                                  4.59   slack (MET)


Startpoint: _404_ (rising edge-triggered flip-flop clocked by clk)
Endpoint: A_out[2] (output port clocked by clk)
Path Group: clk
Path Type: min

Fanout     Cap    Slew   Delay    Time   Description
-----------------------------------------------------------------------------
                          0.00    0.00   clock clk (rise edge)
                          0.00    0.00   clock source latency
                  0.04    0.03    0.03 ^ clk (in)
     1    0.01                           clk (net)
                  0.04    0.00    0.03 ^ clkbuf_0_clk/A (sky130_fd_sc_hd__clkbuf_16)
                  0.04    0.11    0.14 ^ clkbuf_0_clk/X (sky130_fd_sc_hd__clkbuf_16)
     2    0.02                           clknet_0_clk (net)
                  0.04    0.00    0.14 ^ clkbuf_1_1__f_clk/A (sky130_fd_sc_hd__clkbuf_16)
                  0.05    0.12    0.26 ^ clkbuf_1_1__f_clk/X (sky130_fd_sc_hd__clkbuf_16)
    14    0.03                           clknet_1_1__leaf_clk (net)
                  0.05    0.00    0.26 ^ _404_/CLK (sky130_fd_sc_hd__dfrtp_4)
                  0.08    0.40    0.67 ^ _404_/Q (sky130_fd_sc_hd__dfrtp_4)
     4    0.02                           net4 (net)
                  0.08    0.00    0.67 ^ output4/A (sky130_fd_sc_hd__clkbuf_4)
                  0.11    0.19    0.85 ^ output4/X (sky130_fd_sc_hd__clkbuf_4)
     1    0.03                           A_out[2] (net)
                  0.11    0.00    0.85 ^ A_out[2] (out)
                                  0.85   data arrival time

                          0.00    0.00   clock clk (rise edge)
                          0.00    0.00   clock network delay (propagated)
                          0.25    0.25   clock uncertainty
                          0.00    0.25   clock reconvergence pessimism
                         -4.00   -3.75   output external delay
                                 -3.75   data required time
-----------------------------------------------------------------------------
                                 -3.75   data required time
                                 -0.85   data arrival time
-----------------------------------------------------------------------------
                                  4.60   slack (MET)


Startpoint: _402_ (rising edge-triggered flip-flop clocked by clk)
Endpoint: A_out[0] (output port clocked by clk)
Path Group: clk
Path Type: min

Fanout     Cap    Slew   Delay    Time   Description
-----------------------------------------------------------------------------
                          0.00    0.00   clock clk (rise edge)
                          0.00    0.00   clock source latency
                  0.04    0.03    0.03 ^ clk (in)
     1    0.01                           clk (net)
                  0.04    0.00    0.03 ^ clkbuf_0_clk/A (sky130_fd_sc_hd__clkbuf_16)
                  0.04    0.11    0.14 ^ clkbuf_0_clk/X (sky130_fd_sc_hd__clkbuf_16)
     2    0.02                           clknet_0_clk (net)
                  0.04    0.00    0.14 ^ clkbuf_1_1__f_clk/A (sky130_fd_sc_hd__clkbuf_16)
                  0.05    0.12    0.26 ^ clkbuf_1_1__f_clk/X (sky130_fd_sc_hd__clkbuf_16)
    14    0.03                           clknet_1_1__leaf_clk (net)
                  0.05    0.00    0.26 ^ _402_/CLK (sky130_fd_sc_hd__dfrtp_4)
                  0.08    0.40    0.67 ^ _402_/Q (sky130_fd_sc_hd__dfrtp_4)
     4    0.02                           net2 (net)
                  0.08    0.00    0.67 ^ output2/A (sky130_fd_sc_hd__clkbuf_4)
                  0.11    0.19    0.86 ^ output2/X (sky130_fd_sc_hd__clkbuf_4)
     1    0.03                           A_out[0] (net)
                  0.11    0.00    0.86 ^ A_out[0] (out)
                                  0.86   data arrival time

                          0.00    0.00   clock clk (rise edge)
                          0.00    0.00   clock network delay (propagated)
                          0.25    0.25   clock uncertainty
                          0.00    0.25   clock reconvergence pessimism
                         -4.00   -3.75   output external delay
                                 -3.75   data required time
-----------------------------------------------------------------------------
                                 -3.75   data required time
                                 -0.86   data arrival time
-----------------------------------------------------------------------------
                                  4.61   slack (MET)


Startpoint: _424_ (rising edge-triggered flip-flop clocked by clk)
Endpoint: B_out[6] (output port clocked by clk)
Path Group: clk
Path Type: min

Fanout     Cap    Slew   Delay    Time   Description
-----------------------------------------------------------------------------
                          0.00    0.00   clock clk (rise edge)
                          0.00    0.00   clock source latency
                  0.04    0.03    0.03 ^ clk (in)
     1    0.01                           clk (net)
                  0.04    0.00    0.03 ^ clkbuf_0_clk/A (sky130_fd_sc_hd__clkbuf_16)
                  0.04    0.11    0.14 ^ clkbuf_0_clk/X (sky130_fd_sc_hd__clkbuf_16)
     2    0.02                           clknet_0_clk (net)
                  0.04    0.00    0.14 ^ clkbuf_1_0__f_clk/A (sky130_fd_sc_hd__clkbuf_16)
                  0.05    0.12    0.26 ^ clkbuf_1_0__f_clk/X (sky130_fd_sc_hd__clkbuf_16)
    14    0.03                           clknet_1_0__leaf_clk (net)
                  0.05    0.00    0.26 ^ _424_/CLK (sky130_fd_sc_hd__dfrtp_4)
                  0.08    0.40    0.66 ^ _424_/Q (sky130_fd_sc_hd__dfrtp_4)
     6    0.01                           net16 (net)
                  0.08    0.00    0.66 ^ output16/A (sky130_fd_sc_hd__buf_2)
                  0.17    0.20    0.86 ^ output16/X (sky130_fd_sc_hd__buf_2)
     1    0.03                           B_out[6] (net)
                  0.17    0.00    0.86 ^ B_out[6] (out)
                                  0.86   data arrival time

                          0.00    0.00   clock clk (rise edge)
                          0.00    0.00   clock network delay (propagated)
                          0.25    0.25   clock uncertainty
                          0.00    0.25   clock reconvergence pessimism
                         -4.00   -3.75   output external delay
                                 -3.75   data required time
-----------------------------------------------------------------------------
                                 -3.75   data required time
                                 -0.86   data arrival time
-----------------------------------------------------------------------------
                                  4.61   slack (MET)


Startpoint: _420_ (rising edge-triggered flip-flop clocked by clk)
Endpoint: B_out[2] (output port clocked by clk)
Path Group: clk
Path Type: min

Fanout     Cap    Slew   Delay    Time   Description
-----------------------------------------------------------------------------
                          0.00    0.00   clock clk (rise edge)
                          0.00    0.00   clock source latency
                  0.04    0.03    0.03 ^ clk (in)
     1    0.01                           clk (net)
                  0.04    0.00    0.03 ^ clkbuf_0_clk/A (sky130_fd_sc_hd__clkbuf_16)
                  0.04    0.11    0.14 ^ clkbuf_0_clk/X (sky130_fd_sc_hd__clkbuf_16)
     2    0.02                           clknet_0_clk (net)
                  0.04    0.00    0.14 ^ clkbuf_1_1__f_clk/A (sky130_fd_sc_hd__clkbuf_16)
                  0.05    0.12    0.26 ^ clkbuf_1_1__f_clk/X (sky130_fd_sc_hd__clkbuf_16)
    14    0.03                           clknet_1_1__leaf_clk (net)
                  0.05    0.00    0.26 ^ _420_/CLK (sky130_fd_sc_hd__dfrtp_4)
                  0.08    0.40    0.67 ^ _420_/Q (sky130_fd_sc_hd__dfrtp_4)
     4    0.02                           net12 (net)
                  0.08    0.00    0.67 ^ output12/A (sky130_fd_sc_hd__buf_2)
                  0.17    0.20    0.86 ^ output12/X (sky130_fd_sc_hd__buf_2)
     1    0.03                           B_out[2] (net)
                  0.17    0.00    0.86 ^ B_out[2] (out)
                                  0.86   data arrival time

                          0.00    0.00   clock clk (rise edge)
                          0.00    0.00   clock network delay (propagated)
                          0.25    0.25   clock uncertainty
                          0.00    0.25   clock reconvergence pessimism
                         -4.00   -3.75   output external delay
                                 -3.75   data required time
-----------------------------------------------------------------------------
                                 -3.75   data required time
                                 -0.86   data arrival time
-----------------------------------------------------------------------------
                                  4.61   slack (MET)


Startpoint: _418_ (rising edge-triggered flip-flop clocked by clk)
Endpoint: B_out[0] (output port clocked by clk)
Path Group: clk
Path Type: min

Fanout     Cap    Slew   Delay    Time   Description
-----------------------------------------------------------------------------
                          0.00    0.00   clock clk (rise edge)
                          0.00    0.00   clock source latency
                  0.04    0.03    0.03 ^ clk (in)
     1    0.01                           clk (net)
                  0.04    0.00    0.03 ^ clkbuf_0_clk/A (sky130_fd_sc_hd__clkbuf_16)
                  0.04    0.11    0.14 ^ clkbuf_0_clk/X (sky130_fd_sc_hd__clkbuf_16)
     2    0.02                           clknet_0_clk (net)
                  0.04    0.00    0.14 ^ clkbuf_1_1__f_clk/A (sky130_fd_sc_hd__clkbuf_16)
                  0.05    0.12    0.26 ^ clkbuf_1_1__f_clk/X (sky130_fd_sc_hd__clkbuf_16)
    14    0.03                           clknet_1_1__leaf_clk (net)
                  0.05    0.00    0.26 ^ _418_/CLK (sky130_fd_sc_hd__dfrtp_4)
                  0.09    0.42    0.68 ^ _418_/Q (sky130_fd_sc_hd__dfrtp_4)
     5    0.02                           net10 (net)
                  0.09    0.00    0.68 ^ output10/A (sky130_fd_sc_hd__clkbuf_4)
                  0.11    0.19    0.87 ^ output10/X (sky130_fd_sc_hd__clkbuf_4)
     1    0.03                           B_out[0] (net)
                  0.11    0.00    0.87 ^ B_out[0] (out)
                                  0.87   data arrival time

                          0.00    0.00   clock clk (rise edge)
                          0.00    0.00   clock network delay (propagated)
                          0.25    0.25   clock uncertainty
                          0.00    0.25   clock reconvergence pessimism
                         -4.00   -3.75   output external delay
                                 -3.75   data required time
-----------------------------------------------------------------------------
                                 -3.75   data required time
                                 -0.87   data arrival time
-----------------------------------------------------------------------------
                                  4.62   slack (MET)


Startpoint: _413_ (rising edge-triggered flip-flop clocked by clk)
Endpoint: last_opcode_out[4] (output port clocked by clk)
Path Group: clk
Path Type: min

Fanout     Cap    Slew   Delay    Time   Description
-----------------------------------------------------------------------------
                          0.00    0.00   clock clk (rise edge)
                          0.00    0.00   clock source latency
                  0.04    0.03    0.03 ^ clk (in)
     1    0.01                           clk (net)
                  0.04    0.00    0.03 ^ clkbuf_0_clk/A (sky130_fd_sc_hd__clkbuf_16)
                  0.04    0.11    0.14 ^ clkbuf_0_clk/X (sky130_fd_sc_hd__clkbuf_16)
     2    0.02                           clknet_0_clk (net)
                  0.04    0.00    0.14 ^ clkbuf_1_0__f_clk/A (sky130_fd_sc_hd__clkbuf_16)
                  0.05    0.12    0.26 ^ clkbuf_1_0__f_clk/X (sky130_fd_sc_hd__clkbuf_16)
    14    0.03                           clknet_1_0__leaf_clk (net)
                  0.05    0.00    0.26 ^ _413_/CLK (sky130_fd_sc_hd__dfrtp_4)
                  0.06    0.38    0.64 ^ _413_/Q (sky130_fd_sc_hd__dfrtp_4)
     3    0.01                           net27 (net)
                  0.06    0.00    0.64 ^ _428_/A (sky130_fd_sc_hd__clkbuf_1)
                  0.04    0.08    0.71 ^ _428_/X (sky130_fd_sc_hd__clkbuf_1)
     1    0.00                           net26 (net)
                  0.04    0.00    0.71 ^ output26/A (sky130_fd_sc_hd__clkbuf_4)
                  0.11    0.17    0.89 ^ output26/X (sky130_fd_sc_hd__clkbuf_4)
     1    0.03                           last_opcode_out[4] (net)
                  0.11    0.00    0.89 ^ last_opcode_out[4] (out)
                                  0.89   data arrival time

                          0.00    0.00   clock clk (rise edge)
                          0.00    0.00   clock network delay (propagated)
                          0.25    0.25   clock uncertainty
                          0.00    0.25   clock reconvergence pessimism
                         -4.00   -3.75   output external delay
                                 -3.75   data required time
-----------------------------------------------------------------------------
                                 -3.75   data required time
                                 -0.89   data arrival time
-----------------------------------------------------------------------------
                                  4.64   slack (MET)


Startpoint: _410_ (rising edge-triggered flip-flop clocked by clk)
Endpoint: last_opcode_out[0] (output port clocked by clk)
Path Group: clk
Path Type: min

Fanout     Cap    Slew   Delay    Time   Description
-----------------------------------------------------------------------------
                          0.00    0.00   clock clk (rise edge)
                          0.00    0.00   clock source latency
                  0.04    0.03    0.03 ^ clk (in)
     1    0.01                           clk (net)
                  0.04    0.00    0.03 ^ clkbuf_0_clk/A (sky130_fd_sc_hd__clkbuf_16)
                  0.04    0.11    0.14 ^ clkbuf_0_clk/X (sky130_fd_sc_hd__clkbuf_16)
     2    0.02                           clknet_0_clk (net)
                  0.04    0.00    0.14 ^ clkbuf_1_0__f_clk/A (sky130_fd_sc_hd__clkbuf_16)
                  0.05    0.12    0.26 ^ clkbuf_1_0__f_clk/X (sky130_fd_sc_hd__clkbuf_16)
    14    0.03                           clknet_1_0__leaf_clk (net)
                  0.05    0.00    0.26 ^ _410_/CLK (sky130_fd_sc_hd__dfrtp_4)
                  0.06    0.38    0.64 ^ _410_/Q (sky130_fd_sc_hd__dfrtp_4)
     3    0.01                           net23 (net)
                  0.06    0.00    0.64 ^ _427_/A (sky130_fd_sc_hd__clkbuf_1)
                  0.04    0.08    0.72 ^ _427_/X (sky130_fd_sc_hd__clkbuf_1)
     1    0.00                           net22 (net)
                  0.04    0.00    0.72 ^ output22/A (sky130_fd_sc_hd__clkbuf_4)
                  0.11    0.17    0.89 ^ output22/X (sky130_fd_sc_hd__clkbuf_4)
     1    0.03                           last_opcode_out[0] (net)
                  0.11    0.00    0.89 ^ last_opcode_out[0] (out)
                                  0.89   data arrival time

                          0.00    0.00   clock clk (rise edge)
                          0.00    0.00   clock network delay (propagated)
                          0.25    0.25   clock uncertainty
                          0.00    0.25   clock reconvergence pessimism
                         -4.00   -3.75   output external delay
                                 -3.75   data required time
-----------------------------------------------------------------------------
                                 -3.75   data required time
                                 -0.89   data arrival time
-----------------------------------------------------------------------------
                                  4.64   slack (MET)



min_report_end
max_report

===========================================================================
report_checks -path_delay max (Setup)
============================================================================
======================= Typical Corner ===================================

Startpoint: _410_ (rising edge-triggered flip-flop clocked by clk)
Endpoint: last_opcode_out[0] (output port clocked by clk)
Path Group: clk
Path Type: max

Fanout     Cap    Slew   Delay    Time   Description
-----------------------------------------------------------------------------
                          0.00    0.00   clock clk (rise edge)
                          0.00    0.00   clock source latency
                  0.04    0.03    0.03 ^ clk (in)
     1    0.01                           clk (net)
                  0.04    0.00    0.03 ^ clkbuf_0_clk/A (sky130_fd_sc_hd__clkbuf_16)
                  0.04    0.13    0.16 ^ clkbuf_0_clk/X (sky130_fd_sc_hd__clkbuf_16)
     2    0.02                           clknet_0_clk (net)
                  0.04    0.00    0.16 ^ clkbuf_1_0__f_clk/A (sky130_fd_sc_hd__clkbuf_16)
                  0.05    0.14    0.29 ^ clkbuf_1_0__f_clk/X (sky130_fd_sc_hd__clkbuf_16)
    14    0.03                           clknet_1_0__leaf_clk (net)
                  0.05    0.00    0.29 ^ _410_/CLK (sky130_fd_sc_hd__dfrtp_4)
                  0.06    0.49    0.78 v _410_/Q (sky130_fd_sc_hd__dfrtp_4)
     3    0.01                           net23 (net)
                  0.06    0.00    0.78 v _427_/A (sky130_fd_sc_hd__clkbuf_1)
                  0.02    0.09    0.87 v _427_/X (sky130_fd_sc_hd__clkbuf_1)
     1    0.00                           net22 (net)
                  0.02    0.00    0.87 v output22/A (sky130_fd_sc_hd__clkbuf_4)
                  0.08    0.18    1.05 v output22/X (sky130_fd_sc_hd__clkbuf_4)
     1    0.03                           last_opcode_out[0] (net)
                  0.08    0.00    1.05 v last_opcode_out[0] (out)
                                  1.05   data arrival time

                         20.00   20.00   clock clk (rise edge)
                          0.00   20.00   clock network delay (propagated)
                         -0.25   19.75   clock uncertainty
                          0.00   19.75   clock reconvergence pessimism
                         -4.00   15.75   output external delay
                                 15.75   data required time
-----------------------------------------------------------------------------
                                 15.75   data required time
                                 -1.05   data arrival time
-----------------------------------------------------------------------------
                                 14.70   slack (MET)


Startpoint: _413_ (rising edge-triggered flip-flop clocked by clk)
Endpoint: last_opcode_out[4] (output port clocked by clk)
Path Group: clk
Path Type: max

Fanout     Cap    Slew   Delay    Time   Description
-----------------------------------------------------------------------------
                          0.00    0.00   clock clk (rise edge)
                          0.00    0.00   clock source latency
                  0.04    0.03    0.03 ^ clk (in)
     1    0.01                           clk (net)
                  0.04    0.00    0.03 ^ clkbuf_0_clk/A (sky130_fd_sc_hd__clkbuf_16)
                  0.04    0.13    0.16 ^ clkbuf_0_clk/X (sky130_fd_sc_hd__clkbuf_16)
     2    0.02                           clknet_0_clk (net)
                  0.04    0.00    0.16 ^ clkbuf_1_0__f_clk/A (sky130_fd_sc_hd__clkbuf_16)
                  0.05    0.14    0.29 ^ clkbuf_1_0__f_clk/X (sky130_fd_sc_hd__clkbuf_16)
    14    0.03                           clknet_1_0__leaf_clk (net)
                  0.05    0.00    0.29 ^ _413_/CLK (sky130_fd_sc_hd__dfrtp_4)
                  0.06    0.49    0.78 v _413_/Q (sky130_fd_sc_hd__dfrtp_4)
     3    0.01                           net27 (net)
                  0.06    0.00    0.78 v _428_/A (sky130_fd_sc_hd__clkbuf_1)
                  0.02    0.09    0.87 v _428_/X (sky130_fd_sc_hd__clkbuf_1)
     1    0.00                           net26 (net)
                  0.02    0.00    0.87 v output26/A (sky130_fd_sc_hd__clkbuf_4)
                  0.08    0.18    1.05 v output26/X (sky130_fd_sc_hd__clkbuf_4)
     1    0.03                           last_opcode_out[4] (net)
                  0.08    0.00    1.05 v last_opcode_out[4] (out)
                                  1.05   data arrival time

                         20.00   20.00   clock clk (rise edge)
                          0.00   20.00   clock network delay (propagated)
                         -0.25   19.75   clock uncertainty
                          0.00   19.75   clock reconvergence pessimism
                         -4.00   15.75   output external delay
                                 15.75   data required time
-----------------------------------------------------------------------------
                                 15.75   data required time
                                 -1.05   data arrival time
-----------------------------------------------------------------------------
                                 14.70   slack (MET)


Startpoint: _418_ (rising edge-triggered flip-flop clocked by clk)
Endpoint: B_out[0] (output port clocked by clk)
Path Group: clk
Path Type: max

Fanout     Cap    Slew   Delay    Time   Description
-----------------------------------------------------------------------------
                          0.00    0.00   clock clk (rise edge)
                          0.00    0.00   clock source latency
                  0.04    0.03    0.03 ^ clk (in)
     1    0.01                           clk (net)
                  0.04    0.00    0.03 ^ clkbuf_0_clk/A (sky130_fd_sc_hd__clkbuf_16)
                  0.04    0.13    0.16 ^ clkbuf_0_clk/X (sky130_fd_sc_hd__clkbuf_16)
     2    0.02                           clknet_0_clk (net)
                  0.04    0.00    0.16 ^ clkbuf_1_1__f_clk/A (sky130_fd_sc_hd__clkbuf_16)
                  0.05    0.14    0.29 ^ clkbuf_1_1__f_clk/X (sky130_fd_sc_hd__clkbuf_16)
    14    0.03                           clknet_1_1__leaf_clk (net)
                  0.05    0.00    0.29 ^ _418_/CLK (sky130_fd_sc_hd__dfrtp_4)
                  0.08    0.52    0.81 v _418_/Q (sky130_fd_sc_hd__dfrtp_4)
     5    0.02                           net10 (net)
                  0.08    0.00    0.81 v output10/A (sky130_fd_sc_hd__clkbuf_4)
                  0.08    0.21    1.02 v output10/X (sky130_fd_sc_hd__clkbuf_4)
     1    0.03                           B_out[0] (net)
                  0.08    0.00    1.02 v B_out[0] (out)
                                  1.02   data arrival time

                         20.00   20.00   clock clk (rise edge)
                          0.00   20.00   clock network delay (propagated)
                         -0.25   19.75   clock uncertainty
                          0.00   19.75   clock reconvergence pessimism
                         -4.00   15.75   output external delay
                                 15.75   data required time
-----------------------------------------------------------------------------
                                 15.75   data required time
                                 -1.02   data arrival time
-----------------------------------------------------------------------------
                                 14.73   slack (MET)


Startpoint: _402_ (rising edge-triggered flip-flop clocked by clk)
Endpoint: A_out[0] (output port clocked by clk)
Path Group: clk
Path Type: max

Fanout     Cap    Slew   Delay    Time   Description
-----------------------------------------------------------------------------
                          0.00    0.00   clock clk (rise edge)
                          0.00    0.00   clock source latency
                  0.04    0.03    0.03 ^ clk (in)
     1    0.01                           clk (net)
                  0.04    0.00    0.03 ^ clkbuf_0_clk/A (sky130_fd_sc_hd__clkbuf_16)
                  0.04    0.13    0.16 ^ clkbuf_0_clk/X (sky130_fd_sc_hd__clkbuf_16)
     2    0.02                           clknet_0_clk (net)
                  0.04    0.00    0.16 ^ clkbuf_1_1__f_clk/A (sky130_fd_sc_hd__clkbuf_16)
                  0.05    0.14    0.29 ^ clkbuf_1_1__f_clk/X (sky130_fd_sc_hd__clkbuf_16)
    14    0.03                           clknet_1_1__leaf_clk (net)
                  0.05    0.00    0.29 ^ _402_/CLK (sky130_fd_sc_hd__dfrtp_4)
                  0.07    0.51    0.80 v _402_/Q (sky130_fd_sc_hd__dfrtp_4)
     4    0.01                           net2 (net)
                  0.07    0.00    0.80 v output2/A (sky130_fd_sc_hd__clkbuf_4)
                  0.08    0.20    1.01 v output2/X (sky130_fd_sc_hd__clkbuf_4)
     1    0.03                           A_out[0] (net)
                  0.08    0.00    1.01 v A_out[0] (out)
                                  1.01   data arrival time

                         20.00   20.00   clock clk (rise edge)
                          0.00   20.00   clock network delay (propagated)
                         -0.25   19.75   clock uncertainty
                          0.00   19.75   clock reconvergence pessimism
                         -4.00   15.75   output external delay
                                 15.75   data required time
-----------------------------------------------------------------------------
                                 15.75   data required time
                                 -1.01   data arrival time
-----------------------------------------------------------------------------
                                 14.74   slack (MET)


Startpoint: _404_ (rising edge-triggered flip-flop clocked by clk)
Endpoint: A_out[2] (output port clocked by clk)
Path Group: clk
Path Type: max

Fanout     Cap    Slew   Delay    Time   Description
-----------------------------------------------------------------------------
                          0.00    0.00   clock clk (rise edge)
                          0.00    0.00   clock source latency
                  0.04    0.03    0.03 ^ clk (in)
     1    0.01                           clk (net)
                  0.04    0.00    0.03 ^ clkbuf_0_clk/A (sky130_fd_sc_hd__clkbuf_16)
                  0.04    0.13    0.16 ^ clkbuf_0_clk/X (sky130_fd_sc_hd__clkbuf_16)
     2    0.02                           clknet_0_clk (net)
                  0.04    0.00    0.16 ^ clkbuf_1_1__f_clk/A (sky130_fd_sc_hd__clkbuf_16)
                  0.05    0.14    0.29 ^ clkbuf_1_1__f_clk/X (sky130_fd_sc_hd__clkbuf_16)
    14    0.03                           clknet_1_1__leaf_clk (net)
                  0.05    0.00    0.29 ^ _404_/CLK (sky130_fd_sc_hd__dfrtp_4)
                  0.07    0.51    0.80 v _404_/Q (sky130_fd_sc_hd__dfrtp_4)
     4    0.01                           net4 (net)
                  0.07    0.00    0.80 v output4/A (sky130_fd_sc_hd__clkbuf_4)
                  0.08    0.20    1.01 v output4/X (sky130_fd_sc_hd__clkbuf_4)
     1    0.03                           A_out[2] (net)
                  0.08    0.00    1.01 v A_out[2] (out)
                                  1.01   data arrival time

                         20.00   20.00   clock clk (rise edge)
                          0.00   20.00   clock network delay (propagated)
                         -0.25   19.75   clock uncertainty
                          0.00   19.75   clock reconvergence pessimism
                         -4.00   15.75   output external delay
                                 15.75   data required time
-----------------------------------------------------------------------------
                                 15.75   data required time
                                 -1.01   data arrival time
-----------------------------------------------------------------------------
                                 14.74   slack (MET)


Startpoint: _420_ (rising edge-triggered flip-flop clocked by clk)
Endpoint: B_out[2] (output port clocked by clk)
Path Group: clk
Path Type: max

Fanout     Cap    Slew   Delay    Time   Description
-----------------------------------------------------------------------------
                          0.00    0.00   clock clk (rise edge)
                          0.00    0.00   clock source latency
                  0.04    0.03    0.03 ^ clk (in)
     1    0.01                           clk (net)
                  0.04    0.00    0.03 ^ clkbuf_0_clk/A (sky130_fd_sc_hd__clkbuf_16)
                  0.04    0.13    0.16 ^ clkbuf_0_clk/X (sky130_fd_sc_hd__clkbuf_16)
     2    0.02                           clknet_0_clk (net)
                  0.04    0.00    0.16 ^ clkbuf_1_1__f_clk/A (sky130_fd_sc_hd__clkbuf_16)
                  0.05    0.14    0.29 ^ clkbuf_1_1__f_clk/X (sky130_fd_sc_hd__clkbuf_16)
    14    0.03                           clknet_1_1__leaf_clk (net)
                  0.05    0.00    0.29 ^ _420_/CLK (sky130_fd_sc_hd__dfrtp_4)
                  0.07    0.51    0.80 v _420_/Q (sky130_fd_sc_hd__dfrtp_4)
     4    0.01                           net12 (net)
                  0.07    0.00    0.80 v output12/A (sky130_fd_sc_hd__buf_2)
                  0.09    0.20    1.00 v output12/X (sky130_fd_sc_hd__buf_2)
     1    0.03                           B_out[2] (net)
                  0.09    0.00    1.00 v B_out[2] (out)
                                  1.00   data arrival time

                         20.00   20.00   clock clk (rise edge)
                          0.00   20.00   clock network delay (propagated)
                         -0.25   19.75   clock uncertainty
                          0.00   19.75   clock reconvergence pessimism
                         -4.00   15.75   output external delay
                                 15.75   data required time
-----------------------------------------------------------------------------
                                 15.75   data required time
                                 -1.00   data arrival time
-----------------------------------------------------------------------------
                                 14.75   slack (MET)


Startpoint: _424_ (rising edge-triggered flip-flop clocked by clk)
Endpoint: B_out[6] (output port clocked by clk)
Path Group: clk
Path Type: max

Fanout     Cap    Slew   Delay    Time   Description
-----------------------------------------------------------------------------
                          0.00    0.00   clock clk (rise edge)
                          0.00    0.00   clock source latency
                  0.04    0.03    0.03 ^ clk (in)
     1    0.01                           clk (net)
                  0.04    0.00    0.03 ^ clkbuf_0_clk/A (sky130_fd_sc_hd__clkbuf_16)
                  0.04    0.13    0.16 ^ clkbuf_0_clk/X (sky130_fd_sc_hd__clkbuf_16)
     2    0.02                           clknet_0_clk (net)
                  0.04    0.00    0.16 ^ clkbuf_1_0__f_clk/A (sky130_fd_sc_hd__clkbuf_16)
                  0.05    0.14    0.29 ^ clkbuf_1_0__f_clk/X (sky130_fd_sc_hd__clkbuf_16)
    14    0.03                           clknet_1_0__leaf_clk (net)
                  0.05    0.00    0.29 ^ _424_/CLK (sky130_fd_sc_hd__dfrtp_4)
                  0.07    0.51    0.80 v _424_/Q (sky130_fd_sc_hd__dfrtp_4)
     6    0.01                           net16 (net)
                  0.07    0.00    0.80 v output16/A (sky130_fd_sc_hd__buf_2)
                  0.09    0.20    1.00 v output16/X (sky130_fd_sc_hd__buf_2)
     1    0.03                           B_out[6] (net)
                  0.09    0.00    1.00 v B_out[6] (out)
                                  1.00   data arrival time

                         20.00   20.00   clock clk (rise edge)
                          0.00   20.00   clock network delay (propagated)
                         -0.25   19.75   clock uncertainty
                          0.00   19.75   clock reconvergence pessimism
                         -4.00   15.75   output external delay
                                 15.75   data required time
-----------------------------------------------------------------------------
                                 15.75   data required time
                                 -1.00   data arrival time
-----------------------------------------------------------------------------
                                 14.75   slack (MET)


Startpoint: _422_ (rising edge-triggered flip-flop clocked by clk)
Endpoint: B_out[4] (output port clocked by clk)
Path Group: clk
Path Type: max

Fanout     Cap    Slew   Delay    Time   Description
-----------------------------------------------------------------------------
                          0.00    0.00   clock clk (rise edge)
                          0.00    0.00   clock source latency
                  0.04    0.03    0.03 ^ clk (in)
     1    0.01                           clk (net)
                  0.04    0.00    0.03 ^ clkbuf_0_clk/A (sky130_fd_sc_hd__clkbuf_16)
                  0.04    0.13    0.16 ^ clkbuf_0_clk/X (sky130_fd_sc_hd__clkbuf_16)
     2    0.02                           clknet_0_clk (net)
                  0.04    0.00    0.16 ^ clkbuf_1_0__f_clk/A (sky130_fd_sc_hd__clkbuf_16)
                  0.05    0.14    0.29 ^ clkbuf_1_0__f_clk/X (sky130_fd_sc_hd__clkbuf_16)
    14    0.03                           clknet_1_0__leaf_clk (net)
                  0.05    0.00    0.29 ^ _422_/CLK (sky130_fd_sc_hd__dfrtp_4)
                  0.07    0.50    0.79 v _422_/Q (sky130_fd_sc_hd__dfrtp_4)
     5    0.01                           net14 (net)
                  0.07    0.00    0.79 v output14/A (sky130_fd_sc_hd__clkbuf_4)
                  0.08    0.20    0.99 v output14/X (sky130_fd_sc_hd__clkbuf_4)
     1    0.03                           B_out[4] (net)
                  0.08    0.00    0.99 v B_out[4] (out)
                                  0.99   data arrival time

                         20.00   20.00   clock clk (rise edge)
                          0.00   20.00   clock network delay (propagated)
                         -0.25   19.75   clock uncertainty
                          0.00   19.75   clock reconvergence pessimism
                         -4.00   15.75   output external delay
                                 15.75   data required time
-----------------------------------------------------------------------------
                                 15.75   data required time
                                 -0.99   data arrival time
-----------------------------------------------------------------------------
                                 14.76   slack (MET)


Startpoint: _421_ (rising edge-triggered flip-flop clocked by clk)
Endpoint: B_out[3] (output port clocked by clk)
Path Group: clk
Path Type: max

Fanout     Cap    Slew   Delay    Time   Description
-----------------------------------------------------------------------------
                          0.00    0.00   clock clk (rise edge)
                          0.00    0.00   clock source latency
                  0.04    0.03    0.03 ^ clk (in)
     1    0.01                           clk (net)
                  0.04    0.00    0.03 ^ clkbuf_0_clk/A (sky130_fd_sc_hd__clkbuf_16)
                  0.04    0.13    0.16 ^ clkbuf_0_clk/X (sky130_fd_sc_hd__clkbuf_16)
     2    0.02                           clknet_0_clk (net)
                  0.04    0.00    0.16 ^ clkbuf_1_1__f_clk/A (sky130_fd_sc_hd__clkbuf_16)
                  0.05    0.14    0.29 ^ clkbuf_1_1__f_clk/X (sky130_fd_sc_hd__clkbuf_16)
    14    0.03                           clknet_1_1__leaf_clk (net)
                  0.05    0.00    0.29 ^ _421_/CLK (sky130_fd_sc_hd__dfrtp_4)
                  0.06    0.49    0.79 v _421_/Q (sky130_fd_sc_hd__dfrtp_4)
     4    0.01                           net13 (net)
                  0.06    0.00    0.79 v output13/A (sky130_fd_sc_hd__clkbuf_4)
                  0.08    0.20    0.98 v output13/X (sky130_fd_sc_hd__clkbuf_4)
     1    0.03                           B_out[3] (net)
                  0.08    0.00    0.98 v B_out[3] (out)
                                  0.98   data arrival time

                         20.00   20.00   clock clk (rise edge)
                          0.00   20.00   clock network delay (propagated)
                         -0.25   19.75   clock uncertainty
                          0.00   19.75   clock reconvergence pessimism
                         -4.00   15.75   output external delay
                                 15.75   data required time
-----------------------------------------------------------------------------
                                 15.75   data required time
                                 -0.98   data arrival time
-----------------------------------------------------------------------------
                                 14.77   slack (MET)


Startpoint: _419_ (rising edge-triggered flip-flop clocked by clk)
Endpoint: B_out[1] (output port clocked by clk)
Path Group: clk
Path Type: max

Fanout     Cap    Slew   Delay    Time   Description
-----------------------------------------------------------------------------
                          0.00    0.00   clock clk (rise edge)
                          0.00    0.00   clock source latency
                  0.04    0.03    0.03 ^ clk (in)
     1    0.01                           clk (net)
                  0.04    0.00    0.03 ^ clkbuf_0_clk/A (sky130_fd_sc_hd__clkbuf_16)
                  0.04    0.13    0.16 ^ clkbuf_0_clk/X (sky130_fd_sc_hd__clkbuf_16)
     2    0.02                           clknet_0_clk (net)
                  0.04    0.00    0.16 ^ clkbuf_1_1__f_clk/A (sky130_fd_sc_hd__clkbuf_16)
                  0.05    0.14    0.29 ^ clkbuf_1_1__f_clk/X (sky130_fd_sc_hd__clkbuf_16)
    14    0.03                           clknet_1_1__leaf_clk (net)
                  0.05    0.00    0.29 ^ _419_/CLK (sky130_fd_sc_hd__dfrtp_4)
                  0.06    0.49    0.78 v _419_/Q (sky130_fd_sc_hd__dfrtp_4)
     4    0.01                           net11 (net)
                  0.06    0.00    0.78 v output11/A (sky130_fd_sc_hd__clkbuf_4)
                  0.08    0.20    0.98 v output11/X (sky130_fd_sc_hd__clkbuf_4)
     1    0.03                           B_out[1] (net)
                  0.08    0.00    0.98 v B_out[1] (out)
                                  0.98   data arrival time

                         20.00   20.00   clock clk (rise edge)
                          0.00   20.00   clock network delay (propagated)
                         -0.25   19.75   clock uncertainty
                          0.00   19.75   clock reconvergence pessimism
                         -4.00   15.75   output external delay
                                 15.75   data required time
-----------------------------------------------------------------------------
                                 15.75   data required time
                                 -0.98   data arrival time
-----------------------------------------------------------------------------
                                 14.77   slack (MET)


Startpoint: _423_ (rising edge-triggered flip-flop clocked by clk)
Endpoint: B_out[5] (output port clocked by clk)
Path Group: clk
Path Type: max

Fanout     Cap    Slew   Delay    Time   Description
-----------------------------------------------------------------------------
                          0.00    0.00   clock clk (rise edge)
                          0.00    0.00   clock source latency
                  0.04    0.03    0.03 ^ clk (in)
     1    0.01                           clk (net)
                  0.04    0.00    0.03 ^ clkbuf_0_clk/A (sky130_fd_sc_hd__clkbuf_16)
                  0.04    0.13    0.16 ^ clkbuf_0_clk/X (sky130_fd_sc_hd__clkbuf_16)
     2    0.02                           clknet_0_clk (net)
                  0.04    0.00    0.16 ^ clkbuf_1_0__f_clk/A (sky130_fd_sc_hd__clkbuf_16)
                  0.05    0.14    0.29 ^ clkbuf_1_0__f_clk/X (sky130_fd_sc_hd__clkbuf_16)
    14    0.03                           clknet_1_0__leaf_clk (net)
                  0.05    0.00    0.29 ^ _423_/CLK (sky130_fd_sc_hd__dfrtp_4)
                  0.06    0.49    0.78 v _423_/Q (sky130_fd_sc_hd__dfrtp_4)
     3    0.01                           net15 (net)
                  0.06    0.00    0.78 v output15/A (sky130_fd_sc_hd__clkbuf_4)
                  0.08    0.20    0.98 v output15/X (sky130_fd_sc_hd__clkbuf_4)
     1    0.03                           B_out[5] (net)
                  0.08    0.00    0.98 v B_out[5] (out)
                                  0.98   data arrival time

                         20.00   20.00   clock clk (rise edge)
                          0.00   20.00   clock network delay (propagated)
                         -0.25   19.75   clock uncertainty
                          0.00   19.75   clock reconvergence pessimism
                         -4.00   15.75   output external delay
                                 15.75   data required time
-----------------------------------------------------------------------------
                                 15.75   data required time
                                 -0.98   data arrival time
-----------------------------------------------------------------------------
                                 14.77   slack (MET)


Startpoint: _425_ (rising edge-triggered flip-flop clocked by clk)
Endpoint: B_out[7] (output port clocked by clk)
Path Group: clk
Path Type: max

Fanout     Cap    Slew   Delay    Time   Description
-----------------------------------------------------------------------------
                          0.00    0.00   clock clk (rise edge)
                          0.00    0.00   clock source latency
                  0.04    0.03    0.03 ^ clk (in)
     1    0.01                           clk (net)
                  0.04    0.00    0.03 ^ clkbuf_0_clk/A (sky130_fd_sc_hd__clkbuf_16)
                  0.04    0.13    0.16 ^ clkbuf_0_clk/X (sky130_fd_sc_hd__clkbuf_16)
     2    0.02                           clknet_0_clk (net)
                  0.04    0.00    0.16 ^ clkbuf_1_0__f_clk/A (sky130_fd_sc_hd__clkbuf_16)
                  0.05    0.14    0.29 ^ clkbuf_1_0__f_clk/X (sky130_fd_sc_hd__clkbuf_16)
    14    0.03                           clknet_1_0__leaf_clk (net)
                  0.05    0.00    0.29 ^ _425_/CLK (sky130_fd_sc_hd__dfrtp_4)
                  0.06    0.49    0.78 v _425_/Q (sky130_fd_sc_hd__dfrtp_4)
     3    0.01                           net17 (net)
                  0.06    0.00    0.78 v output17/A (sky130_fd_sc_hd__clkbuf_4)
                  0.08    0.20    0.98 v output17/X (sky130_fd_sc_hd__clkbuf_4)
     1    0.03                           B_out[7] (net)
                  0.08    0.00    0.98 v B_out[7] (out)
                                  0.98   data arrival time

                         20.00   20.00   clock clk (rise edge)
                          0.00   20.00   clock network delay (propagated)
                         -0.25   19.75   clock uncertainty
                          0.00   19.75   clock reconvergence pessimism
                         -4.00   15.75   output external delay
                                 15.75   data required time
-----------------------------------------------------------------------------
                                 15.75   data required time
                                 -0.98   data arrival time
-----------------------------------------------------------------------------
                                 14.77   slack (MET)


Startpoint: _417_ (rising edge-triggered flip-flop clocked by clk)
Endpoint: flags_out[3] (output port clocked by clk)
Path Group: clk
Path Type: max

Fanout     Cap    Slew   Delay    Time   Description
-----------------------------------------------------------------------------
                          0.00    0.00   clock clk (rise edge)
                          0.00    0.00   clock source latency
                  0.04    0.03    0.03 ^ clk (in)
     1    0.01                           clk (net)
                  0.04    0.00    0.03 ^ clkbuf_0_clk/A (sky130_fd_sc_hd__clkbuf_16)
                  0.04    0.13    0.16 ^ clkbuf_0_clk/X (sky130_fd_sc_hd__clkbuf_16)
     2    0.02                           clknet_0_clk (net)
                  0.04    0.00    0.16 ^ clkbuf_1_0__f_clk/A (sky130_fd_sc_hd__clkbuf_16)
                  0.05    0.14    0.29 ^ clkbuf_1_0__f_clk/X (sky130_fd_sc_hd__clkbuf_16)
    14    0.03                           clknet_1_0__leaf_clk (net)
                  0.05    0.00    0.29 ^ _417_/CLK (sky130_fd_sc_hd__dfrtp_4)
                  0.06    0.49    0.78 v _417_/Q (sky130_fd_sc_hd__dfrtp_4)
     3    0.01                           net21 (net)
                  0.06    0.00    0.78 v output21/A (sky130_fd_sc_hd__clkbuf_4)
                  0.08    0.20    0.98 v output21/X (sky130_fd_sc_hd__clkbuf_4)
     1    0.03                           flags_out[3] (net)
                  0.08    0.00    0.98 v flags_out[3] (out)
                                  0.98   data arrival time

                         20.00   20.00   clock clk (rise edge)
                          0.00   20.00   clock network delay (propagated)
                         -0.25   19.75   clock uncertainty
                          0.00   19.75   clock reconvergence pessimism
                         -4.00   15.75   output external delay
                                 15.75   data required time
-----------------------------------------------------------------------------
                                 15.75   data required time
                                 -0.98   data arrival time
-----------------------------------------------------------------------------
                                 14.77   slack (MET)


Startpoint: _413_ (rising edge-triggered flip-flop clocked by clk)
Endpoint: last_opcode_out[6] (output port clocked by clk)
Path Group: clk
Path Type: max

Fanout     Cap    Slew   Delay    Time   Description
-----------------------------------------------------------------------------
                          0.00    0.00   clock clk (rise edge)
                          0.00    0.00   clock source latency
                  0.04    0.03    0.03 ^ clk (in)
     1    0.01                           clk (net)
                  0.04    0.00    0.03 ^ clkbuf_0_clk/A (sky130_fd_sc_hd__clkbuf_16)
                  0.04    0.13    0.16 ^ clkbuf_0_clk/X (sky130_fd_sc_hd__clkbuf_16)
     2    0.02                           clknet_0_clk (net)
                  0.04    0.00    0.16 ^ clkbuf_1_0__f_clk/A (sky130_fd_sc_hd__clkbuf_16)
                  0.05    0.14    0.29 ^ clkbuf_1_0__f_clk/X (sky130_fd_sc_hd__clkbuf_16)
    14    0.03                           clknet_1_0__leaf_clk (net)
                  0.05    0.00    0.29 ^ _413_/CLK (sky130_fd_sc_hd__dfrtp_4)
                  0.06    0.49    0.78 v _413_/Q (sky130_fd_sc_hd__dfrtp_4)
     3    0.01                           net27 (net)
                  0.06    0.00    0.78 v output27/A (sky130_fd_sc_hd__clkbuf_4)
                  0.08    0.20    0.97 v output27/X (sky130_fd_sc_hd__clkbuf_4)
     1    0.03                           last_opcode_out[6] (net)
                  0.08    0.00    0.97 v last_opcode_out[6] (out)
                                  0.97   data arrival time

                         20.00   20.00   clock clk (rise edge)
                          0.00   20.00   clock network delay (propagated)
                         -0.25   19.75   clock uncertainty
                          0.00   19.75   clock reconvergence pessimism
                         -4.00   15.75   output external delay
                                 15.75   data required time
-----------------------------------------------------------------------------
                                 15.75   data required time
                                 -0.97   data arrival time
-----------------------------------------------------------------------------
                                 14.78   slack (MET)


Startpoint: _410_ (rising edge-triggered flip-flop clocked by clk)
Endpoint: last_opcode_out[1] (output port clocked by clk)
Path Group: clk
Path Type: max

Fanout     Cap    Slew   Delay    Time   Description
-----------------------------------------------------------------------------
                          0.00    0.00   clock clk (rise edge)
                          0.00    0.00   clock source latency
                  0.04    0.03    0.03 ^ clk (in)
     1    0.01                           clk (net)
                  0.04    0.00    0.03 ^ clkbuf_0_clk/A (sky130_fd_sc_hd__clkbuf_16)
                  0.04    0.13    0.16 ^ clkbuf_0_clk/X (sky130_fd_sc_hd__clkbuf_16)
     2    0.02                           clknet_0_clk (net)
                  0.04    0.00    0.16 ^ clkbuf_1_0__f_clk/A (sky130_fd_sc_hd__clkbuf_16)
                  0.05    0.14    0.29 ^ clkbuf_1_0__f_clk/X (sky130_fd_sc_hd__clkbuf_16)
    14    0.03                           clknet_1_0__leaf_clk (net)
                  0.05    0.00    0.29 ^ _410_/CLK (sky130_fd_sc_hd__dfrtp_4)
                  0.06    0.49    0.78 v _410_/Q (sky130_fd_sc_hd__dfrtp_4)
     3    0.01                           net23 (net)
                  0.06    0.00    0.78 v output23/A (sky130_fd_sc_hd__buf_2)
                  0.09    0.20    0.97 v output23/X (sky130_fd_sc_hd__buf_2)
     1    0.03                           last_opcode_out[1] (net)
                  0.09    0.00    0.97 v last_opcode_out[1] (out)
                                  0.97   data arrival time

                         20.00   20.00   clock clk (rise edge)
                          0.00   20.00   clock network delay (propagated)
                         -0.25   19.75   clock uncertainty
                          0.00   19.75   clock reconvergence pessimism
                         -4.00   15.75   output external delay
                                 15.75   data required time
-----------------------------------------------------------------------------
                                 15.75   data required time
                                 -0.97   data arrival time
-----------------------------------------------------------------------------
                                 14.78   slack (MET)


Startpoint: _405_ (rising edge-triggered flip-flop clocked by clk)
Endpoint: A_out[3] (output port clocked by clk)
Path Group: clk
Path Type: max

Fanout     Cap    Slew   Delay    Time   Description
-----------------------------------------------------------------------------
                          0.00    0.00   clock clk (rise edge)
                          0.00    0.00   clock source latency
                  0.04    0.03    0.03 ^ clk (in)
     1    0.01                           clk (net)
                  0.04    0.00    0.03 ^ clkbuf_0_clk/A (sky130_fd_sc_hd__clkbuf_16)
                  0.04    0.13    0.16 ^ clkbuf_0_clk/X (sky130_fd_sc_hd__clkbuf_16)
     2    0.02                           clknet_0_clk (net)
                  0.04    0.00    0.16 ^ clkbuf_1_1__f_clk/A (sky130_fd_sc_hd__clkbuf_16)
                  0.05    0.14    0.29 ^ clkbuf_1_1__f_clk/X (sky130_fd_sc_hd__clkbuf_16)
    14    0.03                           clknet_1_1__leaf_clk (net)
                  0.05    0.00    0.29 ^ _405_/CLK (sky130_fd_sc_hd__dfrtp_4)
                  0.06    0.48    0.78 v _405_/Q (sky130_fd_sc_hd__dfrtp_4)
     3    0.00                           net5 (net)
                  0.06    0.00    0.78 v output5/A (sky130_fd_sc_hd__clkbuf_4)
                  0.08    0.20    0.97 v output5/X (sky130_fd_sc_hd__clkbuf_4)
     1    0.03                           A_out[3] (net)
                  0.08    0.00    0.97 v A_out[3] (out)
                                  0.97   data arrival time

                         20.00   20.00   clock clk (rise edge)
                          0.00   20.00   clock network delay (propagated)
                         -0.25   19.75   clock uncertainty
                          0.00   19.75   clock reconvergence pessimism
                         -4.00   15.75   output external delay
                                 15.75   data required time
-----------------------------------------------------------------------------
                                 15.75   data required time
                                 -0.97   data arrival time
-----------------------------------------------------------------------------
                                 14.78   slack (MET)


Startpoint: _403_ (rising edge-triggered flip-flop clocked by clk)
Endpoint: A_out[1] (output port clocked by clk)
Path Group: clk
Path Type: max

Fanout     Cap    Slew   Delay    Time   Description
-----------------------------------------------------------------------------
                          0.00    0.00   clock clk (rise edge)
                          0.00    0.00   clock source latency
                  0.04    0.03    0.03 ^ clk (in)
     1    0.01                           clk (net)
                  0.04    0.00    0.03 ^ clkbuf_0_clk/A (sky130_fd_sc_hd__clkbuf_16)
                  0.04    0.13    0.16 ^ clkbuf_0_clk/X (sky130_fd_sc_hd__clkbuf_16)
     2    0.02                           clknet_0_clk (net)
                  0.04    0.00    0.16 ^ clkbuf_1_1__f_clk/A (sky130_fd_sc_hd__clkbuf_16)
                  0.05    0.14    0.29 ^ clkbuf_1_1__f_clk/X (sky130_fd_sc_hd__clkbuf_16)
    14    0.03                           clknet_1_1__leaf_clk (net)
                  0.05    0.00    0.29 ^ _403_/CLK (sky130_fd_sc_hd__dfrtp_4)
                  0.06    0.48    0.78 v _403_/Q (sky130_fd_sc_hd__dfrtp_4)
     3    0.00                           net3 (net)
                  0.06    0.00    0.78 v output3/A (sky130_fd_sc_hd__clkbuf_4)
                  0.08    0.20    0.97 v output3/X (sky130_fd_sc_hd__clkbuf_4)
     1    0.03                           A_out[1] (net)
                  0.08    0.00    0.97 v A_out[1] (out)
                                  0.97   data arrival time

                         20.00   20.00   clock clk (rise edge)
                          0.00   20.00   clock network delay (propagated)
                         -0.25   19.75   clock uncertainty
                          0.00   19.75   clock reconvergence pessimism
                         -4.00   15.75   output external delay
                                 15.75   data required time
-----------------------------------------------------------------------------
                                 15.75   data required time
                                 -0.97   data arrival time
-----------------------------------------------------------------------------
                                 14.78   slack (MET)


Startpoint: _409_ (rising edge-triggered flip-flop clocked by clk)
Endpoint: A_out[7] (output port clocked by clk)
Path Group: clk
Path Type: max

Fanout     Cap    Slew   Delay    Time   Description
-----------------------------------------------------------------------------
                          0.00    0.00   clock clk (rise edge)
                          0.00    0.00   clock source latency
                  0.04    0.03    0.03 ^ clk (in)
     1    0.01                           clk (net)
                  0.04    0.00    0.03 ^ clkbuf_0_clk/A (sky130_fd_sc_hd__clkbuf_16)
                  0.04    0.13    0.16 ^ clkbuf_0_clk/X (sky130_fd_sc_hd__clkbuf_16)
     2    0.02                           clknet_0_clk (net)
                  0.04    0.00    0.16 ^ clkbuf_1_0__f_clk/A (sky130_fd_sc_hd__clkbuf_16)
                  0.05    0.14    0.29 ^ clkbuf_1_0__f_clk/X (sky130_fd_sc_hd__clkbuf_16)
    14    0.03                           clknet_1_0__leaf_clk (net)
                  0.05    0.00    0.29 ^ _409_/CLK (sky130_fd_sc_hd__dfrtp_4)
                  0.06    0.48    0.78 v _409_/Q (sky130_fd_sc_hd__dfrtp_4)
     3    0.00                           net9 (net)
                  0.06    0.00    0.78 v output9/A (sky130_fd_sc_hd__clkbuf_4)
                  0.08    0.20    0.97 v output9/X (sky130_fd_sc_hd__clkbuf_4)
     1    0.03                           A_out[7] (net)
                  0.08    0.00    0.97 v A_out[7] (out)
                                  0.97   data arrival time

                         20.00   20.00   clock clk (rise edge)
                          0.00   20.00   clock network delay (propagated)
                         -0.25   19.75   clock uncertainty
                          0.00   19.75   clock reconvergence pessimism
                         -4.00   15.75   output external delay
                                 15.75   data required time
-----------------------------------------------------------------------------
                                 15.75   data required time
                                 -0.97   data arrival time
-----------------------------------------------------------------------------
                                 14.78   slack (MET)


Startpoint: _408_ (rising edge-triggered flip-flop clocked by clk)
Endpoint: A_out[6] (output port clocked by clk)
Path Group: clk
Path Type: max

Fanout     Cap    Slew   Delay    Time   Description
-----------------------------------------------------------------------------
                          0.00    0.00   clock clk (rise edge)
                          0.00    0.00   clock source latency
                  0.04    0.03    0.03 ^ clk (in)
     1    0.01                           clk (net)
                  0.04    0.00    0.03 ^ clkbuf_0_clk/A (sky130_fd_sc_hd__clkbuf_16)
                  0.04    0.13    0.16 ^ clkbuf_0_clk/X (sky130_fd_sc_hd__clkbuf_16)
     2    0.02                           clknet_0_clk (net)
                  0.04    0.00    0.16 ^ clkbuf_1_0__f_clk/A (sky130_fd_sc_hd__clkbuf_16)
                  0.05    0.14    0.29 ^ clkbuf_1_0__f_clk/X (sky130_fd_sc_hd__clkbuf_16)
    14    0.03                           clknet_1_0__leaf_clk (net)
                  0.05    0.00    0.29 ^ _408_/CLK (sky130_fd_sc_hd__dfrtp_4)
                  0.06    0.49    0.78 v _408_/Q (sky130_fd_sc_hd__dfrtp_4)
     3    0.01                           net8 (net)
                  0.06    0.00    0.78 v output8/A (sky130_fd_sc_hd__buf_2)
                  0.09    0.19    0.97 v output8/X (sky130_fd_sc_hd__buf_2)
     1    0.03                           A_out[6] (net)
                  0.09    0.00    0.97 v A_out[6] (out)
                                  0.97   data arrival time

                         20.00   20.00   clock clk (rise edge)
                          0.00   20.00   clock network delay (propagated)
                         -0.25   19.75   clock uncertainty
                          0.00   19.75   clock reconvergence pessimism
                         -4.00   15.75   output external delay
                                 15.75   data required time
-----------------------------------------------------------------------------
                                 15.75   data required time
                                 -0.97   data arrival time
-----------------------------------------------------------------------------
                                 14.78   slack (MET)


Startpoint: _407_ (rising edge-triggered flip-flop clocked by clk)
Endpoint: A_out[5] (output port clocked by clk)
Path Group: clk
Path Type: max

Fanout     Cap    Slew   Delay    Time   Description
-----------------------------------------------------------------------------
                          0.00    0.00   clock clk (rise edge)
                          0.00    0.00   clock source latency
                  0.04    0.03    0.03 ^ clk (in)
     1    0.01                           clk (net)
                  0.04    0.00    0.03 ^ clkbuf_0_clk/A (sky130_fd_sc_hd__clkbuf_16)
                  0.04    0.13    0.16 ^ clkbuf_0_clk/X (sky130_fd_sc_hd__clkbuf_16)
     2    0.02                           clknet_0_clk (net)
                  0.04    0.00    0.16 ^ clkbuf_1_0__f_clk/A (sky130_fd_sc_hd__clkbuf_16)
                  0.05    0.14    0.29 ^ clkbuf_1_0__f_clk/X (sky130_fd_sc_hd__clkbuf_16)
    14    0.03                           clknet_1_0__leaf_clk (net)
                  0.05    0.00    0.29 ^ _407_/CLK (sky130_fd_sc_hd__dfrtp_4)
                  0.06    0.48    0.77 v _407_/Q (sky130_fd_sc_hd__dfrtp_4)
     3    0.00                           net7 (net)
                  0.06    0.00    0.77 v output7/A (sky130_fd_sc_hd__buf_2)
                  0.09    0.19    0.97 v output7/X (sky130_fd_sc_hd__buf_2)
     1    0.03                           A_out[5] (net)
                  0.09    0.00    0.97 v A_out[5] (out)
                                  0.97   data arrival time

                         20.00   20.00   clock clk (rise edge)
                          0.00   20.00   clock network delay (propagated)
                         -0.25   19.75   clock uncertainty
                          0.00   19.75   clock reconvergence pessimism
                         -4.00   15.75   output external delay
                                 15.75   data required time
-----------------------------------------------------------------------------
                                 15.75   data required time
                                 -0.97   data arrival time
-----------------------------------------------------------------------------
                                 14.78   slack (MET)


Startpoint: _414_ (rising edge-triggered flip-flop clocked by clk)
Endpoint: flags_out[0] (output port clocked by clk)
Path Group: clk
Path Type: max

Fanout     Cap    Slew   Delay    Time   Description
-----------------------------------------------------------------------------
                          0.00    0.00   clock clk (rise edge)
                          0.00    0.00   clock source latency
                  0.04    0.03    0.03 ^ clk (in)
     1    0.01                           clk (net)
                  0.04    0.00    0.03 ^ clkbuf_0_clk/A (sky130_fd_sc_hd__clkbuf_16)
                  0.04    0.13    0.16 ^ clkbuf_0_clk/X (sky130_fd_sc_hd__clkbuf_16)
     2    0.02                           clknet_0_clk (net)
                  0.04    0.00    0.16 ^ clkbuf_1_0__f_clk/A (sky130_fd_sc_hd__clkbuf_16)
                  0.05    0.14    0.29 ^ clkbuf_1_0__f_clk/X (sky130_fd_sc_hd__clkbuf_16)
    14    0.03                           clknet_1_0__leaf_clk (net)
                  0.05    0.00    0.29 ^ _414_/CLK (sky130_fd_sc_hd__dfrtp_4)
                  0.06    0.48    0.77 v _414_/Q (sky130_fd_sc_hd__dfrtp_4)
     2    0.00                           net18 (net)
                  0.06    0.00    0.77 v output18/A (sky130_fd_sc_hd__clkbuf_4)
                  0.08    0.20    0.96 v output18/X (sky130_fd_sc_hd__clkbuf_4)
     1    0.03                           flags_out[0] (net)
                  0.08    0.00    0.96 v flags_out[0] (out)
                                  0.96   data arrival time

                         20.00   20.00   clock clk (rise edge)
                          0.00   20.00   clock network delay (propagated)
                         -0.25   19.75   clock uncertainty
                          0.00   19.75   clock reconvergence pessimism
                         -4.00   15.75   output external delay
                                 15.75   data required time
-----------------------------------------------------------------------------
                                 15.75   data required time
                                 -0.96   data arrival time
-----------------------------------------------------------------------------
                                 14.79   slack (MET)


Startpoint: _415_ (rising edge-triggered flip-flop clocked by clk)
Endpoint: flags_out[1] (output port clocked by clk)
Path Group: clk
Path Type: max

Fanout     Cap    Slew   Delay    Time   Description
-----------------------------------------------------------------------------
                          0.00    0.00   clock clk (rise edge)
                          0.00    0.00   clock source latency
                  0.04    0.03    0.03 ^ clk (in)
     1    0.01                           clk (net)
                  0.04    0.00    0.03 ^ clkbuf_0_clk/A (sky130_fd_sc_hd__clkbuf_16)
                  0.04    0.13    0.16 ^ clkbuf_0_clk/X (sky130_fd_sc_hd__clkbuf_16)
     2    0.02                           clknet_0_clk (net)
                  0.04    0.00    0.16 ^ clkbuf_1_0__f_clk/A (sky130_fd_sc_hd__clkbuf_16)
                  0.05    0.14    0.29 ^ clkbuf_1_0__f_clk/X (sky130_fd_sc_hd__clkbuf_16)
    14    0.03                           clknet_1_0__leaf_clk (net)
                  0.05    0.00    0.29 ^ _415_/CLK (sky130_fd_sc_hd__dfrtp_4)
                  0.06    0.48    0.77 v _415_/Q (sky130_fd_sc_hd__dfrtp_4)
     2    0.00                           net19 (net)
                  0.06    0.00    0.77 v output19/A (sky130_fd_sc_hd__clkbuf_4)
                  0.08    0.20    0.96 v output19/X (sky130_fd_sc_hd__clkbuf_4)
     1    0.03                           flags_out[1] (net)
                  0.08    0.00    0.96 v flags_out[1] (out)
                                  0.96   data arrival time

                         20.00   20.00   clock clk (rise edge)
                          0.00   20.00   clock network delay (propagated)
                         -0.25   19.75   clock uncertainty
                          0.00   19.75   clock reconvergence pessimism
                         -4.00   15.75   output external delay
                                 15.75   data required time
-----------------------------------------------------------------------------
                                 15.75   data required time
                                 -0.96   data arrival time
-----------------------------------------------------------------------------
                                 14.79   slack (MET)


Startpoint: _411_ (rising edge-triggered flip-flop clocked by clk)
Endpoint: last_opcode_out[2] (output port clocked by clk)
Path Group: clk
Path Type: max

Fanout     Cap    Slew   Delay    Time   Description
-----------------------------------------------------------------------------
                          0.00    0.00   clock clk (rise edge)
                          0.00    0.00   clock source latency
                  0.04    0.03    0.03 ^ clk (in)
     1    0.01                           clk (net)
                  0.04    0.00    0.03 ^ clkbuf_0_clk/A (sky130_fd_sc_hd__clkbuf_16)
                  0.04    0.13    0.16 ^ clkbuf_0_clk/X (sky130_fd_sc_hd__clkbuf_16)
     2    0.02                           clknet_0_clk (net)
                  0.04    0.00    0.16 ^ clkbuf_1_1__f_clk/A (sky130_fd_sc_hd__clkbuf_16)
                  0.05    0.14    0.29 ^ clkbuf_1_1__f_clk/X (sky130_fd_sc_hd__clkbuf_16)
    14    0.03                           clknet_1_1__leaf_clk (net)
                  0.05    0.00    0.29 ^ _411_/CLK (sky130_fd_sc_hd__dfrtp_4)
                  0.05    0.48    0.77 v _411_/Q (sky130_fd_sc_hd__dfrtp_4)
     2    0.00                           net24 (net)
                  0.05    0.00    0.77 v output24/A (sky130_fd_sc_hd__clkbuf_4)
                  0.08    0.20    0.96 v output24/X (sky130_fd_sc_hd__clkbuf_4)
     1    0.03                           last_opcode_out[2] (net)
                  0.08    0.00    0.96 v last_opcode_out[2] (out)
                                  0.96   data arrival time

                         20.00   20.00   clock clk (rise edge)
                          0.00   20.00   clock network delay (propagated)
                         -0.25   19.75   clock uncertainty
                          0.00   19.75   clock reconvergence pessimism
                         -4.00   15.75   output external delay
                                 15.75   data required time
-----------------------------------------------------------------------------
                                 15.75   data required time
                                 -0.96   data arrival time
-----------------------------------------------------------------------------
                                 14.79   slack (MET)


Startpoint: _416_ (rising edge-triggered flip-flop clocked by clk)
Endpoint: flags_out[2] (output port clocked by clk)
Path Group: clk
Path Type: max

Fanout     Cap    Slew   Delay    Time   Description
-----------------------------------------------------------------------------
                          0.00    0.00   clock clk (rise edge)
                          0.00    0.00   clock source latency
                  0.04    0.03    0.03 ^ clk (in)
     1    0.01                           clk (net)
                  0.04    0.00    0.03 ^ clkbuf_0_clk/A (sky130_fd_sc_hd__clkbuf_16)
                  0.04    0.13    0.16 ^ clkbuf_0_clk/X (sky130_fd_sc_hd__clkbuf_16)
     2    0.02                           clknet_0_clk (net)
                  0.04    0.00    0.16 ^ clkbuf_1_0__f_clk/A (sky130_fd_sc_hd__clkbuf_16)
                  0.05    0.14    0.29 ^ clkbuf_1_0__f_clk/X (sky130_fd_sc_hd__clkbuf_16)
    14    0.03                           clknet_1_0__leaf_clk (net)
                  0.05    0.00    0.29 ^ _416_/CLK (sky130_fd_sc_hd__dfrtp_4)
                  0.05    0.48    0.77 v _416_/Q (sky130_fd_sc_hd__dfrtp_4)
     2    0.00                           net20 (net)
                  0.05    0.00    0.77 v output20/A (sky130_fd_sc_hd__buf_2)
                  0.09    0.19    0.96 v output20/X (sky130_fd_sc_hd__buf_2)
     1    0.03                           flags_out[2] (net)
                  0.09    0.00    0.96 v flags_out[2] (out)
                                  0.96   data arrival time

                         20.00   20.00   clock clk (rise edge)
                          0.00   20.00   clock network delay (propagated)
                         -0.25   19.75   clock uncertainty
                          0.00   19.75   clock reconvergence pessimism
                         -4.00   15.75   output external delay
                                 15.75   data required time
-----------------------------------------------------------------------------
                                 15.75   data required time
                                 -0.96   data arrival time
-----------------------------------------------------------------------------
                                 14.79   slack (MET)


Startpoint: _406_ (rising edge-triggered flip-flop clocked by clk)
Endpoint: A_out[4] (output port clocked by clk)
Path Group: clk
Path Type: max

Fanout     Cap    Slew   Delay    Time   Description
-----------------------------------------------------------------------------
                          0.00    0.00   clock clk (rise edge)
                          0.00    0.00   clock source latency
                  0.04    0.03    0.03 ^ clk (in)
     1    0.01                           clk (net)
                  0.04    0.00    0.03 ^ clkbuf_0_clk/A (sky130_fd_sc_hd__clkbuf_16)
                  0.04    0.13    0.16 ^ clkbuf_0_clk/X (sky130_fd_sc_hd__clkbuf_16)
     2    0.02                           clknet_0_clk (net)
                  0.04    0.00    0.16 ^ clkbuf_1_0__f_clk/A (sky130_fd_sc_hd__clkbuf_16)
                  0.05    0.14    0.29 ^ clkbuf_1_0__f_clk/X (sky130_fd_sc_hd__clkbuf_16)
    14    0.03                           clknet_1_0__leaf_clk (net)
                  0.05    0.00    0.29 ^ _406_/CLK (sky130_fd_sc_hd__dfrtp_2)
                  0.05    0.41    0.70 v _406_/Q (sky130_fd_sc_hd__dfrtp_2)
     3    0.00                           net6 (net)
                  0.05    0.00    0.70 v output6/A (sky130_fd_sc_hd__clkbuf_4)
                  0.08    0.19    0.89 v output6/X (sky130_fd_sc_hd__clkbuf_4)
     1    0.03                           A_out[4] (net)
                  0.08    0.00    0.89 v A_out[4] (out)
                                  0.89   data arrival time

                         20.00   20.00   clock clk (rise edge)
                          0.00   20.00   clock network delay (propagated)
                         -0.25   19.75   clock uncertainty
                          0.00   19.75   clock reconvergence pessimism
                         -4.00   15.75   output external delay
                                 15.75   data required time
-----------------------------------------------------------------------------
                                 15.75   data required time
                                 -0.89   data arrival time
-----------------------------------------------------------------------------
                                 14.86   slack (MET)


Startpoint: _412_ (rising edge-triggered flip-flop clocked by clk)
Endpoint: last_opcode_out[3] (output port clocked by clk)
Path Group: clk
Path Type: max

Fanout     Cap    Slew   Delay    Time   Description
-----------------------------------------------------------------------------
                          0.00    0.00   clock clk (rise edge)
                          0.00    0.00   clock source latency
                  0.04    0.03    0.03 ^ clk (in)
     1    0.01                           clk (net)
                  0.04    0.00    0.03 ^ clkbuf_0_clk/A (sky130_fd_sc_hd__clkbuf_16)
                  0.04    0.13    0.16 ^ clkbuf_0_clk/X (sky130_fd_sc_hd__clkbuf_16)
     2    0.02                           clknet_0_clk (net)
                  0.04    0.00    0.16 ^ clkbuf_1_1__f_clk/A (sky130_fd_sc_hd__clkbuf_16)
                  0.05    0.14    0.29 ^ clkbuf_1_1__f_clk/X (sky130_fd_sc_hd__clkbuf_16)
    14    0.03                           clknet_1_1__leaf_clk (net)
                  0.05    0.00    0.29 ^ _412_/CLK (sky130_fd_sc_hd__dfrtp_2)
                  0.04    0.40    0.69 v _412_/Q (sky130_fd_sc_hd__dfrtp_2)
     2    0.00                           net25 (net)
                  0.04    0.00    0.69 v output25/A (sky130_fd_sc_hd__clkbuf_4)
                  0.08    0.19    0.88 v output25/X (sky130_fd_sc_hd__clkbuf_4)
     1    0.03                           last_opcode_out[3] (net)
                  0.08    0.00    0.88 v last_opcode_out[3] (out)
                                  0.88   data arrival time

                         20.00   20.00   clock clk (rise edge)
                          0.00   20.00   clock network delay (propagated)
                         -0.25   19.75   clock uncertainty
                          0.00   19.75   clock reconvergence pessimism
                         -4.00   15.75   output external delay
                                 15.75   data required time
-----------------------------------------------------------------------------
                                 15.75   data required time
                                 -0.88   data arrival time
-----------------------------------------------------------------------------
                                 14.87   slack (MET)


Startpoint: rst (input port clocked by clk)
Endpoint: _398_ (recovery check against rising-edge clock clk)
Path Group: asynchronous
Path Type: max

Fanout     Cap    Slew   Delay    Time   Description
-----------------------------------------------------------------------------
                          0.00    0.00   clock clk (rise edge)
                          0.00    0.00   clock network delay (propagated)
                          4.00    4.00 v input external delay
                  0.01    0.00    4.00 v rst (in)
     1    0.00                           rst (net)
                  0.01    0.00    4.00 v input1/A (sky130_fd_sc_hd__buf_1)
                  0.02    0.07    4.08 v input1/X (sky130_fd_sc_hd__buf_1)
     1    0.00                           net1 (net)
                  0.02    0.00    4.08 v _367_/A (sky130_fd_sc_hd__buf_4)
                  0.06    0.17    4.25 v _367_/X (sky130_fd_sc_hd__buf_4)
    10    0.04                           _180_ (net)
                  0.06    0.00    4.25 v _368_/A (sky130_fd_sc_hd__buf_4)
                  0.07    0.20    4.44 v _368_/X (sky130_fd_sc_hd__buf_4)
    10    0.04                           _181_ (net)
                  0.07    0.00    4.44 v _369_/A (sky130_fd_sc_hd__inv_2)
                  0.03    0.05    4.50 ^ _369_/Y (sky130_fd_sc_hd__inv_2)
     1    0.00                           _000_ (net)
                  0.03    0.00    4.50 ^ _398_/RESET_B (sky130_fd_sc_hd__dfrtp_4)
                                  4.50   data arrival time

                         20.00   20.00   clock clk (rise edge)
                          0.00   20.00   clock source latency
                  0.04    0.03   20.03 ^ clk (in)
     1    0.01                           clk (net)
                  0.04    0.00   20.03 ^ clkbuf_0_clk/A (sky130_fd_sc_hd__clkbuf_16)
                  0.04    0.11   20.14 ^ clkbuf_0_clk/X (sky130_fd_sc_hd__clkbuf_16)
     2    0.02                           clknet_0_clk (net)
                  0.04    0.00   20.14 ^ clkbuf_1_1__f_clk/A (sky130_fd_sc_hd__clkbuf_16)
                  0.05    0.12   20.26 ^ clkbuf_1_1__f_clk/X (sky130_fd_sc_hd__clkbuf_16)
    14    0.03                           clknet_1_1__leaf_clk (net)
                  0.05    0.00   20.26 ^ _398_/CLK (sky130_fd_sc_hd__dfrtp_4)
                         -0.25   20.01   clock uncertainty
                          0.00   20.01   clock reconvergence pessimism
                          0.22   20.24   library recovery time
                                 20.24   data required time
-----------------------------------------------------------------------------
                                 20.24   data required time
                                 -4.50   data arrival time
-----------------------------------------------------------------------------
                                 15.74   slack (MET)


Startpoint: rst (input port clocked by clk)
Endpoint: _399_ (recovery check against rising-edge clock clk)
Path Group: asynchronous
Path Type: max

Fanout     Cap    Slew   Delay    Time   Description
-----------------------------------------------------------------------------
                          0.00    0.00   clock clk (rise edge)
                          0.00    0.00   clock network delay (propagated)
                          4.00    4.00 v input external delay
                  0.01    0.00    4.00 v rst (in)
     1    0.00                           rst (net)
                  0.01    0.00    4.00 v input1/A (sky130_fd_sc_hd__buf_1)
                  0.02    0.07    4.08 v input1/X (sky130_fd_sc_hd__buf_1)
     1    0.00                           net1 (net)
                  0.02    0.00    4.08 v _367_/A (sky130_fd_sc_hd__buf_4)
                  0.06    0.17    4.25 v _367_/X (sky130_fd_sc_hd__buf_4)
    10    0.04                           _180_ (net)
                  0.06    0.00    4.25 v _368_/A (sky130_fd_sc_hd__buf_4)
                  0.07    0.20    4.44 v _368_/X (sky130_fd_sc_hd__buf_4)
    10    0.04                           _181_ (net)
                  0.07    0.00    4.44 v _370_/A (sky130_fd_sc_hd__inv_2)
                  0.03    0.05    4.50 ^ _370_/Y (sky130_fd_sc_hd__inv_2)
     1    0.00                           _001_ (net)
                  0.03    0.00    4.50 ^ _399_/RESET_B (sky130_fd_sc_hd__dfrtp_4)
                                  4.50   data arrival time

                         20.00   20.00   clock clk (rise edge)
                          0.00   20.00   clock source latency
                  0.04    0.03   20.03 ^ clk (in)
     1    0.01                           clk (net)
                  0.04    0.00   20.03 ^ clkbuf_0_clk/A (sky130_fd_sc_hd__clkbuf_16)
                  0.04    0.11   20.14 ^ clkbuf_0_clk/X (sky130_fd_sc_hd__clkbuf_16)
     2    0.02                           clknet_0_clk (net)
                  0.04    0.00   20.14 ^ clkbuf_1_1__f_clk/A (sky130_fd_sc_hd__clkbuf_16)
                  0.05    0.12   20.26 ^ clkbuf_1_1__f_clk/X (sky130_fd_sc_hd__clkbuf_16)
    14    0.03                           clknet_1_1__leaf_clk (net)
                  0.05    0.00   20.26 ^ _399_/CLK (sky130_fd_sc_hd__dfrtp_4)
                         -0.25   20.01   clock uncertainty
                          0.00   20.01   clock reconvergence pessimism
                          0.22   20.24   library recovery time
                                 20.24   data required time
-----------------------------------------------------------------------------
                                 20.24   data required time
                                 -4.50   data arrival time
-----------------------------------------------------------------------------
                                 15.74   slack (MET)


Startpoint: rst (input port clocked by clk)
Endpoint: _400_ (recovery check against rising-edge clock clk)
Path Group: asynchronous
Path Type: max

Fanout     Cap    Slew   Delay    Time   Description
-----------------------------------------------------------------------------
                          0.00    0.00   clock clk (rise edge)
                          0.00    0.00   clock network delay (propagated)
                          4.00    4.00 v input external delay
                  0.01    0.00    4.00 v rst (in)
     1    0.00                           rst (net)
                  0.01    0.00    4.00 v input1/A (sky130_fd_sc_hd__buf_1)
                  0.02    0.07    4.08 v input1/X (sky130_fd_sc_hd__buf_1)
     1    0.00                           net1 (net)
                  0.02    0.00    4.08 v _367_/A (sky130_fd_sc_hd__buf_4)
                  0.06    0.17    4.25 v _367_/X (sky130_fd_sc_hd__buf_4)
    10    0.04                           _180_ (net)
                  0.06    0.00    4.25 v _368_/A (sky130_fd_sc_hd__buf_4)
                  0.07    0.20    4.44 v _368_/X (sky130_fd_sc_hd__buf_4)
    10    0.04                           _181_ (net)
                  0.07    0.00    4.44 v _371_/A (sky130_fd_sc_hd__inv_2)
                  0.03    0.05    4.50 ^ _371_/Y (sky130_fd_sc_hd__inv_2)
     1    0.00                           _002_ (net)
                  0.03    0.00    4.50 ^ _400_/RESET_B (sky130_fd_sc_hd__dfrtp_4)
                                  4.50   data arrival time

                         20.00   20.00   clock clk (rise edge)
                          0.00   20.00   clock source latency
                  0.04    0.03   20.03 ^ clk (in)
     1    0.01                           clk (net)
                  0.04    0.00   20.03 ^ clkbuf_0_clk/A (sky130_fd_sc_hd__clkbuf_16)
                  0.04    0.11   20.14 ^ clkbuf_0_clk/X (sky130_fd_sc_hd__clkbuf_16)
     2    0.02                           clknet_0_clk (net)
                  0.04    0.00   20.14 ^ clkbuf_1_1__f_clk/A (sky130_fd_sc_hd__clkbuf_16)
                  0.05    0.12   20.26 ^ clkbuf_1_1__f_clk/X (sky130_fd_sc_hd__clkbuf_16)
    14    0.03                           clknet_1_1__leaf_clk (net)
                  0.05    0.00   20.26 ^ _400_/CLK (sky130_fd_sc_hd__dfrtp_4)
                         -0.25   20.01   clock uncertainty
                          0.00   20.01   clock reconvergence pessimism
                          0.22   20.24   library recovery time
                                 20.24   data required time
-----------------------------------------------------------------------------
                                 20.24   data required time
                                 -4.50   data arrival time
-----------------------------------------------------------------------------
                                 15.74   slack (MET)


Startpoint: rst (input port clocked by clk)
Endpoint: _401_ (recovery check against rising-edge clock clk)
Path Group: asynchronous
Path Type: max

Fanout     Cap    Slew   Delay    Time   Description
-----------------------------------------------------------------------------
                          0.00    0.00   clock clk (rise edge)
                          0.00    0.00   clock network delay (propagated)
                          4.00    4.00 v input external delay
                  0.01    0.00    4.00 v rst (in)
     1    0.00                           rst (net)
                  0.01    0.00    4.00 v input1/A (sky130_fd_sc_hd__buf_1)
                  0.02    0.07    4.08 v input1/X (sky130_fd_sc_hd__buf_1)
     1    0.00                           net1 (net)
                  0.02    0.00    4.08 v _367_/A (sky130_fd_sc_hd__buf_4)
                  0.06    0.17    4.25 v _367_/X (sky130_fd_sc_hd__buf_4)
    10    0.04                           _180_ (net)
                  0.06    0.00    4.25 v _368_/A (sky130_fd_sc_hd__buf_4)
                  0.07    0.20    4.44 v _368_/X (sky130_fd_sc_hd__buf_4)
    10    0.04                           _181_ (net)
                  0.07    0.00    4.44 v _372_/A (sky130_fd_sc_hd__inv_2)
                  0.03    0.05    4.50 ^ _372_/Y (sky130_fd_sc_hd__inv_2)
     1    0.00                           _003_ (net)
                  0.03    0.00    4.50 ^ _401_/RESET_B (sky130_fd_sc_hd__dfrtp_4)
                                  4.50   data arrival time

                         20.00   20.00   clock clk (rise edge)
                          0.00   20.00   clock source latency
                  0.04    0.03   20.03 ^ clk (in)
     1    0.01                           clk (net)
                  0.04    0.00   20.03 ^ clkbuf_0_clk/A (sky130_fd_sc_hd__clkbuf_16)
                  0.04    0.11   20.14 ^ clkbuf_0_clk/X (sky130_fd_sc_hd__clkbuf_16)
     2    0.02                           clknet_0_clk (net)
                  0.04    0.00   20.14 ^ clkbuf_1_1__f_clk/A (sky130_fd_sc_hd__clkbuf_16)
                  0.05    0.12   20.26 ^ clkbuf_1_1__f_clk/X (sky130_fd_sc_hd__clkbuf_16)
    14    0.03                           clknet_1_1__leaf_clk (net)
                  0.05    0.00   20.26 ^ _401_/CLK (sky130_fd_sc_hd__dfrtp_4)
                         -0.25   20.01   clock uncertainty
                          0.00   20.01   clock reconvergence pessimism
                          0.22   20.24   library recovery time
                                 20.24   data required time
-----------------------------------------------------------------------------
                                 20.24   data required time
                                 -4.50   data arrival time
-----------------------------------------------------------------------------
                                 15.74   slack (MET)


Startpoint: rst (input port clocked by clk)
Endpoint: _402_ (recovery check against rising-edge clock clk)
Path Group: asynchronous
Path Type: max

Fanout     Cap    Slew   Delay    Time   Description
-----------------------------------------------------------------------------
                          0.00    0.00   clock clk (rise edge)
                          0.00    0.00   clock network delay (propagated)
                          4.00    4.00 v input external delay
                  0.01    0.00    4.00 v rst (in)
     1    0.00                           rst (net)
                  0.01    0.00    4.00 v input1/A (sky130_fd_sc_hd__buf_1)
                  0.02    0.07    4.08 v input1/X (sky130_fd_sc_hd__buf_1)
     1    0.00                           net1 (net)
                  0.02    0.00    4.08 v _367_/A (sky130_fd_sc_hd__buf_4)
                  0.06    0.17    4.25 v _367_/X (sky130_fd_sc_hd__buf_4)
    10    0.04                           _180_ (net)
                  0.06    0.00    4.25 v _368_/A (sky130_fd_sc_hd__buf_4)
                  0.07    0.20    4.44 v _368_/X (sky130_fd_sc_hd__buf_4)
    10    0.04                           _181_ (net)
                  0.07    0.00    4.44 v _373_/A (sky130_fd_sc_hd__inv_2)
                  0.03    0.05    4.50 ^ _373_/Y (sky130_fd_sc_hd__inv_2)
     1    0.00                           _004_ (net)
                  0.03    0.00    4.50 ^ _402_/RESET_B (sky130_fd_sc_hd__dfrtp_4)
                                  4.50   data arrival time

                         20.00   20.00   clock clk (rise edge)
                          0.00   20.00   clock source latency
                  0.04    0.03   20.03 ^ clk (in)
     1    0.01                           clk (net)
                  0.04    0.00   20.03 ^ clkbuf_0_clk/A (sky130_fd_sc_hd__clkbuf_16)
                  0.04    0.11   20.14 ^ clkbuf_0_clk/X (sky130_fd_sc_hd__clkbuf_16)
     2    0.02                           clknet_0_clk (net)
                  0.04    0.00   20.14 ^ clkbuf_1_1__f_clk/A (sky130_fd_sc_hd__clkbuf_16)
                  0.05    0.12   20.26 ^ clkbuf_1_1__f_clk/X (sky130_fd_sc_hd__clkbuf_16)
    14    0.03                           clknet_1_1__leaf_clk (net)
                  0.05    0.00   20.26 ^ _402_/CLK (sky130_fd_sc_hd__dfrtp_4)
                         -0.25   20.01   clock uncertainty
                          0.00   20.01   clock reconvergence pessimism
                          0.22   20.24   library recovery time
                                 20.24   data required time
-----------------------------------------------------------------------------
                                 20.24   data required time
                                 -4.50   data arrival time
-----------------------------------------------------------------------------
                                 15.74   slack (MET)


Startpoint: rst (input port clocked by clk)
Endpoint: _403_ (recovery check against rising-edge clock clk)
Path Group: asynchronous
Path Type: max

Fanout     Cap    Slew   Delay    Time   Description
-----------------------------------------------------------------------------
                          0.00    0.00   clock clk (rise edge)
                          0.00    0.00   clock network delay (propagated)
                          4.00    4.00 v input external delay
                  0.01    0.00    4.00 v rst (in)
     1    0.00                           rst (net)
                  0.01    0.00    4.00 v input1/A (sky130_fd_sc_hd__buf_1)
                  0.02    0.07    4.08 v input1/X (sky130_fd_sc_hd__buf_1)
     1    0.00                           net1 (net)
                  0.02    0.00    4.08 v _367_/A (sky130_fd_sc_hd__buf_4)
                  0.06    0.17    4.25 v _367_/X (sky130_fd_sc_hd__buf_4)
    10    0.04                           _180_ (net)
                  0.06    0.00    4.25 v _368_/A (sky130_fd_sc_hd__buf_4)
                  0.07    0.20    4.44 v _368_/X (sky130_fd_sc_hd__buf_4)
    10    0.04                           _181_ (net)
                  0.07    0.00    4.44 v _374_/A (sky130_fd_sc_hd__inv_2)
                  0.03    0.05    4.50 ^ _374_/Y (sky130_fd_sc_hd__inv_2)
     1    0.00                           _005_ (net)
                  0.03    0.00    4.50 ^ _403_/RESET_B (sky130_fd_sc_hd__dfrtp_4)
                                  4.50   data arrival time

                         20.00   20.00   clock clk (rise edge)
                          0.00   20.00   clock source latency
                  0.04    0.03   20.03 ^ clk (in)
     1    0.01                           clk (net)
                  0.04    0.00   20.03 ^ clkbuf_0_clk/A (sky130_fd_sc_hd__clkbuf_16)
                  0.04    0.11   20.14 ^ clkbuf_0_clk/X (sky130_fd_sc_hd__clkbuf_16)
     2    0.02                           clknet_0_clk (net)
                  0.04    0.00   20.14 ^ clkbuf_1_1__f_clk/A (sky130_fd_sc_hd__clkbuf_16)
                  0.05    0.12   20.26 ^ clkbuf_1_1__f_clk/X (sky130_fd_sc_hd__clkbuf_16)
    14    0.03                           clknet_1_1__leaf_clk (net)
                  0.05    0.00   20.26 ^ _403_/CLK (sky130_fd_sc_hd__dfrtp_4)
                         -0.25   20.01   clock uncertainty
                          0.00   20.01   clock reconvergence pessimism
                          0.22   20.24   library recovery time
                                 20.24   data required time
-----------------------------------------------------------------------------
                                 20.24   data required time
                                 -4.50   data arrival time
-----------------------------------------------------------------------------
                                 15.74   slack (MET)


Startpoint: rst (input port clocked by clk)
Endpoint: _404_ (recovery check against rising-edge clock clk)
Path Group: asynchronous
Path Type: max

Fanout     Cap    Slew   Delay    Time   Description
-----------------------------------------------------------------------------
                          0.00    0.00   clock clk (rise edge)
                          0.00    0.00   clock network delay (propagated)
                          4.00    4.00 v input external delay
                  0.01    0.00    4.00 v rst (in)
     1    0.00                           rst (net)
                  0.01    0.00    4.00 v input1/A (sky130_fd_sc_hd__buf_1)
                  0.02    0.07    4.08 v input1/X (sky130_fd_sc_hd__buf_1)
     1    0.00                           net1 (net)
                  0.02    0.00    4.08 v _367_/A (sky130_fd_sc_hd__buf_4)
                  0.06    0.17    4.25 v _367_/X (sky130_fd_sc_hd__buf_4)
    10    0.04                           _180_ (net)
                  0.06    0.00    4.25 v _368_/A (sky130_fd_sc_hd__buf_4)
                  0.07    0.20    4.44 v _368_/X (sky130_fd_sc_hd__buf_4)
    10    0.04                           _181_ (net)
                  0.07    0.00    4.44 v _375_/A (sky130_fd_sc_hd__inv_2)
                  0.03    0.05    4.50 ^ _375_/Y (sky130_fd_sc_hd__inv_2)
     1    0.00                           _006_ (net)
                  0.03    0.00    4.50 ^ _404_/RESET_B (sky130_fd_sc_hd__dfrtp_4)
                                  4.50   data arrival time

                         20.00   20.00   clock clk (rise edge)
                          0.00   20.00   clock source latency
                  0.04    0.03   20.03 ^ clk (in)
     1    0.01                           clk (net)
                  0.04    0.00   20.03 ^ clkbuf_0_clk/A (sky130_fd_sc_hd__clkbuf_16)
                  0.04    0.11   20.14 ^ clkbuf_0_clk/X (sky130_fd_sc_hd__clkbuf_16)
     2    0.02                           clknet_0_clk (net)
                  0.04    0.00   20.14 ^ clkbuf_1_1__f_clk/A (sky130_fd_sc_hd__clkbuf_16)
                  0.05    0.12   20.26 ^ clkbuf_1_1__f_clk/X (sky130_fd_sc_hd__clkbuf_16)
    14    0.03                           clknet_1_1__leaf_clk (net)
                  0.05    0.00   20.26 ^ _404_/CLK (sky130_fd_sc_hd__dfrtp_4)
                         -0.25   20.01   clock uncertainty
                          0.00   20.01   clock reconvergence pessimism
                          0.22   20.24   library recovery time
                                 20.24   data required time
-----------------------------------------------------------------------------
                                 20.24   data required time
                                 -4.50   data arrival time
-----------------------------------------------------------------------------
                                 15.74   slack (MET)


Startpoint: rst (input port clocked by clk)
Endpoint: _405_ (recovery check against rising-edge clock clk)
Path Group: asynchronous
Path Type: max

Fanout     Cap    Slew   Delay    Time   Description
-----------------------------------------------------------------------------
                          0.00    0.00   clock clk (rise edge)
                          0.00    0.00   clock network delay (propagated)
                          4.00    4.00 v input external delay
                  0.01    0.00    4.00 v rst (in)
     1    0.00                           rst (net)
                  0.01    0.00    4.00 v input1/A (sky130_fd_sc_hd__buf_1)
                  0.02    0.07    4.08 v input1/X (sky130_fd_sc_hd__buf_1)
     1    0.00                           net1 (net)
                  0.02    0.00    4.08 v _367_/A (sky130_fd_sc_hd__buf_4)
                  0.06    0.17    4.25 v _367_/X (sky130_fd_sc_hd__buf_4)
    10    0.04                           _180_ (net)
                  0.06    0.00    4.25 v _368_/A (sky130_fd_sc_hd__buf_4)
                  0.07    0.20    4.44 v _368_/X (sky130_fd_sc_hd__buf_4)
    10    0.04                           _181_ (net)
                  0.07    0.00    4.44 v _376_/A (sky130_fd_sc_hd__inv_2)
                  0.03    0.05    4.50 ^ _376_/Y (sky130_fd_sc_hd__inv_2)
     1    0.00                           _007_ (net)
                  0.03    0.00    4.50 ^ _405_/RESET_B (sky130_fd_sc_hd__dfrtp_4)
                                  4.50   data arrival time

                         20.00   20.00   clock clk (rise edge)
                          0.00   20.00   clock source latency
                  0.04    0.03   20.03 ^ clk (in)
     1    0.01                           clk (net)
                  0.04    0.00   20.03 ^ clkbuf_0_clk/A (sky130_fd_sc_hd__clkbuf_16)
                  0.04    0.11   20.14 ^ clkbuf_0_clk/X (sky130_fd_sc_hd__clkbuf_16)
     2    0.02                           clknet_0_clk (net)
                  0.04    0.00   20.14 ^ clkbuf_1_1__f_clk/A (sky130_fd_sc_hd__clkbuf_16)
                  0.05    0.12   20.26 ^ clkbuf_1_1__f_clk/X (sky130_fd_sc_hd__clkbuf_16)
    14    0.03                           clknet_1_1__leaf_clk (net)
                  0.05    0.00   20.26 ^ _405_/CLK (sky130_fd_sc_hd__dfrtp_4)
                         -0.25   20.01   clock uncertainty
                          0.00   20.01   clock reconvergence pessimism
                          0.22   20.24   library recovery time
                                 20.24   data required time
-----------------------------------------------------------------------------
                                 20.24   data required time
                                 -4.50   data arrival time
-----------------------------------------------------------------------------
                                 15.74   slack (MET)


Startpoint: rst (input port clocked by clk)
Endpoint: _407_ (recovery check against rising-edge clock clk)
Path Group: asynchronous
Path Type: max

Fanout     Cap    Slew   Delay    Time   Description
-----------------------------------------------------------------------------
                          0.00    0.00   clock clk (rise edge)
                          0.00    0.00   clock network delay (propagated)
                          4.00    4.00 v input external delay
                  0.01    0.00    4.00 v rst (in)
     1    0.00                           rst (net)
                  0.01    0.00    4.00 v input1/A (sky130_fd_sc_hd__buf_1)
                  0.02    0.07    4.08 v input1/X (sky130_fd_sc_hd__buf_1)
     1    0.00                           net1 (net)
                  0.02    0.00    4.08 v _367_/A (sky130_fd_sc_hd__buf_4)
                  0.06    0.17    4.25 v _367_/X (sky130_fd_sc_hd__buf_4)
    10    0.04                           _180_ (net)
                  0.06    0.00    4.25 v _368_/A (sky130_fd_sc_hd__buf_4)
                  0.07    0.20    4.44 v _368_/X (sky130_fd_sc_hd__buf_4)
    10    0.04                           _181_ (net)
                  0.07    0.00    4.44 v _378_/A (sky130_fd_sc_hd__inv_2)
                  0.03    0.05    4.50 ^ _378_/Y (sky130_fd_sc_hd__inv_2)
     1    0.00                           _009_ (net)
                  0.03    0.00    4.50 ^ _407_/RESET_B (sky130_fd_sc_hd__dfrtp_4)
                                  4.50   data arrival time

                         20.00   20.00   clock clk (rise edge)
                          0.00   20.00   clock source latency
                  0.04    0.03   20.03 ^ clk (in)
     1    0.01                           clk (net)
                  0.04    0.00   20.03 ^ clkbuf_0_clk/A (sky130_fd_sc_hd__clkbuf_16)
                  0.04    0.11   20.14 ^ clkbuf_0_clk/X (sky130_fd_sc_hd__clkbuf_16)
     2    0.02                           clknet_0_clk (net)
                  0.04    0.00   20.14 ^ clkbuf_1_0__f_clk/A (sky130_fd_sc_hd__clkbuf_16)
                  0.05    0.12   20.26 ^ clkbuf_1_0__f_clk/X (sky130_fd_sc_hd__clkbuf_16)
    14    0.03                           clknet_1_0__leaf_clk (net)
                  0.05    0.00   20.26 ^ _407_/CLK (sky130_fd_sc_hd__dfrtp_4)
                         -0.25   20.01   clock uncertainty
                          0.00   20.01   clock reconvergence pessimism
                          0.22   20.24   library recovery time
                                 20.24   data required time
-----------------------------------------------------------------------------
                                 20.24   data required time
                                 -4.50   data arrival time
-----------------------------------------------------------------------------
                                 15.74   slack (MET)


Startpoint: rst (input port clocked by clk)
Endpoint: _408_ (recovery check against rising-edge clock clk)
Path Group: asynchronous
Path Type: max

Fanout     Cap    Slew   Delay    Time   Description
-----------------------------------------------------------------------------
                          0.00    0.00   clock clk (rise edge)
                          0.00    0.00   clock network delay (propagated)
                          4.00    4.00 v input external delay
                  0.01    0.00    4.00 v rst (in)
     1    0.00                           rst (net)
                  0.01    0.00    4.00 v input1/A (sky130_fd_sc_hd__buf_1)
                  0.02    0.07    4.08 v input1/X (sky130_fd_sc_hd__buf_1)
     1    0.00                           net1 (net)
                  0.02    0.00    4.08 v _367_/A (sky130_fd_sc_hd__buf_4)
                  0.06    0.17    4.25 v _367_/X (sky130_fd_sc_hd__buf_4)
    10    0.04                           _180_ (net)
                  0.06    0.00    4.25 v _379_/A (sky130_fd_sc_hd__buf_4)
                  0.07    0.20    4.44 v _379_/X (sky130_fd_sc_hd__buf_4)
    10    0.04                           _182_ (net)
                  0.07    0.00    4.44 v _380_/A (sky130_fd_sc_hd__inv_2)
                  0.03    0.05    4.50 ^ _380_/Y (sky130_fd_sc_hd__inv_2)
     1    0.00                           _010_ (net)
                  0.03    0.00    4.50 ^ _408_/RESET_B (sky130_fd_sc_hd__dfrtp_4)
                                  4.50   data arrival time

                         20.00   20.00   clock clk (rise edge)
                          0.00   20.00   clock source latency
                  0.04    0.03   20.03 ^ clk (in)
     1    0.01                           clk (net)
                  0.04    0.00   20.03 ^ clkbuf_0_clk/A (sky130_fd_sc_hd__clkbuf_16)
                  0.04    0.11   20.14 ^ clkbuf_0_clk/X (sky130_fd_sc_hd__clkbuf_16)
     2    0.02                           clknet_0_clk (net)
                  0.04    0.00   20.14 ^ clkbuf_1_0__f_clk/A (sky130_fd_sc_hd__clkbuf_16)
                  0.05    0.12   20.26 ^ clkbuf_1_0__f_clk/X (sky130_fd_sc_hd__clkbuf_16)
    14    0.03                           clknet_1_0__leaf_clk (net)
                  0.05    0.00   20.26 ^ _408_/CLK (sky130_fd_sc_hd__dfrtp_4)
                         -0.25   20.01   clock uncertainty
                          0.00   20.01   clock reconvergence pessimism
                          0.22   20.24   library recovery time
                                 20.24   data required time
-----------------------------------------------------------------------------
                                 20.24   data required time
                                 -4.50   data arrival time
-----------------------------------------------------------------------------
                                 15.74   slack (MET)


Startpoint: rst (input port clocked by clk)
Endpoint: _409_ (recovery check against rising-edge clock clk)
Path Group: asynchronous
Path Type: max

Fanout     Cap    Slew   Delay    Time   Description
-----------------------------------------------------------------------------
                          0.00    0.00   clock clk (rise edge)
                          0.00    0.00   clock network delay (propagated)
                          4.00    4.00 v input external delay
                  0.01    0.00    4.00 v rst (in)
     1    0.00                           rst (net)
                  0.01    0.00    4.00 v input1/A (sky130_fd_sc_hd__buf_1)
                  0.02    0.07    4.08 v input1/X (sky130_fd_sc_hd__buf_1)
     1    0.00                           net1 (net)
                  0.02    0.00    4.08 v _367_/A (sky130_fd_sc_hd__buf_4)
                  0.06    0.17    4.25 v _367_/X (sky130_fd_sc_hd__buf_4)
    10    0.04                           _180_ (net)
                  0.06    0.00    4.25 v _379_/A (sky130_fd_sc_hd__buf_4)
                  0.07    0.20    4.44 v _379_/X (sky130_fd_sc_hd__buf_4)
    10    0.04                           _182_ (net)
                  0.07    0.00    4.44 v _381_/A (sky130_fd_sc_hd__inv_2)
                  0.03    0.05    4.50 ^ _381_/Y (sky130_fd_sc_hd__inv_2)
     1    0.00                           _011_ (net)
                  0.03    0.00    4.50 ^ _409_/RESET_B (sky130_fd_sc_hd__dfrtp_4)
                                  4.50   data arrival time

                         20.00   20.00   clock clk (rise edge)
                          0.00   20.00   clock source latency
                  0.04    0.03   20.03 ^ clk (in)
     1    0.01                           clk (net)
                  0.04    0.00   20.03 ^ clkbuf_0_clk/A (sky130_fd_sc_hd__clkbuf_16)
                  0.04    0.11   20.14 ^ clkbuf_0_clk/X (sky130_fd_sc_hd__clkbuf_16)
     2    0.02                           clknet_0_clk (net)
                  0.04    0.00   20.14 ^ clkbuf_1_0__f_clk/A (sky130_fd_sc_hd__clkbuf_16)
                  0.05    0.12   20.26 ^ clkbuf_1_0__f_clk/X (sky130_fd_sc_hd__clkbuf_16)
    14    0.03                           clknet_1_0__leaf_clk (net)
                  0.05    0.00   20.26 ^ _409_/CLK (sky130_fd_sc_hd__dfrtp_4)
                         -0.25   20.01   clock uncertainty
                          0.00   20.01   clock reconvergence pessimism
                          0.22   20.24   library recovery time
                                 20.24   data required time
-----------------------------------------------------------------------------
                                 20.24   data required time
                                 -4.50   data arrival time
-----------------------------------------------------------------------------
                                 15.74   slack (MET)


Startpoint: rst (input port clocked by clk)
Endpoint: _410_ (recovery check against rising-edge clock clk)
Path Group: asynchronous
Path Type: max

Fanout     Cap    Slew   Delay    Time   Description
-----------------------------------------------------------------------------
                          0.00    0.00   clock clk (rise edge)
                          0.00    0.00   clock network delay (propagated)
                          4.00    4.00 v input external delay
                  0.01    0.00    4.00 v rst (in)
     1    0.00                           rst (net)
                  0.01    0.00    4.00 v input1/A (sky130_fd_sc_hd__buf_1)
                  0.02    0.07    4.08 v input1/X (sky130_fd_sc_hd__buf_1)
     1    0.00                           net1 (net)
                  0.02    0.00    4.08 v _367_/A (sky130_fd_sc_hd__buf_4)
                  0.06    0.17    4.25 v _367_/X (sky130_fd_sc_hd__buf_4)
    10    0.04                           _180_ (net)
                  0.06    0.00    4.25 v _379_/A (sky130_fd_sc_hd__buf_4)
                  0.07    0.20    4.44 v _379_/X (sky130_fd_sc_hd__buf_4)
    10    0.04                           _182_ (net)
                  0.07    0.00    4.44 v _382_/A (sky130_fd_sc_hd__inv_2)
                  0.03    0.05    4.50 ^ _382_/Y (sky130_fd_sc_hd__inv_2)
     1    0.00                           _012_ (net)
                  0.03    0.00    4.50 ^ _410_/RESET_B (sky130_fd_sc_hd__dfrtp_4)
                                  4.50   data arrival time

                         20.00   20.00   clock clk (rise edge)
                          0.00   20.00   clock source latency
                  0.04    0.03   20.03 ^ clk (in)
     1    0.01                           clk (net)
                  0.04    0.00   20.03 ^ clkbuf_0_clk/A (sky130_fd_sc_hd__clkbuf_16)
                  0.04    0.11   20.14 ^ clkbuf_0_clk/X (sky130_fd_sc_hd__clkbuf_16)
     2    0.02                           clknet_0_clk (net)
                  0.04    0.00   20.14 ^ clkbuf_1_0__f_clk/A (sky130_fd_sc_hd__clkbuf_16)
                  0.05    0.12   20.26 ^ clkbuf_1_0__f_clk/X (sky130_fd_sc_hd__clkbuf_16)
    14    0.03                           clknet_1_0__leaf_clk (net)
                  0.05    0.00   20.26 ^ _410_/CLK (sky130_fd_sc_hd__dfrtp_4)
                         -0.25   20.01   clock uncertainty
                          0.00   20.01   clock reconvergence pessimism
                          0.22   20.24   library recovery time
                                 20.24   data required time
-----------------------------------------------------------------------------
                                 20.24   data required time
                                 -4.50   data arrival time
-----------------------------------------------------------------------------
                                 15.74   slack (MET)


Startpoint: rst (input port clocked by clk)
Endpoint: _411_ (recovery check against rising-edge clock clk)
Path Group: asynchronous
Path Type: max

Fanout     Cap    Slew   Delay    Time   Description
-----------------------------------------------------------------------------
                          0.00    0.00   clock clk (rise edge)
                          0.00    0.00   clock network delay (propagated)
                          4.00    4.00 v input external delay
                  0.01    0.00    4.00 v rst (in)
     1    0.00                           rst (net)
                  0.01    0.00    4.00 v input1/A (sky130_fd_sc_hd__buf_1)
                  0.02    0.07    4.08 v input1/X (sky130_fd_sc_hd__buf_1)
     1    0.00                           net1 (net)
                  0.02    0.00    4.08 v _367_/A (sky130_fd_sc_hd__buf_4)
                  0.06    0.17    4.25 v _367_/X (sky130_fd_sc_hd__buf_4)
    10    0.04                           _180_ (net)
                  0.06    0.00    4.25 v _379_/A (sky130_fd_sc_hd__buf_4)
                  0.07    0.20    4.44 v _379_/X (sky130_fd_sc_hd__buf_4)
    10    0.04                           _182_ (net)
                  0.07    0.00    4.44 v _383_/A (sky130_fd_sc_hd__inv_2)
                  0.03    0.05    4.50 ^ _383_/Y (sky130_fd_sc_hd__inv_2)
     1    0.00                           _013_ (net)
                  0.03    0.00    4.50 ^ _411_/RESET_B (sky130_fd_sc_hd__dfrtp_4)
                                  4.50   data arrival time

                         20.00   20.00   clock clk (rise edge)
                          0.00   20.00   clock source latency
                  0.04    0.03   20.03 ^ clk (in)
     1    0.01                           clk (net)
                  0.04    0.00   20.03 ^ clkbuf_0_clk/A (sky130_fd_sc_hd__clkbuf_16)
                  0.04    0.11   20.14 ^ clkbuf_0_clk/X (sky130_fd_sc_hd__clkbuf_16)
     2    0.02                           clknet_0_clk (net)
                  0.04    0.00   20.14 ^ clkbuf_1_1__f_clk/A (sky130_fd_sc_hd__clkbuf_16)
                  0.05    0.12   20.26 ^ clkbuf_1_1__f_clk/X (sky130_fd_sc_hd__clkbuf_16)
    14    0.03                           clknet_1_1__leaf_clk (net)
                  0.05    0.00   20.26 ^ _411_/CLK (sky130_fd_sc_hd__dfrtp_4)
                         -0.25   20.01   clock uncertainty
                          0.00   20.01   clock reconvergence pessimism
                          0.22   20.24   library recovery time
                                 20.24   data required time
-----------------------------------------------------------------------------
                                 20.24   data required time
                                 -4.50   data arrival time
-----------------------------------------------------------------------------
                                 15.74   slack (MET)


Startpoint: rst (input port clocked by clk)
Endpoint: _413_ (recovery check against rising-edge clock clk)
Path Group: asynchronous
Path Type: max

Fanout     Cap    Slew   Delay    Time   Description
-----------------------------------------------------------------------------
                          0.00    0.00   clock clk (rise edge)
                          0.00    0.00   clock network delay (propagated)
                          4.00    4.00 v input external delay
                  0.01    0.00    4.00 v rst (in)
     1    0.00                           rst (net)
                  0.01    0.00    4.00 v input1/A (sky130_fd_sc_hd__buf_1)
                  0.02    0.07    4.08 v input1/X (sky130_fd_sc_hd__buf_1)
     1    0.00                           net1 (net)
                  0.02    0.00    4.08 v _367_/A (sky130_fd_sc_hd__buf_4)
                  0.06    0.17    4.25 v _367_/X (sky130_fd_sc_hd__buf_4)
    10    0.04                           _180_ (net)
                  0.06    0.00    4.25 v _379_/A (sky130_fd_sc_hd__buf_4)
                  0.07    0.20    4.44 v _379_/X (sky130_fd_sc_hd__buf_4)
    10    0.04                           _182_ (net)
                  0.07    0.00    4.44 v _385_/A (sky130_fd_sc_hd__inv_2)
                  0.03    0.05    4.50 ^ _385_/Y (sky130_fd_sc_hd__inv_2)
     1    0.00                           _015_ (net)
                  0.03    0.00    4.50 ^ _413_/RESET_B (sky130_fd_sc_hd__dfrtp_4)
                                  4.50   data arrival time

                         20.00   20.00   clock clk (rise edge)
                          0.00   20.00   clock source latency
                  0.04    0.03   20.03 ^ clk (in)
     1    0.01                           clk (net)
                  0.04    0.00   20.03 ^ clkbuf_0_clk/A (sky130_fd_sc_hd__clkbuf_16)
                  0.04    0.11   20.14 ^ clkbuf_0_clk/X (sky130_fd_sc_hd__clkbuf_16)
     2    0.02                           clknet_0_clk (net)
                  0.04    0.00   20.14 ^ clkbuf_1_0__f_clk/A (sky130_fd_sc_hd__clkbuf_16)
                  0.05    0.12   20.26 ^ clkbuf_1_0__f_clk/X (sky130_fd_sc_hd__clkbuf_16)
    14    0.03                           clknet_1_0__leaf_clk (net)
                  0.05    0.00   20.26 ^ _413_/CLK (sky130_fd_sc_hd__dfrtp_4)
                         -0.25   20.01   clock uncertainty
                          0.00   20.01   clock reconvergence pessimism
                          0.22   20.24   library recovery time
                                 20.24   data required time
-----------------------------------------------------------------------------
                                 20.24   data required time
                                 -4.50   data arrival time
-----------------------------------------------------------------------------
                                 15.74   slack (MET)


Startpoint: rst (input port clocked by clk)
Endpoint: _414_ (recovery check against rising-edge clock clk)
Path Group: asynchronous
Path Type: max

Fanout     Cap    Slew   Delay    Time   Description
-----------------------------------------------------------------------------
                          0.00    0.00   clock clk (rise edge)
                          0.00    0.00   clock network delay (propagated)
                          4.00    4.00 v input external delay
                  0.01    0.00    4.00 v rst (in)
     1    0.00                           rst (net)
                  0.01    0.00    4.00 v input1/A (sky130_fd_sc_hd__buf_1)
                  0.02    0.07    4.08 v input1/X (sky130_fd_sc_hd__buf_1)
     1    0.00                           net1 (net)
                  0.02    0.00    4.08 v _367_/A (sky130_fd_sc_hd__buf_4)
                  0.06    0.17    4.25 v _367_/X (sky130_fd_sc_hd__buf_4)
    10    0.04                           _180_ (net)
                  0.06    0.00    4.25 v _379_/A (sky130_fd_sc_hd__buf_4)
                  0.07    0.20    4.44 v _379_/X (sky130_fd_sc_hd__buf_4)
    10    0.04                           _182_ (net)
                  0.07    0.00    4.44 v _386_/A (sky130_fd_sc_hd__inv_2)
                  0.03    0.05    4.50 ^ _386_/Y (sky130_fd_sc_hd__inv_2)
     1    0.00                           _016_ (net)
                  0.03    0.00    4.50 ^ _414_/RESET_B (sky130_fd_sc_hd__dfrtp_4)
                                  4.50   data arrival time

                         20.00   20.00   clock clk (rise edge)
                          0.00   20.00   clock source latency
                  0.04    0.03   20.03 ^ clk (in)
     1    0.01                           clk (net)
                  0.04    0.00   20.03 ^ clkbuf_0_clk/A (sky130_fd_sc_hd__clkbuf_16)
                  0.04    0.11   20.14 ^ clkbuf_0_clk/X (sky130_fd_sc_hd__clkbuf_16)
     2    0.02                           clknet_0_clk (net)
                  0.04    0.00   20.14 ^ clkbuf_1_0__f_clk/A (sky130_fd_sc_hd__clkbuf_16)
                  0.05    0.12   20.26 ^ clkbuf_1_0__f_clk/X (sky130_fd_sc_hd__clkbuf_16)
    14    0.03                           clknet_1_0__leaf_clk (net)
                  0.05    0.00   20.26 ^ _414_/CLK (sky130_fd_sc_hd__dfrtp_4)
                         -0.25   20.01   clock uncertainty
                          0.00   20.01   clock reconvergence pessimism
                          0.22   20.24   library recovery time
                                 20.24   data required time
-----------------------------------------------------------------------------
                                 20.24   data required time
                                 -4.50   data arrival time
-----------------------------------------------------------------------------
                                 15.74   slack (MET)


Startpoint: rst (input port clocked by clk)
Endpoint: _415_ (recovery check against rising-edge clock clk)
Path Group: asynchronous
Path Type: max

Fanout     Cap    Slew   Delay    Time   Description
-----------------------------------------------------------------------------
                          0.00    0.00   clock clk (rise edge)
                          0.00    0.00   clock network delay (propagated)
                          4.00    4.00 v input external delay
                  0.01    0.00    4.00 v rst (in)
     1    0.00                           rst (net)
                  0.01    0.00    4.00 v input1/A (sky130_fd_sc_hd__buf_1)
                  0.02    0.07    4.08 v input1/X (sky130_fd_sc_hd__buf_1)
     1    0.00                           net1 (net)
                  0.02    0.00    4.08 v _367_/A (sky130_fd_sc_hd__buf_4)
                  0.06    0.17    4.25 v _367_/X (sky130_fd_sc_hd__buf_4)
    10    0.04                           _180_ (net)
                  0.06    0.00    4.25 v _379_/A (sky130_fd_sc_hd__buf_4)
                  0.07    0.20    4.44 v _379_/X (sky130_fd_sc_hd__buf_4)
    10    0.04                           _182_ (net)
                  0.07    0.00    4.44 v _387_/A (sky130_fd_sc_hd__inv_2)
                  0.03    0.05    4.50 ^ _387_/Y (sky130_fd_sc_hd__inv_2)
     1    0.00                           _017_ (net)
                  0.03    0.00    4.50 ^ _415_/RESET_B (sky130_fd_sc_hd__dfrtp_4)
                                  4.50   data arrival time

                         20.00   20.00   clock clk (rise edge)
                          0.00   20.00   clock source latency
                  0.04    0.03   20.03 ^ clk (in)
     1    0.01                           clk (net)
                  0.04    0.00   20.03 ^ clkbuf_0_clk/A (sky130_fd_sc_hd__clkbuf_16)
                  0.04    0.11   20.14 ^ clkbuf_0_clk/X (sky130_fd_sc_hd__clkbuf_16)
     2    0.02                           clknet_0_clk (net)
                  0.04    0.00   20.14 ^ clkbuf_1_0__f_clk/A (sky130_fd_sc_hd__clkbuf_16)
                  0.05    0.12   20.26 ^ clkbuf_1_0__f_clk/X (sky130_fd_sc_hd__clkbuf_16)
    14    0.03                           clknet_1_0__leaf_clk (net)
                  0.05    0.00   20.26 ^ _415_/CLK (sky130_fd_sc_hd__dfrtp_4)
                         -0.25   20.01   clock uncertainty
                          0.00   20.01   clock reconvergence pessimism
                          0.22   20.24   library recovery time
                                 20.24   data required time
-----------------------------------------------------------------------------
                                 20.24   data required time
                                 -4.50   data arrival time
-----------------------------------------------------------------------------
                                 15.74   slack (MET)


Startpoint: rst (input port clocked by clk)
Endpoint: _416_ (recovery check against rising-edge clock clk)
Path Group: asynchronous
Path Type: max

Fanout     Cap    Slew   Delay    Time   Description
-----------------------------------------------------------------------------
                          0.00    0.00   clock clk (rise edge)
                          0.00    0.00   clock network delay (propagated)
                          4.00    4.00 v input external delay
                  0.01    0.00    4.00 v rst (in)
     1    0.00                           rst (net)
                  0.01    0.00    4.00 v input1/A (sky130_fd_sc_hd__buf_1)
                  0.02    0.07    4.08 v input1/X (sky130_fd_sc_hd__buf_1)
     1    0.00                           net1 (net)
                  0.02    0.00    4.08 v _367_/A (sky130_fd_sc_hd__buf_4)
                  0.06    0.17    4.25 v _367_/X (sky130_fd_sc_hd__buf_4)
    10    0.04                           _180_ (net)
                  0.06    0.00    4.25 v _379_/A (sky130_fd_sc_hd__buf_4)
                  0.07    0.20    4.44 v _379_/X (sky130_fd_sc_hd__buf_4)
    10    0.04                           _182_ (net)
                  0.07    0.00    4.44 v _388_/A (sky130_fd_sc_hd__inv_2)
                  0.03    0.05    4.50 ^ _388_/Y (sky130_fd_sc_hd__inv_2)
     1    0.00                           _018_ (net)
                  0.03    0.00    4.50 ^ _416_/RESET_B (sky130_fd_sc_hd__dfrtp_4)
                                  4.50   data arrival time

                         20.00   20.00   clock clk (rise edge)
                          0.00   20.00   clock source latency
                  0.04    0.03   20.03 ^ clk (in)
     1    0.01                           clk (net)
                  0.04    0.00   20.03 ^ clkbuf_0_clk/A (sky130_fd_sc_hd__clkbuf_16)
                  0.04    0.11   20.14 ^ clkbuf_0_clk/X (sky130_fd_sc_hd__clkbuf_16)
     2    0.02                           clknet_0_clk (net)
                  0.04    0.00   20.14 ^ clkbuf_1_0__f_clk/A (sky130_fd_sc_hd__clkbuf_16)
                  0.05    0.12   20.26 ^ clkbuf_1_0__f_clk/X (sky130_fd_sc_hd__clkbuf_16)
    14    0.03                           clknet_1_0__leaf_clk (net)
                  0.05    0.00   20.26 ^ _416_/CLK (sky130_fd_sc_hd__dfrtp_4)
                         -0.25   20.01   clock uncertainty
                          0.00   20.01   clock reconvergence pessimism
                          0.22   20.24   library recovery time
                                 20.24   data required time
-----------------------------------------------------------------------------
                                 20.24   data required time
                                 -4.50   data arrival time
-----------------------------------------------------------------------------
                                 15.74   slack (MET)


Startpoint: rst (input port clocked by clk)
Endpoint: _417_ (recovery check against rising-edge clock clk)
Path Group: asynchronous
Path Type: max

Fanout     Cap    Slew   Delay    Time   Description
-----------------------------------------------------------------------------
                          0.00    0.00   clock clk (rise edge)
                          0.00    0.00   clock network delay (propagated)
                          4.00    4.00 v input external delay
                  0.01    0.00    4.00 v rst (in)
     1    0.00                           rst (net)
                  0.01    0.00    4.00 v input1/A (sky130_fd_sc_hd__buf_1)
                  0.02    0.07    4.08 v input1/X (sky130_fd_sc_hd__buf_1)
     1    0.00                           net1 (net)
                  0.02    0.00    4.08 v _367_/A (sky130_fd_sc_hd__buf_4)
                  0.06    0.17    4.25 v _367_/X (sky130_fd_sc_hd__buf_4)
    10    0.04                           _180_ (net)
                  0.06    0.00    4.25 v _379_/A (sky130_fd_sc_hd__buf_4)
                  0.07    0.20    4.44 v _379_/X (sky130_fd_sc_hd__buf_4)
    10    0.04                           _182_ (net)
                  0.07    0.00    4.44 v _389_/A (sky130_fd_sc_hd__inv_2)
                  0.03    0.05    4.50 ^ _389_/Y (sky130_fd_sc_hd__inv_2)
     1    0.00                           _019_ (net)
                  0.03    0.00    4.50 ^ _417_/RESET_B (sky130_fd_sc_hd__dfrtp_4)
                                  4.50   data arrival time

                         20.00   20.00   clock clk (rise edge)
                          0.00   20.00   clock source latency
                  0.04    0.03   20.03 ^ clk (in)
     1    0.01                           clk (net)
                  0.04    0.00   20.03 ^ clkbuf_0_clk/A (sky130_fd_sc_hd__clkbuf_16)
                  0.04    0.11   20.14 ^ clkbuf_0_clk/X (sky130_fd_sc_hd__clkbuf_16)
     2    0.02                           clknet_0_clk (net)
                  0.04    0.00   20.14 ^ clkbuf_1_0__f_clk/A (sky130_fd_sc_hd__clkbuf_16)
                  0.05    0.12   20.26 ^ clkbuf_1_0__f_clk/X (sky130_fd_sc_hd__clkbuf_16)
    14    0.03                           clknet_1_0__leaf_clk (net)
                  0.05    0.00   20.26 ^ _417_/CLK (sky130_fd_sc_hd__dfrtp_4)
                         -0.25   20.01   clock uncertainty
                          0.00   20.01   clock reconvergence pessimism
                          0.22   20.24   library recovery time
                                 20.24   data required time
-----------------------------------------------------------------------------
                                 20.24   data required time
                                 -4.50   data arrival time
-----------------------------------------------------------------------------
                                 15.74   slack (MET)


Startpoint: rst (input port clocked by clk)
Endpoint: _406_ (recovery check against rising-edge clock clk)
Path Group: asynchronous
Path Type: max

Fanout     Cap    Slew   Delay    Time   Description
-----------------------------------------------------------------------------
                          0.00    0.00   clock clk (rise edge)
                          0.00    0.00   clock network delay (propagated)
                          4.00    4.00 v input external delay
                  0.01    0.00    4.00 v rst (in)
     1    0.00                           rst (net)
                  0.01    0.00    4.00 v input1/A (sky130_fd_sc_hd__buf_1)
                  0.02    0.07    4.08 v input1/X (sky130_fd_sc_hd__buf_1)
     1    0.00                           net1 (net)
                  0.02    0.00    4.08 v _367_/A (sky130_fd_sc_hd__buf_4)
                  0.06    0.17    4.25 v _367_/X (sky130_fd_sc_hd__buf_4)
    10    0.04                           _180_ (net)
                  0.06    0.00    4.25 v _368_/A (sky130_fd_sc_hd__buf_4)
                  0.07    0.20    4.44 v _368_/X (sky130_fd_sc_hd__buf_4)
    10    0.04                           _181_ (net)
                  0.07    0.00    4.44 v _377_/A (sky130_fd_sc_hd__inv_2)
                  0.03    0.05    4.50 ^ _377_/Y (sky130_fd_sc_hd__inv_2)
     1    0.00                           _008_ (net)
                  0.03    0.00    4.50 ^ _406_/RESET_B (sky130_fd_sc_hd__dfrtp_2)
                                  4.50   data arrival time

                         20.00   20.00   clock clk (rise edge)
                          0.00   20.00   clock source latency
                  0.04    0.03   20.03 ^ clk (in)
     1    0.01                           clk (net)
                  0.04    0.00   20.03 ^ clkbuf_0_clk/A (sky130_fd_sc_hd__clkbuf_16)
                  0.04    0.11   20.14 ^ clkbuf_0_clk/X (sky130_fd_sc_hd__clkbuf_16)
     2    0.02                           clknet_0_clk (net)
                  0.04    0.00   20.14 ^ clkbuf_1_0__f_clk/A (sky130_fd_sc_hd__clkbuf_16)
                  0.05    0.12   20.26 ^ clkbuf_1_0__f_clk/X (sky130_fd_sc_hd__clkbuf_16)
    14    0.03                           clknet_1_0__leaf_clk (net)
                  0.05    0.00   20.26 ^ _406_/CLK (sky130_fd_sc_hd__dfrtp_2)
                         -0.25   20.01   clock uncertainty
                          0.00   20.01   clock reconvergence pessimism
                          0.22   20.24   library recovery time
                                 20.24   data required time
-----------------------------------------------------------------------------
                                 20.24   data required time
                                 -4.50   data arrival time
-----------------------------------------------------------------------------
                                 15.74   slack (MET)


Startpoint: rst (input port clocked by clk)
Endpoint: _412_ (recovery check against rising-edge clock clk)
Path Group: asynchronous
Path Type: max

Fanout     Cap    Slew   Delay    Time   Description
-----------------------------------------------------------------------------
                          0.00    0.00   clock clk (rise edge)
                          0.00    0.00   clock network delay (propagated)
                          4.00    4.00 v input external delay
                  0.01    0.00    4.00 v rst (in)
     1    0.00                           rst (net)
                  0.01    0.00    4.00 v input1/A (sky130_fd_sc_hd__buf_1)
                  0.02    0.07    4.08 v input1/X (sky130_fd_sc_hd__buf_1)
     1    0.00                           net1 (net)
                  0.02    0.00    4.08 v _367_/A (sky130_fd_sc_hd__buf_4)
                  0.06    0.17    4.25 v _367_/X (sky130_fd_sc_hd__buf_4)
    10    0.04                           _180_ (net)
                  0.06    0.00    4.25 v _379_/A (sky130_fd_sc_hd__buf_4)
                  0.07    0.20    4.44 v _379_/X (sky130_fd_sc_hd__buf_4)
    10    0.04                           _182_ (net)
                  0.07    0.00    4.44 v _384_/A (sky130_fd_sc_hd__inv_2)
                  0.03    0.05    4.50 ^ _384_/Y (sky130_fd_sc_hd__inv_2)
     1    0.00                           _014_ (net)
                  0.03    0.00    4.50 ^ _412_/RESET_B (sky130_fd_sc_hd__dfrtp_2)
                                  4.50   data arrival time

                         20.00   20.00   clock clk (rise edge)
                          0.00   20.00   clock source latency
                  0.04    0.03   20.03 ^ clk (in)
     1    0.01                           clk (net)
                  0.04    0.00   20.03 ^ clkbuf_0_clk/A (sky130_fd_sc_hd__clkbuf_16)
                  0.04    0.11   20.14 ^ clkbuf_0_clk/X (sky130_fd_sc_hd__clkbuf_16)
     2    0.02                           clknet_0_clk (net)
                  0.04    0.00   20.14 ^ clkbuf_1_1__f_clk/A (sky130_fd_sc_hd__clkbuf_16)
                  0.05    0.12   20.26 ^ clkbuf_1_1__f_clk/X (sky130_fd_sc_hd__clkbuf_16)
    14    0.03                           clknet_1_1__leaf_clk (net)
                  0.05    0.00   20.26 ^ _412_/CLK (sky130_fd_sc_hd__dfrtp_2)
                         -0.25   20.01   clock uncertainty
                          0.00   20.01   clock reconvergence pessimism
                          0.22   20.24   library recovery time
                                 20.24   data required time
-----------------------------------------------------------------------------
                                 20.24   data required time
                                 -4.50   data arrival time
-----------------------------------------------------------------------------
                                 15.74   slack (MET)


Startpoint: _399_ (rising edge-triggered flip-flop clocked by clk)
Endpoint: _417_ (rising edge-triggered flip-flop clocked by clk)
Path Group: clk
Path Type: max

Fanout     Cap    Slew   Delay    Time   Description
-----------------------------------------------------------------------------
                          0.00    0.00   clock clk (rise edge)
                          0.00    0.00   clock source latency
                  0.04    0.03    0.03 ^ clk (in)
     1    0.01                           clk (net)
                  0.04    0.00    0.03 ^ clkbuf_0_clk/A (sky130_fd_sc_hd__clkbuf_16)
                  0.04    0.13    0.16 ^ clkbuf_0_clk/X (sky130_fd_sc_hd__clkbuf_16)
     2    0.02                           clknet_0_clk (net)
                  0.04    0.00    0.16 ^ clkbuf_1_1__f_clk/A (sky130_fd_sc_hd__clkbuf_16)
                  0.05    0.14    0.29 ^ clkbuf_1_1__f_clk/X (sky130_fd_sc_hd__clkbuf_16)
    14    0.03                           clknet_1_1__leaf_clk (net)
                  0.05    0.00    0.29 ^ _399_/CLK (sky130_fd_sc_hd__dfrtp_4)
                  0.09    0.53    0.82 v _399_/Q (sky130_fd_sc_hd__dfrtp_4)
     9    0.02                           U_PC.pc[1] (net)
                  0.09    0.00    0.82 v _200_/B (sky130_fd_sc_hd__and2b_1)
                  0.05    0.20    1.02 v _200_/X (sky130_fd_sc_hd__and2b_1)
     4    0.01                           _186_ (net)
                  0.05    0.00    1.02 v _202_/B (sky130_fd_sc_hd__or3_1)
                  0.06    0.35    1.38 v _202_/X (sky130_fd_sc_hd__or3_1)
     1    0.00                           _188_ (net)
                  0.06    0.00    1.38 v _203_/A (sky130_fd_sc_hd__buf_4)
                  0.06    0.19    1.56 v _203_/X (sky130_fd_sc_hd__buf_4)
     9    0.04                           _189_ (net)
                  0.06    0.00    1.56 v _235_/A2 (sky130_fd_sc_hd__a221oi_4)
                  0.28    0.36    1.92 ^ _235_/Y (sky130_fd_sc_hd__a221oi_4)
     3    0.01                           _076_ (net)
                  0.28    0.00    1.92 ^ _238_/A3 (sky130_fd_sc_hd__a32oi_4)
                  0.12    0.17    2.10 v _238_/Y (sky130_fd_sc_hd__a32oi_4)
     5    0.01                           _079_ (net)
                  0.12    0.00    2.10 v _288_/A (sky130_fd_sc_hd__xor2_1)
                  0.07    0.19    2.28 v _288_/X (sky130_fd_sc_hd__xor2_1)
     1    0.00                           _124_ (net)
                  0.07    0.00    2.28 v _291_/A2 (sky130_fd_sc_hd__a211o_1)
                  0.06    0.33    2.61 v _291_/X (sky130_fd_sc_hd__a211o_1)
     3    0.01                           _127_ (net)
                  0.06    0.00    2.61 v _310_/B (sky130_fd_sc_hd__or4_1)
                  0.07    0.50    3.11 v _310_/X (sky130_fd_sc_hd__or4_1)
     1    0.00                           _143_ (net)
                  0.07    0.00    3.11 v _311_/D (sky130_fd_sc_hd__or4_1)
                  0.07    0.40    3.51 v _311_/X (sky130_fd_sc_hd__or4_1)
     1    0.00                           _144_ (net)
                  0.07    0.00    3.51 v _312_/D (sky130_fd_sc_hd__or4_1)
                  0.08    0.41    3.92 v _312_/X (sky130_fd_sc_hd__or4_1)
     1    0.00                           _145_ (net)
                  0.08    0.00    3.92 v _314_/A4 (sky130_fd_sc_hd__o41ai_1)
                  0.23    0.23    4.15 ^ _314_/Y (sky130_fd_sc_hd__o41ai_1)
     1    0.00                           _043_ (net)
                  0.23    0.00    4.15 ^ _417_/D (sky130_fd_sc_hd__dfrtp_4)
                                  4.15   data arrival time

                         20.00   20.00   clock clk (rise edge)
                          0.00   20.00   clock source latency
                  0.04    0.03   20.03 ^ clk (in)
     1    0.01                           clk (net)
                  0.04    0.00   20.03 ^ clkbuf_0_clk/A (sky130_fd_sc_hd__clkbuf_16)
                  0.04    0.11   20.14 ^ clkbuf_0_clk/X (sky130_fd_sc_hd__clkbuf_16)
     2    0.02                           clknet_0_clk (net)
                  0.04    0.00   20.14 ^ clkbuf_1_0__f_clk/A (sky130_fd_sc_hd__clkbuf_16)
                  0.05    0.12   20.26 ^ clkbuf_1_0__f_clk/X (sky130_fd_sc_hd__clkbuf_16)
    14    0.03                           clknet_1_0__leaf_clk (net)
                  0.05    0.00   20.26 ^ _417_/CLK (sky130_fd_sc_hd__dfrtp_4)
                         -0.25   20.01   clock uncertainty
                          0.01   20.03   clock reconvergence pessimism
                         -0.11   19.92   library setup time
                                 19.92   data required time
-----------------------------------------------------------------------------
                                 19.92   data required time
                                 -4.15   data arrival time
-----------------------------------------------------------------------------
                                 15.77   slack (MET)


Startpoint: rst (input port clocked by clk)
Endpoint: _418_ (recovery check against rising-edge clock clk)
Path Group: asynchronous
Path Type: max

Fanout     Cap    Slew   Delay    Time   Description
-----------------------------------------------------------------------------
                          0.00    0.00   clock clk (rise edge)
                          0.00    0.00   clock network delay (propagated)
                          4.00    4.00 v input external delay
                  0.01    0.00    4.00 v rst (in)
     1    0.00                           rst (net)
                  0.01    0.00    4.00 v input1/A (sky130_fd_sc_hd__buf_1)
                  0.02    0.07    4.08 v input1/X (sky130_fd_sc_hd__buf_1)
     1    0.00                           net1 (net)
                  0.02    0.00    4.08 v _367_/A (sky130_fd_sc_hd__buf_4)
                  0.06    0.17    4.25 v _367_/X (sky130_fd_sc_hd__buf_4)
    10    0.04                           _180_ (net)
                  0.06    0.00    4.25 v _390_/A (sky130_fd_sc_hd__inv_2)
                  0.03    0.05    4.30 ^ _390_/Y (sky130_fd_sc_hd__inv_2)
     1    0.00                           _020_ (net)
                  0.03    0.00    4.30 ^ _418_/RESET_B (sky130_fd_sc_hd__dfrtp_4)
                                  4.30   data arrival time

                         20.00   20.00   clock clk (rise edge)
                          0.00   20.00   clock source latency
                  0.04    0.03   20.03 ^ clk (in)
     1    0.01                           clk (net)
                  0.04    0.00   20.03 ^ clkbuf_0_clk/A (sky130_fd_sc_hd__clkbuf_16)
                  0.04    0.11   20.14 ^ clkbuf_0_clk/X (sky130_fd_sc_hd__clkbuf_16)
     2    0.02                           clknet_0_clk (net)
                  0.04    0.00   20.14 ^ clkbuf_1_1__f_clk/A (sky130_fd_sc_hd__clkbuf_16)
                  0.05    0.12   20.26 ^ clkbuf_1_1__f_clk/X (sky130_fd_sc_hd__clkbuf_16)
    14    0.03                           clknet_1_1__leaf_clk (net)
                  0.05    0.00   20.26 ^ _418_/CLK (sky130_fd_sc_hd__dfrtp_4)
                         -0.25   20.01   clock uncertainty
                          0.00   20.01   clock reconvergence pessimism
                          0.22   20.24   library recovery time
                                 20.24   data required time
-----------------------------------------------------------------------------
                                 20.24   data required time
                                 -4.30   data arrival time
-----------------------------------------------------------------------------
                                 15.94   slack (MET)


Startpoint: rst (input port clocked by clk)
Endpoint: _419_ (recovery check against rising-edge clock clk)
Path Group: asynchronous
Path Type: max

Fanout     Cap    Slew   Delay    Time   Description
-----------------------------------------------------------------------------
                          0.00    0.00   clock clk (rise edge)
                          0.00    0.00   clock network delay (propagated)
                          4.00    4.00 v input external delay
                  0.01    0.00    4.00 v rst (in)
     1    0.00                           rst (net)
                  0.01    0.00    4.00 v input1/A (sky130_fd_sc_hd__buf_1)
                  0.02    0.07    4.08 v input1/X (sky130_fd_sc_hd__buf_1)
     1    0.00                           net1 (net)
                  0.02    0.00    4.08 v _367_/A (sky130_fd_sc_hd__buf_4)
                  0.06    0.17    4.25 v _367_/X (sky130_fd_sc_hd__buf_4)
    10    0.04                           _180_ (net)
                  0.06    0.00    4.25 v _391_/A (sky130_fd_sc_hd__inv_2)
                  0.03    0.05    4.30 ^ _391_/Y (sky130_fd_sc_hd__inv_2)
     1    0.00                           _021_ (net)
                  0.03    0.00    4.30 ^ _419_/RESET_B (sky130_fd_sc_hd__dfrtp_4)
                                  4.30   data arrival time

                         20.00   20.00   clock clk (rise edge)
                          0.00   20.00   clock source latency
                  0.04    0.03   20.03 ^ clk (in)
     1    0.01                           clk (net)
                  0.04    0.00   20.03 ^ clkbuf_0_clk/A (sky130_fd_sc_hd__clkbuf_16)
                  0.04    0.11   20.14 ^ clkbuf_0_clk/X (sky130_fd_sc_hd__clkbuf_16)
     2    0.02                           clknet_0_clk (net)
                  0.04    0.00   20.14 ^ clkbuf_1_1__f_clk/A (sky130_fd_sc_hd__clkbuf_16)
                  0.05    0.12   20.26 ^ clkbuf_1_1__f_clk/X (sky130_fd_sc_hd__clkbuf_16)
    14    0.03                           clknet_1_1__leaf_clk (net)
                  0.05    0.00   20.26 ^ _419_/CLK (sky130_fd_sc_hd__dfrtp_4)
                         -0.25   20.01   clock uncertainty
                          0.00   20.01   clock reconvergence pessimism
                          0.22   20.24   library recovery time
                                 20.24   data required time
-----------------------------------------------------------------------------
                                 20.24   data required time
                                 -4.30   data arrival time
-----------------------------------------------------------------------------
                                 15.94   slack (MET)


Startpoint: rst (input port clocked by clk)
Endpoint: _420_ (recovery check against rising-edge clock clk)
Path Group: asynchronous
Path Type: max

Fanout     Cap    Slew   Delay    Time   Description
-----------------------------------------------------------------------------
                          0.00    0.00   clock clk (rise edge)
                          0.00    0.00   clock network delay (propagated)
                          4.00    4.00 v input external delay
                  0.01    0.00    4.00 v rst (in)
     1    0.00                           rst (net)
                  0.01    0.00    4.00 v input1/A (sky130_fd_sc_hd__buf_1)
                  0.02    0.07    4.08 v input1/X (sky130_fd_sc_hd__buf_1)
     1    0.00                           net1 (net)
                  0.02    0.00    4.08 v _367_/A (sky130_fd_sc_hd__buf_4)
                  0.06    0.17    4.25 v _367_/X (sky130_fd_sc_hd__buf_4)
    10    0.04                           _180_ (net)
                  0.06    0.00    4.25 v _392_/A (sky130_fd_sc_hd__inv_2)
                  0.03    0.05    4.30 ^ _392_/Y (sky130_fd_sc_hd__inv_2)
     1    0.00                           _022_ (net)
                  0.03    0.00    4.30 ^ _420_/RESET_B (sky130_fd_sc_hd__dfrtp_4)
                                  4.30   data arrival time

                         20.00   20.00   clock clk (rise edge)
                          0.00   20.00   clock source latency
                  0.04    0.03   20.03 ^ clk (in)
     1    0.01                           clk (net)
                  0.04    0.00   20.03 ^ clkbuf_0_clk/A (sky130_fd_sc_hd__clkbuf_16)
                  0.04    0.11   20.14 ^ clkbuf_0_clk/X (sky130_fd_sc_hd__clkbuf_16)
     2    0.02                           clknet_0_clk (net)
                  0.04    0.00   20.14 ^ clkbuf_1_1__f_clk/A (sky130_fd_sc_hd__clkbuf_16)
                  0.05    0.12   20.26 ^ clkbuf_1_1__f_clk/X (sky130_fd_sc_hd__clkbuf_16)
    14    0.03                           clknet_1_1__leaf_clk (net)
                  0.05    0.00   20.26 ^ _420_/CLK (sky130_fd_sc_hd__dfrtp_4)
                         -0.25   20.01   clock uncertainty
                          0.00   20.01   clock reconvergence pessimism
                          0.22   20.24   library recovery time
                                 20.24   data required time
-----------------------------------------------------------------------------
                                 20.24   data required time
                                 -4.30   data arrival time
-----------------------------------------------------------------------------
                                 15.94   slack (MET)


Startpoint: rst (input port clocked by clk)
Endpoint: _421_ (recovery check against rising-edge clock clk)
Path Group: asynchronous
Path Type: max

Fanout     Cap    Slew   Delay    Time   Description
-----------------------------------------------------------------------------
                          0.00    0.00   clock clk (rise edge)
                          0.00    0.00   clock network delay (propagated)
                          4.00    4.00 v input external delay
                  0.01    0.00    4.00 v rst (in)
     1    0.00                           rst (net)
                  0.01    0.00    4.00 v input1/A (sky130_fd_sc_hd__buf_1)
                  0.02    0.07    4.08 v input1/X (sky130_fd_sc_hd__buf_1)
     1    0.00                           net1 (net)
                  0.02    0.00    4.08 v _367_/A (sky130_fd_sc_hd__buf_4)
                  0.06    0.17    4.25 v _367_/X (sky130_fd_sc_hd__buf_4)
    10    0.04                           _180_ (net)
                  0.06    0.00    4.25 v _393_/A (sky130_fd_sc_hd__inv_2)
                  0.03    0.05    4.30 ^ _393_/Y (sky130_fd_sc_hd__inv_2)
     1    0.00                           _023_ (net)
                  0.03    0.00    4.30 ^ _421_/RESET_B (sky130_fd_sc_hd__dfrtp_4)
                                  4.30   data arrival time

                         20.00   20.00   clock clk (rise edge)
                          0.00   20.00   clock source latency
                  0.04    0.03   20.03 ^ clk (in)
     1    0.01                           clk (net)
                  0.04    0.00   20.03 ^ clkbuf_0_clk/A (sky130_fd_sc_hd__clkbuf_16)
                  0.04    0.11   20.14 ^ clkbuf_0_clk/X (sky130_fd_sc_hd__clkbuf_16)
     2    0.02                           clknet_0_clk (net)
                  0.04    0.00   20.14 ^ clkbuf_1_1__f_clk/A (sky130_fd_sc_hd__clkbuf_16)
                  0.05    0.12   20.26 ^ clkbuf_1_1__f_clk/X (sky130_fd_sc_hd__clkbuf_16)
    14    0.03                           clknet_1_1__leaf_clk (net)
                  0.05    0.00   20.26 ^ _421_/CLK (sky130_fd_sc_hd__dfrtp_4)
                         -0.25   20.01   clock uncertainty
                          0.00   20.01   clock reconvergence pessimism
                          0.22   20.24   library recovery time
                                 20.24   data required time
-----------------------------------------------------------------------------
                                 20.24   data required time
                                 -4.30   data arrival time
-----------------------------------------------------------------------------
                                 15.94   slack (MET)


Startpoint: rst (input port clocked by clk)
Endpoint: _422_ (recovery check against rising-edge clock clk)
Path Group: asynchronous
Path Type: max

Fanout     Cap    Slew   Delay    Time   Description
-----------------------------------------------------------------------------
                          0.00    0.00   clock clk (rise edge)
                          0.00    0.00   clock network delay (propagated)
                          4.00    4.00 v input external delay
                  0.01    0.00    4.00 v rst (in)
     1    0.00                           rst (net)
                  0.01    0.00    4.00 v input1/A (sky130_fd_sc_hd__buf_1)
                  0.02    0.07    4.08 v input1/X (sky130_fd_sc_hd__buf_1)
     1    0.00                           net1 (net)
                  0.02    0.00    4.08 v _367_/A (sky130_fd_sc_hd__buf_4)
                  0.06    0.17    4.25 v _367_/X (sky130_fd_sc_hd__buf_4)
    10    0.04                           _180_ (net)
                  0.06    0.00    4.25 v _394_/A (sky130_fd_sc_hd__inv_2)
                  0.03    0.05    4.30 ^ _394_/Y (sky130_fd_sc_hd__inv_2)
     1    0.00                           _024_ (net)
                  0.03    0.00    4.30 ^ _422_/RESET_B (sky130_fd_sc_hd__dfrtp_4)
                                  4.30   data arrival time

                         20.00   20.00   clock clk (rise edge)
                          0.00   20.00   clock source latency
                  0.04    0.03   20.03 ^ clk (in)
     1    0.01                           clk (net)
                  0.04    0.00   20.03 ^ clkbuf_0_clk/A (sky130_fd_sc_hd__clkbuf_16)
                  0.04    0.11   20.14 ^ clkbuf_0_clk/X (sky130_fd_sc_hd__clkbuf_16)
     2    0.02                           clknet_0_clk (net)
                  0.04    0.00   20.14 ^ clkbuf_1_0__f_clk/A (sky130_fd_sc_hd__clkbuf_16)
                  0.05    0.12   20.26 ^ clkbuf_1_0__f_clk/X (sky130_fd_sc_hd__clkbuf_16)
    14    0.03                           clknet_1_0__leaf_clk (net)
                  0.05    0.00   20.26 ^ _422_/CLK (sky130_fd_sc_hd__dfrtp_4)
                         -0.25   20.01   clock uncertainty
                          0.00   20.01   clock reconvergence pessimism
                          0.22   20.24   library recovery time
                                 20.24   data required time
-----------------------------------------------------------------------------
                                 20.24   data required time
                                 -4.30   data arrival time
-----------------------------------------------------------------------------
                                 15.94   slack (MET)


Startpoint: rst (input port clocked by clk)
Endpoint: _423_ (recovery check against rising-edge clock clk)
Path Group: asynchronous
Path Type: max

Fanout     Cap    Slew   Delay    Time   Description
-----------------------------------------------------------------------------
                          0.00    0.00   clock clk (rise edge)
                          0.00    0.00   clock network delay (propagated)
                          4.00    4.00 v input external delay
                  0.01    0.00    4.00 v rst (in)
     1    0.00                           rst (net)
                  0.01    0.00    4.00 v input1/A (sky130_fd_sc_hd__buf_1)
                  0.02    0.07    4.08 v input1/X (sky130_fd_sc_hd__buf_1)
     1    0.00                           net1 (net)
                  0.02    0.00    4.08 v _367_/A (sky130_fd_sc_hd__buf_4)
                  0.06    0.17    4.25 v _367_/X (sky130_fd_sc_hd__buf_4)
    10    0.04                           _180_ (net)
                  0.06    0.00    4.25 v _395_/A (sky130_fd_sc_hd__inv_2)
                  0.03    0.05    4.30 ^ _395_/Y (sky130_fd_sc_hd__inv_2)
     1    0.00                           _025_ (net)
                  0.03    0.00    4.30 ^ _423_/RESET_B (sky130_fd_sc_hd__dfrtp_4)
                                  4.30   data arrival time

                         20.00   20.00   clock clk (rise edge)
                          0.00   20.00   clock source latency
                  0.04    0.03   20.03 ^ clk (in)
     1    0.01                           clk (net)
                  0.04    0.00   20.03 ^ clkbuf_0_clk/A (sky130_fd_sc_hd__clkbuf_16)
                  0.04    0.11   20.14 ^ clkbuf_0_clk/X (sky130_fd_sc_hd__clkbuf_16)
     2    0.02                           clknet_0_clk (net)
                  0.04    0.00   20.14 ^ clkbuf_1_0__f_clk/A (sky130_fd_sc_hd__clkbuf_16)
                  0.05    0.12   20.26 ^ clkbuf_1_0__f_clk/X (sky130_fd_sc_hd__clkbuf_16)
    14    0.03                           clknet_1_0__leaf_clk (net)
                  0.05    0.00   20.26 ^ _423_/CLK (sky130_fd_sc_hd__dfrtp_4)
                         -0.25   20.01   clock uncertainty
                          0.00   20.01   clock reconvergence pessimism
                          0.22   20.24   library recovery time
                                 20.24   data required time
-----------------------------------------------------------------------------
                                 20.24   data required time
                                 -4.30   data arrival time
-----------------------------------------------------------------------------
                                 15.94   slack (MET)


Startpoint: rst (input port clocked by clk)
Endpoint: _424_ (recovery check against rising-edge clock clk)
Path Group: asynchronous
Path Type: max

Fanout     Cap    Slew   Delay    Time   Description
-----------------------------------------------------------------------------
                          0.00    0.00   clock clk (rise edge)
                          0.00    0.00   clock network delay (propagated)
                          4.00    4.00 v input external delay
                  0.01    0.00    4.00 v rst (in)
     1    0.00                           rst (net)
                  0.01    0.00    4.00 v input1/A (sky130_fd_sc_hd__buf_1)
                  0.02    0.07    4.08 v input1/X (sky130_fd_sc_hd__buf_1)
     1    0.00                           net1 (net)
                  0.02    0.00    4.08 v _367_/A (sky130_fd_sc_hd__buf_4)
                  0.06    0.17    4.25 v _367_/X (sky130_fd_sc_hd__buf_4)
    10    0.04                           _180_ (net)
                  0.06    0.00    4.25 v _396_/A (sky130_fd_sc_hd__inv_2)
                  0.03    0.05    4.30 ^ _396_/Y (sky130_fd_sc_hd__inv_2)
     1    0.00                           _026_ (net)
                  0.03    0.00    4.30 ^ _424_/RESET_B (sky130_fd_sc_hd__dfrtp_4)
                                  4.30   data arrival time

                         20.00   20.00   clock clk (rise edge)
                          0.00   20.00   clock source latency
                  0.04    0.03   20.03 ^ clk (in)
     1    0.01                           clk (net)
                  0.04    0.00   20.03 ^ clkbuf_0_clk/A (sky130_fd_sc_hd__clkbuf_16)
                  0.04    0.11   20.14 ^ clkbuf_0_clk/X (sky130_fd_sc_hd__clkbuf_16)
     2    0.02                           clknet_0_clk (net)
                  0.04    0.00   20.14 ^ clkbuf_1_0__f_clk/A (sky130_fd_sc_hd__clkbuf_16)
                  0.05    0.12   20.26 ^ clkbuf_1_0__f_clk/X (sky130_fd_sc_hd__clkbuf_16)
    14    0.03                           clknet_1_0__leaf_clk (net)
                  0.05    0.00   20.26 ^ _424_/CLK (sky130_fd_sc_hd__dfrtp_4)
                         -0.25   20.01   clock uncertainty
                          0.00   20.01   clock reconvergence pessimism
                          0.22   20.24   library recovery time
                                 20.24   data required time
-----------------------------------------------------------------------------
                                 20.24   data required time
                                 -4.30   data arrival time
-----------------------------------------------------------------------------
                                 15.94   slack (MET)


Startpoint: rst (input port clocked by clk)
Endpoint: _425_ (recovery check against rising-edge clock clk)
Path Group: asynchronous
Path Type: max

Fanout     Cap    Slew   Delay    Time   Description
-----------------------------------------------------------------------------
                          0.00    0.00   clock clk (rise edge)
                          0.00    0.00   clock network delay (propagated)
                          4.00    4.00 v input external delay
                  0.01    0.00    4.00 v rst (in)
     1    0.00                           rst (net)
                  0.01    0.00    4.00 v input1/A (sky130_fd_sc_hd__buf_1)
                  0.02    0.07    4.08 v input1/X (sky130_fd_sc_hd__buf_1)
     1    0.00                           net1 (net)
                  0.02    0.00    4.08 v _367_/A (sky130_fd_sc_hd__buf_4)
                  0.06    0.17    4.25 v _367_/X (sky130_fd_sc_hd__buf_4)
    10    0.04                           _180_ (net)
                  0.06    0.00    4.25 v _397_/A (sky130_fd_sc_hd__inv_2)
                  0.03    0.05    4.30 ^ _397_/Y (sky130_fd_sc_hd__inv_2)
     1    0.00                           _027_ (net)
                  0.03    0.00    4.30 ^ _425_/RESET_B (sky130_fd_sc_hd__dfrtp_4)
                                  4.30   data arrival time

                         20.00   20.00   clock clk (rise edge)
                          0.00   20.00   clock source latency
                  0.04    0.03   20.03 ^ clk (in)
     1    0.01                           clk (net)
                  0.04    0.00   20.03 ^ clkbuf_0_clk/A (sky130_fd_sc_hd__clkbuf_16)
                  0.04    0.11   20.14 ^ clkbuf_0_clk/X (sky130_fd_sc_hd__clkbuf_16)
     2    0.02                           clknet_0_clk (net)
                  0.04    0.00   20.14 ^ clkbuf_1_0__f_clk/A (sky130_fd_sc_hd__clkbuf_16)
                  0.05    0.12   20.26 ^ clkbuf_1_0__f_clk/X (sky130_fd_sc_hd__clkbuf_16)
    14    0.03                           clknet_1_0__leaf_clk (net)
                  0.05    0.00   20.26 ^ _425_/CLK (sky130_fd_sc_hd__dfrtp_4)
                         -0.25   20.01   clock uncertainty
                          0.00   20.01   clock reconvergence pessimism
                          0.22   20.24   library recovery time
                                 20.24   data required time
-----------------------------------------------------------------------------
                                 20.24   data required time
                                 -4.30   data arrival time
-----------------------------------------------------------------------------
                                 15.94   slack (MET)


Startpoint: _399_ (rising edge-triggered flip-flop clocked by clk)
Endpoint: _408_ (rising edge-triggered flip-flop clocked by clk)
Path Group: clk
Path Type: max

Fanout     Cap    Slew   Delay    Time   Description
-----------------------------------------------------------------------------
                          0.00    0.00   clock clk (rise edge)
                          0.00    0.00   clock source latency
                  0.04    0.03    0.03 ^ clk (in)
     1    0.01                           clk (net)
                  0.04    0.00    0.03 ^ clkbuf_0_clk/A (sky130_fd_sc_hd__clkbuf_16)
                  0.04    0.13    0.16 ^ clkbuf_0_clk/X (sky130_fd_sc_hd__clkbuf_16)
     2    0.02                           clknet_0_clk (net)
                  0.04    0.00    0.16 ^ clkbuf_1_1__f_clk/A (sky130_fd_sc_hd__clkbuf_16)
                  0.05    0.14    0.29 ^ clkbuf_1_1__f_clk/X (sky130_fd_sc_hd__clkbuf_16)
    14    0.03                           clknet_1_1__leaf_clk (net)
                  0.05    0.00    0.29 ^ _399_/CLK (sky130_fd_sc_hd__dfrtp_4)
                  0.09    0.53    0.82 v _399_/Q (sky130_fd_sc_hd__dfrtp_4)
     9    0.02                           U_PC.pc[1] (net)
                  0.09    0.00    0.82 v _200_/B (sky130_fd_sc_hd__and2b_1)
                  0.05    0.20    1.02 v _200_/X (sky130_fd_sc_hd__and2b_1)
     4    0.01                           _186_ (net)
                  0.05    0.00    1.02 v _202_/B (sky130_fd_sc_hd__or3_1)
                  0.06    0.35    1.38 v _202_/X (sky130_fd_sc_hd__or3_1)
     1    0.00                           _188_ (net)
                  0.06    0.00    1.38 v _203_/A (sky130_fd_sc_hd__buf_4)
                  0.06    0.19    1.56 v _203_/X (sky130_fd_sc_hd__buf_4)
     9    0.04                           _189_ (net)
                  0.06    0.00    1.56 v _235_/A2 (sky130_fd_sc_hd__a221oi_4)
                  0.28    0.36    1.92 ^ _235_/Y (sky130_fd_sc_hd__a221oi_4)
     3    0.01                           _076_ (net)
                  0.28    0.00    1.92 ^ _238_/A3 (sky130_fd_sc_hd__a32oi_4)
                  0.12    0.17    2.10 v _238_/Y (sky130_fd_sc_hd__a32oi_4)
     5    0.01                           _079_ (net)
                  0.12    0.00    2.10 v _243_/A2 (sky130_fd_sc_hd__o211a_1)
                  0.05    0.25    2.34 v _243_/X (sky130_fd_sc_hd__o211a_1)
     2    0.00                           _084_ (net)
                  0.05    0.00    2.34 v _248_/A2 (sky130_fd_sc_hd__o211a_1)
                  0.06    0.24    2.58 v _248_/X (sky130_fd_sc_hd__o211a_1)
     3    0.01                           _089_ (net)
                  0.06    0.00    2.58 v _270_/C (sky130_fd_sc_hd__or3_1)
                  0.06    0.31    2.89 v _270_/X (sky130_fd_sc_hd__or3_1)
     1    0.00                           _110_ (net)
                  0.06    0.00    2.89 v _271_/C (sky130_fd_sc_hd__and3_1)
                  0.05    0.20    3.09 v _271_/X (sky130_fd_sc_hd__and3_1)
     3    0.01                           _111_ (net)
                  0.05    0.00    3.09 v _343_/A (sky130_fd_sc_hd__or3b_1)
                  0.06    0.38    3.47 v _343_/X (sky130_fd_sc_hd__or3b_1)
     1    0.00                           _167_ (net)
                  0.06    0.00    3.47 v _344_/B1 (sky130_fd_sc_hd__o21a_1)
                  0.03    0.11    3.57 v _344_/X (sky130_fd_sc_hd__o21a_1)
     1    0.00                           _034_ (net)
                  0.03    0.00    3.57 v _408_/D (sky130_fd_sc_hd__dfrtp_4)
                                  3.57   data arrival time

                         20.00   20.00   clock clk (rise edge)
                          0.00   20.00   clock source latency
                  0.04    0.03   20.03 ^ clk (in)
     1    0.01                           clk (net)
                  0.04    0.00   20.03 ^ clkbuf_0_clk/A (sky130_fd_sc_hd__clkbuf_16)
                  0.04    0.11   20.14 ^ clkbuf_0_clk/X (sky130_fd_sc_hd__clkbuf_16)
     2    0.02                           clknet_0_clk (net)
                  0.04    0.00   20.14 ^ clkbuf_1_0__f_clk/A (sky130_fd_sc_hd__clkbuf_16)
                  0.05    0.12   20.26 ^ clkbuf_1_0__f_clk/X (sky130_fd_sc_hd__clkbuf_16)
    14    0.03                           clknet_1_0__leaf_clk (net)
                  0.05    0.00   20.26 ^ _408_/CLK (sky130_fd_sc_hd__dfrtp_4)
                         -0.25   20.01   clock uncertainty
                          0.01   20.03   clock reconvergence pessimism
                         -0.11   19.92   library setup time
                                 19.92   data required time
-----------------------------------------------------------------------------
                                 19.92   data required time
                                 -3.57   data arrival time
-----------------------------------------------------------------------------
                                 16.35   slack (MET)


Startpoint: _399_ (rising edge-triggered flip-flop clocked by clk)
Endpoint: _409_ (rising edge-triggered flip-flop clocked by clk)
Path Group: clk
Path Type: max

Fanout     Cap    Slew   Delay    Time   Description
-----------------------------------------------------------------------------
                          0.00    0.00   clock clk (rise edge)
                          0.00    0.00   clock source latency
                  0.04    0.03    0.03 ^ clk (in)
     1    0.01                           clk (net)
                  0.04    0.00    0.03 ^ clkbuf_0_clk/A (sky130_fd_sc_hd__clkbuf_16)
                  0.04    0.13    0.16 ^ clkbuf_0_clk/X (sky130_fd_sc_hd__clkbuf_16)
     2    0.02                           clknet_0_clk (net)
                  0.04    0.00    0.16 ^ clkbuf_1_1__f_clk/A (sky130_fd_sc_hd__clkbuf_16)
                  0.05    0.14    0.29 ^ clkbuf_1_1__f_clk/X (sky130_fd_sc_hd__clkbuf_16)
    14    0.03                           clknet_1_1__leaf_clk (net)
                  0.05    0.00    0.29 ^ _399_/CLK (sky130_fd_sc_hd__dfrtp_4)
                  0.09    0.53    0.82 v _399_/Q (sky130_fd_sc_hd__dfrtp_4)
     9    0.02                           U_PC.pc[1] (net)
                  0.09    0.00    0.82 v _200_/B (sky130_fd_sc_hd__and2b_1)
                  0.05    0.20    1.02 v _200_/X (sky130_fd_sc_hd__and2b_1)
     4    0.01                           _186_ (net)
                  0.05    0.00    1.02 v _202_/B (sky130_fd_sc_hd__or3_1)
                  0.06    0.35    1.38 v _202_/X (sky130_fd_sc_hd__or3_1)
     1    0.00                           _188_ (net)
                  0.06    0.00    1.38 v _203_/A (sky130_fd_sc_hd__buf_4)
                  0.06    0.19    1.56 v _203_/X (sky130_fd_sc_hd__buf_4)
     9    0.04                           _189_ (net)
                  0.06    0.00    1.56 v _235_/A2 (sky130_fd_sc_hd__a221oi_4)
                  0.28    0.36    1.92 ^ _235_/Y (sky130_fd_sc_hd__a221oi_4)
     3    0.01                           _076_ (net)
                  0.28    0.00    1.92 ^ _238_/A3 (sky130_fd_sc_hd__a32oi_4)
                  0.12    0.17    2.10 v _238_/Y (sky130_fd_sc_hd__a32oi_4)
     5    0.01                           _079_ (net)
                  0.12    0.00    2.10 v _243_/A2 (sky130_fd_sc_hd__o211a_1)
                  0.05    0.25    2.34 v _243_/X (sky130_fd_sc_hd__o211a_1)
     2    0.00                           _084_ (net)
                  0.05    0.00    2.34 v _248_/A2 (sky130_fd_sc_hd__o211a_1)
                  0.06    0.24    2.58 v _248_/X (sky130_fd_sc_hd__o211a_1)
     3    0.01                           _089_ (net)
                  0.06    0.00    2.58 v _255_/A2 (sky130_fd_sc_hd__o21ai_2)
                  0.16    0.17    2.75 ^ _255_/Y (sky130_fd_sc_hd__o21ai_2)
     5    0.01                           _096_ (net)
                  0.16    0.00    2.75 ^ _264_/A1 (sky130_fd_sc_hd__a21oi_1)
                  0.06    0.09    2.84 v _264_/Y (sky130_fd_sc_hd__a21oi_1)
     1    0.00                           _105_ (net)
                  0.06    0.00    2.84 v _267_/A2 (sky130_fd_sc_hd__o21a_1)
                  0.06    0.20    3.04 v _267_/X (sky130_fd_sc_hd__o21a_1)
     4    0.01                           _108_ (net)
                  0.06    0.00    3.04 v _342_/A4 (sky130_fd_sc_hd__o41a_1)
                  0.06    0.31    3.35 v _342_/X (sky130_fd_sc_hd__o41a_1)
     1    0.00                           _035_ (net)
                  0.06    0.00    3.35 v _409_/D (sky130_fd_sc_hd__dfrtp_4)
                                  3.35   data arrival time

                         20.00   20.00   clock clk (rise edge)
                          0.00   20.00   clock source latency
                  0.04    0.03   20.03 ^ clk (in)
     1    0.01                           clk (net)
                  0.04    0.00   20.03 ^ clkbuf_0_clk/A (sky130_fd_sc_hd__clkbuf_16)
                  0.04    0.11   20.14 ^ clkbuf_0_clk/X (sky130_fd_sc_hd__clkbuf_16)
     2    0.02                           clknet_0_clk (net)
                  0.04    0.00   20.14 ^ clkbuf_1_0__f_clk/A (sky130_fd_sc_hd__clkbuf_16)
                  0.05    0.12   20.26 ^ clkbuf_1_0__f_clk/X (sky130_fd_sc_hd__clkbuf_16)
    14    0.03                           clknet_1_0__leaf_clk (net)
                  0.05    0.00   20.26 ^ _409_/CLK (sky130_fd_sc_hd__dfrtp_4)
                         -0.25   20.01   clock uncertainty
                          0.01   20.03   clock reconvergence pessimism
                         -0.12   19.91   library setup time
                                 19.91   data required time
-----------------------------------------------------------------------------
                                 19.91   data required time
                                 -3.35   data arrival time
-----------------------------------------------------------------------------
                                 16.56   slack (MET)


Startpoint: _399_ (rising edge-triggered flip-flop clocked by clk)
Endpoint: _425_ (rising edge-triggered flip-flop clocked by clk)
Path Group: clk
Path Type: max

Fanout     Cap    Slew   Delay    Time   Description
-----------------------------------------------------------------------------
                          0.00    0.00   clock clk (rise edge)
                          0.00    0.00   clock source latency
                  0.04    0.03    0.03 ^ clk (in)
     1    0.01                           clk (net)
                  0.04    0.00    0.03 ^ clkbuf_0_clk/A (sky130_fd_sc_hd__clkbuf_16)
                  0.04    0.13    0.16 ^ clkbuf_0_clk/X (sky130_fd_sc_hd__clkbuf_16)
     2    0.02                           clknet_0_clk (net)
                  0.04    0.00    0.16 ^ clkbuf_1_1__f_clk/A (sky130_fd_sc_hd__clkbuf_16)
                  0.05    0.14    0.29 ^ clkbuf_1_1__f_clk/X (sky130_fd_sc_hd__clkbuf_16)
    14    0.03                           clknet_1_1__leaf_clk (net)
                  0.05    0.00    0.29 ^ _399_/CLK (sky130_fd_sc_hd__dfrtp_4)
                  0.09    0.53    0.82 v _399_/Q (sky130_fd_sc_hd__dfrtp_4)
     9    0.02                           U_PC.pc[1] (net)
                  0.09    0.00    0.82 v _200_/B (sky130_fd_sc_hd__and2b_1)
                  0.05    0.20    1.02 v _200_/X (sky130_fd_sc_hd__and2b_1)
     4    0.01                           _186_ (net)
                  0.05    0.00    1.02 v _202_/B (sky130_fd_sc_hd__or3_1)
                  0.06    0.35    1.38 v _202_/X (sky130_fd_sc_hd__or3_1)
     1    0.00                           _188_ (net)
                  0.06    0.00    1.38 v _203_/A (sky130_fd_sc_hd__buf_4)
                  0.06    0.19    1.56 v _203_/X (sky130_fd_sc_hd__buf_4)
     9    0.04                           _189_ (net)
                  0.06    0.00    1.56 v _235_/A2 (sky130_fd_sc_hd__a221oi_4)
                  0.28    0.36    1.92 ^ _235_/Y (sky130_fd_sc_hd__a221oi_4)
     3    0.01                           _076_ (net)
                  0.28    0.00    1.92 ^ _238_/A3 (sky130_fd_sc_hd__a32oi_4)
                  0.12    0.17    2.10 v _238_/Y (sky130_fd_sc_hd__a32oi_4)
     5    0.01                           _079_ (net)
                  0.12    0.00    2.10 v _243_/A2 (sky130_fd_sc_hd__o211a_1)
                  0.05    0.25    2.34 v _243_/X (sky130_fd_sc_hd__o211a_1)
     2    0.00                           _084_ (net)
                  0.05    0.00    2.34 v _248_/A2 (sky130_fd_sc_hd__o211a_1)
                  0.06    0.24    2.58 v _248_/X (sky130_fd_sc_hd__o211a_1)
     3    0.01                           _089_ (net)
                  0.06    0.00    2.58 v _255_/A2 (sky130_fd_sc_hd__o21ai_2)
                  0.16    0.17    2.75 ^ _255_/Y (sky130_fd_sc_hd__o21ai_2)
     5    0.01                           _096_ (net)
                  0.16    0.00    2.75 ^ _264_/A1 (sky130_fd_sc_hd__a21oi_1)
                  0.06    0.09    2.84 v _264_/Y (sky130_fd_sc_hd__a21oi_1)
     1    0.00                           _105_ (net)
                  0.06    0.00    2.84 v _267_/A2 (sky130_fd_sc_hd__o21a_1)
                  0.06    0.20    3.04 v _267_/X (sky130_fd_sc_hd__o21a_1)
     4    0.01                           _108_ (net)
                  0.06    0.00    3.04 v _268_/B (sky130_fd_sc_hd__or2_1)
                  0.04    0.21    3.25 v _268_/X (sky130_fd_sc_hd__or2_1)
     1    0.00                           _109_ (net)
                  0.04    0.00    3.25 v _269_/A (sky130_fd_sc_hd__clkbuf_1)
                  0.02    0.09    3.34 v _269_/X (sky130_fd_sc_hd__clkbuf_1)
     1    0.00                           _051_ (net)
                  0.02    0.00    3.34 v _425_/D (sky130_fd_sc_hd__dfrtp_4)
                                  3.34   data arrival time

                         20.00   20.00   clock clk (rise edge)
                          0.00   20.00   clock source latency
                  0.04    0.03   20.03 ^ clk (in)
     1    0.01                           clk (net)
                  0.04    0.00   20.03 ^ clkbuf_0_clk/A (sky130_fd_sc_hd__clkbuf_16)
                  0.04    0.11   20.14 ^ clkbuf_0_clk/X (sky130_fd_sc_hd__clkbuf_16)
     2    0.02                           clknet_0_clk (net)
                  0.04    0.00   20.14 ^ clkbuf_1_0__f_clk/A (sky130_fd_sc_hd__clkbuf_16)
                  0.05    0.12   20.26 ^ clkbuf_1_0__f_clk/X (sky130_fd_sc_hd__clkbuf_16)
    14    0.03                           clknet_1_0__leaf_clk (net)
                  0.05    0.00   20.26 ^ _425_/CLK (sky130_fd_sc_hd__dfrtp_4)
                         -0.25   20.01   clock uncertainty
                          0.01   20.03   clock reconvergence pessimism
                         -0.10   19.92   library setup time
                                 19.92   data required time
-----------------------------------------------------------------------------
                                 19.92   data required time
                                 -3.34   data arrival time
-----------------------------------------------------------------------------
                                 16.59   slack (MET)


Startpoint: _399_ (rising edge-triggered flip-flop clocked by clk)
Endpoint: _414_ (rising edge-triggered flip-flop clocked by clk)
Path Group: clk
Path Type: max

Fanout     Cap    Slew   Delay    Time   Description
-----------------------------------------------------------------------------
                          0.00    0.00   clock clk (rise edge)
                          0.00    0.00   clock source latency
                  0.04    0.03    0.03 ^ clk (in)
     1    0.01                           clk (net)
                  0.04    0.00    0.03 ^ clkbuf_0_clk/A (sky130_fd_sc_hd__clkbuf_16)
                  0.04    0.13    0.16 ^ clkbuf_0_clk/X (sky130_fd_sc_hd__clkbuf_16)
     2    0.02                           clknet_0_clk (net)
                  0.04    0.00    0.16 ^ clkbuf_1_1__f_clk/A (sky130_fd_sc_hd__clkbuf_16)
                  0.05    0.14    0.29 ^ clkbuf_1_1__f_clk/X (sky130_fd_sc_hd__clkbuf_16)
    14    0.03                           clknet_1_1__leaf_clk (net)
                  0.05    0.00    0.29 ^ _399_/CLK (sky130_fd_sc_hd__dfrtp_4)
                  0.09    0.53    0.82 v _399_/Q (sky130_fd_sc_hd__dfrtp_4)
     9    0.02                           U_PC.pc[1] (net)
                  0.09    0.00    0.82 v _200_/B (sky130_fd_sc_hd__and2b_1)
                  0.05    0.20    1.02 v _200_/X (sky130_fd_sc_hd__and2b_1)
     4    0.01                           _186_ (net)
                  0.05    0.00    1.02 v _202_/B (sky130_fd_sc_hd__or3_1)
                  0.06    0.35    1.38 v _202_/X (sky130_fd_sc_hd__or3_1)
     1    0.00                           _188_ (net)
                  0.06    0.00    1.38 v _203_/A (sky130_fd_sc_hd__buf_4)
                  0.06    0.19    1.56 v _203_/X (sky130_fd_sc_hd__buf_4)
     9    0.04                           _189_ (net)
                  0.06    0.00    1.56 v _235_/A2 (sky130_fd_sc_hd__a221oi_4)
                  0.28    0.36    1.92 ^ _235_/Y (sky130_fd_sc_hd__a221oi_4)
     3    0.01                           _076_ (net)
                  0.28    0.00    1.92 ^ _238_/A3 (sky130_fd_sc_hd__a32oi_4)
                  0.12    0.17    2.10 v _238_/Y (sky130_fd_sc_hd__a32oi_4)
     5    0.01                           _079_ (net)
                  0.12    0.00    2.10 v _243_/A2 (sky130_fd_sc_hd__o211a_1)
                  0.05    0.25    2.34 v _243_/X (sky130_fd_sc_hd__o211a_1)
     2    0.00                           _084_ (net)
                  0.05    0.00    2.34 v _248_/A2 (sky130_fd_sc_hd__o211a_1)
                  0.06    0.24    2.58 v _248_/X (sky130_fd_sc_hd__o211a_1)
     3    0.01                           _089_ (net)
                  0.06    0.00    2.58 v _255_/A2 (sky130_fd_sc_hd__o21ai_2)
                  0.16    0.17    2.75 ^ _255_/Y (sky130_fd_sc_hd__o21ai_2)
     5    0.01                           _096_ (net)
                  0.16    0.00    2.75 ^ _329_/A2 (sky130_fd_sc_hd__a31o_1)
                  0.04    0.17    2.92 ^ _329_/X (sky130_fd_sc_hd__a31o_1)
     1    0.00                           _159_ (net)
                  0.04    0.00    2.92 ^ _332_/A2 (sky130_fd_sc_hd__o21a_1)
                  0.03    0.09    3.01 ^ _332_/X (sky130_fd_sc_hd__o21a_1)
     1    0.00                           _162_ (net)
                  0.03    0.00    3.01 ^ _333_/A2_N (sky130_fd_sc_hd__a2bb2o_1)
                  0.05    0.27    3.29 v _333_/X (sky130_fd_sc_hd__a2bb2o_1)
     1    0.00                           _040_ (net)
                  0.05    0.00    3.29 v _414_/D (sky130_fd_sc_hd__dfrtp_4)
                                  3.29   data arrival time

                         20.00   20.00   clock clk (rise edge)
                          0.00   20.00   clock source latency
                  0.04    0.03   20.03 ^ clk (in)
     1    0.01                           clk (net)
                  0.04    0.00   20.03 ^ clkbuf_0_clk/A (sky130_fd_sc_hd__clkbuf_16)
                  0.04    0.11   20.14 ^ clkbuf_0_clk/X (sky130_fd_sc_hd__clkbuf_16)
     2    0.02                           clknet_0_clk (net)
                  0.04    0.00   20.14 ^ clkbuf_1_0__f_clk/A (sky130_fd_sc_hd__clkbuf_16)
                  0.05    0.12   20.26 ^ clkbuf_1_0__f_clk/X (sky130_fd_sc_hd__clkbuf_16)
    14    0.03                           clknet_1_0__leaf_clk (net)
                  0.05    0.00   20.26 ^ _414_/CLK (sky130_fd_sc_hd__dfrtp_4)
                         -0.25   20.01   clock uncertainty
                          0.01   20.03   clock reconvergence pessimism
                         -0.11   19.91   library setup time
                                 19.91   data required time
-----------------------------------------------------------------------------
                                 19.91   data required time
                                 -3.29   data arrival time
-----------------------------------------------------------------------------
                                 16.63   slack (MET)


Startpoint: _399_ (rising edge-triggered flip-flop clocked by clk)
Endpoint: _416_ (rising edge-triggered flip-flop clocked by clk)
Path Group: clk
Path Type: max

Fanout     Cap    Slew   Delay    Time   Description
-----------------------------------------------------------------------------
                          0.00    0.00   clock clk (rise edge)
                          0.00    0.00   clock source latency
                  0.04    0.03    0.03 ^ clk (in)
     1    0.01                           clk (net)
                  0.04    0.00    0.03 ^ clkbuf_0_clk/A (sky130_fd_sc_hd__clkbuf_16)
                  0.04    0.13    0.16 ^ clkbuf_0_clk/X (sky130_fd_sc_hd__clkbuf_16)
     2    0.02                           clknet_0_clk (net)
                  0.04    0.00    0.16 ^ clkbuf_1_1__f_clk/A (sky130_fd_sc_hd__clkbuf_16)
                  0.05    0.14    0.29 ^ clkbuf_1_1__f_clk/X (sky130_fd_sc_hd__clkbuf_16)
    14    0.03                           clknet_1_1__leaf_clk (net)
                  0.05    0.00    0.29 ^ _399_/CLK (sky130_fd_sc_hd__dfrtp_4)
                  0.09    0.53    0.82 v _399_/Q (sky130_fd_sc_hd__dfrtp_4)
     9    0.02                           U_PC.pc[1] (net)
                  0.09    0.00    0.82 v _200_/B (sky130_fd_sc_hd__and2b_1)
                  0.05    0.20    1.02 v _200_/X (sky130_fd_sc_hd__and2b_1)
     4    0.01                           _186_ (net)
                  0.05    0.00    1.02 v _202_/B (sky130_fd_sc_hd__or3_1)
                  0.06    0.35    1.38 v _202_/X (sky130_fd_sc_hd__or3_1)
     1    0.00                           _188_ (net)
                  0.06    0.00    1.38 v _203_/A (sky130_fd_sc_hd__buf_4)
                  0.06    0.19    1.56 v _203_/X (sky130_fd_sc_hd__buf_4)
     9    0.04                           _189_ (net)
                  0.06    0.00    1.56 v _235_/A2 (sky130_fd_sc_hd__a221oi_4)
                  0.28    0.36    1.92 ^ _235_/Y (sky130_fd_sc_hd__a221oi_4)
     3    0.01                           _076_ (net)
                  0.28    0.00    1.92 ^ _238_/A3 (sky130_fd_sc_hd__a32oi_4)
                  0.12    0.17    2.10 v _238_/Y (sky130_fd_sc_hd__a32oi_4)
     5    0.01                           _079_ (net)
                  0.12    0.00    2.10 v _243_/A2 (sky130_fd_sc_hd__o211a_1)
                  0.05    0.25    2.34 v _243_/X (sky130_fd_sc_hd__o211a_1)
     2    0.00                           _084_ (net)
                  0.05    0.00    2.34 v _248_/A2 (sky130_fd_sc_hd__o211a_1)
                  0.06    0.24    2.58 v _248_/X (sky130_fd_sc_hd__o211a_1)
     3    0.01                           _089_ (net)
                  0.06    0.00    2.58 v _255_/A2 (sky130_fd_sc_hd__o21ai_2)
                  0.16    0.17    2.75 ^ _255_/Y (sky130_fd_sc_hd__o21ai_2)
     5    0.01                           _096_ (net)
                  0.16    0.00    2.75 ^ _264_/A1 (sky130_fd_sc_hd__a21oi_1)
                  0.06    0.09    2.84 v _264_/Y (sky130_fd_sc_hd__a21oi_1)
     1    0.00                           _105_ (net)
                  0.06    0.00    2.84 v _267_/A2 (sky130_fd_sc_hd__o21a_1)
                  0.06    0.20    3.04 v _267_/X (sky130_fd_sc_hd__o21a_1)
     4    0.01                           _108_ (net)
                  0.06    0.00    3.04 v _317_/A3 (sky130_fd_sc_hd__o31a_1)
                  0.04    0.24    3.28 v _317_/X (sky130_fd_sc_hd__o31a_1)
     1    0.00                           _042_ (net)
                  0.04    0.00    3.28 v _416_/D (sky130_fd_sc_hd__dfrtp_4)
                                  3.28   data arrival time

                         20.00   20.00   clock clk (rise edge)
                          0.00   20.00   clock source latency
                  0.04    0.03   20.03 ^ clk (in)
     1    0.01                           clk (net)
                  0.04    0.00   20.03 ^ clkbuf_0_clk/A (sky130_fd_sc_hd__clkbuf_16)
                  0.04    0.11   20.14 ^ clkbuf_0_clk/X (sky130_fd_sc_hd__clkbuf_16)
     2    0.02                           clknet_0_clk (net)
                  0.04    0.00   20.14 ^ clkbuf_1_0__f_clk/A (sky130_fd_sc_hd__clkbuf_16)
                  0.05    0.12   20.26 ^ clkbuf_1_0__f_clk/X (sky130_fd_sc_hd__clkbuf_16)
    14    0.03                           clknet_1_0__leaf_clk (net)
                  0.05    0.00   20.26 ^ _416_/CLK (sky130_fd_sc_hd__dfrtp_4)
                         -0.25   20.01   clock uncertainty
                          0.01   20.03   clock reconvergence pessimism
                         -0.11   19.92   library setup time
                                 19.92   data required time
-----------------------------------------------------------------------------
                                 19.92   data required time
                                 -3.28   data arrival time
-----------------------------------------------------------------------------
                                 16.63   slack (MET)


Startpoint: _399_ (rising edge-triggered flip-flop clocked by clk)
Endpoint: _424_ (rising edge-triggered flip-flop clocked by clk)
Path Group: clk
Path Type: max

Fanout     Cap    Slew   Delay    Time   Description
-----------------------------------------------------------------------------
                          0.00    0.00   clock clk (rise edge)
                          0.00    0.00   clock source latency
                  0.04    0.03    0.03 ^ clk (in)
     1    0.01                           clk (net)
                  0.04    0.00    0.03 ^ clkbuf_0_clk/A (sky130_fd_sc_hd__clkbuf_16)
                  0.04    0.13    0.16 ^ clkbuf_0_clk/X (sky130_fd_sc_hd__clkbuf_16)
     2    0.02                           clknet_0_clk (net)
                  0.04    0.00    0.16 ^ clkbuf_1_1__f_clk/A (sky130_fd_sc_hd__clkbuf_16)
                  0.05    0.14    0.29 ^ clkbuf_1_1__f_clk/X (sky130_fd_sc_hd__clkbuf_16)
    14    0.03                           clknet_1_1__leaf_clk (net)
                  0.05    0.00    0.29 ^ _399_/CLK (sky130_fd_sc_hd__dfrtp_4)
                  0.09    0.53    0.82 v _399_/Q (sky130_fd_sc_hd__dfrtp_4)
     9    0.02                           U_PC.pc[1] (net)
                  0.09    0.00    0.82 v _200_/B (sky130_fd_sc_hd__and2b_1)
                  0.05    0.20    1.02 v _200_/X (sky130_fd_sc_hd__and2b_1)
     4    0.01                           _186_ (net)
                  0.05    0.00    1.02 v _202_/B (sky130_fd_sc_hd__or3_1)
                  0.06    0.35    1.38 v _202_/X (sky130_fd_sc_hd__or3_1)
     1    0.00                           _188_ (net)
                  0.06    0.00    1.38 v _203_/A (sky130_fd_sc_hd__buf_4)
                  0.06    0.19    1.56 v _203_/X (sky130_fd_sc_hd__buf_4)
     9    0.04                           _189_ (net)
                  0.06    0.00    1.56 v _235_/A2 (sky130_fd_sc_hd__a221oi_4)
                  0.28    0.36    1.92 ^ _235_/Y (sky130_fd_sc_hd__a221oi_4)
     3    0.01                           _076_ (net)
                  0.28    0.00    1.92 ^ _238_/A3 (sky130_fd_sc_hd__a32oi_4)
                  0.12    0.17    2.10 v _238_/Y (sky130_fd_sc_hd__a32oi_4)
     5    0.01                           _079_ (net)
                  0.12    0.00    2.10 v _243_/A2 (sky130_fd_sc_hd__o211a_1)
                  0.05    0.25    2.34 v _243_/X (sky130_fd_sc_hd__o211a_1)
     2    0.00                           _084_ (net)
                  0.05    0.00    2.34 v _248_/A2 (sky130_fd_sc_hd__o211a_1)
                  0.06    0.24    2.58 v _248_/X (sky130_fd_sc_hd__o211a_1)
     3    0.01                           _089_ (net)
                  0.06    0.00    2.58 v _270_/C (sky130_fd_sc_hd__or3_1)
                  0.06    0.31    2.89 v _270_/X (sky130_fd_sc_hd__or3_1)
     1    0.00                           _110_ (net)
                  0.06    0.00    2.89 v _271_/C (sky130_fd_sc_hd__and3_1)
                  0.05    0.20    3.09 v _271_/X (sky130_fd_sc_hd__and3_1)
     3    0.01                           _111_ (net)
                  0.05    0.00    3.09 v _272_/B1 (sky130_fd_sc_hd__a21o_1)
                  0.03    0.15    3.24 v _272_/X (sky130_fd_sc_hd__a21o_1)
     1    0.00                           _050_ (net)
                  0.03    0.00    3.24 v _424_/D (sky130_fd_sc_hd__dfrtp_4)
                                  3.24   data arrival time

                         20.00   20.00   clock clk (rise edge)
                          0.00   20.00   clock source latency
                  0.04    0.03   20.03 ^ clk (in)
     1    0.01                           clk (net)
                  0.04    0.00   20.03 ^ clkbuf_0_clk/A (sky130_fd_sc_hd__clkbuf_16)
                  0.04    0.11   20.14 ^ clkbuf_0_clk/X (sky130_fd_sc_hd__clkbuf_16)
     2    0.02                           clknet_0_clk (net)
                  0.04    0.00   20.14 ^ clkbuf_1_0__f_clk/A (sky130_fd_sc_hd__clkbuf_16)
                  0.05    0.12   20.26 ^ clkbuf_1_0__f_clk/X (sky130_fd_sc_hd__clkbuf_16)
    14    0.03                           clknet_1_0__leaf_clk (net)
                  0.05    0.00   20.26 ^ _424_/CLK (sky130_fd_sc_hd__dfrtp_4)
                         -0.25   20.01   clock uncertainty
                          0.01   20.03   clock reconvergence pessimism
                         -0.11   19.92   library setup time
                                 19.92   data required time
-----------------------------------------------------------------------------
                                 19.92   data required time
                                 -3.24   data arrival time
-----------------------------------------------------------------------------
                                 16.68   slack (MET)


Startpoint: _399_ (rising edge-triggered flip-flop clocked by clk)
Endpoint: _415_ (rising edge-triggered flip-flop clocked by clk)
Path Group: clk
Path Type: max

Fanout     Cap    Slew   Delay    Time   Description
-----------------------------------------------------------------------------
                          0.00    0.00   clock clk (rise edge)
                          0.00    0.00   clock source latency
                  0.04    0.03    0.03 ^ clk (in)
     1    0.01                           clk (net)
                  0.04    0.00    0.03 ^ clkbuf_0_clk/A (sky130_fd_sc_hd__clkbuf_16)
                  0.04    0.13    0.16 ^ clkbuf_0_clk/X (sky130_fd_sc_hd__clkbuf_16)
     2    0.02                           clknet_0_clk (net)
                  0.04    0.00    0.16 ^ clkbuf_1_1__f_clk/A (sky130_fd_sc_hd__clkbuf_16)
                  0.05    0.14    0.29 ^ clkbuf_1_1__f_clk/X (sky130_fd_sc_hd__clkbuf_16)
    14    0.03                           clknet_1_1__leaf_clk (net)
                  0.05    0.00    0.29 ^ _399_/CLK (sky130_fd_sc_hd__dfrtp_4)
                  0.09    0.53    0.82 v _399_/Q (sky130_fd_sc_hd__dfrtp_4)
     9    0.02                           U_PC.pc[1] (net)
                  0.09    0.00    0.82 v _200_/B (sky130_fd_sc_hd__and2b_1)
                  0.05    0.20    1.02 v _200_/X (sky130_fd_sc_hd__and2b_1)
     4    0.01                           _186_ (net)
                  0.05    0.00    1.02 v _202_/B (sky130_fd_sc_hd__or3_1)
                  0.06    0.35    1.38 v _202_/X (sky130_fd_sc_hd__or3_1)
     1    0.00                           _188_ (net)
                  0.06    0.00    1.38 v _203_/A (sky130_fd_sc_hd__buf_4)
                  0.06    0.19    1.56 v _203_/X (sky130_fd_sc_hd__buf_4)
     9    0.04                           _189_ (net)
                  0.06    0.00    1.56 v _235_/A2 (sky130_fd_sc_hd__a221oi_4)
                  0.28    0.36    1.92 ^ _235_/Y (sky130_fd_sc_hd__a221oi_4)
     3    0.01                           _076_ (net)
                  0.28    0.00    1.92 ^ _294_/C1 (sky130_fd_sc_hd__a211o_1)
                  0.06    0.16    2.08 ^ _294_/X (sky130_fd_sc_hd__a211o_1)
     2    0.00                           _129_ (net)
                  0.06    0.00    2.08 ^ _320_/A1 (sky130_fd_sc_hd__a211oi_1)
                  0.06    0.06    2.15 v _320_/Y (sky130_fd_sc_hd__a211oi_1)
     1    0.00                           _151_ (net)
                  0.06    0.00    2.15 v _323_/A1 (sky130_fd_sc_hd__o211a_1)
                  0.05    0.24    2.39 v _323_/X (sky130_fd_sc_hd__o211a_1)
     2    0.00                           _154_ (net)
                  0.05    0.00    2.39 v _324_/A3 (sky130_fd_sc_hd__o311a_1)
                  0.06    0.31    2.70 v _324_/X (sky130_fd_sc_hd__o311a_1)
     2    0.00                           _155_ (net)
                  0.06    0.00    2.70 v _325_/A2 (sky130_fd_sc_hd__o21ai_1)
                  0.09    0.12    2.81 ^ _325_/Y (sky130_fd_sc_hd__o21ai_1)
     1    0.00                           _156_ (net)
                  0.09    0.00    2.81 ^ _326_/C1 (sky130_fd_sc_hd__o211a_1)
                  0.03    0.14    2.95 ^ _326_/X (sky130_fd_sc_hd__o211a_1)
     1    0.00                           _157_ (net)
                  0.03    0.00    2.95 ^ _327_/A2_N (sky130_fd_sc_hd__a2bb2o_1)
                  0.05    0.27    3.23 v _327_/X (sky130_fd_sc_hd__a2bb2o_1)
     1    0.00                           _041_ (net)
                  0.05    0.00    3.23 v _415_/D (sky130_fd_sc_hd__dfrtp_4)
                                  3.23   data arrival time

                         20.00   20.00   clock clk (rise edge)
                          0.00   20.00   clock source latency
                  0.04    0.03   20.03 ^ clk (in)
     1    0.01                           clk (net)
                  0.04    0.00   20.03 ^ clkbuf_0_clk/A (sky130_fd_sc_hd__clkbuf_16)
                  0.04    0.11   20.14 ^ clkbuf_0_clk/X (sky130_fd_sc_hd__clkbuf_16)
     2    0.02                           clknet_0_clk (net)
                  0.04    0.00   20.14 ^ clkbuf_1_0__f_clk/A (sky130_fd_sc_hd__clkbuf_16)
                  0.05    0.12   20.26 ^ clkbuf_1_0__f_clk/X (sky130_fd_sc_hd__clkbuf_16)
    14    0.03                           clknet_1_0__leaf_clk (net)
                  0.05    0.00   20.26 ^ _415_/CLK (sky130_fd_sc_hd__dfrtp_4)
                         -0.25   20.01   clock uncertainty
                          0.01   20.03   clock reconvergence pessimism
                         -0.11   19.91   library setup time
                                 19.91   data required time
-----------------------------------------------------------------------------
                                 19.91   data required time
                                 -3.23   data arrival time
-----------------------------------------------------------------------------
                                 16.69   slack (MET)


Startpoint: _399_ (rising edge-triggered flip-flop clocked by clk)
Endpoint: _405_ (rising edge-triggered flip-flop clocked by clk)
Path Group: clk
Path Type: max

Fanout     Cap    Slew   Delay    Time   Description
-----------------------------------------------------------------------------
                          0.00    0.00   clock clk (rise edge)
                          0.00    0.00   clock source latency
                  0.04    0.03    0.03 ^ clk (in)
     1    0.01                           clk (net)
                  0.04    0.00    0.03 ^ clkbuf_0_clk/A (sky130_fd_sc_hd__clkbuf_16)
                  0.04    0.13    0.16 ^ clkbuf_0_clk/X (sky130_fd_sc_hd__clkbuf_16)
     2    0.02                           clknet_0_clk (net)
                  0.04    0.00    0.16 ^ clkbuf_1_1__f_clk/A (sky130_fd_sc_hd__clkbuf_16)
                  0.05    0.14    0.29 ^ clkbuf_1_1__f_clk/X (sky130_fd_sc_hd__clkbuf_16)
    14    0.03                           clknet_1_1__leaf_clk (net)
                  0.05    0.00    0.29 ^ _399_/CLK (sky130_fd_sc_hd__dfrtp_4)
                  0.09    0.53    0.82 v _399_/Q (sky130_fd_sc_hd__dfrtp_4)
     9    0.02                           U_PC.pc[1] (net)
                  0.09    0.00    0.82 v _200_/B (sky130_fd_sc_hd__and2b_1)
                  0.05    0.20    1.02 v _200_/X (sky130_fd_sc_hd__and2b_1)
     4    0.01                           _186_ (net)
                  0.05    0.00    1.02 v _202_/B (sky130_fd_sc_hd__or3_1)
                  0.06    0.35    1.38 v _202_/X (sky130_fd_sc_hd__or3_1)
     1    0.00                           _188_ (net)
                  0.06    0.00    1.38 v _203_/A (sky130_fd_sc_hd__buf_4)
                  0.06    0.19    1.56 v _203_/X (sky130_fd_sc_hd__buf_4)
     9    0.04                           _189_ (net)
                  0.06    0.00    1.56 v _235_/A2 (sky130_fd_sc_hd__a221oi_4)
                  0.28    0.36    1.92 ^ _235_/Y (sky130_fd_sc_hd__a221oi_4)
     3    0.01                           _076_ (net)
                  0.28    0.00    1.92 ^ _238_/A3 (sky130_fd_sc_hd__a32oi_4)
                  0.12    0.17    2.10 v _238_/Y (sky130_fd_sc_hd__a32oi_4)
     5    0.01                           _079_ (net)
                  0.12    0.00    2.10 v _283_/C (sky130_fd_sc_hd__or3_1)
                  0.06    0.33    2.43 v _283_/X (sky130_fd_sc_hd__or3_1)
     1    0.00                           _120_ (net)
                  0.06    0.00    2.43 v _284_/A3 (sky130_fd_sc_hd__a311o_2)
                  0.06    0.41    2.84 v _284_/X (sky130_fd_sc_hd__a311o_2)
     3    0.01                           _121_ (net)
                  0.06    0.00    2.84 v _349_/A1 (sky130_fd_sc_hd__mux2_1)
                  0.05    0.30    3.14 v _349_/X (sky130_fd_sc_hd__mux2_1)
     1    0.00                           _170_ (net)
                  0.05    0.00    3.14 v _350_/A (sky130_fd_sc_hd__clkbuf_1)
                  0.02    0.09    3.23 v _350_/X (sky130_fd_sc_hd__clkbuf_1)
     1    0.00                           _031_ (net)
                  0.02    0.00    3.23 v _405_/D (sky130_fd_sc_hd__dfrtp_4)
                                  3.23   data arrival time

                         20.00   20.00   clock clk (rise edge)
                          0.00   20.00   clock source latency
                  0.04    0.03   20.03 ^ clk (in)
     1    0.01                           clk (net)
                  0.04    0.00   20.03 ^ clkbuf_0_clk/A (sky130_fd_sc_hd__clkbuf_16)
                  0.04    0.11   20.14 ^ clkbuf_0_clk/X (sky130_fd_sc_hd__clkbuf_16)
     2    0.02                           clknet_0_clk (net)
                  0.04    0.00   20.14 ^ clkbuf_1_1__f_clk/A (sky130_fd_sc_hd__clkbuf_16)
                  0.05    0.12   20.26 ^ clkbuf_1_1__f_clk/X (sky130_fd_sc_hd__clkbuf_16)
    14    0.03                           clknet_1_1__leaf_clk (net)
                  0.05    0.00   20.26 ^ _405_/CLK (sky130_fd_sc_hd__dfrtp_4)
                         -0.25   20.01   clock uncertainty
                          0.03   20.04   clock reconvergence pessimism
                         -0.10   19.94   library setup time
                                 19.94   data required time
-----------------------------------------------------------------------------
                                 19.94   data required time
                                 -3.23   data arrival time
-----------------------------------------------------------------------------
                                 16.70   slack (MET)


Startpoint: _399_ (rising edge-triggered flip-flop clocked by clk)
Endpoint: _421_ (rising edge-triggered flip-flop clocked by clk)
Path Group: clk
Path Type: max

Fanout     Cap    Slew   Delay    Time   Description
-----------------------------------------------------------------------------
                          0.00    0.00   clock clk (rise edge)
                          0.00    0.00   clock source latency
                  0.04    0.03    0.03 ^ clk (in)
     1    0.01                           clk (net)
                  0.04    0.00    0.03 ^ clkbuf_0_clk/A (sky130_fd_sc_hd__clkbuf_16)
                  0.04    0.13    0.16 ^ clkbuf_0_clk/X (sky130_fd_sc_hd__clkbuf_16)
     2    0.02                           clknet_0_clk (net)
                  0.04    0.00    0.16 ^ clkbuf_1_1__f_clk/A (sky130_fd_sc_hd__clkbuf_16)
                  0.05    0.14    0.29 ^ clkbuf_1_1__f_clk/X (sky130_fd_sc_hd__clkbuf_16)
    14    0.03                           clknet_1_1__leaf_clk (net)
                  0.05    0.00    0.29 ^ _399_/CLK (sky130_fd_sc_hd__dfrtp_4)
                  0.09    0.53    0.82 v _399_/Q (sky130_fd_sc_hd__dfrtp_4)
     9    0.02                           U_PC.pc[1] (net)
                  0.09    0.00    0.82 v _200_/B (sky130_fd_sc_hd__and2b_1)
                  0.05    0.20    1.02 v _200_/X (sky130_fd_sc_hd__and2b_1)
     4    0.01                           _186_ (net)
                  0.05    0.00    1.02 v _202_/B (sky130_fd_sc_hd__or3_1)
                  0.06    0.35    1.38 v _202_/X (sky130_fd_sc_hd__or3_1)
     1    0.00                           _188_ (net)
                  0.06    0.00    1.38 v _203_/A (sky130_fd_sc_hd__buf_4)
                  0.06    0.19    1.56 v _203_/X (sky130_fd_sc_hd__buf_4)
     9    0.04                           _189_ (net)
                  0.06    0.00    1.56 v _235_/A2 (sky130_fd_sc_hd__a221oi_4)
                  0.28    0.36    1.92 ^ _235_/Y (sky130_fd_sc_hd__a221oi_4)
     3    0.01                           _076_ (net)
                  0.28    0.00    1.92 ^ _238_/A3 (sky130_fd_sc_hd__a32oi_4)
                  0.12    0.17    2.10 v _238_/Y (sky130_fd_sc_hd__a32oi_4)
     5    0.01                           _079_ (net)
                  0.12    0.00    2.10 v _283_/C (sky130_fd_sc_hd__or3_1)
                  0.06    0.33    2.43 v _283_/X (sky130_fd_sc_hd__or3_1)
     1    0.00                           _120_ (net)
                  0.06    0.00    2.43 v _284_/A3 (sky130_fd_sc_hd__a311o_2)
                  0.06    0.41    2.84 v _284_/X (sky130_fd_sc_hd__a311o_2)
     3    0.01                           _121_ (net)
                  0.06    0.00    2.84 v _285_/A1 (sky130_fd_sc_hd__mux2_1)
                  0.05    0.30    3.14 v _285_/X (sky130_fd_sc_hd__mux2_1)
     1    0.00                           _122_ (net)
                  0.05    0.00    3.14 v _286_/A (sky130_fd_sc_hd__clkbuf_1)
                  0.02    0.09    3.23 v _286_/X (sky130_fd_sc_hd__clkbuf_1)
     1    0.00                           _047_ (net)
                  0.02    0.00    3.23 v _421_/D (sky130_fd_sc_hd__dfrtp_4)
                                  3.23   data arrival time

                         20.00   20.00   clock clk (rise edge)
                          0.00   20.00   clock source latency
                  0.04    0.03   20.03 ^ clk (in)
     1    0.01                           clk (net)
                  0.04    0.00   20.03 ^ clkbuf_0_clk/A (sky130_fd_sc_hd__clkbuf_16)
                  0.04    0.11   20.14 ^ clkbuf_0_clk/X (sky130_fd_sc_hd__clkbuf_16)
     2    0.02                           clknet_0_clk (net)
                  0.04    0.00   20.14 ^ clkbuf_1_1__f_clk/A (sky130_fd_sc_hd__clkbuf_16)
                  0.05    0.12   20.26 ^ clkbuf_1_1__f_clk/X (sky130_fd_sc_hd__clkbuf_16)
    14    0.03                           clknet_1_1__leaf_clk (net)
                  0.05    0.00   20.26 ^ _421_/CLK (sky130_fd_sc_hd__dfrtp_4)
                         -0.25   20.01   clock uncertainty
                          0.03   20.04   clock reconvergence pessimism
                         -0.10   19.94   library setup time
                                 19.94   data required time
-----------------------------------------------------------------------------
                                 19.94   data required time
                                 -3.23   data arrival time
-----------------------------------------------------------------------------
                                 16.70   slack (MET)


Startpoint: _399_ (rising edge-triggered flip-flop clocked by clk)
Endpoint: _407_ (rising edge-triggered flip-flop clocked by clk)
Path Group: clk
Path Type: max

Fanout     Cap    Slew   Delay    Time   Description
-----------------------------------------------------------------------------
                          0.00    0.00   clock clk (rise edge)
                          0.00    0.00   clock source latency
                  0.04    0.03    0.03 ^ clk (in)
     1    0.01                           clk (net)
                  0.04    0.00    0.03 ^ clkbuf_0_clk/A (sky130_fd_sc_hd__clkbuf_16)
                  0.04    0.13    0.16 ^ clkbuf_0_clk/X (sky130_fd_sc_hd__clkbuf_16)
     2    0.02                           clknet_0_clk (net)
                  0.04    0.00    0.16 ^ clkbuf_1_1__f_clk/A (sky130_fd_sc_hd__clkbuf_16)
                  0.05    0.14    0.29 ^ clkbuf_1_1__f_clk/X (sky130_fd_sc_hd__clkbuf_16)
    14    0.03                           clknet_1_1__leaf_clk (net)
                  0.05    0.00    0.29 ^ _399_/CLK (sky130_fd_sc_hd__dfrtp_4)
                  0.09    0.53    0.82 v _399_/Q (sky130_fd_sc_hd__dfrtp_4)
     9    0.02                           U_PC.pc[1] (net)
                  0.09    0.00    0.82 v _200_/B (sky130_fd_sc_hd__and2b_1)
                  0.05    0.20    1.02 v _200_/X (sky130_fd_sc_hd__and2b_1)
     4    0.01                           _186_ (net)
                  0.05    0.00    1.02 v _202_/B (sky130_fd_sc_hd__or3_1)
                  0.06    0.35    1.38 v _202_/X (sky130_fd_sc_hd__or3_1)
     1    0.00                           _188_ (net)
                  0.06    0.00    1.38 v _203_/A (sky130_fd_sc_hd__buf_4)
                  0.06    0.19    1.56 v _203_/X (sky130_fd_sc_hd__buf_4)
     9    0.04                           _189_ (net)
                  0.06    0.00    1.56 v _235_/A2 (sky130_fd_sc_hd__a221oi_4)
                  0.28    0.36    1.92 ^ _235_/Y (sky130_fd_sc_hd__a221oi_4)
     3    0.01                           _076_ (net)
                  0.28    0.00    1.92 ^ _238_/A3 (sky130_fd_sc_hd__a32oi_4)
                  0.12    0.17    2.10 v _238_/Y (sky130_fd_sc_hd__a32oi_4)
     5    0.01                           _079_ (net)
                  0.12    0.00    2.10 v _273_/A2 (sky130_fd_sc_hd__o211ai_2)
                  0.13    0.18    2.27 ^ _273_/Y (sky130_fd_sc_hd__o211ai_2)
     2    0.00                           _112_ (net)
                  0.13    0.00    2.27 ^ _274_/A2 (sky130_fd_sc_hd__a21o_1)
                  0.06    0.15    2.42 ^ _274_/X (sky130_fd_sc_hd__a21o_1)
     2    0.00                           _113_ (net)
                  0.06    0.00    2.42 ^ _277_/A1 (sky130_fd_sc_hd__a211oi_1)
                  0.06    0.08    2.50 v _277_/Y (sky130_fd_sc_hd__a211oi_1)
     2    0.00                           _116_ (net)
                  0.06    0.00    2.50 v _305_/A2 (sky130_fd_sc_hd__a211o_1)
                  0.05    0.31    2.80 v _305_/X (sky130_fd_sc_hd__a211o_1)
     2    0.00                           _138_ (net)
                  0.05    0.00    2.80 v _345_/A1 (sky130_fd_sc_hd__mux2_1)
                  0.05    0.30    3.10 v _345_/X (sky130_fd_sc_hd__mux2_1)
     1    0.00                           _168_ (net)
                  0.05    0.00    3.10 v _346_/A (sky130_fd_sc_hd__clkbuf_1)
                  0.02    0.09    3.19 v _346_/X (sky130_fd_sc_hd__clkbuf_1)
     1    0.00                           _033_ (net)
                  0.02    0.00    3.19 v _407_/D (sky130_fd_sc_hd__dfrtp_4)
                                  3.19   data arrival time

                         20.00   20.00   clock clk (rise edge)
                          0.00   20.00   clock source latency
                  0.04    0.03   20.03 ^ clk (in)
     1    0.01                           clk (net)
                  0.04    0.00   20.03 ^ clkbuf_0_clk/A (sky130_fd_sc_hd__clkbuf_16)
                  0.04    0.11   20.14 ^ clkbuf_0_clk/X (sky130_fd_sc_hd__clkbuf_16)
     2    0.02                           clknet_0_clk (net)
                  0.04    0.00   20.14 ^ clkbuf_1_0__f_clk/A (sky130_fd_sc_hd__clkbuf_16)
                  0.05    0.12   20.26 ^ clkbuf_1_0__f_clk/X (sky130_fd_sc_hd__clkbuf_16)
    14    0.03                           clknet_1_0__leaf_clk (net)
                  0.05    0.00   20.26 ^ _407_/CLK (sky130_fd_sc_hd__dfrtp_4)
                         -0.25   20.01   clock uncertainty
                          0.01   20.03   clock reconvergence pessimism
                         -0.10   19.92   library setup time
                                 19.92   data required time
-----------------------------------------------------------------------------
                                 19.92   data required time
                                 -3.19   data arrival time
-----------------------------------------------------------------------------
                                 16.73   slack (MET)


Startpoint: _399_ (rising edge-triggered flip-flop clocked by clk)
Endpoint: _406_ (rising edge-triggered flip-flop clocked by clk)
Path Group: clk
Path Type: max

Fanout     Cap    Slew   Delay    Time   Description
-----------------------------------------------------------------------------
                          0.00    0.00   clock clk (rise edge)
                          0.00    0.00   clock source latency
                  0.04    0.03    0.03 ^ clk (in)
     1    0.01                           clk (net)
                  0.04    0.00    0.03 ^ clkbuf_0_clk/A (sky130_fd_sc_hd__clkbuf_16)
                  0.04    0.13    0.16 ^ clkbuf_0_clk/X (sky130_fd_sc_hd__clkbuf_16)
     2    0.02                           clknet_0_clk (net)
                  0.04    0.00    0.16 ^ clkbuf_1_1__f_clk/A (sky130_fd_sc_hd__clkbuf_16)
                  0.05    0.14    0.29 ^ clkbuf_1_1__f_clk/X (sky130_fd_sc_hd__clkbuf_16)
    14    0.03                           clknet_1_1__leaf_clk (net)
                  0.05    0.00    0.29 ^ _399_/CLK (sky130_fd_sc_hd__dfrtp_4)
                  0.09    0.53    0.82 v _399_/Q (sky130_fd_sc_hd__dfrtp_4)
     9    0.02                           U_PC.pc[1] (net)
                  0.09    0.00    0.82 v _200_/B (sky130_fd_sc_hd__and2b_1)
                  0.05    0.20    1.02 v _200_/X (sky130_fd_sc_hd__and2b_1)
     4    0.01                           _186_ (net)
                  0.05    0.00    1.02 v _202_/B (sky130_fd_sc_hd__or3_1)
                  0.06    0.35    1.38 v _202_/X (sky130_fd_sc_hd__or3_1)
     1    0.00                           _188_ (net)
                  0.06    0.00    1.38 v _203_/A (sky130_fd_sc_hd__buf_4)
                  0.06    0.19    1.56 v _203_/X (sky130_fd_sc_hd__buf_4)
     9    0.04                           _189_ (net)
                  0.06    0.00    1.56 v _235_/A2 (sky130_fd_sc_hd__a221oi_4)
                  0.28    0.36    1.92 ^ _235_/Y (sky130_fd_sc_hd__a221oi_4)
     3    0.01                           _076_ (net)
                  0.28    0.00    1.92 ^ _238_/A3 (sky130_fd_sc_hd__a32oi_4)
                  0.12    0.17    2.10 v _238_/Y (sky130_fd_sc_hd__a32oi_4)
     5    0.01                           _079_ (net)
                  0.12    0.00    2.10 v _243_/A2 (sky130_fd_sc_hd__o211a_1)
                  0.05    0.25    2.34 v _243_/X (sky130_fd_sc_hd__o211a_1)
     2    0.00                           _084_ (net)
                  0.05    0.00    2.34 v _279_/A2 (sky130_fd_sc_hd__o311a_1)
                  0.06    0.35    2.69 v _279_/X (sky130_fd_sc_hd__o311a_1)
     3    0.00                           _117_ (net)
                  0.06    0.00    2.69 v _347_/A (sky130_fd_sc_hd__or3b_1)
                  0.06    0.38    3.08 v _347_/X (sky130_fd_sc_hd__or3b_1)
     1    0.00                           _169_ (net)
                  0.06    0.00    3.08 v _348_/B1 (sky130_fd_sc_hd__o21a_1)
                  0.03    0.11    3.18 v _348_/X (sky130_fd_sc_hd__o21a_1)
     1    0.00                           _032_ (net)
                  0.03    0.00    3.18 v _406_/D (sky130_fd_sc_hd__dfrtp_2)
                                  3.18   data arrival time

                         20.00   20.00   clock clk (rise edge)
                          0.00   20.00   clock source latency
                  0.04    0.03   20.03 ^ clk (in)
     1    0.01                           clk (net)
                  0.04    0.00   20.03 ^ clkbuf_0_clk/A (sky130_fd_sc_hd__clkbuf_16)
                  0.04    0.11   20.14 ^ clkbuf_0_clk/X (sky130_fd_sc_hd__clkbuf_16)
     2    0.02                           clknet_0_clk (net)
                  0.04    0.00   20.14 ^ clkbuf_1_0__f_clk/A (sky130_fd_sc_hd__clkbuf_16)
                  0.05    0.12   20.26 ^ clkbuf_1_0__f_clk/X (sky130_fd_sc_hd__clkbuf_16)
    14    0.03                           clknet_1_0__leaf_clk (net)
                  0.05    0.00   20.26 ^ _406_/CLK (sky130_fd_sc_hd__dfrtp_2)
                         -0.25   20.01   clock uncertainty
                          0.01   20.03   clock reconvergence pessimism
                         -0.11   19.92   library setup time
                                 19.92   data required time
-----------------------------------------------------------------------------
                                 19.92   data required time
                                 -3.18   data arrival time
-----------------------------------------------------------------------------
                                 16.74   slack (MET)


Startpoint: _399_ (rising edge-triggered flip-flop clocked by clk)
Endpoint: _422_ (rising edge-triggered flip-flop clocked by clk)
Path Group: clk
Path Type: max

Fanout     Cap    Slew   Delay    Time   Description
-----------------------------------------------------------------------------
                          0.00    0.00   clock clk (rise edge)
                          0.00    0.00   clock source latency
                  0.04    0.03    0.03 ^ clk (in)
     1    0.01                           clk (net)
                  0.04    0.00    0.03 ^ clkbuf_0_clk/A (sky130_fd_sc_hd__clkbuf_16)
                  0.04    0.13    0.16 ^ clkbuf_0_clk/X (sky130_fd_sc_hd__clkbuf_16)
     2    0.02                           clknet_0_clk (net)
                  0.04    0.00    0.16 ^ clkbuf_1_1__f_clk/A (sky130_fd_sc_hd__clkbuf_16)
                  0.05    0.14    0.29 ^ clkbuf_1_1__f_clk/X (sky130_fd_sc_hd__clkbuf_16)
    14    0.03                           clknet_1_1__leaf_clk (net)
                  0.05    0.00    0.29 ^ _399_/CLK (sky130_fd_sc_hd__dfrtp_4)
                  0.09    0.53    0.82 v _399_/Q (sky130_fd_sc_hd__dfrtp_4)
     9    0.02                           U_PC.pc[1] (net)
                  0.09    0.00    0.82 v _200_/B (sky130_fd_sc_hd__and2b_1)
                  0.05    0.20    1.02 v _200_/X (sky130_fd_sc_hd__and2b_1)
     4    0.01                           _186_ (net)
                  0.05    0.00    1.02 v _202_/B (sky130_fd_sc_hd__or3_1)
                  0.06    0.35    1.38 v _202_/X (sky130_fd_sc_hd__or3_1)
     1    0.00                           _188_ (net)
                  0.06    0.00    1.38 v _203_/A (sky130_fd_sc_hd__buf_4)
                  0.06    0.19    1.56 v _203_/X (sky130_fd_sc_hd__buf_4)
     9    0.04                           _189_ (net)
                  0.06    0.00    1.56 v _235_/A2 (sky130_fd_sc_hd__a221oi_4)
                  0.28    0.36    1.92 ^ _235_/Y (sky130_fd_sc_hd__a221oi_4)
     3    0.01                           _076_ (net)
                  0.28    0.00    1.92 ^ _238_/A3 (sky130_fd_sc_hd__a32oi_4)
                  0.12    0.17    2.10 v _238_/Y (sky130_fd_sc_hd__a32oi_4)
     5    0.01                           _079_ (net)
                  0.12    0.00    2.10 v _243_/A2 (sky130_fd_sc_hd__o211a_1)
                  0.05    0.25    2.34 v _243_/X (sky130_fd_sc_hd__o211a_1)
     2    0.00                           _084_ (net)
                  0.05    0.00    2.34 v _279_/A2 (sky130_fd_sc_hd__o311a_1)
                  0.06    0.35    2.69 v _279_/X (sky130_fd_sc_hd__o311a_1)
     3    0.00                           _117_ (net)
                  0.06    0.00    2.69 v _280_/B (sky130_fd_sc_hd__or2_1)
                  0.04    0.21    2.90 v _280_/X (sky130_fd_sc_hd__or2_1)
     1    0.00                           _118_ (net)
                  0.04    0.00    2.90 v _281_/A (sky130_fd_sc_hd__clkbuf_1)
                  0.02    0.09    2.99 v _281_/X (sky130_fd_sc_hd__clkbuf_1)
     1    0.00                           _048_ (net)
                  0.02    0.00    2.99 v _422_/D (sky130_fd_sc_hd__dfrtp_4)
                                  2.99   data arrival time

                         20.00   20.00   clock clk (rise edge)
                          0.00   20.00   clock source latency
                  0.04    0.03   20.03 ^ clk (in)
     1    0.01                           clk (net)
                  0.04    0.00   20.03 ^ clkbuf_0_clk/A (sky130_fd_sc_hd__clkbuf_16)
                  0.04    0.11   20.14 ^ clkbuf_0_clk/X (sky130_fd_sc_hd__clkbuf_16)
     2    0.02                           clknet_0_clk (net)
                  0.04    0.00   20.14 ^ clkbuf_1_0__f_clk/A (sky130_fd_sc_hd__clkbuf_16)
                  0.05    0.12   20.26 ^ clkbuf_1_0__f_clk/X (sky130_fd_sc_hd__clkbuf_16)
    14    0.03                           clknet_1_0__leaf_clk (net)
                  0.05    0.00   20.26 ^ _422_/CLK (sky130_fd_sc_hd__dfrtp_4)
                         -0.25   20.01   clock uncertainty
                          0.01   20.03   clock reconvergence pessimism
                         -0.10   19.92   library setup time
                                 19.92   data required time
-----------------------------------------------------------------------------
                                 19.92   data required time
                                 -2.99   data arrival time
-----------------------------------------------------------------------------
                                 16.93   slack (MET)


Startpoint: _399_ (rising edge-triggered flip-flop clocked by clk)
Endpoint: _404_ (rising edge-triggered flip-flop clocked by clk)
Path Group: clk
Path Type: max

Fanout     Cap    Slew   Delay    Time   Description
-----------------------------------------------------------------------------
                          0.00    0.00   clock clk (rise edge)
                          0.00    0.00   clock source latency
                  0.04    0.03    0.03 ^ clk (in)
     1    0.01                           clk (net)
                  0.04    0.00    0.03 ^ clkbuf_0_clk/A (sky130_fd_sc_hd__clkbuf_16)
                  0.04    0.13    0.16 ^ clkbuf_0_clk/X (sky130_fd_sc_hd__clkbuf_16)
     2    0.02                           clknet_0_clk (net)
                  0.04    0.00    0.16 ^ clkbuf_1_1__f_clk/A (sky130_fd_sc_hd__clkbuf_16)
                  0.05    0.14    0.29 ^ clkbuf_1_1__f_clk/X (sky130_fd_sc_hd__clkbuf_16)
    14    0.03                           clknet_1_1__leaf_clk (net)
                  0.05    0.00    0.29 ^ _399_/CLK (sky130_fd_sc_hd__dfrtp_4)
                  0.09    0.53    0.82 v _399_/Q (sky130_fd_sc_hd__dfrtp_4)
     9    0.02                           U_PC.pc[1] (net)
                  0.09    0.00    0.82 v _200_/B (sky130_fd_sc_hd__and2b_1)
                  0.05    0.20    1.02 v _200_/X (sky130_fd_sc_hd__and2b_1)
     4    0.01                           _186_ (net)
                  0.05    0.00    1.02 v _202_/B (sky130_fd_sc_hd__or3_1)
                  0.06    0.35    1.38 v _202_/X (sky130_fd_sc_hd__or3_1)
     1    0.00                           _188_ (net)
                  0.06    0.00    1.38 v _203_/A (sky130_fd_sc_hd__buf_4)
                  0.06    0.19    1.56 v _203_/X (sky130_fd_sc_hd__buf_4)
     9    0.04                           _189_ (net)
                  0.06    0.00    1.56 v _235_/A2 (sky130_fd_sc_hd__a221oi_4)
                  0.28    0.36    1.92 ^ _235_/Y (sky130_fd_sc_hd__a221oi_4)
     3    0.01                           _076_ (net)
                  0.28    0.00    1.92 ^ _238_/A3 (sky130_fd_sc_hd__a32oi_4)
                  0.12    0.17    2.10 v _238_/Y (sky130_fd_sc_hd__a32oi_4)
     5    0.01                           _079_ (net)
                  0.12    0.00    2.10 v _288_/A (sky130_fd_sc_hd__xor2_1)
                  0.07    0.19    2.28 v _288_/X (sky130_fd_sc_hd__xor2_1)
     1    0.00                           _124_ (net)
                  0.07    0.00    2.28 v _291_/A2 (sky130_fd_sc_hd__a211o_1)
                  0.06    0.33    2.61 v _291_/X (sky130_fd_sc_hd__a211o_1)
     3    0.01                           _127_ (net)
                  0.06    0.00    2.61 v _351_/A1 (sky130_fd_sc_hd__mux2_1)
                  0.05    0.30    2.91 v _351_/X (sky130_fd_sc_hd__mux2_1)
     1    0.00                           _171_ (net)
                  0.05    0.00    2.91 v _352_/A (sky130_fd_sc_hd__clkbuf_1)
                  0.02    0.09    3.00 v _352_/X (sky130_fd_sc_hd__clkbuf_1)
     1    0.00                           _030_ (net)
                  0.02    0.00    3.00 v _404_/D (sky130_fd_sc_hd__dfrtp_4)
                                  3.00   data arrival time

                         20.00   20.00   clock clk (rise edge)
                          0.00   20.00   clock source latency
                  0.04    0.03   20.03 ^ clk (in)
     1    0.01                           clk (net)
                  0.04    0.00   20.03 ^ clkbuf_0_clk/A (sky130_fd_sc_hd__clkbuf_16)
                  0.04    0.11   20.14 ^ clkbuf_0_clk/X (sky130_fd_sc_hd__clkbuf_16)
     2    0.02                           clknet_0_clk (net)
                  0.04    0.00   20.14 ^ clkbuf_1_1__f_clk/A (sky130_fd_sc_hd__clkbuf_16)
                  0.05    0.12   20.26 ^ clkbuf_1_1__f_clk/X (sky130_fd_sc_hd__clkbuf_16)
    14    0.03                           clknet_1_1__leaf_clk (net)
                  0.05    0.00   20.26 ^ _404_/CLK (sky130_fd_sc_hd__dfrtp_4)
                         -0.25   20.01   clock uncertainty
                          0.03   20.04   clock reconvergence pessimism
                         -0.10   19.94   library setup time
                                 19.94   data required time
-----------------------------------------------------------------------------
                                 19.94   data required time
                                 -3.00   data arrival time
-----------------------------------------------------------------------------
                                 16.94   slack (MET)


Startpoint: _399_ (rising edge-triggered flip-flop clocked by clk)
Endpoint: _423_ (rising edge-triggered flip-flop clocked by clk)
Path Group: clk
Path Type: max

Fanout     Cap    Slew   Delay    Time   Description
-----------------------------------------------------------------------------
                          0.00    0.00   clock clk (rise edge)
                          0.00    0.00   clock source latency
                  0.04    0.03    0.03 ^ clk (in)
     1    0.01                           clk (net)
                  0.04    0.00    0.03 ^ clkbuf_0_clk/A (sky130_fd_sc_hd__clkbuf_16)
                  0.04    0.13    0.16 ^ clkbuf_0_clk/X (sky130_fd_sc_hd__clkbuf_16)
     2    0.02                           clknet_0_clk (net)
                  0.04    0.00    0.16 ^ clkbuf_1_1__f_clk/A (sky130_fd_sc_hd__clkbuf_16)
                  0.05    0.14    0.29 ^ clkbuf_1_1__f_clk/X (sky130_fd_sc_hd__clkbuf_16)
    14    0.03                           clknet_1_1__leaf_clk (net)
                  0.05    0.00    0.29 ^ _399_/CLK (sky130_fd_sc_hd__dfrtp_4)
                  0.09    0.53    0.82 v _399_/Q (sky130_fd_sc_hd__dfrtp_4)
     9    0.02                           U_PC.pc[1] (net)
                  0.09    0.00    0.82 v _200_/B (sky130_fd_sc_hd__and2b_1)
                  0.05    0.20    1.02 v _200_/X (sky130_fd_sc_hd__and2b_1)
     4    0.01                           _186_ (net)
                  0.05    0.00    1.02 v _202_/B (sky130_fd_sc_hd__or3_1)
                  0.06    0.35    1.38 v _202_/X (sky130_fd_sc_hd__or3_1)
     1    0.00                           _188_ (net)
                  0.06    0.00    1.38 v _203_/A (sky130_fd_sc_hd__buf_4)
                  0.06    0.19    1.56 v _203_/X (sky130_fd_sc_hd__buf_4)
     9    0.04                           _189_ (net)
                  0.06    0.00    1.56 v _235_/A2 (sky130_fd_sc_hd__a221oi_4)
                  0.28    0.36    1.92 ^ _235_/Y (sky130_fd_sc_hd__a221oi_4)
     3    0.01                           _076_ (net)
                  0.28    0.00    1.92 ^ _238_/A3 (sky130_fd_sc_hd__a32oi_4)
                  0.12    0.17    2.10 v _238_/Y (sky130_fd_sc_hd__a32oi_4)
     5    0.01                           _079_ (net)
                  0.12    0.00    2.10 v _243_/A2 (sky130_fd_sc_hd__o211a_1)
                  0.05    0.25    2.34 v _243_/X (sky130_fd_sc_hd__o211a_1)
     2    0.00                           _084_ (net)
                  0.05    0.00    2.34 v _248_/A2 (sky130_fd_sc_hd__o211a_1)
                  0.06    0.24    2.58 v _248_/X (sky130_fd_sc_hd__o211a_1)
     3    0.01                           _089_ (net)
                  0.06    0.00    2.58 v _277_/B1 (sky130_fd_sc_hd__a211oi_1)
                  0.25    0.27    2.85 ^ _277_/Y (sky130_fd_sc_hd__a211oi_1)
     2    0.01                           _116_ (net)
                  0.25    0.00    2.85 ^ _278_/A2 (sky130_fd_sc_hd__a21o_1)
                  0.03    0.16    3.01 ^ _278_/X (sky130_fd_sc_hd__a21o_1)
     1    0.00                           _049_ (net)
                  0.03    0.00    3.01 ^ _423_/D (sky130_fd_sc_hd__dfrtp_4)
                                  3.01   data arrival time

                         20.00   20.00   clock clk (rise edge)
                          0.00   20.00   clock source latency
                  0.04    0.03   20.03 ^ clk (in)
     1    0.01                           clk (net)
                  0.04    0.00   20.03 ^ clkbuf_0_clk/A (sky130_fd_sc_hd__clkbuf_16)
                  0.04    0.11   20.14 ^ clkbuf_0_clk/X (sky130_fd_sc_hd__clkbuf_16)
     2    0.02                           clknet_0_clk (net)
                  0.04    0.00   20.14 ^ clkbuf_1_0__f_clk/A (sky130_fd_sc_hd__clkbuf_16)
                  0.05    0.12   20.26 ^ clkbuf_1_0__f_clk/X (sky130_fd_sc_hd__clkbuf_16)
    14    0.03                           clknet_1_0__leaf_clk (net)
                  0.05    0.00   20.26 ^ _423_/CLK (sky130_fd_sc_hd__dfrtp_4)
                         -0.25   20.01   clock uncertainty
                          0.01   20.03   clock reconvergence pessimism
                         -0.06   19.97   library setup time
                                 19.97   data required time
-----------------------------------------------------------------------------
                                 19.97   data required time
                                 -3.01   data arrival time
-----------------------------------------------------------------------------
                                 16.96   slack (MET)


Startpoint: _399_ (rising edge-triggered flip-flop clocked by clk)
Endpoint: _420_ (rising edge-triggered flip-flop clocked by clk)
Path Group: clk
Path Type: max

Fanout     Cap    Slew   Delay    Time   Description
-----------------------------------------------------------------------------
                          0.00    0.00   clock clk (rise edge)
                          0.00    0.00   clock source latency
                  0.04    0.03    0.03 ^ clk (in)
     1    0.01                           clk (net)
                  0.04    0.00    0.03 ^ clkbuf_0_clk/A (sky130_fd_sc_hd__clkbuf_16)
                  0.04    0.13    0.16 ^ clkbuf_0_clk/X (sky130_fd_sc_hd__clkbuf_16)
     2    0.02                           clknet_0_clk (net)
                  0.04    0.00    0.16 ^ clkbuf_1_1__f_clk/A (sky130_fd_sc_hd__clkbuf_16)
                  0.05    0.14    0.29 ^ clkbuf_1_1__f_clk/X (sky130_fd_sc_hd__clkbuf_16)
    14    0.03                           clknet_1_1__leaf_clk (net)
                  0.05    0.00    0.29 ^ _399_/CLK (sky130_fd_sc_hd__dfrtp_4)
                  0.09    0.53    0.82 v _399_/Q (sky130_fd_sc_hd__dfrtp_4)
     9    0.02                           U_PC.pc[1] (net)
                  0.09    0.00    0.82 v _200_/B (sky130_fd_sc_hd__and2b_1)
                  0.05    0.20    1.02 v _200_/X (sky130_fd_sc_hd__and2b_1)
     4    0.01                           _186_ (net)
                  0.05    0.00    1.02 v _202_/B (sky130_fd_sc_hd__or3_1)
                  0.06    0.35    1.38 v _202_/X (sky130_fd_sc_hd__or3_1)
     1    0.00                           _188_ (net)
                  0.06    0.00    1.38 v _203_/A (sky130_fd_sc_hd__buf_4)
                  0.06    0.19    1.56 v _203_/X (sky130_fd_sc_hd__buf_4)
     9    0.04                           _189_ (net)
                  0.06    0.00    1.56 v _235_/A2 (sky130_fd_sc_hd__a221oi_4)
                  0.28    0.36    1.92 ^ _235_/Y (sky130_fd_sc_hd__a221oi_4)
     3    0.01                           _076_ (net)
                  0.28    0.00    1.92 ^ _238_/A3 (sky130_fd_sc_hd__a32oi_4)
                  0.12    0.17    2.10 v _238_/Y (sky130_fd_sc_hd__a32oi_4)
     5    0.01                           _079_ (net)
                  0.12    0.00    2.10 v _288_/A (sky130_fd_sc_hd__xor2_1)
                  0.07    0.19    2.28 v _288_/X (sky130_fd_sc_hd__xor2_1)
     1    0.00                           _124_ (net)
                  0.07    0.00    2.28 v _291_/A2 (sky130_fd_sc_hd__a211o_1)
                  0.06    0.33    2.61 v _291_/X (sky130_fd_sc_hd__a211o_1)
     3    0.01                           _127_ (net)
                  0.06    0.00    2.61 v _292_/A2 (sky130_fd_sc_hd__a21bo_1)
                  0.03    0.19    2.80 v _292_/X (sky130_fd_sc_hd__a21bo_1)
     1    0.00                           _046_ (net)
                  0.03    0.00    2.80 v _420_/D (sky130_fd_sc_hd__dfrtp_4)
                                  2.80   data arrival time

                         20.00   20.00   clock clk (rise edge)
                          0.00   20.00   clock source latency
                  0.04    0.03   20.03 ^ clk (in)
     1    0.01                           clk (net)
                  0.04    0.00   20.03 ^ clkbuf_0_clk/A (sky130_fd_sc_hd__clkbuf_16)
                  0.04    0.11   20.14 ^ clkbuf_0_clk/X (sky130_fd_sc_hd__clkbuf_16)
     2    0.02                           clknet_0_clk (net)
                  0.04    0.00   20.14 ^ clkbuf_1_1__f_clk/A (sky130_fd_sc_hd__clkbuf_16)
                  0.05    0.12   20.26 ^ clkbuf_1_1__f_clk/X (sky130_fd_sc_hd__clkbuf_16)
    14    0.03                           clknet_1_1__leaf_clk (net)
                  0.05    0.00   20.26 ^ _420_/CLK (sky130_fd_sc_hd__dfrtp_4)
                         -0.25   20.01   clock uncertainty
                          0.03   20.04   clock reconvergence pessimism
                         -0.11   19.93   library setup time
                                 19.93   data required time
-----------------------------------------------------------------------------
                                 19.93   data required time
                                 -2.80   data arrival time
-----------------------------------------------------------------------------
                                 17.13   slack (MET)


Startpoint: _399_ (rising edge-triggered flip-flop clocked by clk)
Endpoint: _403_ (rising edge-triggered flip-flop clocked by clk)
Path Group: clk
Path Type: max

Fanout     Cap    Slew   Delay    Time   Description
-----------------------------------------------------------------------------
                          0.00    0.00   clock clk (rise edge)
                          0.00    0.00   clock source latency
                  0.04    0.03    0.03 ^ clk (in)
     1    0.01                           clk (net)
                  0.04    0.00    0.03 ^ clkbuf_0_clk/A (sky130_fd_sc_hd__clkbuf_16)
                  0.04    0.13    0.16 ^ clkbuf_0_clk/X (sky130_fd_sc_hd__clkbuf_16)
     2    0.02                           clknet_0_clk (net)
                  0.04    0.00    0.16 ^ clkbuf_1_1__f_clk/A (sky130_fd_sc_hd__clkbuf_16)
                  0.05    0.14    0.29 ^ clkbuf_1_1__f_clk/X (sky130_fd_sc_hd__clkbuf_16)
    14    0.03                           clknet_1_1__leaf_clk (net)
                  0.05    0.00    0.29 ^ _399_/CLK (sky130_fd_sc_hd__dfrtp_4)
                  0.09    0.53    0.82 v _399_/Q (sky130_fd_sc_hd__dfrtp_4)
     9    0.02                           U_PC.pc[1] (net)
                  0.09    0.00    0.82 v _200_/B (sky130_fd_sc_hd__and2b_1)
                  0.05    0.20    1.02 v _200_/X (sky130_fd_sc_hd__and2b_1)
     4    0.01                           _186_ (net)
                  0.05    0.00    1.02 v _202_/B (sky130_fd_sc_hd__or3_1)
                  0.06    0.35    1.38 v _202_/X (sky130_fd_sc_hd__or3_1)
     1    0.00                           _188_ (net)
                  0.06    0.00    1.38 v _203_/A (sky130_fd_sc_hd__buf_4)
                  0.06    0.19    1.56 v _203_/X (sky130_fd_sc_hd__buf_4)
     9    0.04                           _189_ (net)
                  0.06    0.00    1.56 v _235_/A2 (sky130_fd_sc_hd__a221oi_4)
                  0.28    0.36    1.92 ^ _235_/Y (sky130_fd_sc_hd__a221oi_4)
     3    0.01                           _076_ (net)
                  0.28    0.00    1.92 ^ _294_/C1 (sky130_fd_sc_hd__a211o_1)
                  0.06    0.16    2.08 ^ _294_/X (sky130_fd_sc_hd__a211o_1)
     2    0.00                           _129_ (net)
                  0.06    0.00    2.08 ^ _296_/A (sky130_fd_sc_hd__nand2_1)
                  0.04    0.05    2.13 v _296_/Y (sky130_fd_sc_hd__nand2_1)
     1    0.00                           _131_ (net)
                  0.04    0.00    2.13 v _299_/A2 (sky130_fd_sc_hd__a21o_1)
                  0.05    0.19    2.32 v _299_/X (sky130_fd_sc_hd__a21o_1)
     3    0.01                           _134_ (net)
                  0.05    0.00    2.32 v _353_/A1 (sky130_fd_sc_hd__mux2_1)
                  0.05    0.29    2.62 v _353_/X (sky130_fd_sc_hd__mux2_1)
     1    0.00                           _172_ (net)
                  0.05    0.00    2.62 v _354_/A (sky130_fd_sc_hd__clkbuf_1)
                  0.02    0.09    2.71 v _354_/X (sky130_fd_sc_hd__clkbuf_1)
     1    0.00                           _029_ (net)
                  0.02    0.00    2.71 v _403_/D (sky130_fd_sc_hd__dfrtp_4)
                                  2.71   data arrival time

                         20.00   20.00   clock clk (rise edge)
                          0.00   20.00   clock source latency
                  0.04    0.03   20.03 ^ clk (in)
     1    0.01                           clk (net)
                  0.04    0.00   20.03 ^ clkbuf_0_clk/A (sky130_fd_sc_hd__clkbuf_16)
                  0.04    0.11   20.14 ^ clkbuf_0_clk/X (sky130_fd_sc_hd__clkbuf_16)
     2    0.02                           clknet_0_clk (net)
                  0.04    0.00   20.14 ^ clkbuf_1_1__f_clk/A (sky130_fd_sc_hd__clkbuf_16)
                  0.05    0.12   20.26 ^ clkbuf_1_1__f_clk/X (sky130_fd_sc_hd__clkbuf_16)
    14    0.03                           clknet_1_1__leaf_clk (net)
                  0.05    0.00   20.26 ^ _403_/CLK (sky130_fd_sc_hd__dfrtp_4)
                         -0.25   20.01   clock uncertainty
                          0.03   20.04   clock reconvergence pessimism
                         -0.10   19.94   library setup time
                                 19.94   data required time
-----------------------------------------------------------------------------
                                 19.94   data required time
                                 -2.71   data arrival time
-----------------------------------------------------------------------------
                                 17.23   slack (MET)


Startpoint: _399_ (rising edge-triggered flip-flop clocked by clk)
Endpoint: _419_ (rising edge-triggered flip-flop clocked by clk)
Path Group: clk
Path Type: max

Fanout     Cap    Slew   Delay    Time   Description
-----------------------------------------------------------------------------
                          0.00    0.00   clock clk (rise edge)
                          0.00    0.00   clock source latency
                  0.04    0.03    0.03 ^ clk (in)
     1    0.01                           clk (net)
                  0.04    0.00    0.03 ^ clkbuf_0_clk/A (sky130_fd_sc_hd__clkbuf_16)
                  0.04    0.13    0.16 ^ clkbuf_0_clk/X (sky130_fd_sc_hd__clkbuf_16)
     2    0.02                           clknet_0_clk (net)
                  0.04    0.00    0.16 ^ clkbuf_1_1__f_clk/A (sky130_fd_sc_hd__clkbuf_16)
                  0.05    0.14    0.29 ^ clkbuf_1_1__f_clk/X (sky130_fd_sc_hd__clkbuf_16)
    14    0.03                           clknet_1_1__leaf_clk (net)
                  0.05    0.00    0.29 ^ _399_/CLK (sky130_fd_sc_hd__dfrtp_4)
                  0.09    0.53    0.82 v _399_/Q (sky130_fd_sc_hd__dfrtp_4)
     9    0.02                           U_PC.pc[1] (net)
                  0.09    0.00    0.82 v _200_/B (sky130_fd_sc_hd__and2b_1)
                  0.05    0.20    1.02 v _200_/X (sky130_fd_sc_hd__and2b_1)
     4    0.01                           _186_ (net)
                  0.05    0.00    1.02 v _202_/B (sky130_fd_sc_hd__or3_1)
                  0.06    0.35    1.38 v _202_/X (sky130_fd_sc_hd__or3_1)
     1    0.00                           _188_ (net)
                  0.06    0.00    1.38 v _203_/A (sky130_fd_sc_hd__buf_4)
                  0.06    0.19    1.56 v _203_/X (sky130_fd_sc_hd__buf_4)
     9    0.04                           _189_ (net)
                  0.06    0.00    1.56 v _235_/A2 (sky130_fd_sc_hd__a221oi_4)
                  0.28    0.36    1.92 ^ _235_/Y (sky130_fd_sc_hd__a221oi_4)
     3    0.01                           _076_ (net)
                  0.28    0.00    1.92 ^ _294_/C1 (sky130_fd_sc_hd__a211o_1)
                  0.06    0.16    2.08 ^ _294_/X (sky130_fd_sc_hd__a211o_1)
     2    0.00                           _129_ (net)
                  0.06    0.00    2.08 ^ _296_/A (sky130_fd_sc_hd__nand2_1)
                  0.04    0.05    2.13 v _296_/Y (sky130_fd_sc_hd__nand2_1)
     1    0.00                           _131_ (net)
                  0.04    0.00    2.13 v _299_/A2 (sky130_fd_sc_hd__a21o_1)
                  0.05    0.19    2.32 v _299_/X (sky130_fd_sc_hd__a21o_1)
     3    0.01                           _134_ (net)
                  0.05    0.00    2.32 v _300_/A2 (sky130_fd_sc_hd__a21o_1)
                  0.03    0.17    2.50 v _300_/X (sky130_fd_sc_hd__a21o_1)
     1    0.00                           _045_ (net)
                  0.03    0.00    2.50 v _419_/D (sky130_fd_sc_hd__dfrtp_4)
                                  2.50   data arrival time

                         20.00   20.00   clock clk (rise edge)
                          0.00   20.00   clock source latency
                  0.04    0.03   20.03 ^ clk (in)
     1    0.01                           clk (net)
                  0.04    0.00   20.03 ^ clkbuf_0_clk/A (sky130_fd_sc_hd__clkbuf_16)
                  0.04    0.11   20.14 ^ clkbuf_0_clk/X (sky130_fd_sc_hd__clkbuf_16)
     2    0.02                           clknet_0_clk (net)
                  0.04    0.00   20.14 ^ clkbuf_1_1__f_clk/A (sky130_fd_sc_hd__clkbuf_16)
                  0.05    0.12   20.26 ^ clkbuf_1_1__f_clk/X (sky130_fd_sc_hd__clkbuf_16)
    14    0.03                           clknet_1_1__leaf_clk (net)
                  0.05    0.00   20.26 ^ _419_/CLK (sky130_fd_sc_hd__dfrtp_4)
                         -0.25   20.01   clock uncertainty
                          0.03   20.04   clock reconvergence pessimism
                         -0.11   19.93   library setup time
                                 19.93   data required time
-----------------------------------------------------------------------------
                                 19.93   data required time
                                 -2.50   data arrival time
-----------------------------------------------------------------------------
                                 17.44   slack (MET)


Startpoint: _401_ (rising edge-triggered flip-flop clocked by clk)
Endpoint: _402_ (rising edge-triggered flip-flop clocked by clk)
Path Group: clk
Path Type: max

Fanout     Cap    Slew   Delay    Time   Description
-----------------------------------------------------------------------------
                          0.00    0.00   clock clk (rise edge)
                          0.00    0.00   clock source latency
                  0.04    0.03    0.03 ^ clk (in)
     1    0.01                           clk (net)
                  0.04    0.00    0.03 ^ clkbuf_0_clk/A (sky130_fd_sc_hd__clkbuf_16)
                  0.04    0.13    0.16 ^ clkbuf_0_clk/X (sky130_fd_sc_hd__clkbuf_16)
     2    0.02                           clknet_0_clk (net)
                  0.04    0.00    0.16 ^ clkbuf_1_1__f_clk/A (sky130_fd_sc_hd__clkbuf_16)
                  0.05    0.14    0.29 ^ clkbuf_1_1__f_clk/X (sky130_fd_sc_hd__clkbuf_16)
    14    0.03                           clknet_1_1__leaf_clk (net)
                  0.05    0.00    0.29 ^ _401_/CLK (sky130_fd_sc_hd__dfrtp_4)
                  0.08    0.52    0.81 v _401_/Q (sky130_fd_sc_hd__dfrtp_4)
     8    0.02                           U_PC.pc[3] (net)
                  0.08    0.00    0.81 v _232_/A (sky130_fd_sc_hd__nor3_2)
                  0.30    0.32    1.14 ^ _232_/Y (sky130_fd_sc_hd__nor3_2)
     5    0.02                           _073_ (net)
                  0.30    0.00    1.14 ^ max_cap28/A (sky130_fd_sc_hd__buf_2)
                  0.10    0.23    1.37 ^ max_cap28/X (sky130_fd_sc_hd__buf_2)
     5    0.02                           net28 (net)
                  0.10    0.00    1.37 ^ _265_/B (sky130_fd_sc_hd__and2_1)
                  0.04    0.13    1.50 ^ _265_/X (sky130_fd_sc_hd__and2_1)
     1    0.00                           _106_ (net)
                  0.04    0.00    1.50 ^ _266_/A (sky130_fd_sc_hd__clkbuf_4)
                  0.08    0.17    1.66 ^ _266_/X (sky130_fd_sc_hd__clkbuf_4)
     9    0.02                           _107_ (net)
                  0.08    0.00    1.66 ^ _308_/A2 (sky130_fd_sc_hd__a211o_1)
                  0.03    0.12    1.78 ^ _308_/X (sky130_fd_sc_hd__a211o_1)
     1    0.00                           _141_ (net)
                  0.03    0.00    1.78 ^ _309_/B1_N (sky130_fd_sc_hd__a21bo_1)
                  0.04    0.20    1.98 v _309_/X (sky130_fd_sc_hd__a21bo_1)
     2    0.00                           _142_ (net)
                  0.04    0.00    1.98 v _355_/A1 (sky130_fd_sc_hd__mux2_1)
                  0.05    0.29    2.27 v _355_/X (sky130_fd_sc_hd__mux2_1)
     1    0.00                           _173_ (net)
                  0.05    0.00    2.27 v _356_/A (sky130_fd_sc_hd__clkbuf_1)
                  0.02    0.09    2.36 v _356_/X (sky130_fd_sc_hd__clkbuf_1)
     1    0.00                           _028_ (net)
                  0.02    0.00    2.36 v _402_/D (sky130_fd_sc_hd__dfrtp_4)
                                  2.36   data arrival time

                         20.00   20.00   clock clk (rise edge)
                          0.00   20.00   clock source latency
                  0.04    0.03   20.03 ^ clk (in)
     1    0.01                           clk (net)
                  0.04    0.00   20.03 ^ clkbuf_0_clk/A (sky130_fd_sc_hd__clkbuf_16)
                  0.04    0.11   20.14 ^ clkbuf_0_clk/X (sky130_fd_sc_hd__clkbuf_16)
     2    0.02                           clknet_0_clk (net)
                  0.04    0.00   20.14 ^ clkbuf_1_1__f_clk/A (sky130_fd_sc_hd__clkbuf_16)
                  0.05    0.12   20.26 ^ clkbuf_1_1__f_clk/X (sky130_fd_sc_hd__clkbuf_16)
    14    0.03                           clknet_1_1__leaf_clk (net)
                  0.05    0.00   20.26 ^ _402_/CLK (sky130_fd_sc_hd__dfrtp_4)
                         -0.25   20.01   clock uncertainty
                          0.03   20.04   clock reconvergence pessimism
                         -0.10   19.94   library setup time
                                 19.94   data required time
-----------------------------------------------------------------------------
                                 19.94   data required time
                                 -2.36   data arrival time
-----------------------------------------------------------------------------
                                 17.58   slack (MET)


Startpoint: _398_ (rising edge-triggered flip-flop clocked by clk)
Endpoint: _399_ (rising edge-triggered flip-flop clocked by clk)
Path Group: clk
Path Type: max

Fanout     Cap    Slew   Delay    Time   Description
-----------------------------------------------------------------------------
                          0.00    0.00   clock clk (rise edge)
                          0.00    0.00   clock source latency
                  0.04    0.03    0.03 ^ clk (in)
     1    0.01                           clk (net)
                  0.04    0.00    0.03 ^ clkbuf_0_clk/A (sky130_fd_sc_hd__clkbuf_16)
                  0.04    0.13    0.16 ^ clkbuf_0_clk/X (sky130_fd_sc_hd__clkbuf_16)
     2    0.02                           clknet_0_clk (net)
                  0.04    0.00    0.16 ^ clkbuf_1_1__f_clk/A (sky130_fd_sc_hd__clkbuf_16)
                  0.05    0.14    0.29 ^ clkbuf_1_1__f_clk/X (sky130_fd_sc_hd__clkbuf_16)
    14    0.03                           clknet_1_1__leaf_clk (net)
                  0.05    0.00    0.29 ^ _398_/CLK (sky130_fd_sc_hd__dfrtp_4)
                  0.08    0.53    0.82 v _398_/Q (sky130_fd_sc_hd__dfrtp_4)
    10    0.02                           U_PC.pc[0] (net)
                  0.08    0.00    0.82 v _204_/A (sky130_fd_sc_hd__or2b_1)
                  0.05    0.25    1.06 v _204_/X (sky130_fd_sc_hd__or2b_1)
     2    0.00                           _190_ (net)
                  0.05    0.00    1.06 v _205_/A (sky130_fd_sc_hd__clkbuf_4)
                  0.05    0.17    1.23 v _205_/X (sky130_fd_sc_hd__clkbuf_4)
    10    0.02                           _191_ (net)
                  0.05    0.00    1.23 v _224_/A (sky130_fd_sc_hd__and2_2)
                  0.08    0.23    1.46 v _224_/X (sky130_fd_sc_hd__and2_2)
     6    0.02                           _065_ (net)
                  0.08    0.00    1.46 v _307_/A (sky130_fd_sc_hd__clkbuf_4)
                  0.07    0.20    1.66 v _307_/X (sky130_fd_sc_hd__clkbuf_4)
    10    0.03                           _140_ (net)
                  0.07    0.00    1.66 v _358_/B1 (sky130_fd_sc_hd__o21a_1)
                  0.04    0.11    1.77 v _358_/X (sky130_fd_sc_hd__o21a_1)
     2    0.00                           _174_ (net)
                  0.04    0.00    1.77 v _360_/B (sky130_fd_sc_hd__or3_1)
                  0.06    0.34    2.12 v _360_/X (sky130_fd_sc_hd__or3_1)
     1    0.00                           _176_ (net)
                  0.06    0.00    2.12 v _361_/A (sky130_fd_sc_hd__clkbuf_1)
                  0.02    0.09    2.21 v _361_/X (sky130_fd_sc_hd__clkbuf_1)
     1    0.00                           U_PC.next_pc[1] (net)
                  0.02    0.00    2.21 v _399_/D (sky130_fd_sc_hd__dfrtp_4)
                                  2.21   data arrival time

                         20.00   20.00   clock clk (rise edge)
                          0.00   20.00   clock source latency
                  0.04    0.03   20.03 ^ clk (in)
     1    0.01                           clk (net)
                  0.04    0.00   20.03 ^ clkbuf_0_clk/A (sky130_fd_sc_hd__clkbuf_16)
                  0.04    0.11   20.14 ^ clkbuf_0_clk/X (sky130_fd_sc_hd__clkbuf_16)
     2    0.02                           clknet_0_clk (net)
                  0.04    0.00   20.14 ^ clkbuf_1_1__f_clk/A (sky130_fd_sc_hd__clkbuf_16)
                  0.05    0.12   20.26 ^ clkbuf_1_1__f_clk/X (sky130_fd_sc_hd__clkbuf_16)
    14    0.03                           clknet_1_1__leaf_clk (net)
                  0.05    0.00   20.26 ^ _399_/CLK (sky130_fd_sc_hd__dfrtp_4)
                         -0.25   20.01   clock uncertainty
                          0.03   20.04   clock reconvergence pessimism
                         -0.10   19.94   library setup time
                                 19.94   data required time
-----------------------------------------------------------------------------
                                 19.94   data required time
                                 -2.21   data arrival time
-----------------------------------------------------------------------------
                                 17.73   slack (MET)


Startpoint: _398_ (rising edge-triggered flip-flop clocked by clk)
Endpoint: _400_ (rising edge-triggered flip-flop clocked by clk)
Path Group: clk
Path Type: max

Fanout     Cap    Slew   Delay    Time   Description
-----------------------------------------------------------------------------
                          0.00    0.00   clock clk (rise edge)
                          0.00    0.00   clock source latency
                  0.04    0.03    0.03 ^ clk (in)
     1    0.01                           clk (net)
                  0.04    0.00    0.03 ^ clkbuf_0_clk/A (sky130_fd_sc_hd__clkbuf_16)
                  0.04    0.13    0.16 ^ clkbuf_0_clk/X (sky130_fd_sc_hd__clkbuf_16)
     2    0.02                           clknet_0_clk (net)
                  0.04    0.00    0.16 ^ clkbuf_1_1__f_clk/A (sky130_fd_sc_hd__clkbuf_16)
                  0.05    0.14    0.29 ^ clkbuf_1_1__f_clk/X (sky130_fd_sc_hd__clkbuf_16)
    14    0.03                           clknet_1_1__leaf_clk (net)
                  0.05    0.00    0.29 ^ _398_/CLK (sky130_fd_sc_hd__dfrtp_4)
                  0.08    0.53    0.82 v _398_/Q (sky130_fd_sc_hd__dfrtp_4)
    10    0.02                           U_PC.pc[0] (net)
                  0.08    0.00    0.82 v _204_/A (sky130_fd_sc_hd__or2b_1)
                  0.05    0.25    1.06 v _204_/X (sky130_fd_sc_hd__or2b_1)
     2    0.00                           _190_ (net)
                  0.05    0.00    1.06 v _205_/A (sky130_fd_sc_hd__clkbuf_4)
                  0.05    0.17    1.23 v _205_/X (sky130_fd_sc_hd__clkbuf_4)
    10    0.02                           _191_ (net)
                  0.05    0.00    1.23 v _224_/A (sky130_fd_sc_hd__and2_2)
                  0.08    0.23    1.46 v _224_/X (sky130_fd_sc_hd__and2_2)
     6    0.02                           _065_ (net)
                  0.08    0.00    1.46 v _307_/A (sky130_fd_sc_hd__clkbuf_4)
                  0.07    0.20    1.66 v _307_/X (sky130_fd_sc_hd__clkbuf_4)
    10    0.03                           _140_ (net)
                  0.07    0.00    1.66 v _358_/B1 (sky130_fd_sc_hd__o21a_1)
                  0.04    0.11    1.77 v _358_/X (sky130_fd_sc_hd__o21a_1)
     2    0.00                           _174_ (net)
                  0.04    0.00    1.77 v _364_/B2 (sky130_fd_sc_hd__o2bb2a_1)
                  0.05    0.27    2.05 v _364_/X (sky130_fd_sc_hd__o2bb2a_1)
     1    0.00                           U_PC.next_pc[2] (net)
                  0.05    0.00    2.05 v _400_/D (sky130_fd_sc_hd__dfrtp_4)
                                  2.05   data arrival time

                         20.00   20.00   clock clk (rise edge)
                          0.00   20.00   clock source latency
                  0.04    0.03   20.03 ^ clk (in)
     1    0.01                           clk (net)
                  0.04    0.00   20.03 ^ clkbuf_0_clk/A (sky130_fd_sc_hd__clkbuf_16)
                  0.04    0.11   20.14 ^ clkbuf_0_clk/X (sky130_fd_sc_hd__clkbuf_16)
     2    0.02                           clknet_0_clk (net)
                  0.04    0.00   20.14 ^ clkbuf_1_1__f_clk/A (sky130_fd_sc_hd__clkbuf_16)
                  0.05    0.12   20.26 ^ clkbuf_1_1__f_clk/X (sky130_fd_sc_hd__clkbuf_16)
    14    0.03                           clknet_1_1__leaf_clk (net)
                  0.05    0.00   20.26 ^ _400_/CLK (sky130_fd_sc_hd__dfrtp_4)
                         -0.25   20.01   clock uncertainty
                          0.03   20.04   clock reconvergence pessimism
                         -0.12   19.93   library setup time
                                 19.93   data required time
-----------------------------------------------------------------------------
                                 19.93   data required time
                                 -2.05   data arrival time
-----------------------------------------------------------------------------
                                 17.88   slack (MET)


Startpoint: _398_ (rising edge-triggered flip-flop clocked by clk)
Endpoint: _412_ (rising edge-triggered flip-flop clocked by clk)
Path Group: clk
Path Type: max

Fanout     Cap    Slew   Delay    Time   Description
-----------------------------------------------------------------------------
                          0.00    0.00   clock clk (rise edge)
                          0.00    0.00   clock source latency
                  0.04    0.03    0.03 ^ clk (in)
     1    0.01                           clk (net)
                  0.04    0.00    0.03 ^ clkbuf_0_clk/A (sky130_fd_sc_hd__clkbuf_16)
                  0.04    0.13    0.16 ^ clkbuf_0_clk/X (sky130_fd_sc_hd__clkbuf_16)
     2    0.02                           clknet_0_clk (net)
                  0.04    0.00    0.16 ^ clkbuf_1_1__f_clk/A (sky130_fd_sc_hd__clkbuf_16)
                  0.05    0.14    0.29 ^ clkbuf_1_1__f_clk/X (sky130_fd_sc_hd__clkbuf_16)
    14    0.03                           clknet_1_1__leaf_clk (net)
                  0.05    0.00    0.29 ^ _398_/CLK (sky130_fd_sc_hd__dfrtp_4)
                  0.08    0.53    0.82 v _398_/Q (sky130_fd_sc_hd__dfrtp_4)
    10    0.02                           U_PC.pc[0] (net)
                  0.08    0.00    0.82 v _204_/A (sky130_fd_sc_hd__or2b_1)
                  0.05    0.25    1.06 v _204_/X (sky130_fd_sc_hd__or2b_1)
     2    0.00                           _190_ (net)
                  0.05    0.00    1.06 v _205_/A (sky130_fd_sc_hd__clkbuf_4)
                  0.05    0.17    1.23 v _205_/X (sky130_fd_sc_hd__clkbuf_4)
    10    0.02                           _191_ (net)
                  0.05    0.00    1.23 v _224_/A (sky130_fd_sc_hd__and2_2)
                  0.08    0.23    1.46 v _224_/X (sky130_fd_sc_hd__and2_2)
     6    0.02                           _065_ (net)
                  0.08    0.00    1.46 v _307_/A (sky130_fd_sc_hd__clkbuf_4)
                  0.07    0.20    1.66 v _307_/X (sky130_fd_sc_hd__clkbuf_4)
    10    0.03                           _140_ (net)
                  0.07    0.00    1.66 v _336_/A2 (sky130_fd_sc_hd__a21o_1)
                  0.03    0.18    1.84 v _336_/X (sky130_fd_sc_hd__a21o_1)
     1    0.00                           _038_ (net)
                  0.03    0.00    1.84 v _412_/D (sky130_fd_sc_hd__dfrtp_2)
                                  1.84   data arrival time

                         20.00   20.00   clock clk (rise edge)
                          0.00   20.00   clock source latency
                  0.04    0.03   20.03 ^ clk (in)
     1    0.01                           clk (net)
                  0.04    0.00   20.03 ^ clkbuf_0_clk/A (sky130_fd_sc_hd__clkbuf_16)
                  0.04    0.11   20.14 ^ clkbuf_0_clk/X (sky130_fd_sc_hd__clkbuf_16)
     2    0.02                           clknet_0_clk (net)
                  0.04    0.00   20.14 ^ clkbuf_1_1__f_clk/A (sky130_fd_sc_hd__clkbuf_16)
                  0.05    0.12   20.26 ^ clkbuf_1_1__f_clk/X (sky130_fd_sc_hd__clkbuf_16)
    14    0.03                           clknet_1_1__leaf_clk (net)
                  0.05    0.00   20.26 ^ _412_/CLK (sky130_fd_sc_hd__dfrtp_2)
                         -0.25   20.01   clock uncertainty
                          0.03   20.04   clock reconvergence pessimism
                         -0.11   19.93   library setup time
                                 19.93   data required time
-----------------------------------------------------------------------------
                                 19.93   data required time
                                 -1.84   data arrival time
-----------------------------------------------------------------------------
                                 18.09   slack (MET)


Startpoint: _401_ (rising edge-triggered flip-flop clocked by clk)
Endpoint: _418_ (rising edge-triggered flip-flop clocked by clk)
Path Group: clk
Path Type: max

Fanout     Cap    Slew   Delay    Time   Description
-----------------------------------------------------------------------------
                          0.00    0.00   clock clk (rise edge)
                          0.00    0.00   clock source latency
                  0.04    0.03    0.03 ^ clk (in)
     1    0.01                           clk (net)
                  0.04    0.00    0.03 ^ clkbuf_0_clk/A (sky130_fd_sc_hd__clkbuf_16)
                  0.04    0.13    0.16 ^ clkbuf_0_clk/X (sky130_fd_sc_hd__clkbuf_16)
     2    0.02                           clknet_0_clk (net)
                  0.04    0.00    0.16 ^ clkbuf_1_1__f_clk/A (sky130_fd_sc_hd__clkbuf_16)
                  0.05    0.14    0.29 ^ clkbuf_1_1__f_clk/X (sky130_fd_sc_hd__clkbuf_16)
    14    0.03                           clknet_1_1__leaf_clk (net)
                  0.05    0.00    0.29 ^ _401_/CLK (sky130_fd_sc_hd__dfrtp_4)
                  0.08    0.52    0.81 v _401_/Q (sky130_fd_sc_hd__dfrtp_4)
     8    0.02                           U_PC.pc[3] (net)
                  0.08    0.00    0.81 v _232_/A (sky130_fd_sc_hd__nor3_2)
                  0.30    0.32    1.14 ^ _232_/Y (sky130_fd_sc_hd__nor3_2)
     5    0.02                           _073_ (net)
                  0.30    0.00    1.14 ^ max_cap28/A (sky130_fd_sc_hd__buf_2)
                  0.10    0.23    1.37 ^ max_cap28/X (sky130_fd_sc_hd__buf_2)
     5    0.02                           net28 (net)
                  0.10    0.00    1.37 ^ _265_/B (sky130_fd_sc_hd__and2_1)
                  0.04    0.13    1.50 ^ _265_/X (sky130_fd_sc_hd__and2_1)
     1    0.00                           _106_ (net)
                  0.04    0.00    1.50 ^ _266_/A (sky130_fd_sc_hd__clkbuf_4)
                  0.08    0.17    1.66 ^ _266_/X (sky130_fd_sc_hd__clkbuf_4)
     9    0.02                           _107_ (net)
                  0.08    0.00    1.66 ^ _301_/A2 (sky130_fd_sc_hd__a21oi_1)
                  0.05    0.07    1.73 v _301_/Y (sky130_fd_sc_hd__a21oi_1)
     1    0.00                           _044_ (net)
                  0.05    0.00    1.73 v _418_/D (sky130_fd_sc_hd__dfrtp_4)
                                  1.73   data arrival time

                         20.00   20.00   clock clk (rise edge)
                          0.00   20.00   clock source latency
                  0.04    0.03   20.03 ^ clk (in)
     1    0.01                           clk (net)
                  0.04    0.00   20.03 ^ clkbuf_0_clk/A (sky130_fd_sc_hd__clkbuf_16)
                  0.04    0.11   20.14 ^ clkbuf_0_clk/X (sky130_fd_sc_hd__clkbuf_16)
     2    0.02                           clknet_0_clk (net)
                  0.04    0.00   20.14 ^ clkbuf_1_1__f_clk/A (sky130_fd_sc_hd__clkbuf_16)
                  0.05    0.12   20.26 ^ clkbuf_1_1__f_clk/X (sky130_fd_sc_hd__clkbuf_16)
    14    0.03                           clknet_1_1__leaf_clk (net)
                  0.05    0.00   20.26 ^ _418_/CLK (sky130_fd_sc_hd__dfrtp_4)
                         -0.25   20.01   clock uncertainty
                          0.03   20.04   clock reconvergence pessimism
                         -0.12   19.92   library setup time
                                 19.92   data required time
-----------------------------------------------------------------------------
                                 19.92   data required time
                                 -1.73   data arrival time
-----------------------------------------------------------------------------
                                 18.19   slack (MET)


Startpoint: _401_ (rising edge-triggered flip-flop clocked by clk)
Endpoint: _401_ (rising edge-triggered flip-flop clocked by clk)
Path Group: clk
Path Type: max

Fanout     Cap    Slew   Delay    Time   Description
-----------------------------------------------------------------------------
                          0.00    0.00   clock clk (rise edge)
                          0.00    0.00   clock source latency
                  0.04    0.03    0.03 ^ clk (in)
     1    0.01                           clk (net)
                  0.04    0.00    0.03 ^ clkbuf_0_clk/A (sky130_fd_sc_hd__clkbuf_16)
                  0.04    0.13    0.16 ^ clkbuf_0_clk/X (sky130_fd_sc_hd__clkbuf_16)
     2    0.02                           clknet_0_clk (net)
                  0.04    0.00    0.16 ^ clkbuf_1_1__f_clk/A (sky130_fd_sc_hd__clkbuf_16)
                  0.05    0.14    0.29 ^ clkbuf_1_1__f_clk/X (sky130_fd_sc_hd__clkbuf_16)
    14    0.03                           clknet_1_1__leaf_clk (net)
                  0.05    0.00    0.29 ^ _401_/CLK (sky130_fd_sc_hd__dfrtp_4)
                  0.08    0.52    0.81 v _401_/Q (sky130_fd_sc_hd__dfrtp_4)
     8    0.02                           U_PC.pc[3] (net)
                  0.08    0.00    0.81 v hold3/A (sky130_fd_sc_hd__dlygate4sd3_1)
                  0.05    0.59    1.40 v hold3/X (sky130_fd_sc_hd__dlygate4sd3_1)
     1    0.00                           net33 (net)
                  0.05    0.00    1.40 v _366_/B1 (sky130_fd_sc_hd__o21a_1)
                  0.03    0.10    1.50 v _366_/X (sky130_fd_sc_hd__o21a_1)
     1    0.00                           U_PC.next_pc[3] (net)
                  0.03    0.00    1.50 v _401_/D (sky130_fd_sc_hd__dfrtp_4)
                                  1.50   data arrival time

                         20.00   20.00   clock clk (rise edge)
                          0.00   20.00   clock source latency
                  0.04    0.03   20.03 ^ clk (in)
     1    0.01                           clk (net)
                  0.04    0.00   20.03 ^ clkbuf_0_clk/A (sky130_fd_sc_hd__clkbuf_16)
                  0.04    0.11   20.14 ^ clkbuf_0_clk/X (sky130_fd_sc_hd__clkbuf_16)
     2    0.02                           clknet_0_clk (net)
                  0.04    0.00   20.14 ^ clkbuf_1_1__f_clk/A (sky130_fd_sc_hd__clkbuf_16)
                  0.05    0.12   20.26 ^ clkbuf_1_1__f_clk/X (sky130_fd_sc_hd__clkbuf_16)
    14    0.03                           clknet_1_1__leaf_clk (net)
                  0.05    0.00   20.26 ^ _401_/CLK (sky130_fd_sc_hd__dfrtp_4)
                         -0.25   20.01   clock uncertainty
                          0.03   20.04   clock reconvergence pessimism
                         -0.11   19.93   library setup time
                                 19.93   data required time
-----------------------------------------------------------------------------
                                 19.93   data required time
                                 -1.50   data arrival time
-----------------------------------------------------------------------------
                                 18.43   slack (MET)


Startpoint: _398_ (rising edge-triggered flip-flop clocked by clk)
Endpoint: _413_ (rising edge-triggered flip-flop clocked by clk)
Path Group: clk
Path Type: max

Fanout     Cap    Slew   Delay    Time   Description
-----------------------------------------------------------------------------
                          0.00    0.00   clock clk (rise edge)
                          0.00    0.00   clock source latency
                  0.04    0.03    0.03 ^ clk (in)
     1    0.01                           clk (net)
                  0.04    0.00    0.03 ^ clkbuf_0_clk/A (sky130_fd_sc_hd__clkbuf_16)
                  0.04    0.13    0.16 ^ clkbuf_0_clk/X (sky130_fd_sc_hd__clkbuf_16)
     2    0.02                           clknet_0_clk (net)
                  0.04    0.00    0.16 ^ clkbuf_1_1__f_clk/A (sky130_fd_sc_hd__clkbuf_16)
                  0.05    0.14    0.29 ^ clkbuf_1_1__f_clk/X (sky130_fd_sc_hd__clkbuf_16)
    14    0.03                           clknet_1_1__leaf_clk (net)
                  0.05    0.00    0.29 ^ _398_/CLK (sky130_fd_sc_hd__dfrtp_4)
                  0.08    0.53    0.82 v _398_/Q (sky130_fd_sc_hd__dfrtp_4)
    10    0.02                           U_PC.pc[0] (net)
                  0.08    0.00    0.82 v _204_/A (sky130_fd_sc_hd__or2b_1)
                  0.05    0.25    1.06 v _204_/X (sky130_fd_sc_hd__or2b_1)
     2    0.00                           _190_ (net)
                  0.05    0.00    1.06 v _205_/A (sky130_fd_sc_hd__clkbuf_4)
                  0.05    0.17    1.23 v _205_/X (sky130_fd_sc_hd__clkbuf_4)
    10    0.02                           _191_ (net)
                  0.05    0.00    1.23 v _334_/B (sky130_fd_sc_hd__and3_1)
                  0.03    0.16    1.39 v _334_/X (sky130_fd_sc_hd__and3_1)
     1    0.00                           _163_ (net)
                  0.03    0.00    1.39 v _335_/A (sky130_fd_sc_hd__clkbuf_1)
                  0.02    0.08    1.47 v _335_/X (sky130_fd_sc_hd__clkbuf_1)
     1    0.00                           _039_ (net)
                  0.02    0.00    1.47 v _413_/D (sky130_fd_sc_hd__dfrtp_4)
                                  1.47   data arrival time

                         20.00   20.00   clock clk (rise edge)
                          0.00   20.00   clock source latency
                  0.04    0.03   20.03 ^ clk (in)
     1    0.01                           clk (net)
                  0.04    0.00   20.03 ^ clkbuf_0_clk/A (sky130_fd_sc_hd__clkbuf_16)
                  0.04    0.11   20.14 ^ clkbuf_0_clk/X (sky130_fd_sc_hd__clkbuf_16)
     2    0.02                           clknet_0_clk (net)
                  0.04    0.00   20.14 ^ clkbuf_1_0__f_clk/A (sky130_fd_sc_hd__clkbuf_16)
                  0.05    0.12   20.26 ^ clkbuf_1_0__f_clk/X (sky130_fd_sc_hd__clkbuf_16)
    14    0.03                           clknet_1_0__leaf_clk (net)
                  0.05    0.00   20.26 ^ _413_/CLK (sky130_fd_sc_hd__dfrtp_4)
                         -0.25   20.01   clock uncertainty
                          0.01   20.03   clock reconvergence pessimism
                         -0.10   19.92   library setup time
                                 19.92   data required time
-----------------------------------------------------------------------------
                                 19.92   data required time
                                 -1.47   data arrival time
-----------------------------------------------------------------------------
                                 18.45   slack (MET)


Startpoint: _398_ (rising edge-triggered flip-flop clocked by clk)
Endpoint: _411_ (rising edge-triggered flip-flop clocked by clk)
Path Group: clk
Path Type: max

Fanout     Cap    Slew   Delay    Time   Description
-----------------------------------------------------------------------------
                          0.00    0.00   clock clk (rise edge)
                          0.00    0.00   clock source latency
                  0.04    0.03    0.03 ^ clk (in)
     1    0.01                           clk (net)
                  0.04    0.00    0.03 ^ clkbuf_0_clk/A (sky130_fd_sc_hd__clkbuf_16)
                  0.04    0.13    0.16 ^ clkbuf_0_clk/X (sky130_fd_sc_hd__clkbuf_16)
     2    0.02                           clknet_0_clk (net)
                  0.04    0.00    0.16 ^ clkbuf_1_1__f_clk/A (sky130_fd_sc_hd__clkbuf_16)
                  0.05    0.14    0.29 ^ clkbuf_1_1__f_clk/X (sky130_fd_sc_hd__clkbuf_16)
    14    0.03                           clknet_1_1__leaf_clk (net)
                  0.05    0.00    0.29 ^ _398_/CLK (sky130_fd_sc_hd__dfrtp_4)
                  0.08    0.53    0.82 v _398_/Q (sky130_fd_sc_hd__dfrtp_4)
    10    0.02                           U_PC.pc[0] (net)
                  0.08    0.00    0.82 v _204_/A (sky130_fd_sc_hd__or2b_1)
                  0.05    0.25    1.06 v _204_/X (sky130_fd_sc_hd__or2b_1)
     2    0.00                           _190_ (net)
                  0.05    0.00    1.06 v _205_/A (sky130_fd_sc_hd__clkbuf_4)
                  0.05    0.17    1.23 v _205_/X (sky130_fd_sc_hd__clkbuf_4)
    10    0.02                           _191_ (net)
                  0.05    0.00    1.23 v _337_/B (sky130_fd_sc_hd__and3_1)
                  0.03    0.16    1.39 v _337_/X (sky130_fd_sc_hd__and3_1)
     1    0.00                           _164_ (net)
                  0.03    0.00    1.39 v _338_/A (sky130_fd_sc_hd__clkbuf_1)
                  0.02    0.08    1.47 v _338_/X (sky130_fd_sc_hd__clkbuf_1)
     1    0.00                           _037_ (net)
                  0.02    0.00    1.47 v _411_/D (sky130_fd_sc_hd__dfrtp_4)
                                  1.47   data arrival time

                         20.00   20.00   clock clk (rise edge)
                          0.00   20.00   clock source latency
                  0.04    0.03   20.03 ^ clk (in)
     1    0.01                           clk (net)
                  0.04    0.00   20.03 ^ clkbuf_0_clk/A (sky130_fd_sc_hd__clkbuf_16)
                  0.04    0.11   20.14 ^ clkbuf_0_clk/X (sky130_fd_sc_hd__clkbuf_16)
     2    0.02                           clknet_0_clk (net)
                  0.04    0.00   20.14 ^ clkbuf_1_1__f_clk/A (sky130_fd_sc_hd__clkbuf_16)
                  0.05    0.12   20.26 ^ clkbuf_1_1__f_clk/X (sky130_fd_sc_hd__clkbuf_16)
    14    0.03                           clknet_1_1__leaf_clk (net)
                  0.05    0.00   20.26 ^ _411_/CLK (sky130_fd_sc_hd__dfrtp_4)
                         -0.25   20.01   clock uncertainty
                          0.03   20.04   clock reconvergence pessimism
                         -0.10   19.94   library setup time
                                 19.94   data required time
-----------------------------------------------------------------------------
                                 19.94   data required time
                                 -1.47   data arrival time
-----------------------------------------------------------------------------
                                 18.46   slack (MET)


Startpoint: _398_ (rising edge-triggered flip-flop clocked by clk)
Endpoint: _410_ (rising edge-triggered flip-flop clocked by clk)
Path Group: clk
Path Type: max

Fanout     Cap    Slew   Delay    Time   Description
-----------------------------------------------------------------------------
                          0.00    0.00   clock clk (rise edge)
                          0.00    0.00   clock source latency
                  0.04    0.03    0.03 ^ clk (in)
     1    0.01                           clk (net)
                  0.04    0.00    0.03 ^ clkbuf_0_clk/A (sky130_fd_sc_hd__clkbuf_16)
                  0.04    0.13    0.16 ^ clkbuf_0_clk/X (sky130_fd_sc_hd__clkbuf_16)
     2    0.02                           clknet_0_clk (net)
                  0.04    0.00    0.16 ^ clkbuf_1_1__f_clk/A (sky130_fd_sc_hd__clkbuf_16)
                  0.05    0.14    0.29 ^ clkbuf_1_1__f_clk/X (sky130_fd_sc_hd__clkbuf_16)
    14    0.03                           clknet_1_1__leaf_clk (net)
                  0.05    0.00    0.29 ^ _398_/CLK (sky130_fd_sc_hd__dfrtp_4)
                  0.08    0.53    0.82 v _398_/Q (sky130_fd_sc_hd__dfrtp_4)
    10    0.02                           U_PC.pc[0] (net)
                  0.08    0.00    0.82 v _204_/A (sky130_fd_sc_hd__or2b_1)
                  0.05    0.25    1.06 v _204_/X (sky130_fd_sc_hd__or2b_1)
     2    0.00                           _190_ (net)
                  0.05    0.00    1.06 v _205_/A (sky130_fd_sc_hd__clkbuf_4)
                  0.05    0.17    1.23 v _205_/X (sky130_fd_sc_hd__clkbuf_4)
    10    0.02                           _191_ (net)
                  0.05    0.00    1.23 v _339_/A2 (sky130_fd_sc_hd__a31o_1)
                  0.03    0.20    1.43 v _339_/X (sky130_fd_sc_hd__a31o_1)
     1    0.00                           _036_ (net)
                  0.03    0.00    1.43 v _410_/D (sky130_fd_sc_hd__dfrtp_4)
                                  1.43   data arrival time

                         20.00   20.00   clock clk (rise edge)
                          0.00   20.00   clock source latency
                  0.04    0.03   20.03 ^ clk (in)
     1    0.01                           clk (net)
                  0.04    0.00   20.03 ^ clkbuf_0_clk/A (sky130_fd_sc_hd__clkbuf_16)
                  0.04    0.11   20.14 ^ clkbuf_0_clk/X (sky130_fd_sc_hd__clkbuf_16)
     2    0.02                           clknet_0_clk (net)
                  0.04    0.00   20.14 ^ clkbuf_1_0__f_clk/A (sky130_fd_sc_hd__clkbuf_16)
                  0.05    0.12   20.26 ^ clkbuf_1_0__f_clk/X (sky130_fd_sc_hd__clkbuf_16)
    14    0.03                           clknet_1_0__leaf_clk (net)
                  0.05    0.00   20.26 ^ _410_/CLK (sky130_fd_sc_hd__dfrtp_4)
                         -0.25   20.01   clock uncertainty
                          0.01   20.03   clock reconvergence pessimism
                         -0.11   19.92   library setup time
                                 19.92   data required time
-----------------------------------------------------------------------------
                                 19.92   data required time
                                 -1.43   data arrival time
-----------------------------------------------------------------------------
                                 18.49   slack (MET)


Startpoint: _400_ (rising edge-triggered flip-flop clocked by clk)
Endpoint: _398_ (rising edge-triggered flip-flop clocked by clk)
Path Group: clk
Path Type: max

Fanout     Cap    Slew   Delay    Time   Description
-----------------------------------------------------------------------------
                          0.00    0.00   clock clk (rise edge)
                          0.00    0.00   clock source latency
                  0.04    0.03    0.03 ^ clk (in)
     1    0.01                           clk (net)
                  0.04    0.00    0.03 ^ clkbuf_0_clk/A (sky130_fd_sc_hd__clkbuf_16)
                  0.04    0.13    0.16 ^ clkbuf_0_clk/X (sky130_fd_sc_hd__clkbuf_16)
     2    0.02                           clknet_0_clk (net)
                  0.04    0.00    0.16 ^ clkbuf_1_1__f_clk/A (sky130_fd_sc_hd__clkbuf_16)
                  0.05    0.14    0.29 ^ clkbuf_1_1__f_clk/X (sky130_fd_sc_hd__clkbuf_16)
    14    0.03                           clknet_1_1__leaf_clk (net)
                  0.05    0.00    0.29 ^ _400_/CLK (sky130_fd_sc_hd__dfrtp_4)
                  0.08    0.53    0.82 v _400_/Q (sky130_fd_sc_hd__dfrtp_4)
     7    0.02                           U_PC.pc[2] (net)
                  0.08    0.00    0.82 v _206_/B (sky130_fd_sc_hd__and2b_1)
                  0.05    0.19    1.01 v _206_/X (sky130_fd_sc_hd__and2b_1)
     4    0.01                           _192_ (net)
                  0.05    0.00    1.01 v _207_/A (sky130_fd_sc_hd__clkbuf_4)
                  0.05    0.17    1.18 v _207_/X (sky130_fd_sc_hd__clkbuf_4)
    10    0.02                           _193_ (net)
                  0.05    0.00    1.18 v _357_/A2 (sky130_fd_sc_hd__a21bo_1)
                  0.03    0.19    1.37 v _357_/X (sky130_fd_sc_hd__a21bo_1)
     1    0.00                           U_PC.next_pc[0] (net)
                  0.03    0.00    1.37 v _398_/D (sky130_fd_sc_hd__dfrtp_4)
                                  1.37   data arrival time

                         20.00   20.00   clock clk (rise edge)
                          0.00   20.00   clock source latency
                  0.04    0.03   20.03 ^ clk (in)
     1    0.01                           clk (net)
                  0.04    0.00   20.03 ^ clkbuf_0_clk/A (sky130_fd_sc_hd__clkbuf_16)
                  0.04    0.11   20.14 ^ clkbuf_0_clk/X (sky130_fd_sc_hd__clkbuf_16)
     2    0.02                           clknet_0_clk (net)
                  0.04    0.00   20.14 ^ clkbuf_1_1__f_clk/A (sky130_fd_sc_hd__clkbuf_16)
                  0.05    0.12   20.26 ^ clkbuf_1_1__f_clk/X (sky130_fd_sc_hd__clkbuf_16)
    14    0.03                           clknet_1_1__leaf_clk (net)
                  0.05    0.00   20.26 ^ _398_/CLK (sky130_fd_sc_hd__dfrtp_4)
                         -0.25   20.01   clock uncertainty
                          0.03   20.04   clock reconvergence pessimism
                         -0.11   19.93   library setup time
                                 19.93   data required time
-----------------------------------------------------------------------------
                                 19.93   data required time
                                 -1.37   data arrival time
-----------------------------------------------------------------------------
                                 18.57   slack (MET)



max_report_end
checks_report

===========================================================================
report_checks -unconstrained
===========================================================================
======================= Typical Corner ===================================

Startpoint: rst (input port clocked by clk)
Endpoint: _398_ (recovery check against rising-edge clock clk)
Path Group: asynchronous
Path Type: max

Fanout     Cap    Slew   Delay    Time   Description
-----------------------------------------------------------------------------
                          0.00    0.00   clock clk (rise edge)
                          0.00    0.00   clock network delay (propagated)
                          4.00    4.00 v input external delay
                  0.01    0.00    4.00 v rst (in)
     1    0.00                           rst (net)
                  0.01    0.00    4.00 v input1/A (sky130_fd_sc_hd__buf_1)
                  0.02    0.07    4.08 v input1/X (sky130_fd_sc_hd__buf_1)
     1    0.00                           net1 (net)
                  0.02    0.00    4.08 v _367_/A (sky130_fd_sc_hd__buf_4)
                  0.06    0.17    4.25 v _367_/X (sky130_fd_sc_hd__buf_4)
    10    0.04                           _180_ (net)
                  0.06    0.00    4.25 v _368_/A (sky130_fd_sc_hd__buf_4)
                  0.07    0.20    4.44 v _368_/X (sky130_fd_sc_hd__buf_4)
    10    0.04                           _181_ (net)
                  0.07    0.00    4.44 v _369_/A (sky130_fd_sc_hd__inv_2)
                  0.03    0.05    4.50 ^ _369_/Y (sky130_fd_sc_hd__inv_2)
     1    0.00                           _000_ (net)
                  0.03    0.00    4.50 ^ _398_/RESET_B (sky130_fd_sc_hd__dfrtp_4)
                                  4.50   data arrival time

                         20.00   20.00   clock clk (rise edge)
                          0.00   20.00   clock source latency
                  0.04    0.03   20.03 ^ clk (in)
     1    0.01                           clk (net)
                  0.04    0.00   20.03 ^ clkbuf_0_clk/A (sky130_fd_sc_hd__clkbuf_16)
                  0.04    0.11   20.14 ^ clkbuf_0_clk/X (sky130_fd_sc_hd__clkbuf_16)
     2    0.02                           clknet_0_clk (net)
                  0.04    0.00   20.14 ^ clkbuf_1_1__f_clk/A (sky130_fd_sc_hd__clkbuf_16)
                  0.05    0.12   20.26 ^ clkbuf_1_1__f_clk/X (sky130_fd_sc_hd__clkbuf_16)
    14    0.03                           clknet_1_1__leaf_clk (net)
                  0.05    0.00   20.26 ^ _398_/CLK (sky130_fd_sc_hd__dfrtp_4)
                         -0.25   20.01   clock uncertainty
                          0.00   20.01   clock reconvergence pessimism
                          0.22   20.24   library recovery time
                                 20.24   data required time
-----------------------------------------------------------------------------
                                 20.24   data required time
                                 -4.50   data arrival time
-----------------------------------------------------------------------------
                                 15.74   slack (MET)


Startpoint: _410_ (rising edge-triggered flip-flop clocked by clk)
Endpoint: last_opcode_out[0] (output port clocked by clk)
Path Group: clk
Path Type: max

Fanout     Cap    Slew   Delay    Time   Description
-----------------------------------------------------------------------------
                          0.00    0.00   clock clk (rise edge)
                          0.00    0.00   clock source latency
                  0.04    0.03    0.03 ^ clk (in)
     1    0.01                           clk (net)
                  0.04    0.00    0.03 ^ clkbuf_0_clk/A (sky130_fd_sc_hd__clkbuf_16)
                  0.04    0.13    0.16 ^ clkbuf_0_clk/X (sky130_fd_sc_hd__clkbuf_16)
     2    0.02                           clknet_0_clk (net)
                  0.04    0.00    0.16 ^ clkbuf_1_0__f_clk/A (sky130_fd_sc_hd__clkbuf_16)
                  0.05    0.14    0.29 ^ clkbuf_1_0__f_clk/X (sky130_fd_sc_hd__clkbuf_16)
    14    0.03                           clknet_1_0__leaf_clk (net)
                  0.05    0.00    0.29 ^ _410_/CLK (sky130_fd_sc_hd__dfrtp_4)
                  0.06    0.49    0.78 v _410_/Q (sky130_fd_sc_hd__dfrtp_4)
     3    0.01                           net23 (net)
                  0.06    0.00    0.78 v _427_/A (sky130_fd_sc_hd__clkbuf_1)
                  0.02    0.09    0.87 v _427_/X (sky130_fd_sc_hd__clkbuf_1)
     1    0.00                           net22 (net)
                  0.02    0.00    0.87 v output22/A (sky130_fd_sc_hd__clkbuf_4)
                  0.08    0.18    1.05 v output22/X (sky130_fd_sc_hd__clkbuf_4)
     1    0.03                           last_opcode_out[0] (net)
                  0.08    0.00    1.05 v last_opcode_out[0] (out)
                                  1.05   data arrival time

                         20.00   20.00   clock clk (rise edge)
                          0.00   20.00   clock network delay (propagated)
                         -0.25   19.75   clock uncertainty
                          0.00   19.75   clock reconvergence pessimism
                         -4.00   15.75   output external delay
                                 15.75   data required time
-----------------------------------------------------------------------------
                                 15.75   data required time
                                 -1.05   data arrival time
-----------------------------------------------------------------------------
                                 14.70   slack (MET)




===========================================================================
report_checks --slack_max -0.01
============================================================================
======================= Typical Corner ===================================

No paths found.


===========================================================================
 report_check_types -max_slew -max_cap -max_fanout -violators
============================================================================
======================= Typical Corner ===================================

max fanout

Pin                                   Limit Fanout  Slack
---------------------------------------------------------
clkbuf_1_0__f_clk/X                      10     14     -4 (VIOLATED)
clkbuf_1_1__f_clk/X                      10     14     -4 (VIOLATED)



===========================================================================
report_parasitic_annotation -report_unannotated
============================================================================
Found 271 unannotated drivers.
 clk
 rst
 _197_/X
 _198_/X
 _199_/X
 _200_/X
 _201_/X
 _202_/X
 _203_/X
 _204_/X
 _205_/X
 _206_/X
 _207_/X
 _208_/X
 _209_/Y
 _210_/X
 _211_/X
 _212_/X
 _213_/Y
 _214_/X
 _215_/Y
 _216_/Y
 _217_/Y
 _218_/X
 _219_/X
 _220_/Y
 _221_/X
 _222_/Y
 _223_/Y
 _224_/X
 _225_/Y
 _226_/Y
 _227_/X
 _228_/X
 _229_/X
 _230_/Y
 _231_/Y
 _232_/Y
 _233_/Y
 _234_/Y
 _235_/Y
 _236_/Y
 _237_/X
 _238_/Y
 _239_/Y
 _240_/X
 _241_/X
 _242_/Y
 _243_/X
 _244_/X
 _245_/X
 _246_/X
 _247_/Y
 _248_/X
 _249_/X
 _250_/Y
 _251_/X
 _252_/X
 _253_/Y
 _254_/Y
 _255_/Y
 _256_/X
 _257_/X
 _258_/Y
 _259_/X
 _260_/X
 _261_/X
 _262_/Y
 _263_/X
 _264_/Y
 _265_/X
 _266_/X
 _267_/X
 _268_/X
 _269_/X
 _270_/X
 _271_/X
 _272_/X
 _273_/Y
 _274_/X
 _275_/Y
 _276_/Y
 _277_/Y
 _278_/X
 _279_/X
 _280_/X
 _281_/X
 _282_/Y
 _283_/X
 _284_/X
 _285_/X
 _286_/X
 _287_/Y
 _288_/X
 _289_/Y
 _290_/X
 _291_/X
 _292_/X
 _293_/X
 _294_/X
 _295_/Y
 _296_/Y
 _297_/X
 _298_/X
 _299_/X
 _300_/X
 _301_/Y
 _302_/Y
 _303_/X
 _304_/X
 _305_/X
 _306_/X
 _307_/X
 _308_/X
 _309_/X
 _310_/X
 _311_/X
 _312_/X
 _313_/Y
 _314_/Y
 _315_/Y
 _316_/X
 _317_/X
 _318_/Y
 _319_/X
 _320_/Y
 _321_/X
 _322_/X
 _323_/X
 _324_/X
 _325_/Y
 _326_/X
 _327_/X
 _328_/Y
 _329_/X
 _330_/Y
 _331_/X
 _332_/X
 _333_/X
 _334_/X
 _335_/X
 _336_/X
 _337_/X
 _338_/X
 _339_/X
 _340_/Y
 _341_/X
 _342_/X
 _343_/X
 _344_/X
 _345_/X
 _346_/X
 _347_/X
 _348_/X
 _349_/X
 _350_/X
 _351_/X
 _352_/X
 _353_/X
 _354_/X
 _355_/X
 _356_/X
 _357_/X
 _358_/X
 _359_/X
 _360_/X
 _361_/X
 _362_/Y
 _363_/Y
 _364_/X
 _365_/Y
 _366_/X
 _367_/X
 _368_/X
 _369_/Y
 _370_/Y
 _371_/Y
 _372_/Y
 _373_/Y
 _374_/Y
 _375_/Y
 _376_/Y
 _377_/Y
 _378_/Y
 _379_/X
 _380_/Y
 _381_/Y
 _382_/Y
 _383_/Y
 _384_/Y
 _385_/Y
 _386_/Y
 _387_/Y
 _388_/Y
 _389_/Y
 _390_/Y
 _391_/Y
 _392_/Y
 _393_/Y
 _394_/Y
 _395_/Y
 _396_/Y
 _397_/Y
 _398_/Q
 _399_/Q
 _400_/Q
 _401_/Q
 _402_/Q
 _403_/Q
 _404_/Q
 _405_/Q
 _406_/Q
 _407_/Q
 _408_/Q
 _409_/Q
 _410_/Q
 _411_/Q
 _412_/Q
 _413_/Q
 _414_/Q
 _415_/Q
 _416_/Q
 _417_/Q
 _418_/Q
 _419_/Q
 _420_/Q
 _421_/Q
 _422_/Q
 _423_/Q
 _424_/Q
 _425_/Q
 _427_/X
 _428_/X
 clkbuf_0_clk/X
 clkbuf_1_0__f_clk/X
 clkbuf_1_1__f_clk/X
 computer_30/HI
 computer_30/LO
 hold1/X
 hold2/X
 hold3/X
 input1/X
 max_cap1/X
 max_cap28/X
 max_cap29/X
 output10/X
 output11/X
 output12/X
 output13/X
 output14/X
 output15/X
 output16/X
 output17/X
 output18/X
 output19/X
 output2/X
 output20/X
 output21/X
 output22/X
 output23/X
 output24/X
 output25/X
 output26/X
 output27/X
 output3/X
 output4/X
 output5/X
 output6/X
 output7/X
 output8/X
 output9/X
Found 0 partially unannotated drivers.

===========================================================================
max slew violation count 0
max fanout violation count 2
max cap violation count 0
============================================================================

===========================================================================
check_setup -verbose -unconstrained_endpoints -multiple_clock -no_clock -no_input_delay -loops -generated_clocks
===========================================================================
Warning: There is 1 unconstrained endpoint.
  last_opcode_out[5]
checks_report_end
power_report

===========================================================================
 report_power
============================================================================
======================= Typical Corner ===================================

Group                  Internal  Switching    Leakage      Total
                          Power      Power      Power      Power (Watts)
----------------------------------------------------------------
Sequential             9.35e-05   2.24e-05   3.01e-10   1.16e-04  20.4%
Combinational          2.41e-04   2.11e-04   1.82e-09   4.53e-04  79.6%
Macro                  0.00e+00   0.00e+00   0.00e+00   0.00e+00   0.0%
Pad                    0.00e+00   0.00e+00   0.00e+00   0.00e+00   0.0%
----------------------------------------------------------------
Total                  3.35e-04   2.33e-04   2.12e-09   5.68e-04 100.0%
                          58.9%      41.1%       0.0%

power_report_end
skew_report

===========================================================================
report_clock_skew
============================================================================
Clock clk
Latency      CRPR       Skew
_398_/CLK ^
   0.29
_406_/CLK ^
   0.26     -0.01       0.01

skew_report_end
summary_report

===========================================================================
report_tns
============================================================================
tns 0.00

===========================================================================
report_wns
============================================================================
wns 0.00

===========================================================================
report_worst_slack -max (Setup)
============================================================================
worst slack 14.70

===========================================================================
report_worst_slack -min (Hold)
============================================================================
worst slack 0.25
summary_report_end
area_report

===========================================================================
report_design_area
============================================================================
Design area 5105 u^2 4% utilization.
area_report_end
[WARNING] Did not save OpenROAD database!
