
===========================================================================
report_checks -path_delay min (Hold)
============================================================================
======================= Fastest Corner ===================================

Startpoint: _408_ (rising edge-triggered flip-flop clocked by clk)
Endpoint: _408_ (rising edge-triggered flip-flop clocked by clk)
Path Group: clk
Path Type: min
Corner: Fastest

Fanout     Cap    Slew   Delay    Time   Description
-----------------------------------------------------------------------------
                          0.00    0.00   clock clk (rise edge)
                          0.00    0.00   clock source latency
                  0.18    0.12    0.12 ^ clk (in)
     1    0.05                           clk (net)
                  0.18    0.00    0.12 ^ clkbuf_0_clk/A (sky130_fd_sc_hd__clkbuf_16)
                  0.04    0.11    0.24 ^ clkbuf_0_clk/X (sky130_fd_sc_hd__clkbuf_16)
     2    0.02                           clknet_0_clk (net)
                  0.04    0.00    0.24 ^ clkbuf_1_0__f_clk/A (sky130_fd_sc_hd__clkbuf_16)
                  0.06    0.10    0.34 ^ clkbuf_1_0__f_clk/X (sky130_fd_sc_hd__clkbuf_16)
    14    0.06                           clknet_1_0__leaf_clk (net)
                  0.06    0.01    0.34 ^ _408_/CLK (sky130_fd_sc_hd__dfrtp_4)
                  0.08    0.28    0.63 ^ _408_/Q (sky130_fd_sc_hd__dfrtp_4)
     3    0.03                           net8 (net)
                  0.08    0.00    0.63 ^ _344_/A1 (sky130_fd_sc_hd__o21a_1)
                  0.03    0.07    0.70 ^ _344_/X (sky130_fd_sc_hd__o21a_1)
     1    0.00                           _034_ (net)
                  0.03    0.00    0.70 ^ _408_/D (sky130_fd_sc_hd__dfrtp_4)
                                  0.70   data arrival time

                          0.00    0.00   clock clk (rise edge)
                          0.00    0.00   clock source latency
                  0.18    0.14    0.14 ^ clk (in)
     1    0.05                           clk (net)
                  0.18    0.00    0.14 ^ clkbuf_0_clk/A (sky130_fd_sc_hd__clkbuf_16)
                  0.04    0.13    0.26 ^ clkbuf_0_clk/X (sky130_fd_sc_hd__clkbuf_16)
     2    0.02                           clknet_0_clk (net)
                  0.04    0.00    0.26 ^ clkbuf_1_0__f_clk/A (sky130_fd_sc_hd__clkbuf_16)
                  0.06    0.11    0.38 ^ clkbuf_1_0__f_clk/X (sky130_fd_sc_hd__clkbuf_16)
    14    0.06                           clknet_1_0__leaf_clk (net)
                  0.06    0.01    0.38 ^ _408_/CLK (sky130_fd_sc_hd__dfrtp_4)
                          0.25    0.63   clock uncertainty
                         -0.04    0.60   clock reconvergence pessimism
                         -0.02    0.58   library hold time
                                  0.58   data required time
-----------------------------------------------------------------------------
                                  0.58   data required time
                                 -0.70   data arrival time
-----------------------------------------------------------------------------
                                  0.13   slack (MET)


Startpoint: _418_ (rising edge-triggered flip-flop clocked by clk)
Endpoint: _418_ (rising edge-triggered flip-flop clocked by clk)
Path Group: clk
Path Type: min
Corner: Fastest

Fanout     Cap    Slew   Delay    Time   Description
-----------------------------------------------------------------------------
                          0.00    0.00   clock clk (rise edge)
                          0.00    0.00   clock source latency
                  0.18    0.12    0.12 ^ clk (in)
     1    0.05                           clk (net)
                  0.18    0.00    0.12 ^ clkbuf_0_clk/A (sky130_fd_sc_hd__clkbuf_16)
                  0.04    0.11    0.24 ^ clkbuf_0_clk/X (sky130_fd_sc_hd__clkbuf_16)
     2    0.02                           clknet_0_clk (net)
                  0.04    0.00    0.24 ^ clkbuf_1_1__f_clk/A (sky130_fd_sc_hd__clkbuf_16)
                  0.06    0.10    0.34 ^ clkbuf_1_1__f_clk/X (sky130_fd_sc_hd__clkbuf_16)
    14    0.06                           clknet_1_1__leaf_clk (net)
                  0.06    0.01    0.34 ^ _418_/CLK (sky130_fd_sc_hd__dfrtp_4)
                  0.11    0.31    0.65 ^ _418_/Q (sky130_fd_sc_hd__dfrtp_4)
     5    0.05                           net10 (net)
                  0.11    0.00    0.65 ^ _301_/A1 (sky130_fd_sc_hd__a21oi_1)
                  0.04    0.04    0.69 v _301_/Y (sky130_fd_sc_hd__a21oi_1)
     1    0.00                           _044_ (net)
                  0.04    0.00    0.70 v _418_/D (sky130_fd_sc_hd__dfrtp_4)
                                  0.70   data arrival time

                          0.00    0.00   clock clk (rise edge)
                          0.00    0.00   clock source latency
                  0.18    0.14    0.14 ^ clk (in)
     1    0.05                           clk (net)
                  0.18    0.00    0.14 ^ clkbuf_0_clk/A (sky130_fd_sc_hd__clkbuf_16)
                  0.04    0.13    0.26 ^ clkbuf_0_clk/X (sky130_fd_sc_hd__clkbuf_16)
     2    0.02                           clknet_0_clk (net)
                  0.04    0.00    0.26 ^ clkbuf_1_1__f_clk/A (sky130_fd_sc_hd__clkbuf_16)
                  0.06    0.11    0.37 ^ clkbuf_1_1__f_clk/X (sky130_fd_sc_hd__clkbuf_16)
    14    0.06                           clknet_1_1__leaf_clk (net)
                  0.06    0.01    0.38 ^ _418_/CLK (sky130_fd_sc_hd__dfrtp_4)
                          0.25    0.63   clock uncertainty
                         -0.04    0.59   clock reconvergence pessimism
                         -0.03    0.57   library hold time
                                  0.57   data required time
-----------------------------------------------------------------------------
                                  0.57   data required time
                                 -0.70   data arrival time
-----------------------------------------------------------------------------
                                  0.13   slack (MET)


Startpoint: _417_ (rising edge-triggered flip-flop clocked by clk)
Endpoint: _417_ (rising edge-triggered flip-flop clocked by clk)
Path Group: clk
Path Type: min
Corner: Fastest

Fanout     Cap    Slew   Delay    Time   Description
-----------------------------------------------------------------------------
                          0.00    0.00   clock clk (rise edge)
                          0.00    0.00   clock source latency
                  0.18    0.12    0.12 ^ clk (in)
     1    0.05                           clk (net)
                  0.18    0.00    0.12 ^ clkbuf_0_clk/A (sky130_fd_sc_hd__clkbuf_16)
                  0.04    0.11    0.24 ^ clkbuf_0_clk/X (sky130_fd_sc_hd__clkbuf_16)
     2    0.02                           clknet_0_clk (net)
                  0.04    0.00    0.24 ^ clkbuf_1_0__f_clk/A (sky130_fd_sc_hd__clkbuf_16)
                  0.06    0.10    0.34 ^ clkbuf_1_0__f_clk/X (sky130_fd_sc_hd__clkbuf_16)
    14    0.06                           clknet_1_0__leaf_clk (net)
                  0.06    0.00    0.34 ^ _417_/CLK (sky130_fd_sc_hd__dfrtp_4)
                  0.09    0.29    0.63 ^ _417_/Q (sky130_fd_sc_hd__dfrtp_4)
     3    0.04                           net21 (net)
                  0.09    0.00    0.63 ^ _313_/A (sky130_fd_sc_hd__nand2_1)
                  0.03    0.03    0.66 v _313_/Y (sky130_fd_sc_hd__nand2_1)
     1    0.00                           _146_ (net)
                  0.03    0.00    0.66 v _314_/B1 (sky130_fd_sc_hd__o41ai_1)
                  0.04    0.04    0.70 ^ _314_/Y (sky130_fd_sc_hd__o41ai_1)
     1    0.00                           _043_ (net)
                  0.04    0.00    0.70 ^ _417_/D (sky130_fd_sc_hd__dfrtp_4)
                                  0.70   data arrival time

                          0.00    0.00   clock clk (rise edge)
                          0.00    0.00   clock source latency
                  0.18    0.14    0.14 ^ clk (in)
     1    0.05                           clk (net)
                  0.18    0.00    0.14 ^ clkbuf_0_clk/A (sky130_fd_sc_hd__clkbuf_16)
                  0.04    0.13    0.26 ^ clkbuf_0_clk/X (sky130_fd_sc_hd__clkbuf_16)
     2    0.02                           clknet_0_clk (net)
                  0.04    0.00    0.26 ^ clkbuf_1_0__f_clk/A (sky130_fd_sc_hd__clkbuf_16)
                  0.06    0.11    0.38 ^ clkbuf_1_0__f_clk/X (sky130_fd_sc_hd__clkbuf_16)
    14    0.06                           clknet_1_0__leaf_clk (net)
                  0.06    0.00    0.38 ^ _417_/CLK (sky130_fd_sc_hd__dfrtp_4)
                          0.25    0.63   clock uncertainty
                         -0.04    0.59   clock reconvergence pessimism
                         -0.02    0.57   library hold time
                                  0.57   data required time
-----------------------------------------------------------------------------
                                  0.57   data required time
                                 -0.70   data arrival time
-----------------------------------------------------------------------------
                                  0.13   slack (MET)


Startpoint: _415_ (rising edge-triggered flip-flop clocked by clk)
Endpoint: _415_ (rising edge-triggered flip-flop clocked by clk)
Path Group: clk
Path Type: min
Corner: Fastest

Fanout     Cap    Slew   Delay    Time   Description
-----------------------------------------------------------------------------
                          0.00    0.00   clock clk (rise edge)
                          0.00    0.00   clock source latency
                  0.18    0.12    0.12 ^ clk (in)
     1    0.05                           clk (net)
                  0.18    0.00    0.12 ^ clkbuf_0_clk/A (sky130_fd_sc_hd__clkbuf_16)
                  0.04    0.11    0.24 ^ clkbuf_0_clk/X (sky130_fd_sc_hd__clkbuf_16)
     2    0.02                           clknet_0_clk (net)
                  0.04    0.00    0.24 ^ clkbuf_1_0__f_clk/A (sky130_fd_sc_hd__clkbuf_16)
                  0.06    0.10    0.34 ^ clkbuf_1_0__f_clk/X (sky130_fd_sc_hd__clkbuf_16)
    14    0.06                           clknet_1_0__leaf_clk (net)
                  0.06    0.00    0.34 ^ _415_/CLK (sky130_fd_sc_hd__dfrtp_4)
                  0.09    0.28    0.63 ^ _415_/Q (sky130_fd_sc_hd__dfrtp_4)
     2    0.03                           net19 (net)
                  0.09    0.00    0.63 ^ _327_/B2 (sky130_fd_sc_hd__a2bb2o_1)
                  0.03    0.08    0.71 ^ _327_/X (sky130_fd_sc_hd__a2bb2o_1)
     1    0.00                           _041_ (net)
                  0.03    0.00    0.71 ^ _415_/D (sky130_fd_sc_hd__dfrtp_4)
                                  0.71   data arrival time

                          0.00    0.00   clock clk (rise edge)
                          0.00    0.00   clock source latency
                  0.18    0.14    0.14 ^ clk (in)
     1    0.05                           clk (net)
                  0.18    0.00    0.14 ^ clkbuf_0_clk/A (sky130_fd_sc_hd__clkbuf_16)
                  0.04    0.13    0.26 ^ clkbuf_0_clk/X (sky130_fd_sc_hd__clkbuf_16)
     2    0.02                           clknet_0_clk (net)
                  0.04    0.00    0.26 ^ clkbuf_1_0__f_clk/A (sky130_fd_sc_hd__clkbuf_16)
                  0.06    0.11    0.38 ^ clkbuf_1_0__f_clk/X (sky130_fd_sc_hd__clkbuf_16)
    14    0.06                           clknet_1_0__leaf_clk (net)
                  0.06    0.00    0.38 ^ _415_/CLK (sky130_fd_sc_hd__dfrtp_4)
                          0.25    0.63   clock uncertainty
                         -0.04    0.59   clock reconvergence pessimism
                         -0.02    0.57   library hold time
                                  0.57   data required time
-----------------------------------------------------------------------------
                                  0.57   data required time
                                 -0.71   data arrival time
-----------------------------------------------------------------------------
                                  0.13   slack (MET)


Startpoint: _399_ (rising edge-triggered flip-flop clocked by clk)
Endpoint: _398_ (rising edge-triggered flip-flop clocked by clk)
Path Group: clk
Path Type: min
Corner: Fastest

Fanout     Cap    Slew   Delay    Time   Description
-----------------------------------------------------------------------------
                          0.00    0.00   clock clk (rise edge)
                          0.00    0.00   clock source latency
                  0.18    0.12    0.12 ^ clk (in)
     1    0.05                           clk (net)
                  0.18    0.00    0.12 ^ clkbuf_0_clk/A (sky130_fd_sc_hd__clkbuf_16)
                  0.04    0.11    0.24 ^ clkbuf_0_clk/X (sky130_fd_sc_hd__clkbuf_16)
     2    0.02                           clknet_0_clk (net)
                  0.04    0.00    0.24 ^ clkbuf_1_1__f_clk/A (sky130_fd_sc_hd__clkbuf_16)
                  0.06    0.10    0.34 ^ clkbuf_1_1__f_clk/X (sky130_fd_sc_hd__clkbuf_16)
    14    0.06                           clknet_1_1__leaf_clk (net)
                  0.06    0.00    0.34 ^ _399_/CLK (sky130_fd_sc_hd__dfrtp_4)
                  0.10    0.30    0.64 ^ _399_/Q (sky130_fd_sc_hd__dfrtp_4)
     9    0.04                           U_PC.pc[1] (net)
                  0.10    0.00    0.64 ^ _357_/A1 (sky130_fd_sc_hd__a21bo_1)
                  0.03    0.07    0.71 ^ _357_/X (sky130_fd_sc_hd__a21bo_1)
     1    0.00                           U_PC.next_pc[0] (net)
                  0.03    0.00    0.71 ^ _398_/D (sky130_fd_sc_hd__dfrtp_4)
                                  0.71   data arrival time

                          0.00    0.00   clock clk (rise edge)
                          0.00    0.00   clock source latency
                  0.18    0.14    0.14 ^ clk (in)
     1    0.05                           clk (net)
                  0.18    0.00    0.14 ^ clkbuf_0_clk/A (sky130_fd_sc_hd__clkbuf_16)
                  0.04    0.13    0.26 ^ clkbuf_0_clk/X (sky130_fd_sc_hd__clkbuf_16)
     2    0.02                           clknet_0_clk (net)
                  0.04    0.00    0.26 ^ clkbuf_1_1__f_clk/A (sky130_fd_sc_hd__clkbuf_16)
                  0.06    0.11    0.37 ^ clkbuf_1_1__f_clk/X (sky130_fd_sc_hd__clkbuf_16)
    14    0.06                           clknet_1_1__leaf_clk (net)
                  0.06    0.01    0.38 ^ _398_/CLK (sky130_fd_sc_hd__dfrtp_4)
                          0.25    0.63   clock uncertainty
                         -0.04    0.59   clock reconvergence pessimism
                         -0.02    0.58   library hold time
                                  0.58   data required time
-----------------------------------------------------------------------------
                                  0.58   data required time
                                 -0.71   data arrival time
-----------------------------------------------------------------------------
                                  0.14   slack (MET)


Startpoint: _424_ (rising edge-triggered flip-flop clocked by clk)
Endpoint: _424_ (rising edge-triggered flip-flop clocked by clk)
Path Group: clk
Path Type: min
Corner: Fastest

Fanout     Cap    Slew   Delay    Time   Description
-----------------------------------------------------------------------------
                          0.00    0.00   clock clk (rise edge)
                          0.00    0.00   clock source latency
                  0.18    0.12    0.12 ^ clk (in)
     1    0.05                           clk (net)
                  0.18    0.00    0.12 ^ clkbuf_0_clk/A (sky130_fd_sc_hd__clkbuf_16)
                  0.04    0.11    0.24 ^ clkbuf_0_clk/X (sky130_fd_sc_hd__clkbuf_16)
     2    0.02                           clknet_0_clk (net)
                  0.04    0.00    0.24 ^ clkbuf_1_0__f_clk/A (sky130_fd_sc_hd__clkbuf_16)
                  0.06    0.10    0.34 ^ clkbuf_1_0__f_clk/X (sky130_fd_sc_hd__clkbuf_16)
    14    0.06                           clknet_1_0__leaf_clk (net)
                  0.06    0.01    0.34 ^ _424_/CLK (sky130_fd_sc_hd__dfrtp_4)
                  0.11    0.31    0.65 ^ _424_/Q (sky130_fd_sc_hd__dfrtp_4)
     6    0.05                           net16 (net)
                  0.11    0.00    0.65 ^ _272_/A1 (sky130_fd_sc_hd__a21o_1)
                  0.03    0.07    0.72 ^ _272_/X (sky130_fd_sc_hd__a21o_1)
     1    0.00                           _050_ (net)
                  0.03    0.00    0.72 ^ _424_/D (sky130_fd_sc_hd__dfrtp_4)
                                  0.72   data arrival time

                          0.00    0.00   clock clk (rise edge)
                          0.00    0.00   clock source latency
                  0.18    0.14    0.14 ^ clk (in)
     1    0.05                           clk (net)
                  0.18    0.00    0.14 ^ clkbuf_0_clk/A (sky130_fd_sc_hd__clkbuf_16)
                  0.04    0.13    0.26 ^ clkbuf_0_clk/X (sky130_fd_sc_hd__clkbuf_16)
     2    0.02                           clknet_0_clk (net)
                  0.04    0.00    0.26 ^ clkbuf_1_0__f_clk/A (sky130_fd_sc_hd__clkbuf_16)
                  0.06    0.11    0.38 ^ clkbuf_1_0__f_clk/X (sky130_fd_sc_hd__clkbuf_16)
    14    0.06                           clknet_1_0__leaf_clk (net)
                  0.06    0.01    0.38 ^ _424_/CLK (sky130_fd_sc_hd__dfrtp_4)
                          0.25    0.63   clock uncertainty
                         -0.04    0.60   clock reconvergence pessimism
                         -0.02    0.58   library hold time
                                  0.58   data required time
-----------------------------------------------------------------------------
                                  0.58   data required time
                                 -0.72   data arrival time
-----------------------------------------------------------------------------
                                  0.15   slack (MET)


Startpoint: _414_ (rising edge-triggered flip-flop clocked by clk)
Endpoint: _414_ (rising edge-triggered flip-flop clocked by clk)
Path Group: clk
Path Type: min
Corner: Fastest

Fanout     Cap    Slew   Delay    Time   Description
-----------------------------------------------------------------------------
                          0.00    0.00   clock clk (rise edge)
                          0.00    0.00   clock source latency
                  0.18    0.12    0.12 ^ clk (in)
     1    0.05                           clk (net)
                  0.18    0.00    0.12 ^ clkbuf_0_clk/A (sky130_fd_sc_hd__clkbuf_16)
                  0.04    0.11    0.24 ^ clkbuf_0_clk/X (sky130_fd_sc_hd__clkbuf_16)
     2    0.02                           clknet_0_clk (net)
                  0.04    0.00    0.24 ^ clkbuf_1_0__f_clk/A (sky130_fd_sc_hd__clkbuf_16)
                  0.06    0.10    0.34 ^ clkbuf_1_0__f_clk/X (sky130_fd_sc_hd__clkbuf_16)
    14    0.06                           clknet_1_0__leaf_clk (net)
                  0.06    0.00    0.34 ^ _414_/CLK (sky130_fd_sc_hd__dfrtp_4)
                  0.11    0.30    0.64 ^ _414_/Q (sky130_fd_sc_hd__dfrtp_4)
     2    0.05                           net18 (net)
                  0.11    0.00    0.65 ^ _333_/B2 (sky130_fd_sc_hd__a2bb2o_1)
                  0.03    0.09    0.74 ^ _333_/X (sky130_fd_sc_hd__a2bb2o_1)
     1    0.00                           _040_ (net)
                  0.03    0.00    0.74 ^ _414_/D (sky130_fd_sc_hd__dfrtp_4)
                                  0.74   data arrival time

                          0.00    0.00   clock clk (rise edge)
                          0.00    0.00   clock source latency
                  0.18    0.14    0.14 ^ clk (in)
     1    0.05                           clk (net)
                  0.18    0.00    0.14 ^ clkbuf_0_clk/A (sky130_fd_sc_hd__clkbuf_16)
                  0.04    0.13    0.26 ^ clkbuf_0_clk/X (sky130_fd_sc_hd__clkbuf_16)
     2    0.02                           clknet_0_clk (net)
                  0.04    0.00    0.26 ^ clkbuf_1_0__f_clk/A (sky130_fd_sc_hd__clkbuf_16)
                  0.06    0.11    0.38 ^ clkbuf_1_0__f_clk/X (sky130_fd_sc_hd__clkbuf_16)
    14    0.06                           clknet_1_0__leaf_clk (net)
                  0.06    0.00    0.38 ^ _414_/CLK (sky130_fd_sc_hd__dfrtp_4)
                          0.25    0.63   clock uncertainty
                         -0.04    0.59   clock reconvergence pessimism
                         -0.02    0.57   library hold time
                                  0.57   data required time
-----------------------------------------------------------------------------
                                  0.57   data required time
                                 -0.74   data arrival time
-----------------------------------------------------------------------------
                                  0.16   slack (MET)


Startpoint: _400_ (rising edge-triggered flip-flop clocked by clk)
Endpoint: _401_ (rising edge-triggered flip-flop clocked by clk)
Path Group: clk
Path Type: min
Corner: Fastest

Fanout     Cap    Slew   Delay    Time   Description
-----------------------------------------------------------------------------
                          0.00    0.00   clock clk (rise edge)
                          0.00    0.00   clock source latency
                  0.18    0.12    0.12 ^ clk (in)
     1    0.05                           clk (net)
                  0.18    0.00    0.12 ^ clkbuf_0_clk/A (sky130_fd_sc_hd__clkbuf_16)
                  0.04    0.11    0.24 ^ clkbuf_0_clk/X (sky130_fd_sc_hd__clkbuf_16)
     2    0.02                           clknet_0_clk (net)
                  0.04    0.00    0.24 ^ clkbuf_1_1__f_clk/A (sky130_fd_sc_hd__clkbuf_16)
                  0.06    0.10    0.34 ^ clkbuf_1_1__f_clk/X (sky130_fd_sc_hd__clkbuf_16)
    14    0.06                           clknet_1_1__leaf_clk (net)
                  0.06    0.00    0.34 ^ _400_/CLK (sky130_fd_sc_hd__dfrtp_4)
                  0.08    0.28    0.62 ^ _400_/Q (sky130_fd_sc_hd__dfrtp_4)
     7    0.03                           U_PC.pc[2] (net)
                  0.08    0.00    0.62 ^ _365_/A (sky130_fd_sc_hd__inv_2)
                  0.02    0.01    0.64 v _365_/Y (sky130_fd_sc_hd__inv_2)
     1    0.00                           _179_ (net)
                  0.02    0.00    0.64 v _366_/A1 (sky130_fd_sc_hd__o21a_1)
                  0.02    0.10    0.74 v _366_/X (sky130_fd_sc_hd__o21a_1)
     1    0.00                           U_PC.next_pc[3] (net)
                  0.02    0.00    0.74 v _401_/D (sky130_fd_sc_hd__dfrtp_4)
                                  0.74   data arrival time

                          0.00    0.00   clock clk (rise edge)
                          0.00    0.00   clock source latency
                  0.18    0.14    0.14 ^ clk (in)
     1    0.05                           clk (net)
                  0.18    0.00    0.14 ^ clkbuf_0_clk/A (sky130_fd_sc_hd__clkbuf_16)
                  0.04    0.13    0.26 ^ clkbuf_0_clk/X (sky130_fd_sc_hd__clkbuf_16)
     2    0.02                           clknet_0_clk (net)
                  0.04    0.00    0.26 ^ clkbuf_1_1__f_clk/A (sky130_fd_sc_hd__clkbuf_16)
                  0.06    0.11    0.37 ^ clkbuf_1_1__f_clk/X (sky130_fd_sc_hd__clkbuf_16)
    14    0.06                           clknet_1_1__leaf_clk (net)
                  0.06    0.00    0.38 ^ _401_/CLK (sky130_fd_sc_hd__dfrtp_4)
                          0.25    0.63   clock uncertainty
                         -0.04    0.59   clock reconvergence pessimism
                         -0.02    0.57   library hold time
                                  0.57   data required time
-----------------------------------------------------------------------------
                                  0.57   data required time
                                 -0.74   data arrival time
-----------------------------------------------------------------------------
                                  0.17   slack (MET)


Startpoint: _416_ (rising edge-triggered flip-flop clocked by clk)
Endpoint: _416_ (rising edge-triggered flip-flop clocked by clk)
Path Group: clk
Path Type: min
Corner: Fastest

Fanout     Cap    Slew   Delay    Time   Description
-----------------------------------------------------------------------------
                          0.00    0.00   clock clk (rise edge)
                          0.00    0.00   clock source latency
                  0.18    0.12    0.12 ^ clk (in)
     1    0.05                           clk (net)
                  0.18    0.00    0.12 ^ clkbuf_0_clk/A (sky130_fd_sc_hd__clkbuf_16)
                  0.04    0.11    0.24 ^ clkbuf_0_clk/X (sky130_fd_sc_hd__clkbuf_16)
     2    0.02                           clknet_0_clk (net)
                  0.04    0.00    0.24 ^ clkbuf_1_0__f_clk/A (sky130_fd_sc_hd__clkbuf_16)
                  0.06    0.10    0.34 ^ clkbuf_1_0__f_clk/X (sky130_fd_sc_hd__clkbuf_16)
    14    0.06                           clknet_1_0__leaf_clk (net)
                  0.06    0.00    0.34 ^ _416_/CLK (sky130_fd_sc_hd__dfrtp_4)
                  0.09    0.29    0.63 ^ _416_/Q (sky130_fd_sc_hd__dfrtp_4)
     2    0.03                           net20 (net)
                  0.09    0.00    0.63 ^ _316_/A (sky130_fd_sc_hd__or2_1)
                  0.03    0.07    0.70 ^ _316_/X (sky130_fd_sc_hd__or2_1)
     1    0.00                           _148_ (net)
                  0.03    0.00    0.70 ^ _317_/B1 (sky130_fd_sc_hd__o31a_1)
                  0.03    0.06    0.76 ^ _317_/X (sky130_fd_sc_hd__o31a_1)
     1    0.00                           _042_ (net)
                  0.03    0.00    0.76 ^ _416_/D (sky130_fd_sc_hd__dfrtp_4)
                                  0.76   data arrival time

                          0.00    0.00   clock clk (rise edge)
                          0.00    0.00   clock source latency
                  0.18    0.14    0.14 ^ clk (in)
     1    0.05                           clk (net)
                  0.18    0.00    0.14 ^ clkbuf_0_clk/A (sky130_fd_sc_hd__clkbuf_16)
                  0.04    0.13    0.26 ^ clkbuf_0_clk/X (sky130_fd_sc_hd__clkbuf_16)
     2    0.02                           clknet_0_clk (net)
                  0.04    0.00    0.26 ^ clkbuf_1_0__f_clk/A (sky130_fd_sc_hd__clkbuf_16)
                  0.06    0.11    0.38 ^ clkbuf_1_0__f_clk/X (sky130_fd_sc_hd__clkbuf_16)
    14    0.06                           clknet_1_0__leaf_clk (net)
                  0.06    0.00    0.38 ^ _416_/CLK (sky130_fd_sc_hd__dfrtp_4)
                          0.25    0.63   clock uncertainty
                         -0.04    0.59   clock reconvergence pessimism
                         -0.02    0.58   library hold time
                                  0.58   data required time
-----------------------------------------------------------------------------
                                  0.58   data required time
                                 -0.76   data arrival time
-----------------------------------------------------------------------------
                                  0.18   slack (MET)


Startpoint: _402_ (rising edge-triggered flip-flop clocked by clk)
Endpoint: _402_ (rising edge-triggered flip-flop clocked by clk)
Path Group: clk
Path Type: min
Corner: Fastest

Fanout     Cap    Slew   Delay    Time   Description
-----------------------------------------------------------------------------
                          0.00    0.00   clock clk (rise edge)
                          0.00    0.00   clock source latency
                  0.18    0.12    0.12 ^ clk (in)
     1    0.05                           clk (net)
                  0.18    0.00    0.12 ^ clkbuf_0_clk/A (sky130_fd_sc_hd__clkbuf_16)
                  0.04    0.11    0.24 ^ clkbuf_0_clk/X (sky130_fd_sc_hd__clkbuf_16)
     2    0.02                           clknet_0_clk (net)
                  0.04    0.00    0.24 ^ clkbuf_1_1__f_clk/A (sky130_fd_sc_hd__clkbuf_16)
                  0.06    0.10    0.34 ^ clkbuf_1_1__f_clk/X (sky130_fd_sc_hd__clkbuf_16)
    14    0.06                           clknet_1_1__leaf_clk (net)
                  0.06    0.01    0.34 ^ _402_/CLK (sky130_fd_sc_hd__dfrtp_4)
                  0.09    0.29    0.63 ^ _402_/Q (sky130_fd_sc_hd__dfrtp_4)
     4    0.03                           net2 (net)
                  0.09    0.00    0.63 ^ _355_/A0 (sky130_fd_sc_hd__mux2_1)
                  0.03    0.08    0.71 ^ _355_/X (sky130_fd_sc_hd__mux2_1)
     1    0.00                           _173_ (net)
                  0.03    0.00    0.71 ^ _356_/A (sky130_fd_sc_hd__clkbuf_1)
                  0.03    0.05    0.76 ^ _356_/X (sky130_fd_sc_hd__clkbuf_1)
     1    0.00                           _028_ (net)
                  0.03    0.00    0.76 ^ _402_/D (sky130_fd_sc_hd__dfrtp_4)
                                  0.76   data arrival time

                          0.00    0.00   clock clk (rise edge)
                          0.00    0.00   clock source latency
                  0.18    0.14    0.14 ^ clk (in)
     1    0.05                           clk (net)
                  0.18    0.00    0.14 ^ clkbuf_0_clk/A (sky130_fd_sc_hd__clkbuf_16)
                  0.04    0.13    0.26 ^ clkbuf_0_clk/X (sky130_fd_sc_hd__clkbuf_16)
     2    0.02                           clknet_0_clk (net)
                  0.04    0.00    0.26 ^ clkbuf_1_1__f_clk/A (sky130_fd_sc_hd__clkbuf_16)
                  0.06    0.11    0.37 ^ clkbuf_1_1__f_clk/X (sky130_fd_sc_hd__clkbuf_16)
    14    0.06                           clknet_1_1__leaf_clk (net)
                  0.06    0.01    0.38 ^ _402_/CLK (sky130_fd_sc_hd__dfrtp_4)
                          0.25    0.63   clock uncertainty
                         -0.04    0.59   clock reconvergence pessimism
                         -0.02    0.58   library hold time
                                  0.58   data required time
-----------------------------------------------------------------------------
                                  0.58   data required time
                                 -0.76   data arrival time
-----------------------------------------------------------------------------
                                  0.19   slack (MET)


Startpoint: _409_ (rising edge-triggered flip-flop clocked by clk)
Endpoint: _409_ (rising edge-triggered flip-flop clocked by clk)
Path Group: clk
Path Type: min
Corner: Fastest

Fanout     Cap    Slew   Delay    Time   Description
-----------------------------------------------------------------------------
                          0.00    0.00   clock clk (rise edge)
                          0.00    0.00   clock source latency
                  0.18    0.12    0.12 ^ clk (in)
     1    0.05                           clk (net)
                  0.18    0.00    0.12 ^ clkbuf_0_clk/A (sky130_fd_sc_hd__clkbuf_16)
                  0.04    0.11    0.24 ^ clkbuf_0_clk/X (sky130_fd_sc_hd__clkbuf_16)
     2    0.02                           clknet_0_clk (net)
                  0.04    0.00    0.24 ^ clkbuf_1_0__f_clk/A (sky130_fd_sc_hd__clkbuf_16)
                  0.06    0.10    0.34 ^ clkbuf_1_0__f_clk/X (sky130_fd_sc_hd__clkbuf_16)
    14    0.06                           clknet_1_0__leaf_clk (net)
                  0.06    0.00    0.34 ^ _409_/CLK (sky130_fd_sc_hd__dfrtp_4)
                  0.10    0.29    0.63 ^ _409_/Q (sky130_fd_sc_hd__dfrtp_4)
     3    0.04                           net9 (net)
                  0.10    0.00    0.63 ^ _341_/A (sky130_fd_sc_hd__or2_1)
                  0.04    0.07    0.71 ^ _341_/X (sky130_fd_sc_hd__or2_1)
     1    0.00                           _166_ (net)
                  0.04    0.00    0.71 ^ _342_/B1 (sky130_fd_sc_hd__o41a_1)
                  0.03    0.05    0.76 ^ _342_/X (sky130_fd_sc_hd__o41a_1)
     1    0.00                           _035_ (net)
                  0.03    0.00    0.76 ^ _409_/D (sky130_fd_sc_hd__dfrtp_4)
                                  0.76   data arrival time

                          0.00    0.00   clock clk (rise edge)
                          0.00    0.00   clock source latency
                  0.18    0.14    0.14 ^ clk (in)
     1    0.05                           clk (net)
                  0.18    0.00    0.14 ^ clkbuf_0_clk/A (sky130_fd_sc_hd__clkbuf_16)
                  0.04    0.13    0.26 ^ clkbuf_0_clk/X (sky130_fd_sc_hd__clkbuf_16)
     2    0.02                           clknet_0_clk (net)
                  0.04    0.00    0.26 ^ clkbuf_1_0__f_clk/A (sky130_fd_sc_hd__clkbuf_16)
                  0.06    0.11    0.38 ^ clkbuf_1_0__f_clk/X (sky130_fd_sc_hd__clkbuf_16)
    14    0.06                           clknet_1_0__leaf_clk (net)
                  0.06    0.00    0.38 ^ _409_/CLK (sky130_fd_sc_hd__dfrtp_4)
                          0.25    0.63   clock uncertainty
                         -0.04    0.59   clock reconvergence pessimism
                         -0.02    0.57   library hold time
                                  0.57   data required time
-----------------------------------------------------------------------------
                                  0.57   data required time
                                 -0.76   data arrival time
-----------------------------------------------------------------------------
                                  0.19   slack (MET)


Startpoint: _421_ (rising edge-triggered flip-flop clocked by clk)
Endpoint: _421_ (rising edge-triggered flip-flop clocked by clk)
Path Group: clk
Path Type: min
Corner: Fastest

Fanout     Cap    Slew   Delay    Time   Description
-----------------------------------------------------------------------------
                          0.00    0.00   clock clk (rise edge)
                          0.00    0.00   clock source latency
                  0.18    0.12    0.12 ^ clk (in)
     1    0.05                           clk (net)
                  0.18    0.00    0.12 ^ clkbuf_0_clk/A (sky130_fd_sc_hd__clkbuf_16)
                  0.04    0.11    0.24 ^ clkbuf_0_clk/X (sky130_fd_sc_hd__clkbuf_16)
     2    0.02                           clknet_0_clk (net)
                  0.04    0.00    0.24 ^ clkbuf_1_1__f_clk/A (sky130_fd_sc_hd__clkbuf_16)
                  0.06    0.10    0.34 ^ clkbuf_1_1__f_clk/X (sky130_fd_sc_hd__clkbuf_16)
    14    0.06                           clknet_1_1__leaf_clk (net)
                  0.06    0.01    0.34 ^ _421_/CLK (sky130_fd_sc_hd__dfrtp_4)
                  0.09    0.29    0.63 ^ _421_/Q (sky130_fd_sc_hd__dfrtp_4)
     4    0.04                           net13 (net)
                  0.09    0.00    0.64 ^ _285_/A0 (sky130_fd_sc_hd__mux2_1)
                  0.03    0.08    0.72 ^ _285_/X (sky130_fd_sc_hd__mux2_1)
     1    0.00                           _122_ (net)
                  0.03    0.00    0.72 ^ _286_/A (sky130_fd_sc_hd__clkbuf_1)
                  0.04    0.05    0.77 ^ _286_/X (sky130_fd_sc_hd__clkbuf_1)
     1    0.00                           _047_ (net)
                  0.04    0.00    0.77 ^ _421_/D (sky130_fd_sc_hd__dfrtp_4)
                                  0.77   data arrival time

                          0.00    0.00   clock clk (rise edge)
                          0.00    0.00   clock source latency
                  0.18    0.14    0.14 ^ clk (in)
     1    0.05                           clk (net)
                  0.18    0.00    0.14 ^ clkbuf_0_clk/A (sky130_fd_sc_hd__clkbuf_16)
                  0.04    0.13    0.26 ^ clkbuf_0_clk/X (sky130_fd_sc_hd__clkbuf_16)
     2    0.02                           clknet_0_clk (net)
                  0.04    0.00    0.26 ^ clkbuf_1_1__f_clk/A (sky130_fd_sc_hd__clkbuf_16)
                  0.06    0.11    0.37 ^ clkbuf_1_1__f_clk/X (sky130_fd_sc_hd__clkbuf_16)
    14    0.06                           clknet_1_1__leaf_clk (net)
                  0.06    0.01    0.38 ^ _421_/CLK (sky130_fd_sc_hd__dfrtp_4)
                          0.25    0.63   clock uncertainty
                         -0.04    0.59   clock reconvergence pessimism
                         -0.02    0.57   library hold time
                                  0.57   data required time
-----------------------------------------------------------------------------
                                  0.57   data required time
                                 -0.77   data arrival time
-----------------------------------------------------------------------------
                                  0.19   slack (MET)


Startpoint: _405_ (rising edge-triggered flip-flop clocked by clk)
Endpoint: _405_ (rising edge-triggered flip-flop clocked by clk)
Path Group: clk
Path Type: min
Corner: Fastest

Fanout     Cap    Slew   Delay    Time   Description
-----------------------------------------------------------------------------
                          0.00    0.00   clock clk (rise edge)
                          0.00    0.00   clock source latency
                  0.18    0.12    0.12 ^ clk (in)
     1    0.05                           clk (net)
                  0.18    0.00    0.12 ^ clkbuf_0_clk/A (sky130_fd_sc_hd__clkbuf_16)
                  0.04    0.11    0.24 ^ clkbuf_0_clk/X (sky130_fd_sc_hd__clkbuf_16)
     2    0.02                           clknet_0_clk (net)
                  0.04    0.00    0.24 ^ clkbuf_1_1__f_clk/A (sky130_fd_sc_hd__clkbuf_16)
                  0.06    0.10    0.34 ^ clkbuf_1_1__f_clk/X (sky130_fd_sc_hd__clkbuf_16)
    14    0.06                           clknet_1_1__leaf_clk (net)
                  0.06    0.00    0.34 ^ _405_/CLK (sky130_fd_sc_hd__dfrtp_4)
                  0.11    0.30    0.64 ^ _405_/Q (sky130_fd_sc_hd__dfrtp_4)
     3    0.04                           net5 (net)
                  0.11    0.00    0.64 ^ _349_/A0 (sky130_fd_sc_hd__mux2_1)
                  0.03    0.08    0.73 ^ _349_/X (sky130_fd_sc_hd__mux2_1)
     1    0.00                           _170_ (net)
                  0.03    0.00    0.73 ^ _350_/A (sky130_fd_sc_hd__clkbuf_1)
                  0.03    0.05    0.77 ^ _350_/X (sky130_fd_sc_hd__clkbuf_1)
     1    0.00                           _031_ (net)
                  0.03    0.00    0.78 ^ _405_/D (sky130_fd_sc_hd__dfrtp_4)
                                  0.78   data arrival time

                          0.00    0.00   clock clk (rise edge)
                          0.00    0.00   clock source latency
                  0.18    0.14    0.14 ^ clk (in)
     1    0.05                           clk (net)
                  0.18    0.00    0.14 ^ clkbuf_0_clk/A (sky130_fd_sc_hd__clkbuf_16)
                  0.04    0.13    0.26 ^ clkbuf_0_clk/X (sky130_fd_sc_hd__clkbuf_16)
     2    0.02                           clknet_0_clk (net)
                  0.04    0.00    0.26 ^ clkbuf_1_1__f_clk/A (sky130_fd_sc_hd__clkbuf_16)
                  0.06    0.11    0.37 ^ clkbuf_1_1__f_clk/X (sky130_fd_sc_hd__clkbuf_16)
    14    0.06                           clknet_1_1__leaf_clk (net)
                  0.06    0.00    0.38 ^ _405_/CLK (sky130_fd_sc_hd__dfrtp_4)
                          0.25    0.63   clock uncertainty
                         -0.04    0.59   clock reconvergence pessimism
                         -0.02    0.57   library hold time
                                  0.57   data required time
-----------------------------------------------------------------------------
                                  0.57   data required time
                                 -0.78   data arrival time
-----------------------------------------------------------------------------
                                  0.20   slack (MET)


Startpoint: _400_ (rising edge-triggered flip-flop clocked by clk)
Endpoint: _400_ (rising edge-triggered flip-flop clocked by clk)
Path Group: clk
Path Type: min
Corner: Fastest

Fanout     Cap    Slew   Delay    Time   Description
-----------------------------------------------------------------------------
                          0.00    0.00   clock clk (rise edge)
                          0.00    0.00   clock source latency
                  0.18    0.12    0.12 ^ clk (in)
     1    0.05                           clk (net)
                  0.18    0.00    0.12 ^ clkbuf_0_clk/A (sky130_fd_sc_hd__clkbuf_16)
                  0.04    0.11    0.24 ^ clkbuf_0_clk/X (sky130_fd_sc_hd__clkbuf_16)
     2    0.02                           clknet_0_clk (net)
                  0.04    0.00    0.24 ^ clkbuf_1_1__f_clk/A (sky130_fd_sc_hd__clkbuf_16)
                  0.06    0.10    0.34 ^ clkbuf_1_1__f_clk/X (sky130_fd_sc_hd__clkbuf_16)
    14    0.06                           clknet_1_1__leaf_clk (net)
                  0.06    0.00    0.34 ^ _400_/CLK (sky130_fd_sc_hd__dfrtp_4)
                  0.08    0.28    0.62 ^ _400_/Q (sky130_fd_sc_hd__dfrtp_4)
     7    0.03                           U_PC.pc[2] (net)
                  0.08    0.00    0.62 ^ _363_/A (sky130_fd_sc_hd__xnor2_1)
                  0.03    0.07    0.69 ^ _363_/Y (sky130_fd_sc_hd__xnor2_1)
     1    0.00                           _178_ (net)
                  0.03    0.00    0.69 ^ _364_/B1 (sky130_fd_sc_hd__o2bb2a_1)
                  0.04    0.08    0.78 ^ _364_/X (sky130_fd_sc_hd__o2bb2a_1)
     1    0.00                           U_PC.next_pc[2] (net)
                  0.04    0.00    0.78 ^ _400_/D (sky130_fd_sc_hd__dfrtp_4)
                                  0.78   data arrival time

                          0.00    0.00   clock clk (rise edge)
                          0.00    0.00   clock source latency
                  0.18    0.14    0.14 ^ clk (in)
     1    0.05                           clk (net)
                  0.18    0.00    0.14 ^ clkbuf_0_clk/A (sky130_fd_sc_hd__clkbuf_16)
                  0.04    0.13    0.26 ^ clkbuf_0_clk/X (sky130_fd_sc_hd__clkbuf_16)
     2    0.02                           clknet_0_clk (net)
                  0.04    0.00    0.26 ^ clkbuf_1_1__f_clk/A (sky130_fd_sc_hd__clkbuf_16)
                  0.06    0.11    0.37 ^ clkbuf_1_1__f_clk/X (sky130_fd_sc_hd__clkbuf_16)
    14    0.06                           clknet_1_1__leaf_clk (net)
                  0.06    0.01    0.38 ^ _400_/CLK (sky130_fd_sc_hd__dfrtp_4)
                          0.25    0.63   clock uncertainty
                         -0.04    0.59   clock reconvergence pessimism
                         -0.02    0.57   library hold time
                                  0.57   data required time
-----------------------------------------------------------------------------
                                  0.57   data required time
                                 -0.78   data arrival time
-----------------------------------------------------------------------------
                                  0.20   slack (MET)


Startpoint: _411_ (rising edge-triggered flip-flop clocked by clk)
Endpoint: _411_ (rising edge-triggered flip-flop clocked by clk)
Path Group: clk
Path Type: min
Corner: Fastest

Fanout     Cap    Slew   Delay    Time   Description
-----------------------------------------------------------------------------
                          0.00    0.00   clock clk (rise edge)
                          0.00    0.00   clock source latency
                  0.18    0.12    0.12 ^ clk (in)
     1    0.05                           clk (net)
                  0.18    0.00    0.12 ^ clkbuf_0_clk/A (sky130_fd_sc_hd__clkbuf_16)
                  0.04    0.11    0.24 ^ clkbuf_0_clk/X (sky130_fd_sc_hd__clkbuf_16)
     2    0.02                           clknet_0_clk (net)
                  0.04    0.00    0.24 ^ clkbuf_1_1__f_clk/A (sky130_fd_sc_hd__clkbuf_16)
                  0.06    0.10    0.34 ^ clkbuf_1_1__f_clk/X (sky130_fd_sc_hd__clkbuf_16)
    14    0.06                           clknet_1_1__leaf_clk (net)
                  0.06    0.01    0.34 ^ _411_/CLK (sky130_fd_sc_hd__dfrtp_4)
                  0.09    0.29    0.63 ^ _411_/Q (sky130_fd_sc_hd__dfrtp_4)
     2    0.04                           net24 (net)
                  0.09    0.00    0.63 ^ _337_/A (sky130_fd_sc_hd__and3_1)
                  0.04    0.09    0.73 ^ _337_/X (sky130_fd_sc_hd__and3_1)
     1    0.00                           _164_ (net)
                  0.04    0.00    0.73 ^ _338_/A (sky130_fd_sc_hd__clkbuf_1)
                  0.03    0.05    0.78 ^ _338_/X (sky130_fd_sc_hd__clkbuf_1)
     1    0.00                           _037_ (net)
                  0.03    0.00    0.78 ^ _411_/D (sky130_fd_sc_hd__dfrtp_4)
                                  0.78   data arrival time

                          0.00    0.00   clock clk (rise edge)
                          0.00    0.00   clock source latency
                  0.18    0.14    0.14 ^ clk (in)
     1    0.05                           clk (net)
                  0.18    0.00    0.14 ^ clkbuf_0_clk/A (sky130_fd_sc_hd__clkbuf_16)
                  0.04    0.13    0.26 ^ clkbuf_0_clk/X (sky130_fd_sc_hd__clkbuf_16)
     2    0.02                           clknet_0_clk (net)
                  0.04    0.00    0.26 ^ clkbuf_1_1__f_clk/A (sky130_fd_sc_hd__clkbuf_16)
                  0.06    0.11    0.37 ^ clkbuf_1_1__f_clk/X (sky130_fd_sc_hd__clkbuf_16)
    14    0.06                           clknet_1_1__leaf_clk (net)
                  0.06    0.01    0.38 ^ _411_/CLK (sky130_fd_sc_hd__dfrtp_4)
                          0.25    0.63   clock uncertainty
                         -0.04    0.59   clock reconvergence pessimism
                         -0.02    0.57   library hold time
                                  0.57   data required time
-----------------------------------------------------------------------------
                                  0.57   data required time
                                 -0.78   data arrival time
-----------------------------------------------------------------------------
                                  0.20   slack (MET)


Startpoint: _403_ (rising edge-triggered flip-flop clocked by clk)
Endpoint: _403_ (rising edge-triggered flip-flop clocked by clk)
Path Group: clk
Path Type: min
Corner: Fastest

Fanout     Cap    Slew   Delay    Time   Description
-----------------------------------------------------------------------------
                          0.00    0.00   clock clk (rise edge)
                          0.00    0.00   clock source latency
                  0.18    0.12    0.12 ^ clk (in)
     1    0.05                           clk (net)
                  0.18    0.00    0.12 ^ clkbuf_0_clk/A (sky130_fd_sc_hd__clkbuf_16)
                  0.04    0.11    0.24 ^ clkbuf_0_clk/X (sky130_fd_sc_hd__clkbuf_16)
     2    0.02                           clknet_0_clk (net)
                  0.04    0.00    0.24 ^ clkbuf_1_1__f_clk/A (sky130_fd_sc_hd__clkbuf_16)
                  0.06    0.10    0.34 ^ clkbuf_1_1__f_clk/X (sky130_fd_sc_hd__clkbuf_16)
    14    0.06                           clknet_1_1__leaf_clk (net)
                  0.06    0.00    0.34 ^ _403_/CLK (sky130_fd_sc_hd__dfrtp_4)
                  0.11    0.30    0.65 ^ _403_/Q (sky130_fd_sc_hd__dfrtp_4)
     3    0.05                           net3 (net)
                  0.11    0.00    0.65 ^ _353_/A0 (sky130_fd_sc_hd__mux2_1)
                  0.03    0.09    0.74 ^ _353_/X (sky130_fd_sc_hd__mux2_1)
     1    0.00                           _172_ (net)
                  0.03    0.00    0.74 ^ _354_/A (sky130_fd_sc_hd__clkbuf_1)
                  0.03    0.05    0.79 ^ _354_/X (sky130_fd_sc_hd__clkbuf_1)
     1    0.00                           _029_ (net)
                  0.03    0.00    0.79 ^ _403_/D (sky130_fd_sc_hd__dfrtp_4)
                                  0.79   data arrival time

                          0.00    0.00   clock clk (rise edge)
                          0.00    0.00   clock source latency
                  0.18    0.14    0.14 ^ clk (in)
     1    0.05                           clk (net)
                  0.18    0.00    0.14 ^ clkbuf_0_clk/A (sky130_fd_sc_hd__clkbuf_16)
                  0.04    0.13    0.26 ^ clkbuf_0_clk/X (sky130_fd_sc_hd__clkbuf_16)
     2    0.02                           clknet_0_clk (net)
                  0.04    0.00    0.26 ^ clkbuf_1_1__f_clk/A (sky130_fd_sc_hd__clkbuf_16)
                  0.06    0.11    0.37 ^ clkbuf_1_1__f_clk/X (sky130_fd_sc_hd__clkbuf_16)
    14    0.06                           clknet_1_1__leaf_clk (net)
                  0.06    0.00    0.38 ^ _403_/CLK (sky130_fd_sc_hd__dfrtp_4)
                          0.25    0.63   clock uncertainty
                         -0.04    0.59   clock reconvergence pessimism
                         -0.02    0.57   library hold time
                                  0.57   data required time
-----------------------------------------------------------------------------
                                  0.57   data required time
                                 -0.79   data arrival time
-----------------------------------------------------------------------------
                                  0.21   slack (MET)


Startpoint: _401_ (rising edge-triggered flip-flop clocked by clk)
Endpoint: _419_ (rising edge-triggered flip-flop clocked by clk)
Path Group: clk
Path Type: min
Corner: Fastest

Fanout     Cap    Slew   Delay    Time   Description
-----------------------------------------------------------------------------
                          0.00    0.00   clock clk (rise edge)
                          0.00    0.00   clock source latency
                  0.18    0.12    0.12 ^ clk (in)
     1    0.05                           clk (net)
                  0.18    0.00    0.12 ^ clkbuf_0_clk/A (sky130_fd_sc_hd__clkbuf_16)
                  0.04    0.11    0.24 ^ clkbuf_0_clk/X (sky130_fd_sc_hd__clkbuf_16)
     2    0.02                           clknet_0_clk (net)
                  0.04    0.00    0.24 ^ clkbuf_1_1__f_clk/A (sky130_fd_sc_hd__clkbuf_16)
                  0.06    0.10    0.34 ^ clkbuf_1_1__f_clk/X (sky130_fd_sc_hd__clkbuf_16)
    14    0.06                           clknet_1_1__leaf_clk (net)
                  0.06    0.00    0.34 ^ _401_/CLK (sky130_fd_sc_hd__dfrtp_4)
                  0.07    0.28    0.62 ^ _401_/Q (sky130_fd_sc_hd__dfrtp_4)
     8    0.03                           U_PC.pc[3] (net)
                  0.07    0.00    0.62 ^ _232_/A (sky130_fd_sc_hd__nor3_2)
                  0.06    0.06    0.68 v _232_/Y (sky130_fd_sc_hd__nor3_2)
     5    0.03                           _073_ (net)
                  0.06    0.00    0.68 v _300_/A1 (sky130_fd_sc_hd__a21o_1)
                  0.02    0.10    0.78 v _300_/X (sky130_fd_sc_hd__a21o_1)
     1    0.00                           _045_ (net)
                  0.02    0.00    0.78 v _419_/D (sky130_fd_sc_hd__dfrtp_4)
                                  0.78   data arrival time

                          0.00    0.00   clock clk (rise edge)
                          0.00    0.00   clock source latency
                  0.18    0.14    0.14 ^ clk (in)
     1    0.05                           clk (net)
                  0.18    0.00    0.14 ^ clkbuf_0_clk/A (sky130_fd_sc_hd__clkbuf_16)
                  0.04    0.13    0.26 ^ clkbuf_0_clk/X (sky130_fd_sc_hd__clkbuf_16)
     2    0.02                           clknet_0_clk (net)
                  0.04    0.00    0.26 ^ clkbuf_1_1__f_clk/A (sky130_fd_sc_hd__clkbuf_16)
                  0.06    0.11    0.37 ^ clkbuf_1_1__f_clk/X (sky130_fd_sc_hd__clkbuf_16)
    14    0.06                           clknet_1_1__leaf_clk (net)
                  0.06    0.01    0.38 ^ _419_/CLK (sky130_fd_sc_hd__dfrtp_4)
                          0.25    0.63   clock uncertainty
                         -0.04    0.59   clock reconvergence pessimism
                         -0.02    0.57   library hold time
                                  0.57   data required time
-----------------------------------------------------------------------------
                                  0.57   data required time
                                 -0.78   data arrival time
-----------------------------------------------------------------------------
                                  0.21   slack (MET)


Startpoint: _410_ (rising edge-triggered flip-flop clocked by clk)
Endpoint: _410_ (rising edge-triggered flip-flop clocked by clk)
Path Group: clk
Path Type: min
Corner: Fastest

Fanout     Cap    Slew   Delay    Time   Description
-----------------------------------------------------------------------------
                          0.00    0.00   clock clk (rise edge)
                          0.00    0.00   clock source latency
                  0.18    0.12    0.12 ^ clk (in)
     1    0.05                           clk (net)
                  0.18    0.00    0.12 ^ clkbuf_0_clk/A (sky130_fd_sc_hd__clkbuf_16)
                  0.04    0.11    0.24 ^ clkbuf_0_clk/X (sky130_fd_sc_hd__clkbuf_16)
     2    0.02                           clknet_0_clk (net)
                  0.04    0.00    0.24 ^ clkbuf_1_0__f_clk/A (sky130_fd_sc_hd__clkbuf_16)
                  0.06    0.10    0.34 ^ clkbuf_1_0__f_clk/X (sky130_fd_sc_hd__clkbuf_16)
    14    0.06                           clknet_1_0__leaf_clk (net)
                  0.06    0.00    0.34 ^ _410_/CLK (sky130_fd_sc_hd__dfrtp_4)
                  0.19    0.36    0.70 ^ _410_/Q (sky130_fd_sc_hd__dfrtp_4)
     3    0.09                           net23 (net)
                  0.19    0.00    0.70 ^ _339_/A1 (sky130_fd_sc_hd__a31o_1)
                  0.03    0.09    0.79 ^ _339_/X (sky130_fd_sc_hd__a31o_1)
     1    0.00                           _036_ (net)
                  0.03    0.00    0.79 ^ _410_/D (sky130_fd_sc_hd__dfrtp_4)
                                  0.79   data arrival time

                          0.00    0.00   clock clk (rise edge)
                          0.00    0.00   clock source latency
                  0.18    0.14    0.14 ^ clk (in)
     1    0.05                           clk (net)
                  0.18    0.00    0.14 ^ clkbuf_0_clk/A (sky130_fd_sc_hd__clkbuf_16)
                  0.04    0.13    0.26 ^ clkbuf_0_clk/X (sky130_fd_sc_hd__clkbuf_16)
     2    0.02                           clknet_0_clk (net)
                  0.04    0.00    0.26 ^ clkbuf_1_0__f_clk/A (sky130_fd_sc_hd__clkbuf_16)
                  0.06    0.11    0.38 ^ clkbuf_1_0__f_clk/X (sky130_fd_sc_hd__clkbuf_16)
    14    0.06                           clknet_1_0__leaf_clk (net)
                  0.06    0.00    0.38 ^ _410_/CLK (sky130_fd_sc_hd__dfrtp_4)
                          0.25    0.63   clock uncertainty
                         -0.04    0.59   clock reconvergence pessimism
                         -0.02    0.58   library hold time
                                  0.58   data required time
-----------------------------------------------------------------------------
                                  0.58   data required time
                                 -0.79   data arrival time
-----------------------------------------------------------------------------
                                  0.22   slack (MET)


Startpoint: _401_ (rising edge-triggered flip-flop clocked by clk)
Endpoint: _420_ (rising edge-triggered flip-flop clocked by clk)
Path Group: clk
Path Type: min
Corner: Fastest

Fanout     Cap    Slew   Delay    Time   Description
-----------------------------------------------------------------------------
                          0.00    0.00   clock clk (rise edge)
                          0.00    0.00   clock source latency
                  0.18    0.12    0.12 ^ clk (in)
     1    0.05                           clk (net)
                  0.18    0.00    0.12 ^ clkbuf_0_clk/A (sky130_fd_sc_hd__clkbuf_16)
                  0.04    0.11    0.24 ^ clkbuf_0_clk/X (sky130_fd_sc_hd__clkbuf_16)
     2    0.02                           clknet_0_clk (net)
                  0.04    0.00    0.24 ^ clkbuf_1_1__f_clk/A (sky130_fd_sc_hd__clkbuf_16)
                  0.06    0.10    0.34 ^ clkbuf_1_1__f_clk/X (sky130_fd_sc_hd__clkbuf_16)
    14    0.06                           clknet_1_1__leaf_clk (net)
                  0.06    0.00    0.34 ^ _401_/CLK (sky130_fd_sc_hd__dfrtp_4)
                  0.07    0.28    0.62 ^ _401_/Q (sky130_fd_sc_hd__dfrtp_4)
     8    0.03                           U_PC.pc[3] (net)
                  0.07    0.00    0.62 ^ _232_/A (sky130_fd_sc_hd__nor3_2)
                  0.06    0.06    0.68 v _232_/Y (sky130_fd_sc_hd__nor3_2)
     5    0.03                           _073_ (net)
                  0.06    0.00    0.68 v _292_/A1 (sky130_fd_sc_hd__a21bo_1)
                  0.02    0.11    0.79 v _292_/X (sky130_fd_sc_hd__a21bo_1)
     1    0.00                           _046_ (net)
                  0.02    0.00    0.79 v _420_/D (sky130_fd_sc_hd__dfrtp_4)
                                  0.79   data arrival time

                          0.00    0.00   clock clk (rise edge)
                          0.00    0.00   clock source latency
                  0.18    0.14    0.14 ^ clk (in)
     1    0.05                           clk (net)
                  0.18    0.00    0.14 ^ clkbuf_0_clk/A (sky130_fd_sc_hd__clkbuf_16)
                  0.04    0.13    0.26 ^ clkbuf_0_clk/X (sky130_fd_sc_hd__clkbuf_16)
     2    0.02                           clknet_0_clk (net)
                  0.04    0.00    0.26 ^ clkbuf_1_1__f_clk/A (sky130_fd_sc_hd__clkbuf_16)
                  0.06    0.11    0.37 ^ clkbuf_1_1__f_clk/X (sky130_fd_sc_hd__clkbuf_16)
    14    0.06                           clknet_1_1__leaf_clk (net)
                  0.06    0.01    0.38 ^ _420_/CLK (sky130_fd_sc_hd__dfrtp_4)
                          0.25    0.63   clock uncertainty
                         -0.04    0.59   clock reconvergence pessimism
                         -0.02    0.57   library hold time
                                  0.57   data required time
-----------------------------------------------------------------------------
                                  0.57   data required time
                                 -0.79   data arrival time
-----------------------------------------------------------------------------
                                  0.22   slack (MET)


Startpoint: _407_ (rising edge-triggered flip-flop clocked by clk)
Endpoint: _407_ (rising edge-triggered flip-flop clocked by clk)
Path Group: clk
Path Type: min
Corner: Fastest

Fanout     Cap    Slew   Delay    Time   Description
-----------------------------------------------------------------------------
                          0.00    0.00   clock clk (rise edge)
                          0.00    0.00   clock source latency
                  0.18    0.12    0.12 ^ clk (in)
     1    0.05                           clk (net)
                  0.18    0.00    0.12 ^ clkbuf_0_clk/A (sky130_fd_sc_hd__clkbuf_16)
                  0.04    0.11    0.24 ^ clkbuf_0_clk/X (sky130_fd_sc_hd__clkbuf_16)
     2    0.02                           clknet_0_clk (net)
                  0.04    0.00    0.24 ^ clkbuf_1_0__f_clk/A (sky130_fd_sc_hd__clkbuf_16)
                  0.06    0.10    0.34 ^ clkbuf_1_0__f_clk/X (sky130_fd_sc_hd__clkbuf_16)
    14    0.06                           clknet_1_0__leaf_clk (net)
                  0.06    0.00    0.34 ^ _407_/CLK (sky130_fd_sc_hd__dfrtp_4)
                  0.13    0.31    0.66 ^ _407_/Q (sky130_fd_sc_hd__dfrtp_4)
     3    0.05                           net7 (net)
                  0.13    0.00    0.66 ^ _345_/A0 (sky130_fd_sc_hd__mux2_1)
                  0.03    0.09    0.74 ^ _345_/X (sky130_fd_sc_hd__mux2_1)
     1    0.00                           _168_ (net)
                  0.03    0.00    0.74 ^ _346_/A (sky130_fd_sc_hd__clkbuf_1)
                  0.03    0.05    0.79 ^ _346_/X (sky130_fd_sc_hd__clkbuf_1)
     1    0.00                           _033_ (net)
                  0.03    0.00    0.79 ^ _407_/D (sky130_fd_sc_hd__dfrtp_4)
                                  0.79   data arrival time

                          0.00    0.00   clock clk (rise edge)
                          0.00    0.00   clock source latency
                  0.18    0.14    0.14 ^ clk (in)
     1    0.05                           clk (net)
                  0.18    0.00    0.14 ^ clkbuf_0_clk/A (sky130_fd_sc_hd__clkbuf_16)
                  0.04    0.13    0.26 ^ clkbuf_0_clk/X (sky130_fd_sc_hd__clkbuf_16)
     2    0.02                           clknet_0_clk (net)
                  0.04    0.00    0.26 ^ clkbuf_1_0__f_clk/A (sky130_fd_sc_hd__clkbuf_16)
                  0.06    0.11    0.38 ^ clkbuf_1_0__f_clk/X (sky130_fd_sc_hd__clkbuf_16)
    14    0.06                           clknet_1_0__leaf_clk (net)
                  0.06    0.00    0.38 ^ _407_/CLK (sky130_fd_sc_hd__dfrtp_4)
                          0.25    0.63   clock uncertainty
                         -0.04    0.59   clock reconvergence pessimism
                         -0.02    0.57   library hold time
                                  0.57   data required time
-----------------------------------------------------------------------------
                                  0.57   data required time
                                 -0.79   data arrival time
-----------------------------------------------------------------------------
                                  0.22   slack (MET)


Startpoint: _404_ (rising edge-triggered flip-flop clocked by clk)
Endpoint: _404_ (rising edge-triggered flip-flop clocked by clk)
Path Group: clk
Path Type: min
Corner: Fastest

Fanout     Cap    Slew   Delay    Time   Description
-----------------------------------------------------------------------------
                          0.00    0.00   clock clk (rise edge)
                          0.00    0.00   clock source latency
                  0.18    0.12    0.12 ^ clk (in)
     1    0.05                           clk (net)
                  0.18    0.00    0.12 ^ clkbuf_0_clk/A (sky130_fd_sc_hd__clkbuf_16)
                  0.04    0.11    0.24 ^ clkbuf_0_clk/X (sky130_fd_sc_hd__clkbuf_16)
     2    0.02                           clknet_0_clk (net)
                  0.04    0.00    0.24 ^ clkbuf_1_1__f_clk/A (sky130_fd_sc_hd__clkbuf_16)
                  0.06    0.10    0.34 ^ clkbuf_1_1__f_clk/X (sky130_fd_sc_hd__clkbuf_16)
    14    0.06                           clknet_1_1__leaf_clk (net)
                  0.06    0.01    0.34 ^ _404_/CLK (sky130_fd_sc_hd__dfrtp_4)
                  0.14    0.32    0.67 ^ _404_/Q (sky130_fd_sc_hd__dfrtp_4)
     4    0.06                           net4 (net)
                  0.14    0.00    0.67 ^ _351_/A0 (sky130_fd_sc_hd__mux2_1)
                  0.03    0.09    0.76 ^ _351_/X (sky130_fd_sc_hd__mux2_1)
     1    0.00                           _171_ (net)
                  0.03    0.00    0.76 ^ _352_/A (sky130_fd_sc_hd__clkbuf_1)
                  0.03    0.05    0.81 ^ _352_/X (sky130_fd_sc_hd__clkbuf_1)
     1    0.00                           _030_ (net)
                  0.03    0.00    0.81 ^ _404_/D (sky130_fd_sc_hd__dfrtp_4)
                                  0.81   data arrival time

                          0.00    0.00   clock clk (rise edge)
                          0.00    0.00   clock source latency
                  0.18    0.14    0.14 ^ clk (in)
     1    0.05                           clk (net)
                  0.18    0.00    0.14 ^ clkbuf_0_clk/A (sky130_fd_sc_hd__clkbuf_16)
                  0.04    0.13    0.26 ^ clkbuf_0_clk/X (sky130_fd_sc_hd__clkbuf_16)
     2    0.02                           clknet_0_clk (net)
                  0.04    0.00    0.26 ^ clkbuf_1_1__f_clk/A (sky130_fd_sc_hd__clkbuf_16)
                  0.06    0.11    0.37 ^ clkbuf_1_1__f_clk/X (sky130_fd_sc_hd__clkbuf_16)
    14    0.06                           clknet_1_1__leaf_clk (net)
                  0.06    0.01    0.38 ^ _404_/CLK (sky130_fd_sc_hd__dfrtp_4)
                          0.25    0.63   clock uncertainty
                         -0.04    0.59   clock reconvergence pessimism
                         -0.02    0.58   library hold time
                                  0.58   data required time
-----------------------------------------------------------------------------
                                  0.58   data required time
                                 -0.81   data arrival time
-----------------------------------------------------------------------------
                                  0.23   slack (MET)


Startpoint: _398_ (rising edge-triggered flip-flop clocked by clk)
Endpoint: _399_ (rising edge-triggered flip-flop clocked by clk)
Path Group: clk
Path Type: min
Corner: Fastest

Fanout     Cap    Slew   Delay    Time   Description
-----------------------------------------------------------------------------
                          0.00    0.00   clock clk (rise edge)
                          0.00    0.00   clock source latency
                  0.18    0.12    0.12 ^ clk (in)
     1    0.05                           clk (net)
                  0.18    0.00    0.12 ^ clkbuf_0_clk/A (sky130_fd_sc_hd__clkbuf_16)
                  0.04    0.11    0.24 ^ clkbuf_0_clk/X (sky130_fd_sc_hd__clkbuf_16)
     2    0.02                           clknet_0_clk (net)
                  0.04    0.00    0.24 ^ clkbuf_1_1__f_clk/A (sky130_fd_sc_hd__clkbuf_16)
                  0.06    0.10    0.34 ^ clkbuf_1_1__f_clk/X (sky130_fd_sc_hd__clkbuf_16)
    14    0.06                           clknet_1_1__leaf_clk (net)
                  0.06    0.01    0.34 ^ _398_/CLK (sky130_fd_sc_hd__dfrtp_4)
                  0.09    0.29    0.64 ^ _398_/Q (sky130_fd_sc_hd__dfrtp_4)
    10    0.04                           U_PC.pc[0] (net)
                  0.09    0.00    0.64 ^ _359_/B (sky130_fd_sc_hd__and2b_1)
                  0.04    0.08    0.72 ^ _359_/X (sky130_fd_sc_hd__and2b_1)
     2    0.00                           _175_ (net)
                  0.04    0.00    0.72 ^ _360_/C (sky130_fd_sc_hd__or3_1)
                  0.03    0.06    0.78 ^ _360_/X (sky130_fd_sc_hd__or3_1)
     1    0.00                           _176_ (net)
                  0.03    0.00    0.78 ^ _361_/A (sky130_fd_sc_hd__clkbuf_1)
                  0.03    0.05    0.83 ^ _361_/X (sky130_fd_sc_hd__clkbuf_1)
     1    0.00                           U_PC.next_pc[1] (net)
                  0.03    0.00    0.83 ^ _399_/D (sky130_fd_sc_hd__dfrtp_4)
                                  0.83   data arrival time

                          0.00    0.00   clock clk (rise edge)
                          0.00    0.00   clock source latency
                  0.18    0.14    0.14 ^ clk (in)
     1    0.05                           clk (net)
                  0.18    0.00    0.14 ^ clkbuf_0_clk/A (sky130_fd_sc_hd__clkbuf_16)
                  0.04    0.13    0.26 ^ clkbuf_0_clk/X (sky130_fd_sc_hd__clkbuf_16)
     2    0.02                           clknet_0_clk (net)
                  0.04    0.00    0.26 ^ clkbuf_1_1__f_clk/A (sky130_fd_sc_hd__clkbuf_16)
                  0.06    0.11    0.37 ^ clkbuf_1_1__f_clk/X (sky130_fd_sc_hd__clkbuf_16)
    14    0.06                           clknet_1_1__leaf_clk (net)
                  0.06    0.01    0.38 ^ _399_/CLK (sky130_fd_sc_hd__dfrtp_4)
                          0.25    0.63   clock uncertainty
                         -0.04    0.59   clock reconvergence pessimism
                         -0.02    0.57   library hold time
                                  0.57   data required time
-----------------------------------------------------------------------------
                                  0.57   data required time
                                 -0.83   data arrival time
-----------------------------------------------------------------------------
                                  0.25   slack (MET)


Startpoint: _413_ (rising edge-triggered flip-flop clocked by clk)
Endpoint: _413_ (rising edge-triggered flip-flop clocked by clk)
Path Group: clk
Path Type: min
Corner: Fastest

Fanout     Cap    Slew   Delay    Time   Description
-----------------------------------------------------------------------------
                          0.00    0.00   clock clk (rise edge)
                          0.00    0.00   clock source latency
                  0.18    0.12    0.12 ^ clk (in)
     1    0.05                           clk (net)
                  0.18    0.00    0.12 ^ clkbuf_0_clk/A (sky130_fd_sc_hd__clkbuf_16)
                  0.04    0.11    0.24 ^ clkbuf_0_clk/X (sky130_fd_sc_hd__clkbuf_16)
     2    0.02                           clknet_0_clk (net)
                  0.04    0.00    0.24 ^ clkbuf_1_0__f_clk/A (sky130_fd_sc_hd__clkbuf_16)
                  0.06    0.10    0.34 ^ clkbuf_1_0__f_clk/X (sky130_fd_sc_hd__clkbuf_16)
    14    0.06                           clknet_1_0__leaf_clk (net)
                  0.06    0.00    0.34 ^ _413_/CLK (sky130_fd_sc_hd__dfrtp_4)
                  0.16    0.34    0.68 ^ _413_/Q (sky130_fd_sc_hd__dfrtp_4)
     3    0.07                           net27 (net)
                  0.16    0.00    0.68 ^ _334_/A (sky130_fd_sc_hd__and3_1)
                  0.04    0.10    0.78 ^ _334_/X (sky130_fd_sc_hd__and3_1)
     1    0.00                           _163_ (net)
                  0.04    0.00    0.78 ^ _335_/A (sky130_fd_sc_hd__clkbuf_1)
                  0.03    0.05    0.83 ^ _335_/X (sky130_fd_sc_hd__clkbuf_1)
     1    0.00                           _039_ (net)
                  0.03    0.00    0.83 ^ _413_/D (sky130_fd_sc_hd__dfrtp_4)
                                  0.83   data arrival time

                          0.00    0.00   clock clk (rise edge)
                          0.00    0.00   clock source latency
                  0.18    0.14    0.14 ^ clk (in)
     1    0.05                           clk (net)
                  0.18    0.00    0.14 ^ clkbuf_0_clk/A (sky130_fd_sc_hd__clkbuf_16)
                  0.04    0.13    0.26 ^ clkbuf_0_clk/X (sky130_fd_sc_hd__clkbuf_16)
     2    0.02                           clknet_0_clk (net)
                  0.04    0.00    0.26 ^ clkbuf_1_0__f_clk/A (sky130_fd_sc_hd__clkbuf_16)
                  0.06    0.11    0.38 ^ clkbuf_1_0__f_clk/X (sky130_fd_sc_hd__clkbuf_16)
    14    0.06                           clknet_1_0__leaf_clk (net)
                  0.06    0.00    0.38 ^ _413_/CLK (sky130_fd_sc_hd__dfrtp_4)
                          0.25    0.63   clock uncertainty
                         -0.04    0.59   clock reconvergence pessimism
                         -0.02    0.57   library hold time
                                  0.57   data required time
-----------------------------------------------------------------------------
                                  0.57   data required time
                                 -0.83   data arrival time
-----------------------------------------------------------------------------
                                  0.26   slack (MET)


Startpoint: _423_ (rising edge-triggered flip-flop clocked by clk)
Endpoint: _423_ (rising edge-triggered flip-flop clocked by clk)
Path Group: clk
Path Type: min
Corner: Fastest

Fanout     Cap    Slew   Delay    Time   Description
-----------------------------------------------------------------------------
                          0.00    0.00   clock clk (rise edge)
                          0.00    0.00   clock source latency
                  0.18    0.12    0.12 ^ clk (in)
     1    0.05                           clk (net)
                  0.18    0.00    0.12 ^ clkbuf_0_clk/A (sky130_fd_sc_hd__clkbuf_16)
                  0.04    0.11    0.24 ^ clkbuf_0_clk/X (sky130_fd_sc_hd__clkbuf_16)
     2    0.02                           clknet_0_clk (net)
                  0.04    0.00    0.24 ^ clkbuf_1_0__f_clk/A (sky130_fd_sc_hd__clkbuf_16)
                  0.06    0.10    0.34 ^ clkbuf_1_0__f_clk/X (sky130_fd_sc_hd__clkbuf_16)
    14    0.06                           clknet_1_0__leaf_clk (net)
                  0.06    0.00    0.34 ^ _423_/CLK (sky130_fd_sc_hd__dfrtp_4)
                  0.11    0.30    0.64 ^ _423_/Q (sky130_fd_sc_hd__dfrtp_4)
     3    0.04                           net15 (net)
                  0.11    0.00    0.65 ^ _210_/A (sky130_fd_sc_hd__and2_1)
                  0.15    0.16    0.80 ^ _210_/X (sky130_fd_sc_hd__and2_1)
     5    0.02                           _196_ (net)
                  0.15    0.00    0.80 ^ _278_/B1 (sky130_fd_sc_hd__a21o_1)
                  0.03    0.05    0.86 ^ _278_/X (sky130_fd_sc_hd__a21o_1)
     1    0.00                           _049_ (net)
                  0.03    0.00    0.86 ^ _423_/D (sky130_fd_sc_hd__dfrtp_4)
                                  0.86   data arrival time

                          0.00    0.00   clock clk (rise edge)
                          0.00    0.00   clock source latency
                  0.18    0.14    0.14 ^ clk (in)
     1    0.05                           clk (net)
                  0.18    0.00    0.14 ^ clkbuf_0_clk/A (sky130_fd_sc_hd__clkbuf_16)
                  0.04    0.13    0.26 ^ clkbuf_0_clk/X (sky130_fd_sc_hd__clkbuf_16)
     2    0.02                           clknet_0_clk (net)
                  0.04    0.00    0.26 ^ clkbuf_1_0__f_clk/A (sky130_fd_sc_hd__clkbuf_16)
                  0.06    0.11    0.38 ^ clkbuf_1_0__f_clk/X (sky130_fd_sc_hd__clkbuf_16)
    14    0.06                           clknet_1_0__leaf_clk (net)
                  0.06    0.00    0.38 ^ _423_/CLK (sky130_fd_sc_hd__dfrtp_4)
                          0.25    0.63   clock uncertainty
                         -0.04    0.59   clock reconvergence pessimism
                         -0.02    0.57   library hold time
                                  0.57   data required time
-----------------------------------------------------------------------------
                                  0.57   data required time
                                 -0.86   data arrival time
-----------------------------------------------------------------------------
                                  0.28   slack (MET)


Startpoint: _425_ (rising edge-triggered flip-flop clocked by clk)
Endpoint: _425_ (rising edge-triggered flip-flop clocked by clk)
Path Group: clk
Path Type: min
Corner: Fastest

Fanout     Cap    Slew   Delay    Time   Description
-----------------------------------------------------------------------------
                          0.00    0.00   clock clk (rise edge)
                          0.00    0.00   clock source latency
                  0.18    0.12    0.12 ^ clk (in)
     1    0.05                           clk (net)
                  0.18    0.00    0.12 ^ clkbuf_0_clk/A (sky130_fd_sc_hd__clkbuf_16)
                  0.04    0.11    0.24 ^ clkbuf_0_clk/X (sky130_fd_sc_hd__clkbuf_16)
     2    0.02                           clknet_0_clk (net)
                  0.04    0.00    0.24 ^ clkbuf_1_0__f_clk/A (sky130_fd_sc_hd__clkbuf_16)
                  0.06    0.10    0.34 ^ clkbuf_1_0__f_clk/X (sky130_fd_sc_hd__clkbuf_16)
    14    0.06                           clknet_1_0__leaf_clk (net)
                  0.06    0.00    0.34 ^ _425_/CLK (sky130_fd_sc_hd__dfrtp_4)
                  0.10    0.30    0.64 ^ _425_/Q (sky130_fd_sc_hd__dfrtp_4)
     3    0.04                           net17 (net)
                  0.10    0.00    0.64 ^ _199_/A (sky130_fd_sc_hd__and2_2)
                  0.08    0.13    0.78 ^ _199_/X (sky130_fd_sc_hd__and2_2)
     7    0.02                           _185_ (net)
                  0.08    0.00    0.78 ^ _268_/A (sky130_fd_sc_hd__or2_1)
                  0.04    0.07    0.85 ^ _268_/X (sky130_fd_sc_hd__or2_1)
     1    0.00                           _109_ (net)
                  0.04    0.00    0.85 ^ _269_/A (sky130_fd_sc_hd__clkbuf_1)
                  0.03    0.05    0.90 ^ _269_/X (sky130_fd_sc_hd__clkbuf_1)
     1    0.00                           _051_ (net)
                  0.03    0.00    0.90 ^ _425_/D (sky130_fd_sc_hd__dfrtp_4)
                                  0.90   data arrival time

                          0.00    0.00   clock clk (rise edge)
                          0.00    0.00   clock source latency
                  0.18    0.14    0.14 ^ clk (in)
     1    0.05                           clk (net)
                  0.18    0.00    0.14 ^ clkbuf_0_clk/A (sky130_fd_sc_hd__clkbuf_16)
                  0.04    0.13    0.26 ^ clkbuf_0_clk/X (sky130_fd_sc_hd__clkbuf_16)
     2    0.02                           clknet_0_clk (net)
                  0.04    0.00    0.26 ^ clkbuf_1_0__f_clk/A (sky130_fd_sc_hd__clkbuf_16)
                  0.06    0.11    0.38 ^ clkbuf_1_0__f_clk/X (sky130_fd_sc_hd__clkbuf_16)
    14    0.06                           clknet_1_0__leaf_clk (net)
                  0.06    0.00    0.38 ^ _425_/CLK (sky130_fd_sc_hd__dfrtp_4)
                          0.25    0.63   clock uncertainty
                         -0.04    0.59   clock reconvergence pessimism
                         -0.02    0.58   library hold time
                                  0.58   data required time
-----------------------------------------------------------------------------
                                  0.58   data required time
                                 -0.90   data arrival time
-----------------------------------------------------------------------------
                                  0.33   slack (MET)


Startpoint: _422_ (rising edge-triggered flip-flop clocked by clk)
Endpoint: _422_ (rising edge-triggered flip-flop clocked by clk)
Path Group: clk
Path Type: min
Corner: Fastest

Fanout     Cap    Slew   Delay    Time   Description
-----------------------------------------------------------------------------
                          0.00    0.00   clock clk (rise edge)
                          0.00    0.00   clock source latency
                  0.18    0.12    0.12 ^ clk (in)
     1    0.05                           clk (net)
                  0.18    0.00    0.12 ^ clkbuf_0_clk/A (sky130_fd_sc_hd__clkbuf_16)
                  0.04    0.11    0.24 ^ clkbuf_0_clk/X (sky130_fd_sc_hd__clkbuf_16)
     2    0.02                           clknet_0_clk (net)
                  0.04    0.00    0.24 ^ clkbuf_1_0__f_clk/A (sky130_fd_sc_hd__clkbuf_16)
                  0.06    0.10    0.34 ^ clkbuf_1_0__f_clk/X (sky130_fd_sc_hd__clkbuf_16)
    14    0.06                           clknet_1_0__leaf_clk (net)
                  0.06    0.01    0.35 ^ _422_/CLK (sky130_fd_sc_hd__dfrtp_4)
                  0.12    0.31    0.65 ^ _422_/Q (sky130_fd_sc_hd__dfrtp_4)
     5    0.05                           net14 (net)
                  0.12    0.00    0.66 ^ _214_/A (sky130_fd_sc_hd__and2_1)
                  0.08    0.12    0.78 ^ _214_/X (sky130_fd_sc_hd__and2_1)
     3    0.01                           _055_ (net)
                  0.08    0.00    0.78 ^ _280_/A (sky130_fd_sc_hd__or2_1)
                  0.04    0.08    0.85 ^ _280_/X (sky130_fd_sc_hd__or2_1)
     1    0.00                           _118_ (net)
                  0.04    0.00    0.85 ^ _281_/A (sky130_fd_sc_hd__clkbuf_1)
                  0.04    0.05    0.91 ^ _281_/X (sky130_fd_sc_hd__clkbuf_1)
     1    0.00                           _048_ (net)
                  0.04    0.00    0.91 ^ _422_/D (sky130_fd_sc_hd__dfrtp_4)
                                  0.91   data arrival time

                          0.00    0.00   clock clk (rise edge)
                          0.00    0.00   clock source latency
                  0.18    0.14    0.14 ^ clk (in)
     1    0.05                           clk (net)
                  0.18    0.00    0.14 ^ clkbuf_0_clk/A (sky130_fd_sc_hd__clkbuf_16)
                  0.04    0.13    0.26 ^ clkbuf_0_clk/X (sky130_fd_sc_hd__clkbuf_16)
     2    0.02                           clknet_0_clk (net)
                  0.04    0.00    0.26 ^ clkbuf_1_0__f_clk/A (sky130_fd_sc_hd__clkbuf_16)
                  0.06    0.11    0.38 ^ clkbuf_1_0__f_clk/X (sky130_fd_sc_hd__clkbuf_16)
    14    0.06                           clknet_1_0__leaf_clk (net)
                  0.06    0.01    0.38 ^ _422_/CLK (sky130_fd_sc_hd__dfrtp_4)
                          0.25    0.63   clock uncertainty
                         -0.04    0.60   clock reconvergence pessimism
                         -0.02    0.58   library hold time
                                  0.58   data required time
-----------------------------------------------------------------------------
                                  0.58   data required time
                                 -0.91   data arrival time
-----------------------------------------------------------------------------
                                  0.33   slack (MET)


Startpoint: _399_ (rising edge-triggered flip-flop clocked by clk)
Endpoint: _412_ (rising edge-triggered flip-flop clocked by clk)
Path Group: clk
Path Type: min
Corner: Fastest

Fanout     Cap    Slew   Delay    Time   Description
-----------------------------------------------------------------------------
                          0.00    0.00   clock clk (rise edge)
                          0.00    0.00   clock source latency
                  0.18    0.12    0.12 ^ clk (in)
     1    0.05                           clk (net)
                  0.18    0.00    0.12 ^ clkbuf_0_clk/A (sky130_fd_sc_hd__clkbuf_16)
                  0.04    0.11    0.24 ^ clkbuf_0_clk/X (sky130_fd_sc_hd__clkbuf_16)
     2    0.02                           clknet_0_clk (net)
                  0.04    0.00    0.24 ^ clkbuf_1_1__f_clk/A (sky130_fd_sc_hd__clkbuf_16)
                  0.06    0.10    0.34 ^ clkbuf_1_1__f_clk/X (sky130_fd_sc_hd__clkbuf_16)
    14    0.06                           clknet_1_1__leaf_clk (net)
                  0.06    0.00    0.34 ^ _399_/CLK (sky130_fd_sc_hd__dfrtp_4)
                  0.10    0.30    0.64 ^ _399_/Q (sky130_fd_sc_hd__dfrtp_4)
     9    0.04                           U_PC.pc[1] (net)
                  0.10    0.00    0.64 ^ _265_/A (sky130_fd_sc_hd__and2_1)
                  0.03    0.08    0.72 ^ _265_/X (sky130_fd_sc_hd__and2_1)
     1    0.00                           _106_ (net)
                  0.03    0.00    0.72 ^ _266_/A (sky130_fd_sc_hd__clkbuf_4)
                  0.11    0.14    0.86 ^ _266_/X (sky130_fd_sc_hd__clkbuf_4)
     9    0.05                           _107_ (net)
                  0.11    0.00    0.86 ^ _336_/B1 (sky130_fd_sc_hd__a21o_1)
                  0.03    0.05    0.91 ^ _336_/X (sky130_fd_sc_hd__a21o_1)
     1    0.00                           _038_ (net)
                  0.03    0.00    0.91 ^ _412_/D (sky130_fd_sc_hd__dfrtp_2)
                                  0.91   data arrival time

                          0.00    0.00   clock clk (rise edge)
                          0.00    0.00   clock source latency
                  0.18    0.14    0.14 ^ clk (in)
     1    0.05                           clk (net)
                  0.18    0.00    0.14 ^ clkbuf_0_clk/A (sky130_fd_sc_hd__clkbuf_16)
                  0.04    0.13    0.26 ^ clkbuf_0_clk/X (sky130_fd_sc_hd__clkbuf_16)
     2    0.02                           clknet_0_clk (net)
                  0.04    0.00    0.26 ^ clkbuf_1_1__f_clk/A (sky130_fd_sc_hd__clkbuf_16)
                  0.06    0.11    0.37 ^ clkbuf_1_1__f_clk/X (sky130_fd_sc_hd__clkbuf_16)
    14    0.06                           clknet_1_1__leaf_clk (net)
                  0.06    0.01    0.38 ^ _412_/CLK (sky130_fd_sc_hd__dfrtp_2)
                          0.25    0.63   clock uncertainty
                         -0.04    0.59   clock reconvergence pessimism
                         -0.02    0.58   library hold time
                                  0.58   data required time
-----------------------------------------------------------------------------
                                  0.58   data required time
                                 -0.91   data arrival time
-----------------------------------------------------------------------------
                                  0.34   slack (MET)


Startpoint: _406_ (rising edge-triggered flip-flop clocked by clk)
Endpoint: _406_ (rising edge-triggered flip-flop clocked by clk)
Path Group: clk
Path Type: min
Corner: Fastest

Fanout     Cap    Slew   Delay    Time   Description
-----------------------------------------------------------------------------
                          0.00    0.00   clock clk (rise edge)
                          0.00    0.00   clock source latency
                  0.18    0.12    0.12 ^ clk (in)
     1    0.05                           clk (net)
                  0.18    0.00    0.12 ^ clkbuf_0_clk/A (sky130_fd_sc_hd__clkbuf_16)
                  0.04    0.11    0.24 ^ clkbuf_0_clk/X (sky130_fd_sc_hd__clkbuf_16)
     2    0.02                           clknet_0_clk (net)
                  0.04    0.00    0.24 ^ clkbuf_1_0__f_clk/A (sky130_fd_sc_hd__clkbuf_16)
                  0.06    0.10    0.34 ^ clkbuf_1_0__f_clk/X (sky130_fd_sc_hd__clkbuf_16)
    14    0.06                           clknet_1_0__leaf_clk (net)
                  0.06    0.01    0.35 ^ _406_/CLK (sky130_fd_sc_hd__dfrtp_2)
                  0.10    0.26    0.61 ^ _406_/Q (sky130_fd_sc_hd__dfrtp_2)
     3    0.03                           net6 (net)
                  0.10    0.00    0.61 ^ _212_/A (sky130_fd_sc_hd__and3_1)
                  0.10    0.14    0.75 ^ _212_/X (sky130_fd_sc_hd__and3_1)
     4    0.01                           _053_ (net)
                  0.10    0.00    0.75 ^ _306_/A (sky130_fd_sc_hd__or2_1)
                  0.04    0.08    0.83 ^ _306_/X (sky130_fd_sc_hd__or2_1)
     2    0.00                           _139_ (net)
                  0.04    0.00    0.83 ^ _347_/B (sky130_fd_sc_hd__or3b_1)
                  0.03    0.06    0.89 ^ _347_/X (sky130_fd_sc_hd__or3b_1)
     1    0.00                           _169_ (net)
                  0.03    0.00    0.89 ^ _348_/B1 (sky130_fd_sc_hd__o21a_1)
                  0.03    0.05    0.94 ^ _348_/X (sky130_fd_sc_hd__o21a_1)
     1    0.00                           _032_ (net)
                  0.03    0.00    0.94 ^ _406_/D (sky130_fd_sc_hd__dfrtp_2)
                                  0.94   data arrival time

                          0.00    0.00   clock clk (rise edge)
                          0.00    0.00   clock source latency
                  0.18    0.14    0.14 ^ clk (in)
     1    0.05                           clk (net)
                  0.18    0.00    0.14 ^ clkbuf_0_clk/A (sky130_fd_sc_hd__clkbuf_16)
                  0.04    0.13    0.26 ^ clkbuf_0_clk/X (sky130_fd_sc_hd__clkbuf_16)
     2    0.02                           clknet_0_clk (net)
                  0.04    0.00    0.26 ^ clkbuf_1_0__f_clk/A (sky130_fd_sc_hd__clkbuf_16)
                  0.06    0.11    0.38 ^ clkbuf_1_0__f_clk/X (sky130_fd_sc_hd__clkbuf_16)
    14    0.06                           clknet_1_0__leaf_clk (net)
                  0.06    0.01    0.38 ^ _406_/CLK (sky130_fd_sc_hd__dfrtp_2)
                          0.25    0.63   clock uncertainty
                         -0.04    0.60   clock reconvergence pessimism
                         -0.02    0.58   library hold time
                                  0.58   data required time
-----------------------------------------------------------------------------
                                  0.58   data required time
                                 -0.94   data arrival time
-----------------------------------------------------------------------------
                                  0.36   slack (MET)


Startpoint: rst (input port clocked by clk)
Endpoint: _425_ (removal check against rising-edge clock clk)
Path Group: asynchronous
Path Type: min
Corner: Fastest

Fanout     Cap    Slew   Delay    Time   Description
-----------------------------------------------------------------------------
                          0.00    0.00   clock clk (rise edge)
                          0.00    0.00   clock network delay (propagated)
                          4.00    4.00 v input external delay
                  0.01    0.00    4.00 v rst (in)
     1    0.00                           rst (net)
                  0.01    0.00    4.00 v input1/A (sky130_fd_sc_hd__buf_1)
                  0.06    0.08    4.08 v input1/X (sky130_fd_sc_hd__buf_1)
     1    0.02                           net1 (net)
                  0.06    0.00    4.08 v _367_/A (sky130_fd_sc_hd__buf_4)
                  0.06    0.13    4.21 v _367_/X (sky130_fd_sc_hd__buf_4)
    10    0.06                           _180_ (net)
                  0.06    0.00    4.22 v _397_/A (sky130_fd_sc_hd__inv_2)
                  0.03    0.04    4.26 ^ _397_/Y (sky130_fd_sc_hd__inv_2)
     1    0.00                           _027_ (net)
                  0.03    0.00    4.26 ^ _425_/RESET_B (sky130_fd_sc_hd__dfrtp_4)
                                  4.26   data arrival time

                          0.00    0.00   clock clk (rise edge)
                          0.00    0.00   clock source latency
                  0.18    0.14    0.14 ^ clk (in)
     1    0.05                           clk (net)
                  0.18    0.00    0.14 ^ clkbuf_0_clk/A (sky130_fd_sc_hd__clkbuf_16)
                  0.04    0.13    0.26 ^ clkbuf_0_clk/X (sky130_fd_sc_hd__clkbuf_16)
     2    0.02                           clknet_0_clk (net)
                  0.04    0.00    0.26 ^ clkbuf_1_0__f_clk/A (sky130_fd_sc_hd__clkbuf_16)
                  0.06    0.11    0.38 ^ clkbuf_1_0__f_clk/X (sky130_fd_sc_hd__clkbuf_16)
    14    0.06                           clknet_1_0__leaf_clk (net)
                  0.06    0.00    0.38 ^ _425_/CLK (sky130_fd_sc_hd__dfrtp_4)
                          0.25    0.63   clock uncertainty
                          0.00    0.63   clock reconvergence pessimism
                          0.20    0.83   library removal time
                                  0.83   data required time
-----------------------------------------------------------------------------
                                  0.83   data required time
                                 -4.26   data arrival time
-----------------------------------------------------------------------------
                                  3.43   slack (MET)


Startpoint: rst (input port clocked by clk)
Endpoint: _424_ (removal check against rising-edge clock clk)
Path Group: asynchronous
Path Type: min
Corner: Fastest

Fanout     Cap    Slew   Delay    Time   Description
-----------------------------------------------------------------------------
                          0.00    0.00   clock clk (rise edge)
                          0.00    0.00   clock network delay (propagated)
                          4.00    4.00 v input external delay
                  0.01    0.00    4.00 v rst (in)
     1    0.00                           rst (net)
                  0.01    0.00    4.00 v input1/A (sky130_fd_sc_hd__buf_1)
                  0.06    0.08    4.08 v input1/X (sky130_fd_sc_hd__buf_1)
     1    0.02                           net1 (net)
                  0.06    0.00    4.08 v _367_/A (sky130_fd_sc_hd__buf_4)
                  0.06    0.13    4.21 v _367_/X (sky130_fd_sc_hd__buf_4)
    10    0.06                           _180_ (net)
                  0.06    0.00    4.22 v _396_/A (sky130_fd_sc_hd__inv_2)
                  0.03    0.04    4.26 ^ _396_/Y (sky130_fd_sc_hd__inv_2)
     1    0.00                           _026_ (net)
                  0.03    0.00    4.26 ^ _424_/RESET_B (sky130_fd_sc_hd__dfrtp_4)
                                  4.26   data arrival time

                          0.00    0.00   clock clk (rise edge)
                          0.00    0.00   clock source latency
                  0.18    0.14    0.14 ^ clk (in)
     1    0.05                           clk (net)
                  0.18    0.00    0.14 ^ clkbuf_0_clk/A (sky130_fd_sc_hd__clkbuf_16)
                  0.04    0.13    0.26 ^ clkbuf_0_clk/X (sky130_fd_sc_hd__clkbuf_16)
     2    0.02                           clknet_0_clk (net)
                  0.04    0.00    0.26 ^ clkbuf_1_0__f_clk/A (sky130_fd_sc_hd__clkbuf_16)
                  0.06    0.11    0.38 ^ clkbuf_1_0__f_clk/X (sky130_fd_sc_hd__clkbuf_16)
    14    0.06                           clknet_1_0__leaf_clk (net)
                  0.06    0.01    0.38 ^ _424_/CLK (sky130_fd_sc_hd__dfrtp_4)
                          0.25    0.63   clock uncertainty
                          0.00    0.63   clock reconvergence pessimism
                          0.20    0.83   library removal time
                                  0.83   data required time
-----------------------------------------------------------------------------
                                  0.83   data required time
                                 -4.26   data arrival time
-----------------------------------------------------------------------------
                                  3.43   slack (MET)


Startpoint: rst (input port clocked by clk)
Endpoint: _422_ (removal check against rising-edge clock clk)
Path Group: asynchronous
Path Type: min
Corner: Fastest

Fanout     Cap    Slew   Delay    Time   Description
-----------------------------------------------------------------------------
                          0.00    0.00   clock clk (rise edge)
                          0.00    0.00   clock network delay (propagated)
                          4.00    4.00 v input external delay
                  0.01    0.00    4.00 v rst (in)
     1    0.00                           rst (net)
                  0.01    0.00    4.00 v input1/A (sky130_fd_sc_hd__buf_1)
                  0.06    0.08    4.08 v input1/X (sky130_fd_sc_hd__buf_1)
     1    0.02                           net1 (net)
                  0.06    0.00    4.08 v _367_/A (sky130_fd_sc_hd__buf_4)
                  0.06    0.13    4.21 v _367_/X (sky130_fd_sc_hd__buf_4)
    10    0.06                           _180_ (net)
                  0.06    0.00    4.22 v _394_/A (sky130_fd_sc_hd__inv_2)
                  0.03    0.04    4.26 ^ _394_/Y (sky130_fd_sc_hd__inv_2)
     1    0.00                           _024_ (net)
                  0.03    0.00    4.26 ^ _422_/RESET_B (sky130_fd_sc_hd__dfrtp_4)
                                  4.26   data arrival time

                          0.00    0.00   clock clk (rise edge)
                          0.00    0.00   clock source latency
                  0.18    0.14    0.14 ^ clk (in)
     1    0.05                           clk (net)
                  0.18    0.00    0.14 ^ clkbuf_0_clk/A (sky130_fd_sc_hd__clkbuf_16)
                  0.04    0.13    0.26 ^ clkbuf_0_clk/X (sky130_fd_sc_hd__clkbuf_16)
     2    0.02                           clknet_0_clk (net)
                  0.04    0.00    0.26 ^ clkbuf_1_0__f_clk/A (sky130_fd_sc_hd__clkbuf_16)
                  0.06    0.11    0.38 ^ clkbuf_1_0__f_clk/X (sky130_fd_sc_hd__clkbuf_16)
    14    0.06                           clknet_1_0__leaf_clk (net)
                  0.06    0.01    0.38 ^ _422_/CLK (sky130_fd_sc_hd__dfrtp_4)
                          0.25    0.63   clock uncertainty
                          0.00    0.63   clock reconvergence pessimism
                          0.20    0.83   library removal time
                                  0.83   data required time
-----------------------------------------------------------------------------
                                  0.83   data required time
                                 -4.26   data arrival time
-----------------------------------------------------------------------------
                                  3.43   slack (MET)


Startpoint: rst (input port clocked by clk)
Endpoint: _420_ (removal check against rising-edge clock clk)
Path Group: asynchronous
Path Type: min
Corner: Fastest

Fanout     Cap    Slew   Delay    Time   Description
-----------------------------------------------------------------------------
                          0.00    0.00   clock clk (rise edge)
                          0.00    0.00   clock network delay (propagated)
                          4.00    4.00 v input external delay
                  0.01    0.00    4.00 v rst (in)
     1    0.00                           rst (net)
                  0.01    0.00    4.00 v input1/A (sky130_fd_sc_hd__buf_1)
                  0.06    0.08    4.08 v input1/X (sky130_fd_sc_hd__buf_1)
     1    0.02                           net1 (net)
                  0.06    0.00    4.08 v _367_/A (sky130_fd_sc_hd__buf_4)
                  0.06    0.13    4.21 v _367_/X (sky130_fd_sc_hd__buf_4)
    10    0.06                           _180_ (net)
                  0.06    0.01    4.22 v _392_/A (sky130_fd_sc_hd__inv_2)
                  0.03    0.04    4.26 ^ _392_/Y (sky130_fd_sc_hd__inv_2)
     1    0.00                           _022_ (net)
                  0.03    0.00    4.26 ^ _420_/RESET_B (sky130_fd_sc_hd__dfrtp_4)
                                  4.26   data arrival time

                          0.00    0.00   clock clk (rise edge)
                          0.00    0.00   clock source latency
                  0.18    0.14    0.14 ^ clk (in)
     1    0.05                           clk (net)
                  0.18    0.00    0.14 ^ clkbuf_0_clk/A (sky130_fd_sc_hd__clkbuf_16)
                  0.04    0.13    0.26 ^ clkbuf_0_clk/X (sky130_fd_sc_hd__clkbuf_16)
     2    0.02                           clknet_0_clk (net)
                  0.04    0.00    0.26 ^ clkbuf_1_1__f_clk/A (sky130_fd_sc_hd__clkbuf_16)
                  0.06    0.11    0.37 ^ clkbuf_1_1__f_clk/X (sky130_fd_sc_hd__clkbuf_16)
    14    0.06                           clknet_1_1__leaf_clk (net)
                  0.06    0.01    0.38 ^ _420_/CLK (sky130_fd_sc_hd__dfrtp_4)
                          0.25    0.63   clock uncertainty
                          0.00    0.63   clock reconvergence pessimism
                          0.20    0.83   library removal time
                                  0.83   data required time
-----------------------------------------------------------------------------
                                  0.83   data required time
                                 -4.26   data arrival time
-----------------------------------------------------------------------------
                                  3.43   slack (MET)


Startpoint: rst (input port clocked by clk)
Endpoint: _419_ (removal check against rising-edge clock clk)
Path Group: asynchronous
Path Type: min
Corner: Fastest

Fanout     Cap    Slew   Delay    Time   Description
-----------------------------------------------------------------------------
                          0.00    0.00   clock clk (rise edge)
                          0.00    0.00   clock network delay (propagated)
                          4.00    4.00 v input external delay
                  0.01    0.00    4.00 v rst (in)
     1    0.00                           rst (net)
                  0.01    0.00    4.00 v input1/A (sky130_fd_sc_hd__buf_1)
                  0.06    0.08    4.08 v input1/X (sky130_fd_sc_hd__buf_1)
     1    0.02                           net1 (net)
                  0.06    0.00    4.08 v _367_/A (sky130_fd_sc_hd__buf_4)
                  0.06    0.13    4.21 v _367_/X (sky130_fd_sc_hd__buf_4)
    10    0.06                           _180_ (net)
                  0.06    0.01    4.22 v _391_/A (sky130_fd_sc_hd__inv_2)
                  0.03    0.04    4.26 ^ _391_/Y (sky130_fd_sc_hd__inv_2)
     1    0.00                           _021_ (net)
                  0.03    0.00    4.26 ^ _419_/RESET_B (sky130_fd_sc_hd__dfrtp_4)
                                  4.26   data arrival time

                          0.00    0.00   clock clk (rise edge)
                          0.00    0.00   clock source latency
                  0.18    0.14    0.14 ^ clk (in)
     1    0.05                           clk (net)
                  0.18    0.00    0.14 ^ clkbuf_0_clk/A (sky130_fd_sc_hd__clkbuf_16)
                  0.04    0.13    0.26 ^ clkbuf_0_clk/X (sky130_fd_sc_hd__clkbuf_16)
     2    0.02                           clknet_0_clk (net)
                  0.04    0.00    0.26 ^ clkbuf_1_1__f_clk/A (sky130_fd_sc_hd__clkbuf_16)
                  0.06    0.11    0.37 ^ clkbuf_1_1__f_clk/X (sky130_fd_sc_hd__clkbuf_16)
    14    0.06                           clknet_1_1__leaf_clk (net)
                  0.06    0.01    0.38 ^ _419_/CLK (sky130_fd_sc_hd__dfrtp_4)
                          0.25    0.63   clock uncertainty
                          0.00    0.63   clock reconvergence pessimism
                          0.20    0.83   library removal time
                                  0.83   data required time
-----------------------------------------------------------------------------
                                  0.83   data required time
                                 -4.26   data arrival time
-----------------------------------------------------------------------------
                                  3.43   slack (MET)


Startpoint: rst (input port clocked by clk)
Endpoint: _418_ (removal check against rising-edge clock clk)
Path Group: asynchronous
Path Type: min
Corner: Fastest

Fanout     Cap    Slew   Delay    Time   Description
-----------------------------------------------------------------------------
                          0.00    0.00   clock clk (rise edge)
                          0.00    0.00   clock network delay (propagated)
                          4.00    4.00 v input external delay
                  0.01    0.00    4.00 v rst (in)
     1    0.00                           rst (net)
                  0.01    0.00    4.00 v input1/A (sky130_fd_sc_hd__buf_1)
                  0.06    0.08    4.08 v input1/X (sky130_fd_sc_hd__buf_1)
     1    0.02                           net1 (net)
                  0.06    0.00    4.08 v _367_/A (sky130_fd_sc_hd__buf_4)
                  0.06    0.13    4.21 v _367_/X (sky130_fd_sc_hd__buf_4)
    10    0.06                           _180_ (net)
                  0.06    0.01    4.22 v _390_/A (sky130_fd_sc_hd__inv_2)
                  0.03    0.04    4.26 ^ _390_/Y (sky130_fd_sc_hd__inv_2)
     1    0.00                           _020_ (net)
                  0.03    0.00    4.26 ^ _418_/RESET_B (sky130_fd_sc_hd__dfrtp_4)
                                  4.26   data arrival time

                          0.00    0.00   clock clk (rise edge)
                          0.00    0.00   clock source latency
                  0.18    0.14    0.14 ^ clk (in)
     1    0.05                           clk (net)
                  0.18    0.00    0.14 ^ clkbuf_0_clk/A (sky130_fd_sc_hd__clkbuf_16)
                  0.04    0.13    0.26 ^ clkbuf_0_clk/X (sky130_fd_sc_hd__clkbuf_16)
     2    0.02                           clknet_0_clk (net)
                  0.04    0.00    0.26 ^ clkbuf_1_1__f_clk/A (sky130_fd_sc_hd__clkbuf_16)
                  0.06    0.11    0.37 ^ clkbuf_1_1__f_clk/X (sky130_fd_sc_hd__clkbuf_16)
    14    0.06                           clknet_1_1__leaf_clk (net)
                  0.06    0.01    0.38 ^ _418_/CLK (sky130_fd_sc_hd__dfrtp_4)
                          0.25    0.63   clock uncertainty
                          0.00    0.63   clock reconvergence pessimism
                          0.20    0.83   library removal time
                                  0.83   data required time
-----------------------------------------------------------------------------
                                  0.83   data required time
                                 -4.26   data arrival time
-----------------------------------------------------------------------------
                                  3.43   slack (MET)


Startpoint: rst (input port clocked by clk)
Endpoint: _421_ (removal check against rising-edge clock clk)
Path Group: asynchronous
Path Type: min
Corner: Fastest

Fanout     Cap    Slew   Delay    Time   Description
-----------------------------------------------------------------------------
                          0.00    0.00   clock clk (rise edge)
                          0.00    0.00   clock network delay (propagated)
                          4.00    4.00 v input external delay
                  0.01    0.00    4.00 v rst (in)
     1    0.00                           rst (net)
                  0.01    0.00    4.00 v input1/A (sky130_fd_sc_hd__buf_1)
                  0.06    0.08    4.08 v input1/X (sky130_fd_sc_hd__buf_1)
     1    0.02                           net1 (net)
                  0.06    0.00    4.08 v _367_/A (sky130_fd_sc_hd__buf_4)
                  0.06    0.13    4.21 v _367_/X (sky130_fd_sc_hd__buf_4)
    10    0.06                           _180_ (net)
                  0.06    0.01    4.22 v _393_/A (sky130_fd_sc_hd__inv_2)
                  0.03    0.04    4.26 ^ _393_/Y (sky130_fd_sc_hd__inv_2)
     1    0.00                           _023_ (net)
                  0.03    0.00    4.26 ^ _421_/RESET_B (sky130_fd_sc_hd__dfrtp_4)
                                  4.26   data arrival time

                          0.00    0.00   clock clk (rise edge)
                          0.00    0.00   clock source latency
                  0.18    0.14    0.14 ^ clk (in)
     1    0.05                           clk (net)
                  0.18    0.00    0.14 ^ clkbuf_0_clk/A (sky130_fd_sc_hd__clkbuf_16)
                  0.04    0.13    0.26 ^ clkbuf_0_clk/X (sky130_fd_sc_hd__clkbuf_16)
     2    0.02                           clknet_0_clk (net)
                  0.04    0.00    0.26 ^ clkbuf_1_1__f_clk/A (sky130_fd_sc_hd__clkbuf_16)
                  0.06    0.11    0.37 ^ clkbuf_1_1__f_clk/X (sky130_fd_sc_hd__clkbuf_16)
    14    0.06                           clknet_1_1__leaf_clk (net)
                  0.06    0.01    0.38 ^ _421_/CLK (sky130_fd_sc_hd__dfrtp_4)
                          0.25    0.63   clock uncertainty
                          0.00    0.63   clock reconvergence pessimism
                          0.20    0.83   library removal time
                                  0.83   data required time
-----------------------------------------------------------------------------
                                  0.83   data required time
                                 -4.26   data arrival time
-----------------------------------------------------------------------------
                                  3.43   slack (MET)


Startpoint: rst (input port clocked by clk)
Endpoint: _423_ (removal check against rising-edge clock clk)
Path Group: asynchronous
Path Type: min
Corner: Fastest

Fanout     Cap    Slew   Delay    Time   Description
-----------------------------------------------------------------------------
                          0.00    0.00   clock clk (rise edge)
                          0.00    0.00   clock network delay (propagated)
                          4.00    4.00 v input external delay
                  0.01    0.00    4.00 v rst (in)
     1    0.00                           rst (net)
                  0.01    0.00    4.00 v input1/A (sky130_fd_sc_hd__buf_1)
                  0.06    0.08    4.08 v input1/X (sky130_fd_sc_hd__buf_1)
     1    0.02                           net1 (net)
                  0.06    0.00    4.08 v _367_/A (sky130_fd_sc_hd__buf_4)
                  0.06    0.13    4.21 v _367_/X (sky130_fd_sc_hd__buf_4)
    10    0.06                           _180_ (net)
                  0.06    0.00    4.22 v _395_/A (sky130_fd_sc_hd__inv_2)
                  0.04    0.05    4.27 ^ _395_/Y (sky130_fd_sc_hd__inv_2)
     1    0.01                           _025_ (net)
                  0.04    0.00    4.27 ^ _423_/RESET_B (sky130_fd_sc_hd__dfrtp_4)
                                  4.27   data arrival time

                          0.00    0.00   clock clk (rise edge)
                          0.00    0.00   clock source latency
                  0.18    0.14    0.14 ^ clk (in)
     1    0.05                           clk (net)
                  0.18    0.00    0.14 ^ clkbuf_0_clk/A (sky130_fd_sc_hd__clkbuf_16)
                  0.04    0.13    0.26 ^ clkbuf_0_clk/X (sky130_fd_sc_hd__clkbuf_16)
     2    0.02                           clknet_0_clk (net)
                  0.04    0.00    0.26 ^ clkbuf_1_0__f_clk/A (sky130_fd_sc_hd__clkbuf_16)
                  0.06    0.11    0.38 ^ clkbuf_1_0__f_clk/X (sky130_fd_sc_hd__clkbuf_16)
    14    0.06                           clknet_1_0__leaf_clk (net)
                  0.06    0.00    0.38 ^ _423_/CLK (sky130_fd_sc_hd__dfrtp_4)
                          0.25    0.63   clock uncertainty
                          0.00    0.63   clock reconvergence pessimism
                          0.20    0.83   library removal time
                                  0.83   data required time
-----------------------------------------------------------------------------
                                  0.83   data required time
                                 -4.27   data arrival time
-----------------------------------------------------------------------------
                                  3.44   slack (MET)


Startpoint: rst (input port clocked by clk)
Endpoint: _408_ (removal check against rising-edge clock clk)
Path Group: asynchronous
Path Type: min
Corner: Fastest

Fanout     Cap    Slew   Delay    Time   Description
-----------------------------------------------------------------------------
                          0.00    0.00   clock clk (rise edge)
                          0.00    0.00   clock network delay (propagated)
                          4.00    4.00 v input external delay
                  0.01    0.00    4.00 v rst (in)
     1    0.00                           rst (net)
                  0.01    0.00    4.00 v input1/A (sky130_fd_sc_hd__buf_1)
                  0.06    0.08    4.08 v input1/X (sky130_fd_sc_hd__buf_1)
     1    0.02                           net1 (net)
                  0.06    0.00    4.08 v _367_/A (sky130_fd_sc_hd__buf_4)
                  0.06    0.13    4.21 v _367_/X (sky130_fd_sc_hd__buf_4)
    10    0.06                           _180_ (net)
                  0.06    0.00    4.22 v _379_/A (sky130_fd_sc_hd__buf_4)
                  0.07    0.13    4.35 v _379_/X (sky130_fd_sc_hd__buf_4)
    10    0.07                           _182_ (net)
                  0.07    0.00    4.35 v _380_/A (sky130_fd_sc_hd__inv_2)
                  0.03    0.04    4.39 ^ _380_/Y (sky130_fd_sc_hd__inv_2)
     1    0.00                           _010_ (net)
                  0.03    0.00    4.39 ^ _408_/RESET_B (sky130_fd_sc_hd__dfrtp_4)
                                  4.39   data arrival time

                          0.00    0.00   clock clk (rise edge)
                          0.00    0.00   clock source latency
                  0.18    0.14    0.14 ^ clk (in)
     1    0.05                           clk (net)
                  0.18    0.00    0.14 ^ clkbuf_0_clk/A (sky130_fd_sc_hd__clkbuf_16)
                  0.04    0.13    0.26 ^ clkbuf_0_clk/X (sky130_fd_sc_hd__clkbuf_16)
     2    0.02                           clknet_0_clk (net)
                  0.04    0.00    0.26 ^ clkbuf_1_0__f_clk/A (sky130_fd_sc_hd__clkbuf_16)
                  0.06    0.11    0.38 ^ clkbuf_1_0__f_clk/X (sky130_fd_sc_hd__clkbuf_16)
    14    0.06                           clknet_1_0__leaf_clk (net)
                  0.06    0.01    0.38 ^ _408_/CLK (sky130_fd_sc_hd__dfrtp_4)
                          0.25    0.63   clock uncertainty
                          0.00    0.63   clock reconvergence pessimism
                          0.20    0.83   library removal time
                                  0.83   data required time
-----------------------------------------------------------------------------
                                  0.83   data required time
                                 -4.39   data arrival time
-----------------------------------------------------------------------------
                                  3.56   slack (MET)


Startpoint: rst (input port clocked by clk)
Endpoint: _416_ (removal check against rising-edge clock clk)
Path Group: asynchronous
Path Type: min
Corner: Fastest

Fanout     Cap    Slew   Delay    Time   Description
-----------------------------------------------------------------------------
                          0.00    0.00   clock clk (rise edge)
                          0.00    0.00   clock network delay (propagated)
                          4.00    4.00 v input external delay
                  0.01    0.00    4.00 v rst (in)
     1    0.00                           rst (net)
                  0.01    0.00    4.00 v input1/A (sky130_fd_sc_hd__buf_1)
                  0.06    0.08    4.08 v input1/X (sky130_fd_sc_hd__buf_1)
     1    0.02                           net1 (net)
                  0.06    0.00    4.08 v _367_/A (sky130_fd_sc_hd__buf_4)
                  0.06    0.13    4.21 v _367_/X (sky130_fd_sc_hd__buf_4)
    10    0.06                           _180_ (net)
                  0.06    0.00    4.22 v _379_/A (sky130_fd_sc_hd__buf_4)
                  0.07    0.13    4.35 v _379_/X (sky130_fd_sc_hd__buf_4)
    10    0.07                           _182_ (net)
                  0.07    0.00    4.36 v _388_/A (sky130_fd_sc_hd__inv_2)
                  0.03    0.04    4.40 ^ _388_/Y (sky130_fd_sc_hd__inv_2)
     1    0.00                           _018_ (net)
                  0.03    0.00    4.40 ^ _416_/RESET_B (sky130_fd_sc_hd__dfrtp_4)
                                  4.40   data arrival time

                          0.00    0.00   clock clk (rise edge)
                          0.00    0.00   clock source latency
                  0.18    0.14    0.14 ^ clk (in)
     1    0.05                           clk (net)
                  0.18    0.00    0.14 ^ clkbuf_0_clk/A (sky130_fd_sc_hd__clkbuf_16)
                  0.04    0.13    0.26 ^ clkbuf_0_clk/X (sky130_fd_sc_hd__clkbuf_16)
     2    0.02                           clknet_0_clk (net)
                  0.04    0.00    0.26 ^ clkbuf_1_0__f_clk/A (sky130_fd_sc_hd__clkbuf_16)
                  0.06    0.11    0.38 ^ clkbuf_1_0__f_clk/X (sky130_fd_sc_hd__clkbuf_16)
    14    0.06                           clknet_1_0__leaf_clk (net)
                  0.06    0.00    0.38 ^ _416_/CLK (sky130_fd_sc_hd__dfrtp_4)
                          0.25    0.63   clock uncertainty
                          0.00    0.63   clock reconvergence pessimism
                          0.20    0.83   library removal time
                                  0.83   data required time
-----------------------------------------------------------------------------
                                  0.83   data required time
                                 -4.40   data arrival time
-----------------------------------------------------------------------------
                                  3.57   slack (MET)


Startpoint: rst (input port clocked by clk)
Endpoint: _402_ (removal check against rising-edge clock clk)
Path Group: asynchronous
Path Type: min
Corner: Fastest

Fanout     Cap    Slew   Delay    Time   Description
-----------------------------------------------------------------------------
                          0.00    0.00   clock clk (rise edge)
                          0.00    0.00   clock network delay (propagated)
                          4.00    4.00 v input external delay
                  0.01    0.00    4.00 v rst (in)
     1    0.00                           rst (net)
                  0.01    0.00    4.00 v input1/A (sky130_fd_sc_hd__buf_1)
                  0.06    0.08    4.08 v input1/X (sky130_fd_sc_hd__buf_1)
     1    0.02                           net1 (net)
                  0.06    0.00    4.08 v _367_/A (sky130_fd_sc_hd__buf_4)
                  0.06    0.13    4.21 v _367_/X (sky130_fd_sc_hd__buf_4)
    10    0.06                           _180_ (net)
                  0.06    0.01    4.22 v _368_/A (sky130_fd_sc_hd__buf_4)
                  0.07    0.14    4.36 v _368_/X (sky130_fd_sc_hd__buf_4)
    10    0.07                           _181_ (net)
                  0.07    0.00    4.36 v _373_/A (sky130_fd_sc_hd__inv_2)
                  0.03    0.04    4.40 ^ _373_/Y (sky130_fd_sc_hd__inv_2)
     1    0.00                           _004_ (net)
                  0.03    0.00    4.40 ^ _402_/RESET_B (sky130_fd_sc_hd__dfrtp_4)
                                  4.40   data arrival time

                          0.00    0.00   clock clk (rise edge)
                          0.00    0.00   clock source latency
                  0.18    0.14    0.14 ^ clk (in)
     1    0.05                           clk (net)
                  0.18    0.00    0.14 ^ clkbuf_0_clk/A (sky130_fd_sc_hd__clkbuf_16)
                  0.04    0.13    0.26 ^ clkbuf_0_clk/X (sky130_fd_sc_hd__clkbuf_16)
     2    0.02                           clknet_0_clk (net)
                  0.04    0.00    0.26 ^ clkbuf_1_1__f_clk/A (sky130_fd_sc_hd__clkbuf_16)
                  0.06    0.11    0.37 ^ clkbuf_1_1__f_clk/X (sky130_fd_sc_hd__clkbuf_16)
    14    0.06                           clknet_1_1__leaf_clk (net)
                  0.06    0.01    0.38 ^ _402_/CLK (sky130_fd_sc_hd__dfrtp_4)
                          0.25    0.63   clock uncertainty
                          0.00    0.63   clock reconvergence pessimism
                          0.20    0.83   library removal time
                                  0.83   data required time
-----------------------------------------------------------------------------
                                  0.83   data required time
                                 -4.40   data arrival time
-----------------------------------------------------------------------------
                                  3.57   slack (MET)


Startpoint: rst (input port clocked by clk)
Endpoint: _414_ (removal check against rising-edge clock clk)
Path Group: asynchronous
Path Type: min
Corner: Fastest

Fanout     Cap    Slew   Delay    Time   Description
-----------------------------------------------------------------------------
                          0.00    0.00   clock clk (rise edge)
                          0.00    0.00   clock network delay (propagated)
                          4.00    4.00 v input external delay
                  0.01    0.00    4.00 v rst (in)
     1    0.00                           rst (net)
                  0.01    0.00    4.00 v input1/A (sky130_fd_sc_hd__buf_1)
                  0.06    0.08    4.08 v input1/X (sky130_fd_sc_hd__buf_1)
     1    0.02                           net1 (net)
                  0.06    0.00    4.08 v _367_/A (sky130_fd_sc_hd__buf_4)
                  0.06    0.13    4.21 v _367_/X (sky130_fd_sc_hd__buf_4)
    10    0.06                           _180_ (net)
                  0.06    0.00    4.22 v _379_/A (sky130_fd_sc_hd__buf_4)
                  0.07    0.13    4.35 v _379_/X (sky130_fd_sc_hd__buf_4)
    10    0.07                           _182_ (net)
                  0.07    0.01    4.36 v _386_/A (sky130_fd_sc_hd__inv_2)
                  0.03    0.04    4.40 ^ _386_/Y (sky130_fd_sc_hd__inv_2)
     1    0.00                           _016_ (net)
                  0.03    0.00    4.40 ^ _414_/RESET_B (sky130_fd_sc_hd__dfrtp_4)
                                  4.40   data arrival time

                          0.00    0.00   clock clk (rise edge)
                          0.00    0.00   clock source latency
                  0.18    0.14    0.14 ^ clk (in)
     1    0.05                           clk (net)
                  0.18    0.00    0.14 ^ clkbuf_0_clk/A (sky130_fd_sc_hd__clkbuf_16)
                  0.04    0.13    0.26 ^ clkbuf_0_clk/X (sky130_fd_sc_hd__clkbuf_16)
     2    0.02                           clknet_0_clk (net)
                  0.04    0.00    0.26 ^ clkbuf_1_0__f_clk/A (sky130_fd_sc_hd__clkbuf_16)
                  0.06    0.11    0.38 ^ clkbuf_1_0__f_clk/X (sky130_fd_sc_hd__clkbuf_16)
    14    0.06                           clknet_1_0__leaf_clk (net)
                  0.06    0.00    0.38 ^ _414_/CLK (sky130_fd_sc_hd__dfrtp_4)
                          0.25    0.63   clock uncertainty
                          0.00    0.63   clock reconvergence pessimism
                          0.20    0.83   library removal time
                                  0.83   data required time
-----------------------------------------------------------------------------
                                  0.83   data required time
                                 -4.40   data arrival time
-----------------------------------------------------------------------------
                                  3.57   slack (MET)


Startpoint: rst (input port clocked by clk)
Endpoint: _415_ (removal check against rising-edge clock clk)
Path Group: asynchronous
Path Type: min
Corner: Fastest

Fanout     Cap    Slew   Delay    Time   Description
-----------------------------------------------------------------------------
                          0.00    0.00   clock clk (rise edge)
                          0.00    0.00   clock network delay (propagated)
                          4.00    4.00 v input external delay
                  0.01    0.00    4.00 v rst (in)
     1    0.00                           rst (net)
                  0.01    0.00    4.00 v input1/A (sky130_fd_sc_hd__buf_1)
                  0.06    0.08    4.08 v input1/X (sky130_fd_sc_hd__buf_1)
     1    0.02                           net1 (net)
                  0.06    0.00    4.08 v _367_/A (sky130_fd_sc_hd__buf_4)
                  0.06    0.13    4.21 v _367_/X (sky130_fd_sc_hd__buf_4)
    10    0.06                           _180_ (net)
                  0.06    0.00    4.22 v _379_/A (sky130_fd_sc_hd__buf_4)
                  0.07    0.13    4.35 v _379_/X (sky130_fd_sc_hd__buf_4)
    10    0.07                           _182_ (net)
                  0.07    0.01    4.36 v _387_/A (sky130_fd_sc_hd__inv_2)
                  0.03    0.04    4.40 ^ _387_/Y (sky130_fd_sc_hd__inv_2)
     1    0.00                           _017_ (net)
                  0.03    0.00    4.40 ^ _415_/RESET_B (sky130_fd_sc_hd__dfrtp_4)
                                  4.40   data arrival time

                          0.00    0.00   clock clk (rise edge)
                          0.00    0.00   clock source latency
                  0.18    0.14    0.14 ^ clk (in)
     1    0.05                           clk (net)
                  0.18    0.00    0.14 ^ clkbuf_0_clk/A (sky130_fd_sc_hd__clkbuf_16)
                  0.04    0.13    0.26 ^ clkbuf_0_clk/X (sky130_fd_sc_hd__clkbuf_16)
     2    0.02                           clknet_0_clk (net)
                  0.04    0.00    0.26 ^ clkbuf_1_0__f_clk/A (sky130_fd_sc_hd__clkbuf_16)
                  0.06    0.11    0.38 ^ clkbuf_1_0__f_clk/X (sky130_fd_sc_hd__clkbuf_16)
    14    0.06                           clknet_1_0__leaf_clk (net)
                  0.06    0.00    0.38 ^ _415_/CLK (sky130_fd_sc_hd__dfrtp_4)
                          0.25    0.63   clock uncertainty
                          0.00    0.63   clock reconvergence pessimism
                          0.20    0.83   library removal time
                                  0.83   data required time
-----------------------------------------------------------------------------
                                  0.83   data required time
                                 -4.40   data arrival time
-----------------------------------------------------------------------------
                                  3.57   slack (MET)


Startpoint: rst (input port clocked by clk)
Endpoint: _406_ (removal check against rising-edge clock clk)
Path Group: asynchronous
Path Type: min
Corner: Fastest

Fanout     Cap    Slew   Delay    Time   Description
-----------------------------------------------------------------------------
                          0.00    0.00   clock clk (rise edge)
                          0.00    0.00   clock network delay (propagated)
                          4.00    4.00 v input external delay
                  0.01    0.00    4.00 v rst (in)
     1    0.00                           rst (net)
                  0.01    0.00    4.00 v input1/A (sky130_fd_sc_hd__buf_1)
                  0.06    0.08    4.08 v input1/X (sky130_fd_sc_hd__buf_1)
     1    0.02                           net1 (net)
                  0.06    0.00    4.08 v _367_/A (sky130_fd_sc_hd__buf_4)
                  0.06    0.13    4.21 v _367_/X (sky130_fd_sc_hd__buf_4)
    10    0.06                           _180_ (net)
                  0.06    0.01    4.22 v _368_/A (sky130_fd_sc_hd__buf_4)
                  0.07    0.14    4.36 v _368_/X (sky130_fd_sc_hd__buf_4)
    10    0.07                           _181_ (net)
                  0.07    0.00    4.36 v _377_/A (sky130_fd_sc_hd__inv_2)
                  0.03    0.04    4.40 ^ _377_/Y (sky130_fd_sc_hd__inv_2)
     1    0.00                           _008_ (net)
                  0.03    0.00    4.40 ^ _406_/RESET_B (sky130_fd_sc_hd__dfrtp_2)
                                  4.40   data arrival time

                          0.00    0.00   clock clk (rise edge)
                          0.00    0.00   clock source latency
                  0.18    0.14    0.14 ^ clk (in)
     1    0.05                           clk (net)
                  0.18    0.00    0.14 ^ clkbuf_0_clk/A (sky130_fd_sc_hd__clkbuf_16)
                  0.04    0.13    0.26 ^ clkbuf_0_clk/X (sky130_fd_sc_hd__clkbuf_16)
     2    0.02                           clknet_0_clk (net)
                  0.04    0.00    0.26 ^ clkbuf_1_0__f_clk/A (sky130_fd_sc_hd__clkbuf_16)
                  0.06    0.11    0.38 ^ clkbuf_1_0__f_clk/X (sky130_fd_sc_hd__clkbuf_16)
    14    0.06                           clknet_1_0__leaf_clk (net)
                  0.06    0.01    0.38 ^ _406_/CLK (sky130_fd_sc_hd__dfrtp_2)
                          0.25    0.63   clock uncertainty
                          0.00    0.63   clock reconvergence pessimism
                          0.20    0.83   library removal time
                                  0.83   data required time
-----------------------------------------------------------------------------
                                  0.83   data required time
                                 -4.40   data arrival time
-----------------------------------------------------------------------------
                                  3.57   slack (MET)


Startpoint: rst (input port clocked by clk)
Endpoint: _410_ (removal check against rising-edge clock clk)
Path Group: asynchronous
Path Type: min
Corner: Fastest

Fanout     Cap    Slew   Delay    Time   Description
-----------------------------------------------------------------------------
                          0.00    0.00   clock clk (rise edge)
                          0.00    0.00   clock network delay (propagated)
                          4.00    4.00 v input external delay
                  0.01    0.00    4.00 v rst (in)
     1    0.00                           rst (net)
                  0.01    0.00    4.00 v input1/A (sky130_fd_sc_hd__buf_1)
                  0.06    0.08    4.08 v input1/X (sky130_fd_sc_hd__buf_1)
     1    0.02                           net1 (net)
                  0.06    0.00    4.08 v _367_/A (sky130_fd_sc_hd__buf_4)
                  0.06    0.13    4.21 v _367_/X (sky130_fd_sc_hd__buf_4)
    10    0.06                           _180_ (net)
                  0.06    0.00    4.22 v _379_/A (sky130_fd_sc_hd__buf_4)
                  0.07    0.13    4.35 v _379_/X (sky130_fd_sc_hd__buf_4)
    10    0.07                           _182_ (net)
                  0.07    0.01    4.36 v _382_/A (sky130_fd_sc_hd__inv_2)
                  0.03    0.04    4.40 ^ _382_/Y (sky130_fd_sc_hd__inv_2)
     1    0.00                           _012_ (net)
                  0.03    0.00    4.40 ^ _410_/RESET_B (sky130_fd_sc_hd__dfrtp_4)
                                  4.40   data arrival time

                          0.00    0.00   clock clk (rise edge)
                          0.00    0.00   clock source latency
                  0.18    0.14    0.14 ^ clk (in)
     1    0.05                           clk (net)
                  0.18    0.00    0.14 ^ clkbuf_0_clk/A (sky130_fd_sc_hd__clkbuf_16)
                  0.04    0.13    0.26 ^ clkbuf_0_clk/X (sky130_fd_sc_hd__clkbuf_16)
     2    0.02                           clknet_0_clk (net)
                  0.04    0.00    0.26 ^ clkbuf_1_0__f_clk/A (sky130_fd_sc_hd__clkbuf_16)
                  0.06    0.11    0.38 ^ clkbuf_1_0__f_clk/X (sky130_fd_sc_hd__clkbuf_16)
    14    0.06                           clknet_1_0__leaf_clk (net)
                  0.06    0.00    0.38 ^ _410_/CLK (sky130_fd_sc_hd__dfrtp_4)
                          0.25    0.63   clock uncertainty
                          0.00    0.63   clock reconvergence pessimism
                          0.20    0.83   library removal time
                                  0.83   data required time
-----------------------------------------------------------------------------
                                  0.83   data required time
                                 -4.40   data arrival time
-----------------------------------------------------------------------------
                                  3.57   slack (MET)


Startpoint: rst (input port clocked by clk)
Endpoint: _417_ (removal check against rising-edge clock clk)
Path Group: asynchronous
Path Type: min
Corner: Fastest

Fanout     Cap    Slew   Delay    Time   Description
-----------------------------------------------------------------------------
                          0.00    0.00   clock clk (rise edge)
                          0.00    0.00   clock network delay (propagated)
                          4.00    4.00 v input external delay
                  0.01    0.00    4.00 v rst (in)
     1    0.00                           rst (net)
                  0.01    0.00    4.00 v input1/A (sky130_fd_sc_hd__buf_1)
                  0.06    0.08    4.08 v input1/X (sky130_fd_sc_hd__buf_1)
     1    0.02                           net1 (net)
                  0.06    0.00    4.08 v _367_/A (sky130_fd_sc_hd__buf_4)
                  0.06    0.13    4.21 v _367_/X (sky130_fd_sc_hd__buf_4)
    10    0.06                           _180_ (net)
                  0.06    0.00    4.22 v _379_/A (sky130_fd_sc_hd__buf_4)
                  0.07    0.13    4.35 v _379_/X (sky130_fd_sc_hd__buf_4)
    10    0.07                           _182_ (net)
                  0.07    0.01    4.36 v _389_/A (sky130_fd_sc_hd__inv_2)
                  0.03    0.04    4.40 ^ _389_/Y (sky130_fd_sc_hd__inv_2)
     1    0.00                           _019_ (net)
                  0.03    0.00    4.40 ^ _417_/RESET_B (sky130_fd_sc_hd__dfrtp_4)
                                  4.40   data arrival time

                          0.00    0.00   clock clk (rise edge)
                          0.00    0.00   clock source latency
                  0.18    0.14    0.14 ^ clk (in)
     1    0.05                           clk (net)
                  0.18    0.00    0.14 ^ clkbuf_0_clk/A (sky130_fd_sc_hd__clkbuf_16)
                  0.04    0.13    0.26 ^ clkbuf_0_clk/X (sky130_fd_sc_hd__clkbuf_16)
     2    0.02                           clknet_0_clk (net)
                  0.04    0.00    0.26 ^ clkbuf_1_0__f_clk/A (sky130_fd_sc_hd__clkbuf_16)
                  0.06    0.11    0.38 ^ clkbuf_1_0__f_clk/X (sky130_fd_sc_hd__clkbuf_16)
    14    0.06                           clknet_1_0__leaf_clk (net)
                  0.06    0.00    0.38 ^ _417_/CLK (sky130_fd_sc_hd__dfrtp_4)
                          0.25    0.63   clock uncertainty
                          0.00    0.63   clock reconvergence pessimism
                          0.20    0.83   library removal time
                                  0.83   data required time
-----------------------------------------------------------------------------
                                  0.83   data required time
                                 -4.40   data arrival time
-----------------------------------------------------------------------------
                                  3.57   slack (MET)


Startpoint: rst (input port clocked by clk)
Endpoint: _409_ (removal check against rising-edge clock clk)
Path Group: asynchronous
Path Type: min
Corner: Fastest

Fanout     Cap    Slew   Delay    Time   Description
-----------------------------------------------------------------------------
                          0.00    0.00   clock clk (rise edge)
                          0.00    0.00   clock network delay (propagated)
                          4.00    4.00 v input external delay
                  0.01    0.00    4.00 v rst (in)
     1    0.00                           rst (net)
                  0.01    0.00    4.00 v input1/A (sky130_fd_sc_hd__buf_1)
                  0.06    0.08    4.08 v input1/X (sky130_fd_sc_hd__buf_1)
     1    0.02                           net1 (net)
                  0.06    0.00    4.08 v _367_/A (sky130_fd_sc_hd__buf_4)
                  0.06    0.13    4.21 v _367_/X (sky130_fd_sc_hd__buf_4)
    10    0.06                           _180_ (net)
                  0.06    0.00    4.22 v _379_/A (sky130_fd_sc_hd__buf_4)
                  0.07    0.13    4.35 v _379_/X (sky130_fd_sc_hd__buf_4)
    10    0.07                           _182_ (net)
                  0.07    0.01    4.36 v _381_/A (sky130_fd_sc_hd__inv_2)
                  0.03    0.04    4.40 ^ _381_/Y (sky130_fd_sc_hd__inv_2)
     1    0.00                           _011_ (net)
                  0.03    0.00    4.40 ^ _409_/RESET_B (sky130_fd_sc_hd__dfrtp_4)
                                  4.40   data arrival time

                          0.00    0.00   clock clk (rise edge)
                          0.00    0.00   clock source latency
                  0.18    0.14    0.14 ^ clk (in)
     1    0.05                           clk (net)
                  0.18    0.00    0.14 ^ clkbuf_0_clk/A (sky130_fd_sc_hd__clkbuf_16)
                  0.04    0.13    0.26 ^ clkbuf_0_clk/X (sky130_fd_sc_hd__clkbuf_16)
     2    0.02                           clknet_0_clk (net)
                  0.04    0.00    0.26 ^ clkbuf_1_0__f_clk/A (sky130_fd_sc_hd__clkbuf_16)
                  0.06    0.11    0.38 ^ clkbuf_1_0__f_clk/X (sky130_fd_sc_hd__clkbuf_16)
    14    0.06                           clknet_1_0__leaf_clk (net)
                  0.06    0.00    0.38 ^ _409_/CLK (sky130_fd_sc_hd__dfrtp_4)
                          0.25    0.63   clock uncertainty
                          0.00    0.63   clock reconvergence pessimism
                          0.20    0.83   library removal time
                                  0.83   data required time
-----------------------------------------------------------------------------
                                  0.83   data required time
                                 -4.40   data arrival time
-----------------------------------------------------------------------------
                                  3.57   slack (MET)


Startpoint: rst (input port clocked by clk)
Endpoint: _413_ (removal check against rising-edge clock clk)
Path Group: asynchronous
Path Type: min
Corner: Fastest

Fanout     Cap    Slew   Delay    Time   Description
-----------------------------------------------------------------------------
                          0.00    0.00   clock clk (rise edge)
                          0.00    0.00   clock network delay (propagated)
                          4.00    4.00 v input external delay
                  0.01    0.00    4.00 v rst (in)
     1    0.00                           rst (net)
                  0.01    0.00    4.00 v input1/A (sky130_fd_sc_hd__buf_1)
                  0.06    0.08    4.08 v input1/X (sky130_fd_sc_hd__buf_1)
     1    0.02                           net1 (net)
                  0.06    0.00    4.08 v _367_/A (sky130_fd_sc_hd__buf_4)
                  0.06    0.13    4.21 v _367_/X (sky130_fd_sc_hd__buf_4)
    10    0.06                           _180_ (net)
                  0.06    0.00    4.22 v _379_/A (sky130_fd_sc_hd__buf_4)
                  0.07    0.13    4.35 v _379_/X (sky130_fd_sc_hd__buf_4)
    10    0.07                           _182_ (net)
                  0.07    0.01    4.36 v _385_/A (sky130_fd_sc_hd__inv_2)
                  0.03    0.04    4.41 ^ _385_/Y (sky130_fd_sc_hd__inv_2)
     1    0.00                           _015_ (net)
                  0.03    0.00    4.41 ^ _413_/RESET_B (sky130_fd_sc_hd__dfrtp_4)
                                  4.41   data arrival time

                          0.00    0.00   clock clk (rise edge)
                          0.00    0.00   clock source latency
                  0.18    0.14    0.14 ^ clk (in)
     1    0.05                           clk (net)
                  0.18    0.00    0.14 ^ clkbuf_0_clk/A (sky130_fd_sc_hd__clkbuf_16)
                  0.04    0.13    0.26 ^ clkbuf_0_clk/X (sky130_fd_sc_hd__clkbuf_16)
     2    0.02                           clknet_0_clk (net)
                  0.04    0.00    0.26 ^ clkbuf_1_0__f_clk/A (sky130_fd_sc_hd__clkbuf_16)
                  0.06    0.11    0.38 ^ clkbuf_1_0__f_clk/X (sky130_fd_sc_hd__clkbuf_16)
    14    0.06                           clknet_1_0__leaf_clk (net)
                  0.06    0.00    0.38 ^ _413_/CLK (sky130_fd_sc_hd__dfrtp_4)
                          0.25    0.63   clock uncertainty
                          0.00    0.63   clock reconvergence pessimism
                          0.20    0.83   library removal time
                                  0.83   data required time
-----------------------------------------------------------------------------
                                  0.83   data required time
                                 -4.41   data arrival time
-----------------------------------------------------------------------------
                                  3.58   slack (MET)


Startpoint: rst (input port clocked by clk)
Endpoint: _403_ (removal check against rising-edge clock clk)
Path Group: asynchronous
Path Type: min
Corner: Fastest

Fanout     Cap    Slew   Delay    Time   Description
-----------------------------------------------------------------------------
                          0.00    0.00   clock clk (rise edge)
                          0.00    0.00   clock network delay (propagated)
                          4.00    4.00 v input external delay
                  0.01    0.00    4.00 v rst (in)
     1    0.00                           rst (net)
                  0.01    0.00    4.00 v input1/A (sky130_fd_sc_hd__buf_1)
                  0.06    0.08    4.08 v input1/X (sky130_fd_sc_hd__buf_1)
     1    0.02                           net1 (net)
                  0.06    0.00    4.08 v _367_/A (sky130_fd_sc_hd__buf_4)
                  0.06    0.13    4.21 v _367_/X (sky130_fd_sc_hd__buf_4)
    10    0.06                           _180_ (net)
                  0.06    0.01    4.22 v _368_/A (sky130_fd_sc_hd__buf_4)
                  0.07    0.14    4.36 v _368_/X (sky130_fd_sc_hd__buf_4)
    10    0.07                           _181_ (net)
                  0.07    0.00    4.36 v _374_/A (sky130_fd_sc_hd__inv_2)
                  0.03    0.04    4.40 ^ _374_/Y (sky130_fd_sc_hd__inv_2)
     1    0.00                           _005_ (net)
                  0.03    0.00    4.40 ^ _403_/RESET_B (sky130_fd_sc_hd__dfrtp_4)
                                  4.40   data arrival time

                          0.00    0.00   clock clk (rise edge)
                          0.00    0.00   clock source latency
                  0.18    0.14    0.14 ^ clk (in)
     1    0.05                           clk (net)
                  0.18    0.00    0.14 ^ clkbuf_0_clk/A (sky130_fd_sc_hd__clkbuf_16)
                  0.04    0.13    0.26 ^ clkbuf_0_clk/X (sky130_fd_sc_hd__clkbuf_16)
     2    0.02                           clknet_0_clk (net)
                  0.04    0.00    0.26 ^ clkbuf_1_1__f_clk/A (sky130_fd_sc_hd__clkbuf_16)
                  0.06    0.11    0.37 ^ clkbuf_1_1__f_clk/X (sky130_fd_sc_hd__clkbuf_16)
    14    0.06                           clknet_1_1__leaf_clk (net)
                  0.06    0.00    0.38 ^ _403_/CLK (sky130_fd_sc_hd__dfrtp_4)
                          0.25    0.63   clock uncertainty
                          0.00    0.63   clock reconvergence pessimism
                          0.20    0.83   library removal time
                                  0.83   data required time
-----------------------------------------------------------------------------
                                  0.83   data required time
                                 -4.40   data arrival time
-----------------------------------------------------------------------------
                                  3.58   slack (MET)


Startpoint: rst (input port clocked by clk)
Endpoint: _411_ (removal check against rising-edge clock clk)
Path Group: asynchronous
Path Type: min
Corner: Fastest

Fanout     Cap    Slew   Delay    Time   Description
-----------------------------------------------------------------------------
                          0.00    0.00   clock clk (rise edge)
                          0.00    0.00   clock network delay (propagated)
                          4.00    4.00 v input external delay
                  0.01    0.00    4.00 v rst (in)
     1    0.00                           rst (net)
                  0.01    0.00    4.00 v input1/A (sky130_fd_sc_hd__buf_1)
                  0.06    0.08    4.08 v input1/X (sky130_fd_sc_hd__buf_1)
     1    0.02                           net1 (net)
                  0.06    0.00    4.08 v _367_/A (sky130_fd_sc_hd__buf_4)
                  0.06    0.13    4.21 v _367_/X (sky130_fd_sc_hd__buf_4)
    10    0.06                           _180_ (net)
                  0.06    0.00    4.22 v _379_/A (sky130_fd_sc_hd__buf_4)
                  0.07    0.13    4.35 v _379_/X (sky130_fd_sc_hd__buf_4)
    10    0.07                           _182_ (net)
                  0.07    0.01    4.36 v _383_/A (sky130_fd_sc_hd__inv_2)
                  0.03    0.04    4.41 ^ _383_/Y (sky130_fd_sc_hd__inv_2)
     1    0.00                           _013_ (net)
                  0.03    0.00    4.41 ^ _411_/RESET_B (sky130_fd_sc_hd__dfrtp_4)
                                  4.41   data arrival time

                          0.00    0.00   clock clk (rise edge)
                          0.00    0.00   clock source latency
                  0.18    0.14    0.14 ^ clk (in)
     1    0.05                           clk (net)
                  0.18    0.00    0.14 ^ clkbuf_0_clk/A (sky130_fd_sc_hd__clkbuf_16)
                  0.04    0.13    0.26 ^ clkbuf_0_clk/X (sky130_fd_sc_hd__clkbuf_16)
     2    0.02                           clknet_0_clk (net)
                  0.04    0.00    0.26 ^ clkbuf_1_1__f_clk/A (sky130_fd_sc_hd__clkbuf_16)
                  0.06    0.11    0.37 ^ clkbuf_1_1__f_clk/X (sky130_fd_sc_hd__clkbuf_16)
    14    0.06                           clknet_1_1__leaf_clk (net)
                  0.06    0.01    0.38 ^ _411_/CLK (sky130_fd_sc_hd__dfrtp_4)
                          0.25    0.63   clock uncertainty
                          0.00    0.63   clock reconvergence pessimism
                          0.20    0.83   library removal time
                                  0.83   data required time
-----------------------------------------------------------------------------
                                  0.83   data required time
                                 -4.41   data arrival time
-----------------------------------------------------------------------------
                                  3.58   slack (MET)


Startpoint: rst (input port clocked by clk)
Endpoint: _412_ (removal check against rising-edge clock clk)
Path Group: asynchronous
Path Type: min
Corner: Fastest

Fanout     Cap    Slew   Delay    Time   Description
-----------------------------------------------------------------------------
                          0.00    0.00   clock clk (rise edge)
                          0.00    0.00   clock network delay (propagated)
                          4.00    4.00 v input external delay
                  0.01    0.00    4.00 v rst (in)
     1    0.00                           rst (net)
                  0.01    0.00    4.00 v input1/A (sky130_fd_sc_hd__buf_1)
                  0.06    0.08    4.08 v input1/X (sky130_fd_sc_hd__buf_1)
     1    0.02                           net1 (net)
                  0.06    0.00    4.08 v _367_/A (sky130_fd_sc_hd__buf_4)
                  0.06    0.13    4.21 v _367_/X (sky130_fd_sc_hd__buf_4)
    10    0.06                           _180_ (net)
                  0.06    0.00    4.22 v _379_/A (sky130_fd_sc_hd__buf_4)
                  0.07    0.13    4.35 v _379_/X (sky130_fd_sc_hd__buf_4)
    10    0.07                           _182_ (net)
                  0.07    0.01    4.36 v _384_/A (sky130_fd_sc_hd__inv_2)
                  0.03    0.04    4.41 ^ _384_/Y (sky130_fd_sc_hd__inv_2)
     1    0.00                           _014_ (net)
                  0.03    0.00    4.41 ^ _412_/RESET_B (sky130_fd_sc_hd__dfrtp_2)
                                  4.41   data arrival time

                          0.00    0.00   clock clk (rise edge)
                          0.00    0.00   clock source latency
                  0.18    0.14    0.14 ^ clk (in)
     1    0.05                           clk (net)
                  0.18    0.00    0.14 ^ clkbuf_0_clk/A (sky130_fd_sc_hd__clkbuf_16)
                  0.04    0.13    0.26 ^ clkbuf_0_clk/X (sky130_fd_sc_hd__clkbuf_16)
     2    0.02                           clknet_0_clk (net)
                  0.04    0.00    0.26 ^ clkbuf_1_1__f_clk/A (sky130_fd_sc_hd__clkbuf_16)
                  0.06    0.11    0.37 ^ clkbuf_1_1__f_clk/X (sky130_fd_sc_hd__clkbuf_16)
    14    0.06                           clknet_1_1__leaf_clk (net)
                  0.06    0.01    0.38 ^ _412_/CLK (sky130_fd_sc_hd__dfrtp_2)
                          0.25    0.63   clock uncertainty
                          0.00    0.63   clock reconvergence pessimism
                          0.20    0.83   library removal time
                                  0.83   data required time
-----------------------------------------------------------------------------
                                  0.83   data required time
                                 -4.41   data arrival time
-----------------------------------------------------------------------------
                                  3.58   slack (MET)


Startpoint: rst (input port clocked by clk)
Endpoint: _399_ (removal check against rising-edge clock clk)
Path Group: asynchronous
Path Type: min
Corner: Fastest

Fanout     Cap    Slew   Delay    Time   Description
-----------------------------------------------------------------------------
                          0.00    0.00   clock clk (rise edge)
                          0.00    0.00   clock network delay (propagated)
                          4.00    4.00 v input external delay
                  0.01    0.00    4.00 v rst (in)
     1    0.00                           rst (net)
                  0.01    0.00    4.00 v input1/A (sky130_fd_sc_hd__buf_1)
                  0.06    0.08    4.08 v input1/X (sky130_fd_sc_hd__buf_1)
     1    0.02                           net1 (net)
                  0.06    0.00    4.08 v _367_/A (sky130_fd_sc_hd__buf_4)
                  0.06    0.13    4.21 v _367_/X (sky130_fd_sc_hd__buf_4)
    10    0.06                           _180_ (net)
                  0.06    0.01    4.22 v _368_/A (sky130_fd_sc_hd__buf_4)
                  0.07    0.14    4.36 v _368_/X (sky130_fd_sc_hd__buf_4)
    10    0.07                           _181_ (net)
                  0.07    0.01    4.37 v _370_/A (sky130_fd_sc_hd__inv_2)
                  0.03    0.04    4.41 ^ _370_/Y (sky130_fd_sc_hd__inv_2)
     1    0.00                           _001_ (net)
                  0.03    0.00    4.41 ^ _399_/RESET_B (sky130_fd_sc_hd__dfrtp_4)
                                  4.41   data arrival time

                          0.00    0.00   clock clk (rise edge)
                          0.00    0.00   clock source latency
                  0.18    0.14    0.14 ^ clk (in)
     1    0.05                           clk (net)
                  0.18    0.00    0.14 ^ clkbuf_0_clk/A (sky130_fd_sc_hd__clkbuf_16)
                  0.04    0.13    0.26 ^ clkbuf_0_clk/X (sky130_fd_sc_hd__clkbuf_16)
     2    0.02                           clknet_0_clk (net)
                  0.04    0.00    0.26 ^ clkbuf_1_1__f_clk/A (sky130_fd_sc_hd__clkbuf_16)
                  0.06    0.11    0.37 ^ clkbuf_1_1__f_clk/X (sky130_fd_sc_hd__clkbuf_16)
    14    0.06                           clknet_1_1__leaf_clk (net)
                  0.06    0.01    0.38 ^ _399_/CLK (sky130_fd_sc_hd__dfrtp_4)
                          0.25    0.63   clock uncertainty
                          0.00    0.63   clock reconvergence pessimism
                          0.20    0.83   library removal time
                                  0.83   data required time
-----------------------------------------------------------------------------
                                  0.83   data required time
                                 -4.41   data arrival time
-----------------------------------------------------------------------------
                                  3.58   slack (MET)


Startpoint: rst (input port clocked by clk)
Endpoint: _404_ (removal check against rising-edge clock clk)
Path Group: asynchronous
Path Type: min
Corner: Fastest

Fanout     Cap    Slew   Delay    Time   Description
-----------------------------------------------------------------------------
                          0.00    0.00   clock clk (rise edge)
                          0.00    0.00   clock network delay (propagated)
                          4.00    4.00 v input external delay
                  0.01    0.00    4.00 v rst (in)
     1    0.00                           rst (net)
                  0.01    0.00    4.00 v input1/A (sky130_fd_sc_hd__buf_1)
                  0.06    0.08    4.08 v input1/X (sky130_fd_sc_hd__buf_1)
     1    0.02                           net1 (net)
                  0.06    0.00    4.08 v _367_/A (sky130_fd_sc_hd__buf_4)
                  0.06    0.13    4.21 v _367_/X (sky130_fd_sc_hd__buf_4)
    10    0.06                           _180_ (net)
                  0.06    0.01    4.22 v _368_/A (sky130_fd_sc_hd__buf_4)
                  0.07    0.14    4.36 v _368_/X (sky130_fd_sc_hd__buf_4)
    10    0.07                           _181_ (net)
                  0.07    0.01    4.37 v _375_/A (sky130_fd_sc_hd__inv_2)
                  0.03    0.04    4.41 ^ _375_/Y (sky130_fd_sc_hd__inv_2)
     1    0.00                           _006_ (net)
                  0.03    0.00    4.41 ^ _404_/RESET_B (sky130_fd_sc_hd__dfrtp_4)
                                  4.41   data arrival time

                          0.00    0.00   clock clk (rise edge)
                          0.00    0.00   clock source latency
                  0.18    0.14    0.14 ^ clk (in)
     1    0.05                           clk (net)
                  0.18    0.00    0.14 ^ clkbuf_0_clk/A (sky130_fd_sc_hd__clkbuf_16)
                  0.04    0.13    0.26 ^ clkbuf_0_clk/X (sky130_fd_sc_hd__clkbuf_16)
     2    0.02                           clknet_0_clk (net)
                  0.04    0.00    0.26 ^ clkbuf_1_1__f_clk/A (sky130_fd_sc_hd__clkbuf_16)
                  0.06    0.11    0.37 ^ clkbuf_1_1__f_clk/X (sky130_fd_sc_hd__clkbuf_16)
    14    0.06                           clknet_1_1__leaf_clk (net)
                  0.06    0.01    0.38 ^ _404_/CLK (sky130_fd_sc_hd__dfrtp_4)
                          0.25    0.63   clock uncertainty
                          0.00    0.63   clock reconvergence pessimism
                          0.20    0.83   library removal time
                                  0.83   data required time
-----------------------------------------------------------------------------
                                  0.83   data required time
                                 -4.41   data arrival time
-----------------------------------------------------------------------------
                                  3.58   slack (MET)


Startpoint: rst (input port clocked by clk)
Endpoint: _401_ (removal check against rising-edge clock clk)
Path Group: asynchronous
Path Type: min
Corner: Fastest

Fanout     Cap    Slew   Delay    Time   Description
-----------------------------------------------------------------------------
                          0.00    0.00   clock clk (rise edge)
                          0.00    0.00   clock network delay (propagated)
                          4.00    4.00 v input external delay
                  0.01    0.00    4.00 v rst (in)
     1    0.00                           rst (net)
                  0.01    0.00    4.00 v input1/A (sky130_fd_sc_hd__buf_1)
                  0.06    0.08    4.08 v input1/X (sky130_fd_sc_hd__buf_1)
     1    0.02                           net1 (net)
                  0.06    0.00    4.08 v _367_/A (sky130_fd_sc_hd__buf_4)
                  0.06    0.13    4.21 v _367_/X (sky130_fd_sc_hd__buf_4)
    10    0.06                           _180_ (net)
                  0.06    0.01    4.22 v _368_/A (sky130_fd_sc_hd__buf_4)
                  0.07    0.14    4.36 v _368_/X (sky130_fd_sc_hd__buf_4)
    10    0.07                           _181_ (net)
                  0.07    0.01    4.36 v _372_/A (sky130_fd_sc_hd__inv_2)
                  0.03    0.04    4.41 ^ _372_/Y (sky130_fd_sc_hd__inv_2)
     1    0.00                           _003_ (net)
                  0.03    0.00    4.41 ^ _401_/RESET_B (sky130_fd_sc_hd__dfrtp_4)
                                  4.41   data arrival time

                          0.00    0.00   clock clk (rise edge)
                          0.00    0.00   clock source latency
                  0.18    0.14    0.14 ^ clk (in)
     1    0.05                           clk (net)
                  0.18    0.00    0.14 ^ clkbuf_0_clk/A (sky130_fd_sc_hd__clkbuf_16)
                  0.04    0.13    0.26 ^ clkbuf_0_clk/X (sky130_fd_sc_hd__clkbuf_16)
     2    0.02                           clknet_0_clk (net)
                  0.04    0.00    0.26 ^ clkbuf_1_1__f_clk/A (sky130_fd_sc_hd__clkbuf_16)
                  0.06    0.11    0.37 ^ clkbuf_1_1__f_clk/X (sky130_fd_sc_hd__clkbuf_16)
    14    0.06                           clknet_1_1__leaf_clk (net)
                  0.06    0.00    0.38 ^ _401_/CLK (sky130_fd_sc_hd__dfrtp_4)
                          0.25    0.63   clock uncertainty
                          0.00    0.63   clock reconvergence pessimism
                          0.20    0.83   library removal time
                                  0.83   data required time
-----------------------------------------------------------------------------
                                  0.83   data required time
                                 -4.41   data arrival time
-----------------------------------------------------------------------------
                                  3.58   slack (MET)


Startpoint: rst (input port clocked by clk)
Endpoint: _400_ (removal check against rising-edge clock clk)
Path Group: asynchronous
Path Type: min
Corner: Fastest

Fanout     Cap    Slew   Delay    Time   Description
-----------------------------------------------------------------------------
                          0.00    0.00   clock clk (rise edge)
                          0.00    0.00   clock network delay (propagated)
                          4.00    4.00 v input external delay
                  0.01    0.00    4.00 v rst (in)
     1    0.00                           rst (net)
                  0.01    0.00    4.00 v input1/A (sky130_fd_sc_hd__buf_1)
                  0.06    0.08    4.08 v input1/X (sky130_fd_sc_hd__buf_1)
     1    0.02                           net1 (net)
                  0.06    0.00    4.08 v _367_/A (sky130_fd_sc_hd__buf_4)
                  0.06    0.13    4.21 v _367_/X (sky130_fd_sc_hd__buf_4)
    10    0.06                           _180_ (net)
                  0.06    0.01    4.22 v _368_/A (sky130_fd_sc_hd__buf_4)
                  0.07    0.14    4.36 v _368_/X (sky130_fd_sc_hd__buf_4)
    10    0.07                           _181_ (net)
                  0.07    0.01    4.37 v _371_/A (sky130_fd_sc_hd__inv_2)
                  0.03    0.04    4.41 ^ _371_/Y (sky130_fd_sc_hd__inv_2)
     1    0.00                           _002_ (net)
                  0.03    0.00    4.41 ^ _400_/RESET_B (sky130_fd_sc_hd__dfrtp_4)
                                  4.41   data arrival time

                          0.00    0.00   clock clk (rise edge)
                          0.00    0.00   clock source latency
                  0.18    0.14    0.14 ^ clk (in)
     1    0.05                           clk (net)
                  0.18    0.00    0.14 ^ clkbuf_0_clk/A (sky130_fd_sc_hd__clkbuf_16)
                  0.04    0.13    0.26 ^ clkbuf_0_clk/X (sky130_fd_sc_hd__clkbuf_16)
     2    0.02                           clknet_0_clk (net)
                  0.04    0.00    0.26 ^ clkbuf_1_1__f_clk/A (sky130_fd_sc_hd__clkbuf_16)
                  0.06    0.11    0.37 ^ clkbuf_1_1__f_clk/X (sky130_fd_sc_hd__clkbuf_16)
    14    0.06                           clknet_1_1__leaf_clk (net)
                  0.06    0.01    0.38 ^ _400_/CLK (sky130_fd_sc_hd__dfrtp_4)
                          0.25    0.63   clock uncertainty
                          0.00    0.63   clock reconvergence pessimism
                          0.20    0.83   library removal time
                                  0.83   data required time
-----------------------------------------------------------------------------
                                  0.83   data required time
                                 -4.41   data arrival time
-----------------------------------------------------------------------------
                                  3.58   slack (MET)


Startpoint: rst (input port clocked by clk)
Endpoint: _407_ (removal check against rising-edge clock clk)
Path Group: asynchronous
Path Type: min
Corner: Fastest

Fanout     Cap    Slew   Delay    Time   Description
-----------------------------------------------------------------------------
                          0.00    0.00   clock clk (rise edge)
                          0.00    0.00   clock network delay (propagated)
                          4.00    4.00 v input external delay
                  0.01    0.00    4.00 v rst (in)
     1    0.00                           rst (net)
                  0.01    0.00    4.00 v input1/A (sky130_fd_sc_hd__buf_1)
                  0.06    0.08    4.08 v input1/X (sky130_fd_sc_hd__buf_1)
     1    0.02                           net1 (net)
                  0.06    0.00    4.08 v _367_/A (sky130_fd_sc_hd__buf_4)
                  0.06    0.13    4.21 v _367_/X (sky130_fd_sc_hd__buf_4)
    10    0.06                           _180_ (net)
                  0.06    0.01    4.22 v _368_/A (sky130_fd_sc_hd__buf_4)
                  0.07    0.14    4.36 v _368_/X (sky130_fd_sc_hd__buf_4)
    10    0.07                           _181_ (net)
                  0.07    0.01    4.37 v _378_/A (sky130_fd_sc_hd__inv_2)
                  0.03    0.04    4.41 ^ _378_/Y (sky130_fd_sc_hd__inv_2)
     1    0.00                           _009_ (net)
                  0.03    0.00    4.41 ^ _407_/RESET_B (sky130_fd_sc_hd__dfrtp_4)
                                  4.41   data arrival time

                          0.00    0.00   clock clk (rise edge)
                          0.00    0.00   clock source latency
                  0.18    0.14    0.14 ^ clk (in)
     1    0.05                           clk (net)
                  0.18    0.00    0.14 ^ clkbuf_0_clk/A (sky130_fd_sc_hd__clkbuf_16)
                  0.04    0.13    0.26 ^ clkbuf_0_clk/X (sky130_fd_sc_hd__clkbuf_16)
     2    0.02                           clknet_0_clk (net)
                  0.04    0.00    0.26 ^ clkbuf_1_0__f_clk/A (sky130_fd_sc_hd__clkbuf_16)
                  0.06    0.11    0.38 ^ clkbuf_1_0__f_clk/X (sky130_fd_sc_hd__clkbuf_16)
    14    0.06                           clknet_1_0__leaf_clk (net)
                  0.06    0.00    0.38 ^ _407_/CLK (sky130_fd_sc_hd__dfrtp_4)
                          0.25    0.63   clock uncertainty
                          0.00    0.63   clock reconvergence pessimism
                          0.20    0.83   library removal time
                                  0.83   data required time
-----------------------------------------------------------------------------
                                  0.83   data required time
                                 -4.41   data arrival time
-----------------------------------------------------------------------------
                                  3.58   slack (MET)


Startpoint: rst (input port clocked by clk)
Endpoint: _398_ (removal check against rising-edge clock clk)
Path Group: asynchronous
Path Type: min
Corner: Fastest

Fanout     Cap    Slew   Delay    Time   Description
-----------------------------------------------------------------------------
                          0.00    0.00   clock clk (rise edge)
                          0.00    0.00   clock network delay (propagated)
                          4.00    4.00 v input external delay
                  0.01    0.00    4.00 v rst (in)
     1    0.00                           rst (net)
                  0.01    0.00    4.00 v input1/A (sky130_fd_sc_hd__buf_1)
                  0.06    0.08    4.08 v input1/X (sky130_fd_sc_hd__buf_1)
     1    0.02                           net1 (net)
                  0.06    0.00    4.08 v _367_/A (sky130_fd_sc_hd__buf_4)
                  0.06    0.13    4.21 v _367_/X (sky130_fd_sc_hd__buf_4)
    10    0.06                           _180_ (net)
                  0.06    0.01    4.22 v _368_/A (sky130_fd_sc_hd__buf_4)
                  0.07    0.14    4.36 v _368_/X (sky130_fd_sc_hd__buf_4)
    10    0.07                           _181_ (net)
                  0.07    0.01    4.37 v _369_/A (sky130_fd_sc_hd__inv_2)
                  0.03    0.04    4.41 ^ _369_/Y (sky130_fd_sc_hd__inv_2)
     1    0.00                           _000_ (net)
                  0.03    0.00    4.41 ^ _398_/RESET_B (sky130_fd_sc_hd__dfrtp_4)
                                  4.41   data arrival time

                          0.00    0.00   clock clk (rise edge)
                          0.00    0.00   clock source latency
                  0.18    0.14    0.14 ^ clk (in)
     1    0.05                           clk (net)
                  0.18    0.00    0.14 ^ clkbuf_0_clk/A (sky130_fd_sc_hd__clkbuf_16)
                  0.04    0.13    0.26 ^ clkbuf_0_clk/X (sky130_fd_sc_hd__clkbuf_16)
     2    0.02                           clknet_0_clk (net)
                  0.04    0.00    0.26 ^ clkbuf_1_1__f_clk/A (sky130_fd_sc_hd__clkbuf_16)
                  0.06    0.11    0.37 ^ clkbuf_1_1__f_clk/X (sky130_fd_sc_hd__clkbuf_16)
    14    0.06                           clknet_1_1__leaf_clk (net)
                  0.06    0.01    0.38 ^ _398_/CLK (sky130_fd_sc_hd__dfrtp_4)
                          0.25    0.63   clock uncertainty
                          0.00    0.63   clock reconvergence pessimism
                          0.20    0.83   library removal time
                                  0.83   data required time
-----------------------------------------------------------------------------
                                  0.83   data required time
                                 -4.41   data arrival time
-----------------------------------------------------------------------------
                                  3.58   slack (MET)


Startpoint: rst (input port clocked by clk)
Endpoint: _405_ (removal check against rising-edge clock clk)
Path Group: asynchronous
Path Type: min
Corner: Fastest

Fanout     Cap    Slew   Delay    Time   Description
-----------------------------------------------------------------------------
                          0.00    0.00   clock clk (rise edge)
                          0.00    0.00   clock network delay (propagated)
                          4.00    4.00 v input external delay
                  0.01    0.00    4.00 v rst (in)
     1    0.00                           rst (net)
                  0.01    0.00    4.00 v input1/A (sky130_fd_sc_hd__buf_1)
                  0.06    0.08    4.08 v input1/X (sky130_fd_sc_hd__buf_1)
     1    0.02                           net1 (net)
                  0.06    0.00    4.08 v _367_/A (sky130_fd_sc_hd__buf_4)
                  0.06    0.13    4.21 v _367_/X (sky130_fd_sc_hd__buf_4)
    10    0.06                           _180_ (net)
                  0.06    0.01    4.22 v _368_/A (sky130_fd_sc_hd__buf_4)
                  0.07    0.14    4.36 v _368_/X (sky130_fd_sc_hd__buf_4)
    10    0.07                           _181_ (net)
                  0.07    0.01    4.36 v _376_/A (sky130_fd_sc_hd__inv_2)
                  0.03    0.04    4.41 ^ _376_/Y (sky130_fd_sc_hd__inv_2)
     1    0.00                           _007_ (net)
                  0.03    0.00    4.41 ^ _405_/RESET_B (sky130_fd_sc_hd__dfrtp_4)
                                  4.41   data arrival time

                          0.00    0.00   clock clk (rise edge)
                          0.00    0.00   clock source latency
                  0.18    0.14    0.14 ^ clk (in)
     1    0.05                           clk (net)
                  0.18    0.00    0.14 ^ clkbuf_0_clk/A (sky130_fd_sc_hd__clkbuf_16)
                  0.04    0.13    0.26 ^ clkbuf_0_clk/X (sky130_fd_sc_hd__clkbuf_16)
     2    0.02                           clknet_0_clk (net)
                  0.04    0.00    0.26 ^ clkbuf_1_1__f_clk/A (sky130_fd_sc_hd__clkbuf_16)
                  0.06    0.11    0.37 ^ clkbuf_1_1__f_clk/X (sky130_fd_sc_hd__clkbuf_16)
    14    0.06                           clknet_1_1__leaf_clk (net)
                  0.06    0.00    0.38 ^ _405_/CLK (sky130_fd_sc_hd__dfrtp_4)
                          0.25    0.63   clock uncertainty
                          0.00    0.63   clock reconvergence pessimism
                          0.20    0.83   library removal time
                                  0.83   data required time
-----------------------------------------------------------------------------
                                  0.83   data required time
                                 -4.41   data arrival time
-----------------------------------------------------------------------------
                                  3.58   slack (MET)


Startpoint: _406_ (rising edge-triggered flip-flop clocked by clk)
Endpoint: A_out[4] (output port clocked by clk)
Path Group: clk
Path Type: min
Corner: Fastest

Fanout     Cap    Slew   Delay    Time   Description
-----------------------------------------------------------------------------
                          0.00    0.00   clock clk (rise edge)
                          0.00    0.00   clock source latency
                  0.18    0.12    0.12 ^ clk (in)
     1    0.05                           clk (net)
                  0.18    0.00    0.12 ^ clkbuf_0_clk/A (sky130_fd_sc_hd__clkbuf_16)
                  0.04    0.11    0.24 ^ clkbuf_0_clk/X (sky130_fd_sc_hd__clkbuf_16)
     2    0.02                           clknet_0_clk (net)
                  0.04    0.00    0.24 ^ clkbuf_1_0__f_clk/A (sky130_fd_sc_hd__clkbuf_16)
                  0.06    0.10    0.34 ^ clkbuf_1_0__f_clk/X (sky130_fd_sc_hd__clkbuf_16)
    14    0.06                           clknet_1_0__leaf_clk (net)
                  0.06    0.01    0.35 ^ _406_/CLK (sky130_fd_sc_hd__dfrtp_2)
                  0.10    0.26    0.61 ^ _406_/Q (sky130_fd_sc_hd__dfrtp_2)
     3    0.03                           net6 (net)
                  0.10    0.00    0.61 ^ output6/A (sky130_fd_sc_hd__clkbuf_4)
                  0.08    0.14    0.75 ^ output6/X (sky130_fd_sc_hd__clkbuf_4)
     1    0.03                           A_out[4] (net)
                  0.08    0.00    0.75 ^ A_out[4] (out)
                                  0.75   data arrival time

                          0.00    0.00   clock clk (rise edge)
                          0.00    0.00   clock network delay (propagated)
                          0.25    0.25   clock uncertainty
                          0.00    0.25   clock reconvergence pessimism
                         -4.00   -3.75   output external delay
                                 -3.75   data required time
-----------------------------------------------------------------------------
                                 -3.75   data required time
                                 -0.75   data arrival time
-----------------------------------------------------------------------------
                                  4.50   slack (MET)


Startpoint: _412_ (rising edge-triggered flip-flop clocked by clk)
Endpoint: last_opcode_out[3] (output port clocked by clk)
Path Group: clk
Path Type: min
Corner: Fastest

Fanout     Cap    Slew   Delay    Time   Description
-----------------------------------------------------------------------------
                          0.00    0.00   clock clk (rise edge)
                          0.00    0.00   clock source latency
                  0.18    0.12    0.12 ^ clk (in)
     1    0.05                           clk (net)
                  0.18    0.00    0.12 ^ clkbuf_0_clk/A (sky130_fd_sc_hd__clkbuf_16)
                  0.04    0.11    0.24 ^ clkbuf_0_clk/X (sky130_fd_sc_hd__clkbuf_16)
     2    0.02                           clknet_0_clk (net)
                  0.04    0.00    0.24 ^ clkbuf_1_1__f_clk/A (sky130_fd_sc_hd__clkbuf_16)
                  0.06    0.10    0.34 ^ clkbuf_1_1__f_clk/X (sky130_fd_sc_hd__clkbuf_16)
    14    0.06                           clknet_1_1__leaf_clk (net)
                  0.06    0.01    0.34 ^ _412_/CLK (sky130_fd_sc_hd__dfrtp_2)
                  0.10    0.26    0.61 ^ _412_/Q (sky130_fd_sc_hd__dfrtp_2)
     2    0.03                           net25 (net)
                  0.10    0.00    0.61 ^ output25/A (sky130_fd_sc_hd__clkbuf_4)
                  0.08    0.14    0.75 ^ output25/X (sky130_fd_sc_hd__clkbuf_4)
     1    0.03                           last_opcode_out[3] (net)
                  0.08    0.00    0.75 ^ last_opcode_out[3] (out)
                                  0.75   data arrival time

                          0.00    0.00   clock clk (rise edge)
                          0.00    0.00   clock network delay (propagated)
                          0.25    0.25   clock uncertainty
                          0.00    0.25   clock reconvergence pessimism
                         -4.00   -3.75   output external delay
                                 -3.75   data required time
-----------------------------------------------------------------------------
                                 -3.75   data required time
                                 -0.75   data arrival time
-----------------------------------------------------------------------------
                                  4.50   slack (MET)


Startpoint: _402_ (rising edge-triggered flip-flop clocked by clk)
Endpoint: A_out[0] (output port clocked by clk)
Path Group: clk
Path Type: min
Corner: Fastest

Fanout     Cap    Slew   Delay    Time   Description
-----------------------------------------------------------------------------
                          0.00    0.00   clock clk (rise edge)
                          0.00    0.00   clock source latency
                  0.18    0.12    0.12 ^ clk (in)
     1    0.05                           clk (net)
                  0.18    0.00    0.12 ^ clkbuf_0_clk/A (sky130_fd_sc_hd__clkbuf_16)
                  0.04    0.11    0.24 ^ clkbuf_0_clk/X (sky130_fd_sc_hd__clkbuf_16)
     2    0.02                           clknet_0_clk (net)
                  0.04    0.00    0.24 ^ clkbuf_1_1__f_clk/A (sky130_fd_sc_hd__clkbuf_16)
                  0.06    0.10    0.34 ^ clkbuf_1_1__f_clk/X (sky130_fd_sc_hd__clkbuf_16)
    14    0.06                           clknet_1_1__leaf_clk (net)
                  0.06    0.01    0.34 ^ _402_/CLK (sky130_fd_sc_hd__dfrtp_4)
                  0.09    0.29    0.63 ^ _402_/Q (sky130_fd_sc_hd__dfrtp_4)
     4    0.03                           net2 (net)
                  0.09    0.00    0.63 ^ output2/A (sky130_fd_sc_hd__clkbuf_4)
                  0.09    0.13    0.77 ^ output2/X (sky130_fd_sc_hd__clkbuf_4)
     1    0.03                           A_out[0] (net)
                  0.09    0.00    0.77 ^ A_out[0] (out)
                                  0.77   data arrival time

                          0.00    0.00   clock clk (rise edge)
                          0.00    0.00   clock network delay (propagated)
                          0.25    0.25   clock uncertainty
                          0.00    0.25   clock reconvergence pessimism
                         -4.00   -3.75   output external delay
                                 -3.75   data required time
-----------------------------------------------------------------------------
                                 -3.75   data required time
                                 -0.77   data arrival time
-----------------------------------------------------------------------------
                                  4.52   slack (MET)


Startpoint: _415_ (rising edge-triggered flip-flop clocked by clk)
Endpoint: flags_out[1] (output port clocked by clk)
Path Group: clk
Path Type: min
Corner: Fastest

Fanout     Cap    Slew   Delay    Time   Description
-----------------------------------------------------------------------------
                          0.00    0.00   clock clk (rise edge)
                          0.00    0.00   clock source latency
                  0.18    0.12    0.12 ^ clk (in)
     1    0.05                           clk (net)
                  0.18    0.00    0.12 ^ clkbuf_0_clk/A (sky130_fd_sc_hd__clkbuf_16)
                  0.04    0.11    0.24 ^ clkbuf_0_clk/X (sky130_fd_sc_hd__clkbuf_16)
     2    0.02                           clknet_0_clk (net)
                  0.04    0.00    0.24 ^ clkbuf_1_0__f_clk/A (sky130_fd_sc_hd__clkbuf_16)
                  0.06    0.10    0.34 ^ clkbuf_1_0__f_clk/X (sky130_fd_sc_hd__clkbuf_16)
    14    0.06                           clknet_1_0__leaf_clk (net)
                  0.06    0.00    0.34 ^ _415_/CLK (sky130_fd_sc_hd__dfrtp_4)
                  0.09    0.28    0.63 ^ _415_/Q (sky130_fd_sc_hd__dfrtp_4)
     2    0.03                           net19 (net)
                  0.09    0.01    0.63 ^ output19/A (sky130_fd_sc_hd__clkbuf_4)
                  0.08    0.13    0.77 ^ output19/X (sky130_fd_sc_hd__clkbuf_4)
     1    0.03                           flags_out[1] (net)
                  0.08    0.00    0.77 ^ flags_out[1] (out)
                                  0.77   data arrival time

                          0.00    0.00   clock clk (rise edge)
                          0.00    0.00   clock network delay (propagated)
                          0.25    0.25   clock uncertainty
                          0.00    0.25   clock reconvergence pessimism
                         -4.00   -3.75   output external delay
                                 -3.75   data required time
-----------------------------------------------------------------------------
                                 -3.75   data required time
                                 -0.77   data arrival time
-----------------------------------------------------------------------------
                                  4.52   slack (MET)


Startpoint: _417_ (rising edge-triggered flip-flop clocked by clk)
Endpoint: flags_out[3] (output port clocked by clk)
Path Group: clk
Path Type: min
Corner: Fastest

Fanout     Cap    Slew   Delay    Time   Description
-----------------------------------------------------------------------------
                          0.00    0.00   clock clk (rise edge)
                          0.00    0.00   clock source latency
                  0.18    0.12    0.12 ^ clk (in)
     1    0.05                           clk (net)
                  0.18    0.00    0.12 ^ clkbuf_0_clk/A (sky130_fd_sc_hd__clkbuf_16)
                  0.04    0.11    0.24 ^ clkbuf_0_clk/X (sky130_fd_sc_hd__clkbuf_16)
     2    0.02                           clknet_0_clk (net)
                  0.04    0.00    0.24 ^ clkbuf_1_0__f_clk/A (sky130_fd_sc_hd__clkbuf_16)
                  0.06    0.10    0.34 ^ clkbuf_1_0__f_clk/X (sky130_fd_sc_hd__clkbuf_16)
    14    0.06                           clknet_1_0__leaf_clk (net)
                  0.06    0.00    0.34 ^ _417_/CLK (sky130_fd_sc_hd__dfrtp_4)
                  0.09    0.29    0.63 ^ _417_/Q (sky130_fd_sc_hd__dfrtp_4)
     3    0.04                           net21 (net)
                  0.09    0.00    0.64 ^ output21/A (sky130_fd_sc_hd__clkbuf_4)
                  0.08    0.14    0.77 ^ output21/X (sky130_fd_sc_hd__clkbuf_4)
     1    0.03                           flags_out[3] (net)
                  0.08    0.00    0.77 ^ flags_out[3] (out)
                                  0.77   data arrival time

                          0.00    0.00   clock clk (rise edge)
                          0.00    0.00   clock network delay (propagated)
                          0.25    0.25   clock uncertainty
                          0.00    0.25   clock reconvergence pessimism
                         -4.00   -3.75   output external delay
                                 -3.75   data required time
-----------------------------------------------------------------------------
                                 -3.75   data required time
                                 -0.77   data arrival time
-----------------------------------------------------------------------------
                                  4.52   slack (MET)


Startpoint: _411_ (rising edge-triggered flip-flop clocked by clk)
Endpoint: last_opcode_out[2] (output port clocked by clk)
Path Group: clk
Path Type: min
Corner: Fastest

Fanout     Cap    Slew   Delay    Time   Description
-----------------------------------------------------------------------------
                          0.00    0.00   clock clk (rise edge)
                          0.00    0.00   clock source latency
                  0.18    0.12    0.12 ^ clk (in)
     1    0.05                           clk (net)
                  0.18    0.00    0.12 ^ clkbuf_0_clk/A (sky130_fd_sc_hd__clkbuf_16)
                  0.04    0.11    0.24 ^ clkbuf_0_clk/X (sky130_fd_sc_hd__clkbuf_16)
     2    0.02                           clknet_0_clk (net)
                  0.04    0.00    0.24 ^ clkbuf_1_1__f_clk/A (sky130_fd_sc_hd__clkbuf_16)
                  0.06    0.10    0.34 ^ clkbuf_1_1__f_clk/X (sky130_fd_sc_hd__clkbuf_16)
    14    0.06                           clknet_1_1__leaf_clk (net)
                  0.06    0.01    0.34 ^ _411_/CLK (sky130_fd_sc_hd__dfrtp_4)
                  0.09    0.29    0.63 ^ _411_/Q (sky130_fd_sc_hd__dfrtp_4)
     2    0.04                           net24 (net)
                  0.09    0.01    0.64 ^ output24/A (sky130_fd_sc_hd__clkbuf_4)
                  0.08    0.14    0.77 ^ output24/X (sky130_fd_sc_hd__clkbuf_4)
     1    0.03                           last_opcode_out[2] (net)
                  0.08    0.00    0.77 ^ last_opcode_out[2] (out)
                                  0.77   data arrival time

                          0.00    0.00   clock clk (rise edge)
                          0.00    0.00   clock network delay (propagated)
                          0.25    0.25   clock uncertainty
                          0.00    0.25   clock reconvergence pessimism
                         -4.00   -3.75   output external delay
                                 -3.75   data required time
-----------------------------------------------------------------------------
                                 -3.75   data required time
                                 -0.77   data arrival time
-----------------------------------------------------------------------------
                                  4.52   slack (MET)


Startpoint: _421_ (rising edge-triggered flip-flop clocked by clk)
Endpoint: B_out[3] (output port clocked by clk)
Path Group: clk
Path Type: min
Corner: Fastest

Fanout     Cap    Slew   Delay    Time   Description
-----------------------------------------------------------------------------
                          0.00    0.00   clock clk (rise edge)
                          0.00    0.00   clock source latency
                  0.18    0.12    0.12 ^ clk (in)
     1    0.05                           clk (net)
                  0.18    0.00    0.12 ^ clkbuf_0_clk/A (sky130_fd_sc_hd__clkbuf_16)
                  0.04    0.11    0.24 ^ clkbuf_0_clk/X (sky130_fd_sc_hd__clkbuf_16)
     2    0.02                           clknet_0_clk (net)
                  0.04    0.00    0.24 ^ clkbuf_1_1__f_clk/A (sky130_fd_sc_hd__clkbuf_16)
                  0.06    0.10    0.34 ^ clkbuf_1_1__f_clk/X (sky130_fd_sc_hd__clkbuf_16)
    14    0.06                           clknet_1_1__leaf_clk (net)
                  0.06    0.01    0.34 ^ _421_/CLK (sky130_fd_sc_hd__dfrtp_4)
                  0.09    0.29    0.63 ^ _421_/Q (sky130_fd_sc_hd__dfrtp_4)
     4    0.04                           net13 (net)
                  0.09    0.00    0.64 ^ output13/A (sky130_fd_sc_hd__clkbuf_4)
                  0.08    0.14    0.77 ^ output13/X (sky130_fd_sc_hd__clkbuf_4)
     1    0.03                           B_out[3] (net)
                  0.08    0.00    0.77 ^ B_out[3] (out)
                                  0.77   data arrival time

                          0.00    0.00   clock clk (rise edge)
                          0.00    0.00   clock network delay (propagated)
                          0.25    0.25   clock uncertainty
                          0.00    0.25   clock reconvergence pessimism
                         -4.00   -3.75   output external delay
                                 -3.75   data required time
-----------------------------------------------------------------------------
                                 -3.75   data required time
                                 -0.77   data arrival time
-----------------------------------------------------------------------------
                                  4.52   slack (MET)


Startpoint: _408_ (rising edge-triggered flip-flop clocked by clk)
Endpoint: A_out[6] (output port clocked by clk)
Path Group: clk
Path Type: min
Corner: Fastest

Fanout     Cap    Slew   Delay    Time   Description
-----------------------------------------------------------------------------
                          0.00    0.00   clock clk (rise edge)
                          0.00    0.00   clock source latency
                  0.18    0.12    0.12 ^ clk (in)
     1    0.05                           clk (net)
                  0.18    0.00    0.12 ^ clkbuf_0_clk/A (sky130_fd_sc_hd__clkbuf_16)
                  0.04    0.11    0.24 ^ clkbuf_0_clk/X (sky130_fd_sc_hd__clkbuf_16)
     2    0.02                           clknet_0_clk (net)
                  0.04    0.00    0.24 ^ clkbuf_1_0__f_clk/A (sky130_fd_sc_hd__clkbuf_16)
                  0.06    0.10    0.34 ^ clkbuf_1_0__f_clk/X (sky130_fd_sc_hd__clkbuf_16)
    14    0.06                           clknet_1_0__leaf_clk (net)
                  0.06    0.01    0.34 ^ _408_/CLK (sky130_fd_sc_hd__dfrtp_4)
                  0.08    0.28    0.63 ^ _408_/Q (sky130_fd_sc_hd__dfrtp_4)
     3    0.03                           net8 (net)
                  0.08    0.00    0.63 ^ output8/A (sky130_fd_sc_hd__buf_2)
                  0.13    0.14    0.77 ^ output8/X (sky130_fd_sc_hd__buf_2)
     1    0.03                           A_out[6] (net)
                  0.13    0.00    0.78 ^ A_out[6] (out)
                                  0.78   data arrival time

                          0.00    0.00   clock clk (rise edge)
                          0.00    0.00   clock network delay (propagated)
                          0.25    0.25   clock uncertainty
                          0.00    0.25   clock reconvergence pessimism
                         -4.00   -3.75   output external delay
                                 -3.75   data required time
-----------------------------------------------------------------------------
                                 -3.75   data required time
                                 -0.78   data arrival time
-----------------------------------------------------------------------------
                                  4.53   slack (MET)


Startpoint: _409_ (rising edge-triggered flip-flop clocked by clk)
Endpoint: A_out[7] (output port clocked by clk)
Path Group: clk
Path Type: min
Corner: Fastest

Fanout     Cap    Slew   Delay    Time   Description
-----------------------------------------------------------------------------
                          0.00    0.00   clock clk (rise edge)
                          0.00    0.00   clock source latency
                  0.18    0.12    0.12 ^ clk (in)
     1    0.05                           clk (net)
                  0.18    0.00    0.12 ^ clkbuf_0_clk/A (sky130_fd_sc_hd__clkbuf_16)
                  0.04    0.11    0.24 ^ clkbuf_0_clk/X (sky130_fd_sc_hd__clkbuf_16)
     2    0.02                           clknet_0_clk (net)
                  0.04    0.00    0.24 ^ clkbuf_1_0__f_clk/A (sky130_fd_sc_hd__clkbuf_16)
                  0.06    0.10    0.34 ^ clkbuf_1_0__f_clk/X (sky130_fd_sc_hd__clkbuf_16)
    14    0.06                           clknet_1_0__leaf_clk (net)
                  0.06    0.00    0.34 ^ _409_/CLK (sky130_fd_sc_hd__dfrtp_4)
                  0.10    0.29    0.63 ^ _409_/Q (sky130_fd_sc_hd__dfrtp_4)
     3    0.04                           net9 (net)
                  0.10    0.01    0.64 ^ output9/A (sky130_fd_sc_hd__clkbuf_4)
                  0.08    0.14    0.78 ^ output9/X (sky130_fd_sc_hd__clkbuf_4)
     1    0.03                           A_out[7] (net)
                  0.08    0.00    0.78 ^ A_out[7] (out)
                                  0.78   data arrival time

                          0.00    0.00   clock clk (rise edge)
                          0.00    0.00   clock network delay (propagated)
                          0.25    0.25   clock uncertainty
                          0.00    0.25   clock reconvergence pessimism
                         -4.00   -3.75   output external delay
                                 -3.75   data required time
-----------------------------------------------------------------------------
                                 -3.75   data required time
                                 -0.78   data arrival time
-----------------------------------------------------------------------------
                                  4.53   slack (MET)


Startpoint: _416_ (rising edge-triggered flip-flop clocked by clk)
Endpoint: flags_out[2] (output port clocked by clk)
Path Group: clk
Path Type: min
Corner: Fastest

Fanout     Cap    Slew   Delay    Time   Description
-----------------------------------------------------------------------------
                          0.00    0.00   clock clk (rise edge)
                          0.00    0.00   clock source latency
                  0.18    0.12    0.12 ^ clk (in)
     1    0.05                           clk (net)
                  0.18    0.00    0.12 ^ clkbuf_0_clk/A (sky130_fd_sc_hd__clkbuf_16)
                  0.04    0.11    0.24 ^ clkbuf_0_clk/X (sky130_fd_sc_hd__clkbuf_16)
     2    0.02                           clknet_0_clk (net)
                  0.04    0.00    0.24 ^ clkbuf_1_0__f_clk/A (sky130_fd_sc_hd__clkbuf_16)
                  0.06    0.10    0.34 ^ clkbuf_1_0__f_clk/X (sky130_fd_sc_hd__clkbuf_16)
    14    0.06                           clknet_1_0__leaf_clk (net)
                  0.06    0.00    0.34 ^ _416_/CLK (sky130_fd_sc_hd__dfrtp_4)
                  0.09    0.29    0.63 ^ _416_/Q (sky130_fd_sc_hd__dfrtp_4)
     2    0.03                           net20 (net)
                  0.09    0.00    0.63 ^ output20/A (sky130_fd_sc_hd__buf_2)
                  0.13    0.14    0.78 ^ output20/X (sky130_fd_sc_hd__buf_2)
     1    0.03                           flags_out[2] (net)
                  0.13    0.00    0.78 ^ flags_out[2] (out)
                                  0.78   data arrival time

                          0.00    0.00   clock clk (rise edge)
                          0.00    0.00   clock network delay (propagated)
                          0.25    0.25   clock uncertainty
                          0.00    0.25   clock reconvergence pessimism
                         -4.00   -3.75   output external delay
                                 -3.75   data required time
-----------------------------------------------------------------------------
                                 -3.75   data required time
                                 -0.78   data arrival time
-----------------------------------------------------------------------------
                                  4.53   slack (MET)


Startpoint: _425_ (rising edge-triggered flip-flop clocked by clk)
Endpoint: B_out[7] (output port clocked by clk)
Path Group: clk
Path Type: min
Corner: Fastest

Fanout     Cap    Slew   Delay    Time   Description
-----------------------------------------------------------------------------
                          0.00    0.00   clock clk (rise edge)
                          0.00    0.00   clock source latency
                  0.18    0.12    0.12 ^ clk (in)
     1    0.05                           clk (net)
                  0.18    0.00    0.12 ^ clkbuf_0_clk/A (sky130_fd_sc_hd__clkbuf_16)
                  0.04    0.11    0.24 ^ clkbuf_0_clk/X (sky130_fd_sc_hd__clkbuf_16)
     2    0.02                           clknet_0_clk (net)
                  0.04    0.00    0.24 ^ clkbuf_1_0__f_clk/A (sky130_fd_sc_hd__clkbuf_16)
                  0.06    0.10    0.34 ^ clkbuf_1_0__f_clk/X (sky130_fd_sc_hd__clkbuf_16)
    14    0.06                           clknet_1_0__leaf_clk (net)
                  0.06    0.00    0.34 ^ _425_/CLK (sky130_fd_sc_hd__dfrtp_4)
                  0.10    0.30    0.64 ^ _425_/Q (sky130_fd_sc_hd__dfrtp_4)
     3    0.04                           net17 (net)
                  0.10    0.00    0.65 ^ output17/A (sky130_fd_sc_hd__clkbuf_4)
                  0.08    0.14    0.79 ^ output17/X (sky130_fd_sc_hd__clkbuf_4)
     1    0.03                           B_out[7] (net)
                  0.08    0.00    0.79 ^ B_out[7] (out)
                                  0.79   data arrival time

                          0.00    0.00   clock clk (rise edge)
                          0.00    0.00   clock network delay (propagated)
                          0.25    0.25   clock uncertainty
                          0.00    0.25   clock reconvergence pessimism
                         -4.00   -3.75   output external delay
                                 -3.75   data required time
-----------------------------------------------------------------------------
                                 -3.75   data required time
                                 -0.79   data arrival time
-----------------------------------------------------------------------------
                                  4.54   slack (MET)


Startpoint: _405_ (rising edge-triggered flip-flop clocked by clk)
Endpoint: A_out[3] (output port clocked by clk)
Path Group: clk
Path Type: min
Corner: Fastest

Fanout     Cap    Slew   Delay    Time   Description
-----------------------------------------------------------------------------
                          0.00    0.00   clock clk (rise edge)
                          0.00    0.00   clock source latency
                  0.18    0.12    0.12 ^ clk (in)
     1    0.05                           clk (net)
                  0.18    0.00    0.12 ^ clkbuf_0_clk/A (sky130_fd_sc_hd__clkbuf_16)
                  0.04    0.11    0.24 ^ clkbuf_0_clk/X (sky130_fd_sc_hd__clkbuf_16)
     2    0.02                           clknet_0_clk (net)
                  0.04    0.00    0.24 ^ clkbuf_1_1__f_clk/A (sky130_fd_sc_hd__clkbuf_16)
                  0.06    0.10    0.34 ^ clkbuf_1_1__f_clk/X (sky130_fd_sc_hd__clkbuf_16)
    14    0.06                           clknet_1_1__leaf_clk (net)
                  0.06    0.00    0.34 ^ _405_/CLK (sky130_fd_sc_hd__dfrtp_4)
                  0.11    0.30    0.64 ^ _405_/Q (sky130_fd_sc_hd__dfrtp_4)
     3    0.04                           net5 (net)
                  0.11    0.01    0.65 ^ output5/A (sky130_fd_sc_hd__clkbuf_4)
                  0.08    0.14    0.79 ^ output5/X (sky130_fd_sc_hd__clkbuf_4)
     1    0.03                           A_out[3] (net)
                  0.08    0.00    0.79 ^ A_out[3] (out)
                                  0.79   data arrival time

                          0.00    0.00   clock clk (rise edge)
                          0.00    0.00   clock network delay (propagated)
                          0.25    0.25   clock uncertainty
                          0.00    0.25   clock reconvergence pessimism
                         -4.00   -3.75   output external delay
                                 -3.75   data required time
-----------------------------------------------------------------------------
                                 -3.75   data required time
                                 -0.79   data arrival time
-----------------------------------------------------------------------------
                                  4.54   slack (MET)


Startpoint: _423_ (rising edge-triggered flip-flop clocked by clk)
Endpoint: B_out[5] (output port clocked by clk)
Path Group: clk
Path Type: min
Corner: Fastest

Fanout     Cap    Slew   Delay    Time   Description
-----------------------------------------------------------------------------
                          0.00    0.00   clock clk (rise edge)
                          0.00    0.00   clock source latency
                  0.18    0.12    0.12 ^ clk (in)
     1    0.05                           clk (net)
                  0.18    0.00    0.12 ^ clkbuf_0_clk/A (sky130_fd_sc_hd__clkbuf_16)
                  0.04    0.11    0.24 ^ clkbuf_0_clk/X (sky130_fd_sc_hd__clkbuf_16)
     2    0.02                           clknet_0_clk (net)
                  0.04    0.00    0.24 ^ clkbuf_1_0__f_clk/A (sky130_fd_sc_hd__clkbuf_16)
                  0.06    0.10    0.34 ^ clkbuf_1_0__f_clk/X (sky130_fd_sc_hd__clkbuf_16)
    14    0.06                           clknet_1_0__leaf_clk (net)
                  0.06    0.00    0.34 ^ _423_/CLK (sky130_fd_sc_hd__dfrtp_4)
                  0.11    0.30    0.64 ^ _423_/Q (sky130_fd_sc_hd__dfrtp_4)
     3    0.04                           net15 (net)
                  0.11    0.01    0.65 ^ output15/A (sky130_fd_sc_hd__clkbuf_4)
                  0.08    0.14    0.79 ^ output15/X (sky130_fd_sc_hd__clkbuf_4)
     1    0.03                           B_out[5] (net)
                  0.09    0.00    0.79 ^ B_out[5] (out)
                                  0.79   data arrival time

                          0.00    0.00   clock clk (rise edge)
                          0.00    0.00   clock network delay (propagated)
                          0.25    0.25   clock uncertainty
                          0.00    0.25   clock reconvergence pessimism
                         -4.00   -3.75   output external delay
                                 -3.75   data required time
-----------------------------------------------------------------------------
                                 -3.75   data required time
                                 -0.79   data arrival time
-----------------------------------------------------------------------------
                                  4.54   slack (MET)


Startpoint: _414_ (rising edge-triggered flip-flop clocked by clk)
Endpoint: flags_out[0] (output port clocked by clk)
Path Group: clk
Path Type: min
Corner: Fastest

Fanout     Cap    Slew   Delay    Time   Description
-----------------------------------------------------------------------------
                          0.00    0.00   clock clk (rise edge)
                          0.00    0.00   clock source latency
                  0.18    0.12    0.12 ^ clk (in)
     1    0.05                           clk (net)
                  0.18    0.00    0.12 ^ clkbuf_0_clk/A (sky130_fd_sc_hd__clkbuf_16)
                  0.04    0.11    0.24 ^ clkbuf_0_clk/X (sky130_fd_sc_hd__clkbuf_16)
     2    0.02                           clknet_0_clk (net)
                  0.04    0.00    0.24 ^ clkbuf_1_0__f_clk/A (sky130_fd_sc_hd__clkbuf_16)
                  0.06    0.10    0.34 ^ clkbuf_1_0__f_clk/X (sky130_fd_sc_hd__clkbuf_16)
    14    0.06                           clknet_1_0__leaf_clk (net)
                  0.06    0.00    0.34 ^ _414_/CLK (sky130_fd_sc_hd__dfrtp_4)
                  0.11    0.30    0.64 ^ _414_/Q (sky130_fd_sc_hd__dfrtp_4)
     2    0.05                           net18 (net)
                  0.11    0.01    0.65 ^ output18/A (sky130_fd_sc_hd__clkbuf_4)
                  0.08    0.14    0.79 ^ output18/X (sky130_fd_sc_hd__clkbuf_4)
     1    0.03                           flags_out[0] (net)
                  0.08    0.00    0.80 ^ flags_out[0] (out)
                                  0.80   data arrival time

                          0.00    0.00   clock clk (rise edge)
                          0.00    0.00   clock network delay (propagated)
                          0.25    0.25   clock uncertainty
                          0.00    0.25   clock reconvergence pessimism
                         -4.00   -3.75   output external delay
                                 -3.75   data required time
-----------------------------------------------------------------------------
                                 -3.75   data required time
                                 -0.80   data arrival time
-----------------------------------------------------------------------------
                                  4.55   slack (MET)


Startpoint: _418_ (rising edge-triggered flip-flop clocked by clk)
Endpoint: B_out[0] (output port clocked by clk)
Path Group: clk
Path Type: min
Corner: Fastest

Fanout     Cap    Slew   Delay    Time   Description
-----------------------------------------------------------------------------
                          0.00    0.00   clock clk (rise edge)
                          0.00    0.00   clock source latency
                  0.18    0.12    0.12 ^ clk (in)
     1    0.05                           clk (net)
                  0.18    0.00    0.12 ^ clkbuf_0_clk/A (sky130_fd_sc_hd__clkbuf_16)
                  0.04    0.11    0.24 ^ clkbuf_0_clk/X (sky130_fd_sc_hd__clkbuf_16)
     2    0.02                           clknet_0_clk (net)
                  0.04    0.00    0.24 ^ clkbuf_1_1__f_clk/A (sky130_fd_sc_hd__clkbuf_16)
                  0.06    0.10    0.34 ^ clkbuf_1_1__f_clk/X (sky130_fd_sc_hd__clkbuf_16)
    14    0.06                           clknet_1_1__leaf_clk (net)
                  0.06    0.01    0.34 ^ _418_/CLK (sky130_fd_sc_hd__dfrtp_4)
                  0.11    0.31    0.65 ^ _418_/Q (sky130_fd_sc_hd__dfrtp_4)
     5    0.05                           net10 (net)
                  0.11    0.00    0.65 ^ output10/A (sky130_fd_sc_hd__clkbuf_4)
                  0.08    0.14    0.80 ^ output10/X (sky130_fd_sc_hd__clkbuf_4)
     1    0.03                           B_out[0] (net)
                  0.08    0.00    0.80 ^ B_out[0] (out)
                                  0.80   data arrival time

                          0.00    0.00   clock clk (rise edge)
                          0.00    0.00   clock network delay (propagated)
                          0.25    0.25   clock uncertainty
                          0.00    0.25   clock reconvergence pessimism
                         -4.00   -3.75   output external delay
                                 -3.75   data required time
-----------------------------------------------------------------------------
                                 -3.75   data required time
                                 -0.80   data arrival time
-----------------------------------------------------------------------------
                                  4.55   slack (MET)


Startpoint: _403_ (rising edge-triggered flip-flop clocked by clk)
Endpoint: A_out[1] (output port clocked by clk)
Path Group: clk
Path Type: min
Corner: Fastest

Fanout     Cap    Slew   Delay    Time   Description
-----------------------------------------------------------------------------
                          0.00    0.00   clock clk (rise edge)
                          0.00    0.00   clock source latency
                  0.18    0.12    0.12 ^ clk (in)
     1    0.05                           clk (net)
                  0.18    0.00    0.12 ^ clkbuf_0_clk/A (sky130_fd_sc_hd__clkbuf_16)
                  0.04    0.11    0.24 ^ clkbuf_0_clk/X (sky130_fd_sc_hd__clkbuf_16)
     2    0.02                           clknet_0_clk (net)
                  0.04    0.00    0.24 ^ clkbuf_1_1__f_clk/A (sky130_fd_sc_hd__clkbuf_16)
                  0.06    0.10    0.34 ^ clkbuf_1_1__f_clk/X (sky130_fd_sc_hd__clkbuf_16)
    14    0.06                           clknet_1_1__leaf_clk (net)
                  0.06    0.00    0.34 ^ _403_/CLK (sky130_fd_sc_hd__dfrtp_4)
                  0.11    0.30    0.65 ^ _403_/Q (sky130_fd_sc_hd__dfrtp_4)
     3    0.05                           net3 (net)
                  0.12    0.01    0.65 ^ output3/A (sky130_fd_sc_hd__clkbuf_4)
                  0.08    0.14    0.80 ^ output3/X (sky130_fd_sc_hd__clkbuf_4)
     1    0.03                           A_out[1] (net)
                  0.08    0.00    0.80 ^ A_out[1] (out)
                                  0.80   data arrival time

                          0.00    0.00   clock clk (rise edge)
                          0.00    0.00   clock network delay (propagated)
                          0.25    0.25   clock uncertainty
                          0.00    0.25   clock reconvergence pessimism
                         -4.00   -3.75   output external delay
                                 -3.75   data required time
-----------------------------------------------------------------------------
                                 -3.75   data required time
                                 -0.80   data arrival time
-----------------------------------------------------------------------------
                                  4.55   slack (MET)


Startpoint: _419_ (rising edge-triggered flip-flop clocked by clk)
Endpoint: B_out[1] (output port clocked by clk)
Path Group: clk
Path Type: min
Corner: Fastest

Fanout     Cap    Slew   Delay    Time   Description
-----------------------------------------------------------------------------
                          0.00    0.00   clock clk (rise edge)
                          0.00    0.00   clock source latency
                  0.18    0.12    0.12 ^ clk (in)
     1    0.05                           clk (net)
                  0.18    0.00    0.12 ^ clkbuf_0_clk/A (sky130_fd_sc_hd__clkbuf_16)
                  0.04    0.11    0.24 ^ clkbuf_0_clk/X (sky130_fd_sc_hd__clkbuf_16)
     2    0.02                           clknet_0_clk (net)
                  0.04    0.00    0.24 ^ clkbuf_1_1__f_clk/A (sky130_fd_sc_hd__clkbuf_16)
                  0.06    0.10    0.34 ^ clkbuf_1_1__f_clk/X (sky130_fd_sc_hd__clkbuf_16)
    14    0.06                           clknet_1_1__leaf_clk (net)
                  0.06    0.01    0.34 ^ _419_/CLK (sky130_fd_sc_hd__dfrtp_4)
                  0.12    0.31    0.65 ^ _419_/Q (sky130_fd_sc_hd__dfrtp_4)
     4    0.05                           net11 (net)
                  0.12    0.01    0.66 ^ output11/A (sky130_fd_sc_hd__clkbuf_4)
                  0.08    0.14    0.80 ^ output11/X (sky130_fd_sc_hd__clkbuf_4)
     1    0.03                           B_out[1] (net)
                  0.08    0.00    0.80 ^ B_out[1] (out)
                                  0.80   data arrival time

                          0.00    0.00   clock clk (rise edge)
                          0.00    0.00   clock network delay (propagated)
                          0.25    0.25   clock uncertainty
                          0.00    0.25   clock reconvergence pessimism
                         -4.00   -3.75   output external delay
                                 -3.75   data required time
-----------------------------------------------------------------------------
                                 -3.75   data required time
                                 -0.80   data arrival time
-----------------------------------------------------------------------------
                                  4.55   slack (MET)


Startpoint: _422_ (rising edge-triggered flip-flop clocked by clk)
Endpoint: B_out[4] (output port clocked by clk)
Path Group: clk
Path Type: min
Corner: Fastest

Fanout     Cap    Slew   Delay    Time   Description
-----------------------------------------------------------------------------
                          0.00    0.00   clock clk (rise edge)
                          0.00    0.00   clock source latency
                  0.18    0.12    0.12 ^ clk (in)
     1    0.05                           clk (net)
                  0.18    0.00    0.12 ^ clkbuf_0_clk/A (sky130_fd_sc_hd__clkbuf_16)
                  0.04    0.11    0.24 ^ clkbuf_0_clk/X (sky130_fd_sc_hd__clkbuf_16)
     2    0.02                           clknet_0_clk (net)
                  0.04    0.00    0.24 ^ clkbuf_1_0__f_clk/A (sky130_fd_sc_hd__clkbuf_16)
                  0.06    0.10    0.34 ^ clkbuf_1_0__f_clk/X (sky130_fd_sc_hd__clkbuf_16)
    14    0.06                           clknet_1_0__leaf_clk (net)
                  0.06    0.01    0.35 ^ _422_/CLK (sky130_fd_sc_hd__dfrtp_4)
                  0.12    0.31    0.65 ^ _422_/Q (sky130_fd_sc_hd__dfrtp_4)
     5    0.05                           net14 (net)
                  0.12    0.01    0.66 ^ output14/A (sky130_fd_sc_hd__clkbuf_4)
                  0.08    0.14    0.81 ^ output14/X (sky130_fd_sc_hd__clkbuf_4)
     1    0.03                           B_out[4] (net)
                  0.08    0.00    0.81 ^ B_out[4] (out)
                                  0.81   data arrival time

                          0.00    0.00   clock clk (rise edge)
                          0.00    0.00   clock network delay (propagated)
                          0.25    0.25   clock uncertainty
                          0.00    0.25   clock reconvergence pessimism
                         -4.00   -3.75   output external delay
                                 -3.75   data required time
-----------------------------------------------------------------------------
                                 -3.75   data required time
                                 -0.81   data arrival time
-----------------------------------------------------------------------------
                                  4.56   slack (MET)


Startpoint: _424_ (rising edge-triggered flip-flop clocked by clk)
Endpoint: B_out[6] (output port clocked by clk)
Path Group: clk
Path Type: min
Corner: Fastest

Fanout     Cap    Slew   Delay    Time   Description
-----------------------------------------------------------------------------
                          0.00    0.00   clock clk (rise edge)
                          0.00    0.00   clock source latency
                  0.18    0.12    0.12 ^ clk (in)
     1    0.05                           clk (net)
                  0.18    0.00    0.12 ^ clkbuf_0_clk/A (sky130_fd_sc_hd__clkbuf_16)
                  0.04    0.11    0.24 ^ clkbuf_0_clk/X (sky130_fd_sc_hd__clkbuf_16)
     2    0.02                           clknet_0_clk (net)
                  0.04    0.00    0.24 ^ clkbuf_1_0__f_clk/A (sky130_fd_sc_hd__clkbuf_16)
                  0.06    0.10    0.34 ^ clkbuf_1_0__f_clk/X (sky130_fd_sc_hd__clkbuf_16)
    14    0.06                           clknet_1_0__leaf_clk (net)
                  0.06    0.01    0.34 ^ _424_/CLK (sky130_fd_sc_hd__dfrtp_4)
                  0.11    0.31    0.65 ^ _424_/Q (sky130_fd_sc_hd__dfrtp_4)
     6    0.05                           net16 (net)
                  0.11    0.00    0.66 ^ output16/A (sky130_fd_sc_hd__buf_2)
                  0.13    0.15    0.81 ^ output16/X (sky130_fd_sc_hd__buf_2)
     1    0.03                           B_out[6] (net)
                  0.13    0.00    0.81 ^ B_out[6] (out)
                                  0.81   data arrival time

                          0.00    0.00   clock clk (rise edge)
                          0.00    0.00   clock network delay (propagated)
                          0.25    0.25   clock uncertainty
                          0.00    0.25   clock reconvergence pessimism
                         -4.00   -3.75   output external delay
                                 -3.75   data required time
-----------------------------------------------------------------------------
                                 -3.75   data required time
                                 -0.81   data arrival time
-----------------------------------------------------------------------------
                                  4.56   slack (MET)


Startpoint: _407_ (rising edge-triggered flip-flop clocked by clk)
Endpoint: A_out[5] (output port clocked by clk)
Path Group: clk
Path Type: min
Corner: Fastest

Fanout     Cap    Slew   Delay    Time   Description
-----------------------------------------------------------------------------
                          0.00    0.00   clock clk (rise edge)
                          0.00    0.00   clock source latency
                  0.18    0.12    0.12 ^ clk (in)
     1    0.05                           clk (net)
                  0.18    0.00    0.12 ^ clkbuf_0_clk/A (sky130_fd_sc_hd__clkbuf_16)
                  0.04    0.11    0.24 ^ clkbuf_0_clk/X (sky130_fd_sc_hd__clkbuf_16)
     2    0.02                           clknet_0_clk (net)
                  0.04    0.00    0.24 ^ clkbuf_1_0__f_clk/A (sky130_fd_sc_hd__clkbuf_16)
                  0.06    0.10    0.34 ^ clkbuf_1_0__f_clk/X (sky130_fd_sc_hd__clkbuf_16)
    14    0.06                           clknet_1_0__leaf_clk (net)
                  0.06    0.00    0.34 ^ _407_/CLK (sky130_fd_sc_hd__dfrtp_4)
                  0.13    0.31    0.66 ^ _407_/Q (sky130_fd_sc_hd__dfrtp_4)
     3    0.05                           net7 (net)
                  0.13    0.01    0.66 ^ output7/A (sky130_fd_sc_hd__buf_2)
                  0.13    0.15    0.82 ^ output7/X (sky130_fd_sc_hd__buf_2)
     1    0.03                           A_out[5] (net)
                  0.13    0.00    0.82 ^ A_out[5] (out)
                                  0.82   data arrival time

                          0.00    0.00   clock clk (rise edge)
                          0.00    0.00   clock network delay (propagated)
                          0.25    0.25   clock uncertainty
                          0.00    0.25   clock reconvergence pessimism
                         -4.00   -3.75   output external delay
                                 -3.75   data required time
-----------------------------------------------------------------------------
                                 -3.75   data required time
                                 -0.82   data arrival time
-----------------------------------------------------------------------------
                                  4.57   slack (MET)


Startpoint: _404_ (rising edge-triggered flip-flop clocked by clk)
Endpoint: A_out[2] (output port clocked by clk)
Path Group: clk
Path Type: min
Corner: Fastest

Fanout     Cap    Slew   Delay    Time   Description
-----------------------------------------------------------------------------
                          0.00    0.00   clock clk (rise edge)
                          0.00    0.00   clock source latency
                  0.18    0.12    0.12 ^ clk (in)
     1    0.05                           clk (net)
                  0.18    0.00    0.12 ^ clkbuf_0_clk/A (sky130_fd_sc_hd__clkbuf_16)
                  0.04    0.11    0.24 ^ clkbuf_0_clk/X (sky130_fd_sc_hd__clkbuf_16)
     2    0.02                           clknet_0_clk (net)
                  0.04    0.00    0.24 ^ clkbuf_1_1__f_clk/A (sky130_fd_sc_hd__clkbuf_16)
                  0.06    0.10    0.34 ^ clkbuf_1_1__f_clk/X (sky130_fd_sc_hd__clkbuf_16)
    14    0.06                           clknet_1_1__leaf_clk (net)
                  0.06    0.01    0.34 ^ _404_/CLK (sky130_fd_sc_hd__dfrtp_4)
                  0.14    0.32    0.67 ^ _404_/Q (sky130_fd_sc_hd__dfrtp_4)
     4    0.06                           net4 (net)
                  0.14    0.01    0.68 ^ output4/A (sky130_fd_sc_hd__clkbuf_4)
                  0.08    0.15    0.82 ^ output4/X (sky130_fd_sc_hd__clkbuf_4)
     1    0.03                           A_out[2] (net)
                  0.08    0.00    0.82 ^ A_out[2] (out)
                                  0.82   data arrival time

                          0.00    0.00   clock clk (rise edge)
                          0.00    0.00   clock network delay (propagated)
                          0.25    0.25   clock uncertainty
                          0.00    0.25   clock reconvergence pessimism
                         -4.00   -3.75   output external delay
                                 -3.75   data required time
-----------------------------------------------------------------------------
                                 -3.75   data required time
                                 -0.82   data arrival time
-----------------------------------------------------------------------------
                                  4.57   slack (MET)


Startpoint: _420_ (rising edge-triggered flip-flop clocked by clk)
Endpoint: B_out[2] (output port clocked by clk)
Path Group: clk
Path Type: min
Corner: Fastest

Fanout     Cap    Slew   Delay    Time   Description
-----------------------------------------------------------------------------
                          0.00    0.00   clock clk (rise edge)
                          0.00    0.00   clock source latency
                  0.18    0.12    0.12 ^ clk (in)
     1    0.05                           clk (net)
                  0.18    0.00    0.12 ^ clkbuf_0_clk/A (sky130_fd_sc_hd__clkbuf_16)
                  0.04    0.11    0.24 ^ clkbuf_0_clk/X (sky130_fd_sc_hd__clkbuf_16)
     2    0.02                           clknet_0_clk (net)
                  0.04    0.00    0.24 ^ clkbuf_1_1__f_clk/A (sky130_fd_sc_hd__clkbuf_16)
                  0.06    0.10    0.34 ^ clkbuf_1_1__f_clk/X (sky130_fd_sc_hd__clkbuf_16)
    14    0.06                           clknet_1_1__leaf_clk (net)
                  0.06    0.01    0.34 ^ _420_/CLK (sky130_fd_sc_hd__dfrtp_4)
                  0.13    0.32    0.66 ^ _420_/Q (sky130_fd_sc_hd__dfrtp_4)
     4    0.06                           net12 (net)
                  0.13    0.01    0.67 ^ output12/A (sky130_fd_sc_hd__buf_2)
                  0.13    0.15    0.82 ^ output12/X (sky130_fd_sc_hd__buf_2)
     1    0.03                           B_out[2] (net)
                  0.13    0.00    0.83 ^ B_out[2] (out)
                                  0.83   data arrival time

                          0.00    0.00   clock clk (rise edge)
                          0.00    0.00   clock network delay (propagated)
                          0.25    0.25   clock uncertainty
                          0.00    0.25   clock reconvergence pessimism
                         -4.00   -3.75   output external delay
                                 -3.75   data required time
-----------------------------------------------------------------------------
                                 -3.75   data required time
                                 -0.83   data arrival time
-----------------------------------------------------------------------------
                                  4.58   slack (MET)


Startpoint: _413_ (rising edge-triggered flip-flop clocked by clk)
Endpoint: last_opcode_out[6] (output port clocked by clk)
Path Group: clk
Path Type: min
Corner: Fastest

Fanout     Cap    Slew   Delay    Time   Description
-----------------------------------------------------------------------------
                          0.00    0.00   clock clk (rise edge)
                          0.00    0.00   clock source latency
                  0.18    0.12    0.12 ^ clk (in)
     1    0.05                           clk (net)
                  0.18    0.00    0.12 ^ clkbuf_0_clk/A (sky130_fd_sc_hd__clkbuf_16)
                  0.04    0.11    0.24 ^ clkbuf_0_clk/X (sky130_fd_sc_hd__clkbuf_16)
     2    0.02                           clknet_0_clk (net)
                  0.04    0.00    0.24 ^ clkbuf_1_0__f_clk/A (sky130_fd_sc_hd__clkbuf_16)
                  0.06    0.10    0.34 ^ clkbuf_1_0__f_clk/X (sky130_fd_sc_hd__clkbuf_16)
    14    0.06                           clknet_1_0__leaf_clk (net)
                  0.06    0.00    0.34 ^ _413_/CLK (sky130_fd_sc_hd__dfrtp_4)
                  0.16    0.34    0.68 ^ _413_/Q (sky130_fd_sc_hd__dfrtp_4)
     3    0.07                           net27 (net)
                  0.16    0.01    0.69 ^ output27/A (sky130_fd_sc_hd__clkbuf_4)
                  0.09    0.15    0.84 ^ output27/X (sky130_fd_sc_hd__clkbuf_4)
     1    0.04                           last_opcode_out[6] (net)
                  0.09    0.00    0.85 ^ last_opcode_out[6] (out)
                                  0.85   data arrival time

                          0.00    0.00   clock clk (rise edge)
                          0.00    0.00   clock network delay (propagated)
                          0.25    0.25   clock uncertainty
                          0.00    0.25   clock reconvergence pessimism
                         -4.00   -3.75   output external delay
                                 -3.75   data required time
-----------------------------------------------------------------------------
                                 -3.75   data required time
                                 -0.85   data arrival time
-----------------------------------------------------------------------------
                                  4.60   slack (MET)


Startpoint: _410_ (rising edge-triggered flip-flop clocked by clk)
Endpoint: last_opcode_out[1] (output port clocked by clk)
Path Group: clk
Path Type: min
Corner: Fastest

Fanout     Cap    Slew   Delay    Time   Description
-----------------------------------------------------------------------------
                          0.00    0.00   clock clk (rise edge)
                          0.00    0.00   clock source latency
                  0.18    0.12    0.12 ^ clk (in)
     1    0.05                           clk (net)
                  0.18    0.00    0.12 ^ clkbuf_0_clk/A (sky130_fd_sc_hd__clkbuf_16)
                  0.04    0.11    0.24 ^ clkbuf_0_clk/X (sky130_fd_sc_hd__clkbuf_16)
     2    0.02                           clknet_0_clk (net)
                  0.04    0.00    0.24 ^ clkbuf_1_0__f_clk/A (sky130_fd_sc_hd__clkbuf_16)
                  0.06    0.10    0.34 ^ clkbuf_1_0__f_clk/X (sky130_fd_sc_hd__clkbuf_16)
    14    0.06                           clknet_1_0__leaf_clk (net)
                  0.06    0.00    0.34 ^ _410_/CLK (sky130_fd_sc_hd__dfrtp_4)
                  0.12    0.36    0.71 v _410_/Q (sky130_fd_sc_hd__dfrtp_4)
     3    0.09                           net23 (net)
                  0.12    0.02    0.73 v output23/A (sky130_fd_sc_hd__buf_2)
                  0.06    0.15    0.87 v output23/X (sky130_fd_sc_hd__buf_2)
     1    0.03                           last_opcode_out[1] (net)
                  0.06    0.00    0.87 v last_opcode_out[1] (out)
                                  0.87   data arrival time

                          0.00    0.00   clock clk (rise edge)
                          0.00    0.00   clock network delay (propagated)
                          0.25    0.25   clock uncertainty
                          0.00    0.25   clock reconvergence pessimism
                         -4.00   -3.75   output external delay
                                 -3.75   data required time
-----------------------------------------------------------------------------
                                 -3.75   data required time
                                 -0.87   data arrival time
-----------------------------------------------------------------------------
                                  4.62   slack (MET)


Startpoint: _413_ (rising edge-triggered flip-flop clocked by clk)
Endpoint: last_opcode_out[4] (output port clocked by clk)
Path Group: clk
Path Type: min
Corner: Fastest

Fanout     Cap    Slew   Delay    Time   Description
-----------------------------------------------------------------------------
                          0.00    0.00   clock clk (rise edge)
                          0.00    0.00   clock source latency
                  0.18    0.12    0.12 ^ clk (in)
     1    0.05                           clk (net)
                  0.18    0.00    0.12 ^ clkbuf_0_clk/A (sky130_fd_sc_hd__clkbuf_16)
                  0.04    0.11    0.24 ^ clkbuf_0_clk/X (sky130_fd_sc_hd__clkbuf_16)
     2    0.02                           clknet_0_clk (net)
                  0.04    0.00    0.24 ^ clkbuf_1_0__f_clk/A (sky130_fd_sc_hd__clkbuf_16)
                  0.06    0.10    0.34 ^ clkbuf_1_0__f_clk/X (sky130_fd_sc_hd__clkbuf_16)
    14    0.06                           clknet_1_0__leaf_clk (net)
                  0.06    0.00    0.34 ^ _413_/CLK (sky130_fd_sc_hd__dfrtp_4)
                  0.16    0.34    0.68 ^ _413_/Q (sky130_fd_sc_hd__dfrtp_4)
     3    0.07                           net27 (net)
                  0.16    0.00    0.68 ^ _428_/A (sky130_fd_sc_hd__clkbuf_1)
                  0.05    0.07    0.75 ^ _428_/X (sky130_fd_sc_hd__clkbuf_1)
     1    0.00                           net26 (net)
                  0.05    0.00    0.75 ^ output26/A (sky130_fd_sc_hd__clkbuf_4)
                  0.08    0.12    0.87 ^ output26/X (sky130_fd_sc_hd__clkbuf_4)
     1    0.03                           last_opcode_out[4] (net)
                  0.08    0.00    0.87 ^ last_opcode_out[4] (out)
                                  0.87   data arrival time

                          0.00    0.00   clock clk (rise edge)
                          0.00    0.00   clock network delay (propagated)
                          0.25    0.25   clock uncertainty
                          0.00    0.25   clock reconvergence pessimism
                         -4.00   -3.75   output external delay
                                 -3.75   data required time
-----------------------------------------------------------------------------
                                 -3.75   data required time
                                 -0.87   data arrival time
-----------------------------------------------------------------------------
                                  4.62   slack (MET)


Startpoint: _410_ (rising edge-triggered flip-flop clocked by clk)
Endpoint: last_opcode_out[0] (output port clocked by clk)
Path Group: clk
Path Type: min
Corner: Fastest

Fanout     Cap    Slew   Delay    Time   Description
-----------------------------------------------------------------------------
                          0.00    0.00   clock clk (rise edge)
                          0.00    0.00   clock source latency
                  0.18    0.12    0.12 ^ clk (in)
     1    0.05                           clk (net)
                  0.18    0.00    0.12 ^ clkbuf_0_clk/A (sky130_fd_sc_hd__clkbuf_16)
                  0.04    0.11    0.24 ^ clkbuf_0_clk/X (sky130_fd_sc_hd__clkbuf_16)
     2    0.02                           clknet_0_clk (net)
                  0.04    0.00    0.24 ^ clkbuf_1_0__f_clk/A (sky130_fd_sc_hd__clkbuf_16)
                  0.06    0.10    0.34 ^ clkbuf_1_0__f_clk/X (sky130_fd_sc_hd__clkbuf_16)
    14    0.06                           clknet_1_0__leaf_clk (net)
                  0.06    0.00    0.34 ^ _410_/CLK (sky130_fd_sc_hd__dfrtp_4)
                  0.19    0.36    0.70 ^ _410_/Q (sky130_fd_sc_hd__dfrtp_4)
     3    0.09                           net23 (net)
                  0.19    0.01    0.71 ^ _427_/A (sky130_fd_sc_hd__clkbuf_1)
                  0.04    0.06    0.77 ^ _427_/X (sky130_fd_sc_hd__clkbuf_1)
     1    0.00                           net22 (net)
                  0.04    0.00    0.77 ^ output22/A (sky130_fd_sc_hd__clkbuf_4)
                  0.08    0.12    0.89 ^ output22/X (sky130_fd_sc_hd__clkbuf_4)
     1    0.03                           last_opcode_out[0] (net)
                  0.08    0.00    0.89 ^ last_opcode_out[0] (out)
                                  0.89   data arrival time

                          0.00    0.00   clock clk (rise edge)
                          0.00    0.00   clock network delay (propagated)
                          0.25    0.25   clock uncertainty
                          0.00    0.25   clock reconvergence pessimism
                         -4.00   -3.75   output external delay
                                 -3.75   data required time
-----------------------------------------------------------------------------
                                 -3.75   data required time
                                 -0.89   data arrival time
-----------------------------------------------------------------------------
                                  4.64   slack (MET)



======================= Slowest Corner ===================================

Startpoint: _408_ (rising edge-triggered flip-flop clocked by clk)
Endpoint: _408_ (rising edge-triggered flip-flop clocked by clk)
Path Group: clk
Path Type: min
Corner: Slowest

Fanout     Cap    Slew   Delay    Time   Description
-----------------------------------------------------------------------------
                          0.00    0.00   clock clk (rise edge)
                          0.00    0.00   clock source latency
                  0.37    0.25    0.25 ^ clk (in)
     1    0.05                           clk (net)
                  0.37    0.00    0.25 ^ clkbuf_0_clk/A (sky130_fd_sc_hd__clkbuf_16)
                  0.08    0.34    0.60 ^ clkbuf_0_clk/X (sky130_fd_sc_hd__clkbuf_16)
     2    0.02                           clknet_0_clk (net)
                  0.08    0.00    0.60 ^ clkbuf_1_0__f_clk/A (sky130_fd_sc_hd__clkbuf_16)
                  0.11    0.25    0.85 ^ clkbuf_1_0__f_clk/X (sky130_fd_sc_hd__clkbuf_16)
    14    0.05                           clknet_1_0__leaf_clk (net)
                  0.11    0.00    0.86 ^ _408_/CLK (sky130_fd_sc_hd__dfrtp_4)
                  0.20    0.89    1.75 ^ _408_/Q (sky130_fd_sc_hd__dfrtp_4)
     3    0.03                           net8 (net)
                  0.20    0.00    1.75 ^ _344_/A1 (sky130_fd_sc_hd__o21a_1)
                  0.06    0.26    2.01 ^ _344_/X (sky130_fd_sc_hd__o21a_1)
     1    0.00                           _034_ (net)
                  0.06    0.00    2.01 ^ _408_/D (sky130_fd_sc_hd__dfrtp_4)
                                  2.01   data arrival time

                          0.00    0.00   clock clk (rise edge)
                          0.00    0.00   clock source latency
                  0.37    0.28    0.28 ^ clk (in)
     1    0.05                           clk (net)
                  0.37    0.00    0.28 ^ clkbuf_0_clk/A (sky130_fd_sc_hd__clkbuf_16)
                  0.08    0.38    0.66 ^ clkbuf_0_clk/X (sky130_fd_sc_hd__clkbuf_16)
     2    0.02                           clknet_0_clk (net)
                  0.08    0.00    0.66 ^ clkbuf_1_0__f_clk/A (sky130_fd_sc_hd__clkbuf_16)
                  0.11    0.28    0.94 ^ clkbuf_1_0__f_clk/X (sky130_fd_sc_hd__clkbuf_16)
    14    0.05                           clknet_1_0__leaf_clk (net)
                  0.11    0.01    0.95 ^ _408_/CLK (sky130_fd_sc_hd__dfrtp_4)
                          0.25    1.20   clock uncertainty
                         -0.09    1.11   clock reconvergence pessimism
                         -0.07    1.04   library hold time
                                  1.04   data required time
-----------------------------------------------------------------------------
                                  1.04   data required time
                                 -2.01   data arrival time
-----------------------------------------------------------------------------
                                  0.97   slack (MET)


Startpoint: _418_ (rising edge-triggered flip-flop clocked by clk)
Endpoint: _418_ (rising edge-triggered flip-flop clocked by clk)
Path Group: clk
Path Type: min
Corner: Slowest

Fanout     Cap    Slew   Delay    Time   Description
-----------------------------------------------------------------------------
                          0.00    0.00   clock clk (rise edge)
                          0.00    0.00   clock source latency
                  0.37    0.25    0.25 ^ clk (in)
     1    0.05                           clk (net)
                  0.37    0.00    0.25 ^ clkbuf_0_clk/A (sky130_fd_sc_hd__clkbuf_16)
                  0.08    0.34    0.60 ^ clkbuf_0_clk/X (sky130_fd_sc_hd__clkbuf_16)
     2    0.02                           clknet_0_clk (net)
                  0.08    0.00    0.60 ^ clkbuf_1_1__f_clk/A (sky130_fd_sc_hd__clkbuf_16)
                  0.11    0.25    0.85 ^ clkbuf_1_1__f_clk/X (sky130_fd_sc_hd__clkbuf_16)
    14    0.05                           clknet_1_1__leaf_clk (net)
                  0.11    0.01    0.85 ^ _418_/CLK (sky130_fd_sc_hd__dfrtp_4)
                  0.26    0.94    1.80 ^ _418_/Q (sky130_fd_sc_hd__dfrtp_4)
     5    0.05                           net10 (net)
                  0.26    0.00    1.80 ^ _301_/A1 (sky130_fd_sc_hd__a21oi_1)
                  0.10    0.19    1.99 v _301_/Y (sky130_fd_sc_hd__a21oi_1)
     1    0.00                           _044_ (net)
                  0.10    0.00    1.99 v _418_/D (sky130_fd_sc_hd__dfrtp_4)
                                  1.99   data arrival time

                          0.00    0.00   clock clk (rise edge)
                          0.00    0.00   clock source latency
                  0.37    0.28    0.28 ^ clk (in)
     1    0.05                           clk (net)
                  0.37    0.00    0.28 ^ clkbuf_0_clk/A (sky130_fd_sc_hd__clkbuf_16)
                  0.08    0.38    0.66 ^ clkbuf_0_clk/X (sky130_fd_sc_hd__clkbuf_16)
     2    0.02                           clknet_0_clk (net)
                  0.08    0.00    0.66 ^ clkbuf_1_1__f_clk/A (sky130_fd_sc_hd__clkbuf_16)
                  0.11    0.28    0.94 ^ clkbuf_1_1__f_clk/X (sky130_fd_sc_hd__clkbuf_16)
    14    0.05                           clknet_1_1__leaf_clk (net)
                  0.11    0.01    0.94 ^ _418_/CLK (sky130_fd_sc_hd__dfrtp_4)
                          0.25    1.19   clock uncertainty
                         -0.09    1.10   clock reconvergence pessimism
                         -0.09    1.01   library hold time
                                  1.01   data required time
-----------------------------------------------------------------------------
                                  1.01   data required time
                                 -1.99   data arrival time
-----------------------------------------------------------------------------
                                  0.98   slack (MET)


Startpoint: _417_ (rising edge-triggered flip-flop clocked by clk)
Endpoint: _417_ (rising edge-triggered flip-flop clocked by clk)
Path Group: clk
Path Type: min
Corner: Slowest

Fanout     Cap    Slew   Delay    Time   Description
-----------------------------------------------------------------------------
                          0.00    0.00   clock clk (rise edge)
                          0.00    0.00   clock source latency
                  0.37    0.25    0.25 ^ clk (in)
     1    0.05                           clk (net)
                  0.37    0.00    0.25 ^ clkbuf_0_clk/A (sky130_fd_sc_hd__clkbuf_16)
                  0.08    0.34    0.60 ^ clkbuf_0_clk/X (sky130_fd_sc_hd__clkbuf_16)
     2    0.02                           clknet_0_clk (net)
                  0.08    0.00    0.60 ^ clkbuf_1_0__f_clk/A (sky130_fd_sc_hd__clkbuf_16)
                  0.11    0.25    0.85 ^ clkbuf_1_0__f_clk/X (sky130_fd_sc_hd__clkbuf_16)
    14    0.05                           clknet_1_0__leaf_clk (net)
                  0.11    0.00    0.85 ^ _417_/CLK (sky130_fd_sc_hd__dfrtp_4)
                  0.22    0.91    1.76 ^ _417_/Q (sky130_fd_sc_hd__dfrtp_4)
     3    0.04                           net21 (net)
                  0.22    0.00    1.76 ^ _313_/A (sky130_fd_sc_hd__nand2_1)
                  0.08    0.14    1.91 v _313_/Y (sky130_fd_sc_hd__nand2_1)
     1    0.00                           _146_ (net)
                  0.08    0.00    1.91 v _314_/B1 (sky130_fd_sc_hd__o41ai_1)
                  0.09    0.10    2.01 ^ _314_/Y (sky130_fd_sc_hd__o41ai_1)
     1    0.00                           _043_ (net)
                  0.09    0.00    2.01 ^ _417_/D (sky130_fd_sc_hd__dfrtp_4)
                                  2.01   data arrival time

                          0.00    0.00   clock clk (rise edge)
                          0.00    0.00   clock source latency
                  0.37    0.28    0.28 ^ clk (in)
     1    0.05                           clk (net)
                  0.37    0.00    0.28 ^ clkbuf_0_clk/A (sky130_fd_sc_hd__clkbuf_16)
                  0.08    0.38    0.66 ^ clkbuf_0_clk/X (sky130_fd_sc_hd__clkbuf_16)
     2    0.02                           clknet_0_clk (net)
                  0.08    0.00    0.66 ^ clkbuf_1_0__f_clk/A (sky130_fd_sc_hd__clkbuf_16)
                  0.11    0.28    0.94 ^ clkbuf_1_0__f_clk/X (sky130_fd_sc_hd__clkbuf_16)
    14    0.05                           clknet_1_0__leaf_clk (net)
                  0.11    0.00    0.94 ^ _417_/CLK (sky130_fd_sc_hd__dfrtp_4)
                          0.25    1.19   clock uncertainty
                         -0.09    1.10   clock reconvergence pessimism
                         -0.08    1.03   library hold time
                                  1.03   data required time
-----------------------------------------------------------------------------
                                  1.03   data required time
                                 -2.01   data arrival time
-----------------------------------------------------------------------------
                                  0.98   slack (MET)


Startpoint: _415_ (rising edge-triggered flip-flop clocked by clk)
Endpoint: _415_ (rising edge-triggered flip-flop clocked by clk)
Path Group: clk
Path Type: min
Corner: Slowest

Fanout     Cap    Slew   Delay    Time   Description
-----------------------------------------------------------------------------
                          0.00    0.00   clock clk (rise edge)
                          0.00    0.00   clock source latency
                  0.37    0.25    0.25 ^ clk (in)
     1    0.05                           clk (net)
                  0.37    0.00    0.25 ^ clkbuf_0_clk/A (sky130_fd_sc_hd__clkbuf_16)
                  0.08    0.34    0.60 ^ clkbuf_0_clk/X (sky130_fd_sc_hd__clkbuf_16)
     2    0.02                           clknet_0_clk (net)
                  0.08    0.00    0.60 ^ clkbuf_1_0__f_clk/A (sky130_fd_sc_hd__clkbuf_16)
                  0.11    0.25    0.85 ^ clkbuf_1_0__f_clk/X (sky130_fd_sc_hd__clkbuf_16)
    14    0.05                           clknet_1_0__leaf_clk (net)
                  0.11    0.00    0.85 ^ _415_/CLK (sky130_fd_sc_hd__dfrtp_4)
                  0.21    0.90    1.75 ^ _415_/Q (sky130_fd_sc_hd__dfrtp_4)
     2    0.03                           net19 (net)
                  0.21    0.00    1.75 ^ _327_/B2 (sky130_fd_sc_hd__a2bb2o_1)
                  0.07    0.26    2.02 ^ _327_/X (sky130_fd_sc_hd__a2bb2o_1)
     1    0.00                           _041_ (net)
                  0.07    0.00    2.02 ^ _415_/D (sky130_fd_sc_hd__dfrtp_4)
                                  2.02   data arrival time

                          0.00    0.00   clock clk (rise edge)
                          0.00    0.00   clock source latency
                  0.37    0.28    0.28 ^ clk (in)
     1    0.05                           clk (net)
                  0.37    0.00    0.28 ^ clkbuf_0_clk/A (sky130_fd_sc_hd__clkbuf_16)
                  0.08    0.38    0.66 ^ clkbuf_0_clk/X (sky130_fd_sc_hd__clkbuf_16)
     2    0.02                           clknet_0_clk (net)
                  0.08    0.00    0.66 ^ clkbuf_1_0__f_clk/A (sky130_fd_sc_hd__clkbuf_16)
                  0.11    0.28    0.94 ^ clkbuf_1_0__f_clk/X (sky130_fd_sc_hd__clkbuf_16)
    14    0.05                           clknet_1_0__leaf_clk (net)
                  0.11    0.00    0.94 ^ _415_/CLK (sky130_fd_sc_hd__dfrtp_4)
                          0.25    1.19   clock uncertainty
                         -0.09    1.10   clock reconvergence pessimism
                         -0.07    1.03   library hold time
                                  1.03   data required time
-----------------------------------------------------------------------------
                                  1.03   data required time
                                 -2.02   data arrival time
-----------------------------------------------------------------------------
                                  0.98   slack (MET)


Startpoint: _399_ (rising edge-triggered flip-flop clocked by clk)
Endpoint: _398_ (rising edge-triggered flip-flop clocked by clk)
Path Group: clk
Path Type: min
Corner: Slowest

Fanout     Cap    Slew   Delay    Time   Description
-----------------------------------------------------------------------------
                          0.00    0.00   clock clk (rise edge)
                          0.00    0.00   clock source latency
                  0.37    0.25    0.25 ^ clk (in)
     1    0.05                           clk (net)
                  0.37    0.00    0.25 ^ clkbuf_0_clk/A (sky130_fd_sc_hd__clkbuf_16)
                  0.08    0.34    0.60 ^ clkbuf_0_clk/X (sky130_fd_sc_hd__clkbuf_16)
     2    0.02                           clknet_0_clk (net)
                  0.08    0.00    0.60 ^ clkbuf_1_1__f_clk/A (sky130_fd_sc_hd__clkbuf_16)
                  0.11    0.25    0.85 ^ clkbuf_1_1__f_clk/X (sky130_fd_sc_hd__clkbuf_16)
    14    0.05                           clknet_1_1__leaf_clk (net)
                  0.11    0.00    0.85 ^ _399_/CLK (sky130_fd_sc_hd__dfrtp_4)
                  0.24    0.92    1.78 ^ _399_/Q (sky130_fd_sc_hd__dfrtp_4)
     9    0.04                           U_PC.pc[1] (net)
                  0.24    0.00    1.78 ^ _357_/A1 (sky130_fd_sc_hd__a21bo_1)
                  0.06    0.25    2.03 ^ _357_/X (sky130_fd_sc_hd__a21bo_1)
     1    0.00                           U_PC.next_pc[0] (net)
                  0.06    0.00    2.03 ^ _398_/D (sky130_fd_sc_hd__dfrtp_4)
                                  2.03   data arrival time

                          0.00    0.00   clock clk (rise edge)
                          0.00    0.00   clock source latency
                  0.37    0.28    0.28 ^ clk (in)
     1    0.05                           clk (net)
                  0.37    0.00    0.28 ^ clkbuf_0_clk/A (sky130_fd_sc_hd__clkbuf_16)
                  0.08    0.38    0.66 ^ clkbuf_0_clk/X (sky130_fd_sc_hd__clkbuf_16)
     2    0.02                           clknet_0_clk (net)
                  0.08    0.00    0.66 ^ clkbuf_1_1__f_clk/A (sky130_fd_sc_hd__clkbuf_16)
                  0.11    0.28    0.94 ^ clkbuf_1_1__f_clk/X (sky130_fd_sc_hd__clkbuf_16)
    14    0.05                           clknet_1_1__leaf_clk (net)
                  0.11    0.01    0.94 ^ _398_/CLK (sky130_fd_sc_hd__dfrtp_4)
                          0.25    1.19   clock uncertainty
                         -0.09    1.10   clock reconvergence pessimism
                         -0.07    1.03   library hold time
                                  1.03   data required time
-----------------------------------------------------------------------------
                                  1.03   data required time
                                 -2.03   data arrival time
-----------------------------------------------------------------------------
                                  0.99   slack (MET)


Startpoint: _424_ (rising edge-triggered flip-flop clocked by clk)
Endpoint: _424_ (rising edge-triggered flip-flop clocked by clk)
Path Group: clk
Path Type: min
Corner: Slowest

Fanout     Cap    Slew   Delay    Time   Description
-----------------------------------------------------------------------------
                          0.00    0.00   clock clk (rise edge)
                          0.00    0.00   clock source latency
                  0.37    0.25    0.25 ^ clk (in)
     1    0.05                           clk (net)
                  0.37    0.00    0.25 ^ clkbuf_0_clk/A (sky130_fd_sc_hd__clkbuf_16)
                  0.08    0.34    0.60 ^ clkbuf_0_clk/X (sky130_fd_sc_hd__clkbuf_16)
     2    0.02                           clknet_0_clk (net)
                  0.08    0.00    0.60 ^ clkbuf_1_0__f_clk/A (sky130_fd_sc_hd__clkbuf_16)
                  0.11    0.25    0.85 ^ clkbuf_1_0__f_clk/X (sky130_fd_sc_hd__clkbuf_16)
    14    0.05                           clknet_1_0__leaf_clk (net)
                  0.11    0.01    0.86 ^ _424_/CLK (sky130_fd_sc_hd__dfrtp_4)
                  0.26    0.94    1.80 ^ _424_/Q (sky130_fd_sc_hd__dfrtp_4)
     6    0.05                           net16 (net)
                  0.26    0.00    1.80 ^ _272_/A1 (sky130_fd_sc_hd__a21o_1)
                  0.06    0.26    2.06 ^ _272_/X (sky130_fd_sc_hd__a21o_1)
     1    0.00                           _050_ (net)
                  0.06    0.00    2.06 ^ _424_/D (sky130_fd_sc_hd__dfrtp_4)
                                  2.06   data arrival time

                          0.00    0.00   clock clk (rise edge)
                          0.00    0.00   clock source latency
                  0.37    0.28    0.28 ^ clk (in)
     1    0.05                           clk (net)
                  0.37    0.00    0.28 ^ clkbuf_0_clk/A (sky130_fd_sc_hd__clkbuf_16)
                  0.08    0.38    0.66 ^ clkbuf_0_clk/X (sky130_fd_sc_hd__clkbuf_16)
     2    0.02                           clknet_0_clk (net)
                  0.08    0.00    0.66 ^ clkbuf_1_0__f_clk/A (sky130_fd_sc_hd__clkbuf_16)
                  0.11    0.28    0.94 ^ clkbuf_1_0__f_clk/X (sky130_fd_sc_hd__clkbuf_16)
    14    0.05                           clknet_1_0__leaf_clk (net)
                  0.11    0.01    0.95 ^ _424_/CLK (sky130_fd_sc_hd__dfrtp_4)
                          0.25    1.20   clock uncertainty
                         -0.09    1.11   clock reconvergence pessimism
                         -0.07    1.04   library hold time
                                  1.04   data required time
-----------------------------------------------------------------------------
                                  1.04   data required time
                                 -2.06   data arrival time
-----------------------------------------------------------------------------
                                  1.03   slack (MET)


Startpoint: _414_ (rising edge-triggered flip-flop clocked by clk)
Endpoint: _414_ (rising edge-triggered flip-flop clocked by clk)
Path Group: clk
Path Type: min
Corner: Slowest

Fanout     Cap    Slew   Delay    Time   Description
-----------------------------------------------------------------------------
                          0.00    0.00   clock clk (rise edge)
                          0.00    0.00   clock source latency
                  0.37    0.25    0.25 ^ clk (in)
     1    0.05                           clk (net)
                  0.37    0.00    0.25 ^ clkbuf_0_clk/A (sky130_fd_sc_hd__clkbuf_16)
                  0.08    0.34    0.60 ^ clkbuf_0_clk/X (sky130_fd_sc_hd__clkbuf_16)
     2    0.02                           clknet_0_clk (net)
                  0.08    0.00    0.60 ^ clkbuf_1_0__f_clk/A (sky130_fd_sc_hd__clkbuf_16)
                  0.11    0.25    0.85 ^ clkbuf_1_0__f_clk/X (sky130_fd_sc_hd__clkbuf_16)
    14    0.05                           clknet_1_0__leaf_clk (net)
                  0.11    0.00    0.85 ^ _414_/CLK (sky130_fd_sc_hd__dfrtp_4)
                  0.26    0.94    1.79 ^ _414_/Q (sky130_fd_sc_hd__dfrtp_4)
     2    0.05                           net18 (net)
                  0.26    0.00    1.79 ^ _333_/B2 (sky130_fd_sc_hd__a2bb2o_1)
                  0.08    0.29    2.09 ^ _333_/X (sky130_fd_sc_hd__a2bb2o_1)
     1    0.00                           _040_ (net)
                  0.08    0.00    2.09 ^ _414_/D (sky130_fd_sc_hd__dfrtp_4)
                                  2.09   data arrival time

                          0.00    0.00   clock clk (rise edge)
                          0.00    0.00   clock source latency
                  0.37    0.28    0.28 ^ clk (in)
     1    0.05                           clk (net)
                  0.37    0.00    0.28 ^ clkbuf_0_clk/A (sky130_fd_sc_hd__clkbuf_16)
                  0.08    0.38    0.66 ^ clkbuf_0_clk/X (sky130_fd_sc_hd__clkbuf_16)
     2    0.02                           clknet_0_clk (net)
                  0.08    0.00    0.66 ^ clkbuf_1_0__f_clk/A (sky130_fd_sc_hd__clkbuf_16)
                  0.11    0.28    0.94 ^ clkbuf_1_0__f_clk/X (sky130_fd_sc_hd__clkbuf_16)
    14    0.05                           clknet_1_0__leaf_clk (net)
                  0.11    0.00    0.94 ^ _414_/CLK (sky130_fd_sc_hd__dfrtp_4)
                          0.25    1.19   clock uncertainty
                         -0.09    1.10   clock reconvergence pessimism
                         -0.07    1.03   library hold time
                                  1.03   data required time
-----------------------------------------------------------------------------
                                  1.03   data required time
                                 -2.09   data arrival time
-----------------------------------------------------------------------------
                                  1.05   slack (MET)


Startpoint: _400_ (rising edge-triggered flip-flop clocked by clk)
Endpoint: _401_ (rising edge-triggered flip-flop clocked by clk)
Path Group: clk
Path Type: min
Corner: Slowest

Fanout     Cap    Slew   Delay    Time   Description
-----------------------------------------------------------------------------
                          0.00    0.00   clock clk (rise edge)
                          0.00    0.00   clock source latency
                  0.37    0.25    0.25 ^ clk (in)
     1    0.05                           clk (net)
                  0.37    0.00    0.25 ^ clkbuf_0_clk/A (sky130_fd_sc_hd__clkbuf_16)
                  0.08    0.34    0.60 ^ clkbuf_0_clk/X (sky130_fd_sc_hd__clkbuf_16)
     2    0.02                           clknet_0_clk (net)
                  0.08    0.00    0.60 ^ clkbuf_1_1__f_clk/A (sky130_fd_sc_hd__clkbuf_16)
                  0.11    0.25    0.85 ^ clkbuf_1_1__f_clk/X (sky130_fd_sc_hd__clkbuf_16)
    14    0.05                           clknet_1_1__leaf_clk (net)
                  0.11    0.00    0.85 ^ _400_/CLK (sky130_fd_sc_hd__dfrtp_4)
                  0.19    0.88    1.73 ^ _400_/Q (sky130_fd_sc_hd__dfrtp_4)
     7    0.03                           U_PC.pc[2] (net)
                  0.19    0.00    1.74 ^ _365_/A (sky130_fd_sc_hd__inv_2)
                  0.04    0.09    1.82 v _365_/Y (sky130_fd_sc_hd__inv_2)
     1    0.00                           _179_ (net)
                  0.04    0.00    1.82 v _366_/A1 (sky130_fd_sc_hd__o21a_1)
                  0.05    0.30    2.12 v _366_/X (sky130_fd_sc_hd__o21a_1)
     1    0.00                           U_PC.next_pc[3] (net)
                  0.05    0.00    2.12 v _401_/D (sky130_fd_sc_hd__dfrtp_4)
                                  2.12   data arrival time

                          0.00    0.00   clock clk (rise edge)
                          0.00    0.00   clock source latency
                  0.37    0.28    0.28 ^ clk (in)
     1    0.05                           clk (net)
                  0.37    0.00    0.28 ^ clkbuf_0_clk/A (sky130_fd_sc_hd__clkbuf_16)
                  0.08    0.38    0.66 ^ clkbuf_0_clk/X (sky130_fd_sc_hd__clkbuf_16)
     2    0.02                           clknet_0_clk (net)
                  0.08    0.00    0.66 ^ clkbuf_1_1__f_clk/A (sky130_fd_sc_hd__clkbuf_16)
                  0.11    0.28    0.94 ^ clkbuf_1_1__f_clk/X (sky130_fd_sc_hd__clkbuf_16)
    14    0.05                           clknet_1_1__leaf_clk (net)
                  0.11    0.00    0.94 ^ _401_/CLK (sky130_fd_sc_hd__dfrtp_4)
                          0.25    1.19   clock uncertainty
                         -0.09    1.10   clock reconvergence pessimism
                         -0.07    1.03   library hold time
                                  1.03   data required time
-----------------------------------------------------------------------------
                                  1.03   data required time
                                 -2.12   data arrival time
-----------------------------------------------------------------------------
                                  1.09   slack (MET)


Startpoint: _402_ (rising edge-triggered flip-flop clocked by clk)
Endpoint: _402_ (rising edge-triggered flip-flop clocked by clk)
Path Group: clk
Path Type: min
Corner: Slowest

Fanout     Cap    Slew   Delay    Time   Description
-----------------------------------------------------------------------------
                          0.00    0.00   clock clk (rise edge)
                          0.00    0.00   clock source latency
                  0.37    0.25    0.25 ^ clk (in)
     1    0.05                           clk (net)
                  0.37    0.00    0.25 ^ clkbuf_0_clk/A (sky130_fd_sc_hd__clkbuf_16)
                  0.08    0.34    0.60 ^ clkbuf_0_clk/X (sky130_fd_sc_hd__clkbuf_16)
     2    0.02                           clknet_0_clk (net)
                  0.08    0.00    0.60 ^ clkbuf_1_1__f_clk/A (sky130_fd_sc_hd__clkbuf_16)
                  0.11    0.25    0.85 ^ clkbuf_1_1__f_clk/X (sky130_fd_sc_hd__clkbuf_16)
    14    0.05                           clknet_1_1__leaf_clk (net)
                  0.11    0.01    0.85 ^ _402_/CLK (sky130_fd_sc_hd__dfrtp_4)
                  0.21    0.90    1.75 ^ _402_/Q (sky130_fd_sc_hd__dfrtp_4)
     4    0.03                           net2 (net)
                  0.21    0.00    1.75 ^ _355_/A0 (sky130_fd_sc_hd__mux2_1)
                  0.07    0.27    2.02 ^ _355_/X (sky130_fd_sc_hd__mux2_1)
     1    0.00                           _173_ (net)
                  0.07    0.00    2.02 ^ _356_/A (sky130_fd_sc_hd__clkbuf_1)
                  0.07    0.14    2.16 ^ _356_/X (sky130_fd_sc_hd__clkbuf_1)
     1    0.00                           _028_ (net)
                  0.07    0.00    2.16 ^ _402_/D (sky130_fd_sc_hd__dfrtp_4)
                                  2.16   data arrival time

                          0.00    0.00   clock clk (rise edge)
                          0.00    0.00   clock source latency
                  0.37    0.28    0.28 ^ clk (in)
     1    0.05                           clk (net)
                  0.37    0.00    0.28 ^ clkbuf_0_clk/A (sky130_fd_sc_hd__clkbuf_16)
                  0.08    0.38    0.66 ^ clkbuf_0_clk/X (sky130_fd_sc_hd__clkbuf_16)
     2    0.02                           clknet_0_clk (net)
                  0.08    0.00    0.66 ^ clkbuf_1_1__f_clk/A (sky130_fd_sc_hd__clkbuf_16)
                  0.11    0.28    0.94 ^ clkbuf_1_1__f_clk/X (sky130_fd_sc_hd__clkbuf_16)
    14    0.05                           clknet_1_1__leaf_clk (net)
                  0.11    0.01    0.94 ^ _402_/CLK (sky130_fd_sc_hd__dfrtp_4)
                          0.25    1.19   clock uncertainty
                         -0.09    1.10   clock reconvergence pessimism
                         -0.07    1.03   library hold time
                                  1.03   data required time
-----------------------------------------------------------------------------
                                  1.03   data required time
                                 -2.16   data arrival time
-----------------------------------------------------------------------------
                                  1.13   slack (MET)


Startpoint: _421_ (rising edge-triggered flip-flop clocked by clk)
Endpoint: _421_ (rising edge-triggered flip-flop clocked by clk)
Path Group: clk
Path Type: min
Corner: Slowest

Fanout     Cap    Slew   Delay    Time   Description
-----------------------------------------------------------------------------
                          0.00    0.00   clock clk (rise edge)
                          0.00    0.00   clock source latency
                  0.37    0.25    0.25 ^ clk (in)
     1    0.05                           clk (net)
                  0.37    0.00    0.25 ^ clkbuf_0_clk/A (sky130_fd_sc_hd__clkbuf_16)
                  0.08    0.34    0.60 ^ clkbuf_0_clk/X (sky130_fd_sc_hd__clkbuf_16)
     2    0.02                           clknet_0_clk (net)
                  0.08    0.00    0.60 ^ clkbuf_1_1__f_clk/A (sky130_fd_sc_hd__clkbuf_16)
                  0.11    0.25    0.85 ^ clkbuf_1_1__f_clk/X (sky130_fd_sc_hd__clkbuf_16)
    14    0.05                           clknet_1_1__leaf_clk (net)
                  0.11    0.00    0.85 ^ _421_/CLK (sky130_fd_sc_hd__dfrtp_4)
                  0.22    0.91    1.76 ^ _421_/Q (sky130_fd_sc_hd__dfrtp_4)
     4    0.04                           net13 (net)
                  0.22    0.00    1.76 ^ _285_/A0 (sky130_fd_sc_hd__mux2_1)
                  0.07    0.27    2.03 ^ _285_/X (sky130_fd_sc_hd__mux2_1)
     1    0.00                           _122_ (net)
                  0.07    0.00    2.03 ^ _286_/A (sky130_fd_sc_hd__clkbuf_1)
                  0.08    0.14    2.18 ^ _286_/X (sky130_fd_sc_hd__clkbuf_1)
     1    0.00                           _047_ (net)
                  0.08    0.00    2.18 ^ _421_/D (sky130_fd_sc_hd__dfrtp_4)
                                  2.18   data arrival time

                          0.00    0.00   clock clk (rise edge)
                          0.00    0.00   clock source latency
                  0.37    0.28    0.28 ^ clk (in)
     1    0.05                           clk (net)
                  0.37    0.00    0.28 ^ clkbuf_0_clk/A (sky130_fd_sc_hd__clkbuf_16)
                  0.08    0.38    0.66 ^ clkbuf_0_clk/X (sky130_fd_sc_hd__clkbuf_16)
     2    0.02                           clknet_0_clk (net)
                  0.08    0.00    0.66 ^ clkbuf_1_1__f_clk/A (sky130_fd_sc_hd__clkbuf_16)
                  0.11    0.28    0.94 ^ clkbuf_1_1__f_clk/X (sky130_fd_sc_hd__clkbuf_16)
    14    0.05                           clknet_1_1__leaf_clk (net)
                  0.11    0.01    0.94 ^ _421_/CLK (sky130_fd_sc_hd__dfrtp_4)
                          0.25    1.19   clock uncertainty
                         -0.09    1.10   clock reconvergence pessimism
                         -0.07    1.03   library hold time
                                  1.03   data required time
-----------------------------------------------------------------------------
                                  1.03   data required time
                                 -2.18   data arrival time
-----------------------------------------------------------------------------
                                  1.15   slack (MET)


Startpoint: _405_ (rising edge-triggered flip-flop clocked by clk)
Endpoint: _405_ (rising edge-triggered flip-flop clocked by clk)
Path Group: clk
Path Type: min
Corner: Slowest

Fanout     Cap    Slew   Delay    Time   Description
-----------------------------------------------------------------------------
                          0.00    0.00   clock clk (rise edge)
                          0.00    0.00   clock source latency
                  0.37    0.25    0.25 ^ clk (in)
     1    0.05                           clk (net)
                  0.37    0.00    0.25 ^ clkbuf_0_clk/A (sky130_fd_sc_hd__clkbuf_16)
                  0.08    0.34    0.60 ^ clkbuf_0_clk/X (sky130_fd_sc_hd__clkbuf_16)
     2    0.02                           clknet_0_clk (net)
                  0.08    0.00    0.60 ^ clkbuf_1_1__f_clk/A (sky130_fd_sc_hd__clkbuf_16)
                  0.11    0.25    0.85 ^ clkbuf_1_1__f_clk/X (sky130_fd_sc_hd__clkbuf_16)
    14    0.05                           clknet_1_1__leaf_clk (net)
                  0.11    0.00    0.85 ^ _405_/CLK (sky130_fd_sc_hd__dfrtp_4)
                  0.25    0.93    1.78 ^ _405_/Q (sky130_fd_sc_hd__dfrtp_4)
     3    0.04                           net5 (net)
                  0.25    0.00    1.78 ^ _349_/A0 (sky130_fd_sc_hd__mux2_1)
                  0.07    0.28    2.06 ^ _349_/X (sky130_fd_sc_hd__mux2_1)
     1    0.00                           _170_ (net)
                  0.07    0.00    2.06 ^ _350_/A (sky130_fd_sc_hd__clkbuf_1)
                  0.07    0.14    2.20 ^ _350_/X (sky130_fd_sc_hd__clkbuf_1)
     1    0.00                           _031_ (net)
                  0.07    0.00    2.20 ^ _405_/D (sky130_fd_sc_hd__dfrtp_4)
                                  2.20   data arrival time

                          0.00    0.00   clock clk (rise edge)
                          0.00    0.00   clock source latency
                  0.37    0.28    0.28 ^ clk (in)
     1    0.05                           clk (net)
                  0.37    0.00    0.28 ^ clkbuf_0_clk/A (sky130_fd_sc_hd__clkbuf_16)
                  0.08    0.38    0.66 ^ clkbuf_0_clk/X (sky130_fd_sc_hd__clkbuf_16)
     2    0.02                           clknet_0_clk (net)
                  0.08    0.00    0.66 ^ clkbuf_1_1__f_clk/A (sky130_fd_sc_hd__clkbuf_16)
                  0.11    0.28    0.94 ^ clkbuf_1_1__f_clk/X (sky130_fd_sc_hd__clkbuf_16)
    14    0.05                           clknet_1_1__leaf_clk (net)
                  0.11    0.00    0.94 ^ _405_/CLK (sky130_fd_sc_hd__dfrtp_4)
                          0.25    1.19   clock uncertainty
                         -0.09    1.10   clock reconvergence pessimism
                         -0.07    1.03   library hold time
                                  1.03   data required time
-----------------------------------------------------------------------------
                                  1.03   data required time
                                 -2.20   data arrival time
-----------------------------------------------------------------------------
                                  1.17   slack (MET)


Startpoint: _416_ (rising edge-triggered flip-flop clocked by clk)
Endpoint: _416_ (rising edge-triggered flip-flop clocked by clk)
Path Group: clk
Path Type: min
Corner: Slowest

Fanout     Cap    Slew   Delay    Time   Description
-----------------------------------------------------------------------------
                          0.00    0.00   clock clk (rise edge)
                          0.00    0.00   clock source latency
                  0.37    0.25    0.25 ^ clk (in)
     1    0.05                           clk (net)
                  0.37    0.00    0.25 ^ clkbuf_0_clk/A (sky130_fd_sc_hd__clkbuf_16)
                  0.08    0.34    0.60 ^ clkbuf_0_clk/X (sky130_fd_sc_hd__clkbuf_16)
     2    0.02                           clknet_0_clk (net)
                  0.08    0.00    0.60 ^ clkbuf_1_0__f_clk/A (sky130_fd_sc_hd__clkbuf_16)
                  0.11    0.25    0.85 ^ clkbuf_1_0__f_clk/X (sky130_fd_sc_hd__clkbuf_16)
    14    0.05                           clknet_1_0__leaf_clk (net)
                  0.11    0.00    0.85 ^ _416_/CLK (sky130_fd_sc_hd__dfrtp_4)
                  0.21    0.90    1.75 ^ _416_/Q (sky130_fd_sc_hd__dfrtp_4)
     2    0.03                           net20 (net)
                  0.21    0.00    1.75 ^ _316_/A (sky130_fd_sc_hd__or2_1)
                  0.07    0.22    1.98 ^ _316_/X (sky130_fd_sc_hd__or2_1)
     1    0.00                           _148_ (net)
                  0.07    0.00    1.98 ^ _317_/B1 (sky130_fd_sc_hd__o31a_1)
                  0.08    0.23    2.20 ^ _317_/X (sky130_fd_sc_hd__o31a_1)
     1    0.00                           _042_ (net)
                  0.08    0.00    2.20 ^ _416_/D (sky130_fd_sc_hd__dfrtp_4)
                                  2.20   data arrival time

                          0.00    0.00   clock clk (rise edge)
                          0.00    0.00   clock source latency
                  0.37    0.28    0.28 ^ clk (in)
     1    0.05                           clk (net)
                  0.37    0.00    0.28 ^ clkbuf_0_clk/A (sky130_fd_sc_hd__clkbuf_16)
                  0.08    0.38    0.66 ^ clkbuf_0_clk/X (sky130_fd_sc_hd__clkbuf_16)
     2    0.02                           clknet_0_clk (net)
                  0.08    0.00    0.66 ^ clkbuf_1_0__f_clk/A (sky130_fd_sc_hd__clkbuf_16)
                  0.11    0.28    0.94 ^ clkbuf_1_0__f_clk/X (sky130_fd_sc_hd__clkbuf_16)
    14    0.05                           clknet_1_0__leaf_clk (net)
                  0.11    0.00    0.94 ^ _416_/CLK (sky130_fd_sc_hd__dfrtp_4)
                          0.25    1.19   clock uncertainty
                         -0.09    1.11   clock reconvergence pessimism
                         -0.07    1.03   library hold time
                                  1.03   data required time
-----------------------------------------------------------------------------
                                  1.03   data required time
                                 -2.20   data arrival time
-----------------------------------------------------------------------------
                                  1.17   slack (MET)


Startpoint: _400_ (rising edge-triggered flip-flop clocked by clk)
Endpoint: _400_ (rising edge-triggered flip-flop clocked by clk)
Path Group: clk
Path Type: min
Corner: Slowest

Fanout     Cap    Slew   Delay    Time   Description
-----------------------------------------------------------------------------
                          0.00    0.00   clock clk (rise edge)
                          0.00    0.00   clock source latency
                  0.37    0.25    0.25 ^ clk (in)
     1    0.05                           clk (net)
                  0.37    0.00    0.25 ^ clkbuf_0_clk/A (sky130_fd_sc_hd__clkbuf_16)
                  0.08    0.34    0.60 ^ clkbuf_0_clk/X (sky130_fd_sc_hd__clkbuf_16)
     2    0.02                           clknet_0_clk (net)
                  0.08    0.00    0.60 ^ clkbuf_1_1__f_clk/A (sky130_fd_sc_hd__clkbuf_16)
                  0.11    0.25    0.85 ^ clkbuf_1_1__f_clk/X (sky130_fd_sc_hd__clkbuf_16)
    14    0.05                           clknet_1_1__leaf_clk (net)
                  0.11    0.00    0.85 ^ _400_/CLK (sky130_fd_sc_hd__dfrtp_4)
                  0.19    0.88    1.73 ^ _400_/Q (sky130_fd_sc_hd__dfrtp_4)
     7    0.03                           U_PC.pc[2] (net)
                  0.19    0.00    1.74 ^ _363_/A (sky130_fd_sc_hd__xnor2_1)
                  0.07    0.22    1.96 ^ _363_/Y (sky130_fd_sc_hd__xnor2_1)
     1    0.00                           _178_ (net)
                  0.07    0.00    1.96 ^ _364_/B1 (sky130_fd_sc_hd__o2bb2a_1)
                  0.08    0.26    2.22 ^ _364_/X (sky130_fd_sc_hd__o2bb2a_1)
     1    0.00                           U_PC.next_pc[2] (net)
                  0.08    0.00    2.22 ^ _400_/D (sky130_fd_sc_hd__dfrtp_4)
                                  2.22   data arrival time

                          0.00    0.00   clock clk (rise edge)
                          0.00    0.00   clock source latency
                  0.37    0.28    0.28 ^ clk (in)
     1    0.05                           clk (net)
                  0.37    0.00    0.28 ^ clkbuf_0_clk/A (sky130_fd_sc_hd__clkbuf_16)
                  0.08    0.38    0.66 ^ clkbuf_0_clk/X (sky130_fd_sc_hd__clkbuf_16)
     2    0.02                           clknet_0_clk (net)
                  0.08    0.00    0.66 ^ clkbuf_1_1__f_clk/A (sky130_fd_sc_hd__clkbuf_16)
                  0.11    0.28    0.94 ^ clkbuf_1_1__f_clk/X (sky130_fd_sc_hd__clkbuf_16)
    14    0.05                           clknet_1_1__leaf_clk (net)
                  0.11    0.00    0.94 ^ _400_/CLK (sky130_fd_sc_hd__dfrtp_4)
                          0.25    1.19   clock uncertainty
                         -0.09    1.10   clock reconvergence pessimism
                         -0.08    1.03   library hold time
                                  1.03   data required time
-----------------------------------------------------------------------------
                                  1.03   data required time
                                 -2.22   data arrival time
-----------------------------------------------------------------------------
                                  1.19   slack (MET)


Startpoint: _401_ (rising edge-triggered flip-flop clocked by clk)
Endpoint: _419_ (rising edge-triggered flip-flop clocked by clk)
Path Group: clk
Path Type: min
Corner: Slowest

Fanout     Cap    Slew   Delay    Time   Description
-----------------------------------------------------------------------------
                          0.00    0.00   clock clk (rise edge)
                          0.00    0.00   clock source latency
                  0.37    0.25    0.25 ^ clk (in)
     1    0.05                           clk (net)
                  0.37    0.00    0.25 ^ clkbuf_0_clk/A (sky130_fd_sc_hd__clkbuf_16)
                  0.08    0.34    0.60 ^ clkbuf_0_clk/X (sky130_fd_sc_hd__clkbuf_16)
     2    0.02                           clknet_0_clk (net)
                  0.08    0.00    0.60 ^ clkbuf_1_1__f_clk/A (sky130_fd_sc_hd__clkbuf_16)
                  0.11    0.25    0.85 ^ clkbuf_1_1__f_clk/X (sky130_fd_sc_hd__clkbuf_16)
    14    0.05                           clknet_1_1__leaf_clk (net)
                  0.11    0.00    0.85 ^ _401_/CLK (sky130_fd_sc_hd__dfrtp_4)
                  0.18    0.87    1.73 ^ _401_/Q (sky130_fd_sc_hd__dfrtp_4)
     8    0.03                           U_PC.pc[3] (net)
                  0.18    0.00    1.73 ^ _232_/A (sky130_fd_sc_hd__nor3_2)
                  0.13    0.19    1.91 v _232_/Y (sky130_fd_sc_hd__nor3_2)
     5    0.03                           _073_ (net)
                  0.13    0.00    1.92 v _300_/A1 (sky130_fd_sc_hd__a21o_1)
                  0.07    0.30    2.22 v _300_/X (sky130_fd_sc_hd__a21o_1)
     1    0.00                           _045_ (net)
                  0.07    0.00    2.22 v _419_/D (sky130_fd_sc_hd__dfrtp_4)
                                  2.22   data arrival time

                          0.00    0.00   clock clk (rise edge)
                          0.00    0.00   clock source latency
                  0.37    0.28    0.28 ^ clk (in)
     1    0.05                           clk (net)
                  0.37    0.00    0.28 ^ clkbuf_0_clk/A (sky130_fd_sc_hd__clkbuf_16)
                  0.08    0.38    0.66 ^ clkbuf_0_clk/X (sky130_fd_sc_hd__clkbuf_16)
     2    0.02                           clknet_0_clk (net)
                  0.08    0.00    0.66 ^ clkbuf_1_1__f_clk/A (sky130_fd_sc_hd__clkbuf_16)
                  0.11    0.28    0.94 ^ clkbuf_1_1__f_clk/X (sky130_fd_sc_hd__clkbuf_16)
    14    0.05                           clknet_1_1__leaf_clk (net)
                  0.11    0.01    0.94 ^ _419_/CLK (sky130_fd_sc_hd__dfrtp_4)
                          0.25    1.19   clock uncertainty
                         -0.09    1.10   clock reconvergence pessimism
                         -0.08    1.02   library hold time
                                  1.02   data required time
-----------------------------------------------------------------------------
                                  1.02   data required time
                                 -2.22   data arrival time
-----------------------------------------------------------------------------
                                  1.19   slack (MET)


Startpoint: _409_ (rising edge-triggered flip-flop clocked by clk)
Endpoint: _409_ (rising edge-triggered flip-flop clocked by clk)
Path Group: clk
Path Type: min
Corner: Slowest

Fanout     Cap    Slew   Delay    Time   Description
-----------------------------------------------------------------------------
                          0.00    0.00   clock clk (rise edge)
                          0.00    0.00   clock source latency
                  0.37    0.25    0.25 ^ clk (in)
     1    0.05                           clk (net)
                  0.37    0.00    0.25 ^ clkbuf_0_clk/A (sky130_fd_sc_hd__clkbuf_16)
                  0.08    0.34    0.60 ^ clkbuf_0_clk/X (sky130_fd_sc_hd__clkbuf_16)
     2    0.02                           clknet_0_clk (net)
                  0.08    0.00    0.60 ^ clkbuf_1_0__f_clk/A (sky130_fd_sc_hd__clkbuf_16)
                  0.11    0.25    0.85 ^ clkbuf_1_0__f_clk/X (sky130_fd_sc_hd__clkbuf_16)
    14    0.05                           clknet_1_0__leaf_clk (net)
                  0.11    0.00    0.85 ^ _409_/CLK (sky130_fd_sc_hd__dfrtp_4)
                  0.22    0.91    1.76 ^ _409_/Q (sky130_fd_sc_hd__dfrtp_4)
     3    0.04                           net9 (net)
                  0.22    0.00    1.76 ^ _341_/A (sky130_fd_sc_hd__or2_1)
                  0.08    0.23    1.99 ^ _341_/X (sky130_fd_sc_hd__or2_1)
     1    0.00                           _166_ (net)
                  0.08    0.00    1.99 ^ _342_/B1 (sky130_fd_sc_hd__o41a_1)
                  0.07    0.24    2.23 ^ _342_/X (sky130_fd_sc_hd__o41a_1)
     1    0.00                           _035_ (net)
                  0.07    0.00    2.23 ^ _409_/D (sky130_fd_sc_hd__dfrtp_4)
                                  2.23   data arrival time

                          0.00    0.00   clock clk (rise edge)
                          0.00    0.00   clock source latency
                  0.37    0.28    0.28 ^ clk (in)
     1    0.05                           clk (net)
                  0.37    0.00    0.28 ^ clkbuf_0_clk/A (sky130_fd_sc_hd__clkbuf_16)
                  0.08    0.38    0.66 ^ clkbuf_0_clk/X (sky130_fd_sc_hd__clkbuf_16)
     2    0.02                           clknet_0_clk (net)
                  0.08    0.00    0.66 ^ clkbuf_1_0__f_clk/A (sky130_fd_sc_hd__clkbuf_16)
                  0.11    0.28    0.94 ^ clkbuf_1_0__f_clk/X (sky130_fd_sc_hd__clkbuf_16)
    14    0.05                           clknet_1_0__leaf_clk (net)
                  0.11    0.00    0.94 ^ _409_/CLK (sky130_fd_sc_hd__dfrtp_4)
                          0.25    1.19   clock uncertainty
                         -0.09    1.10   clock reconvergence pessimism
                         -0.07    1.03   library hold time
                                  1.03   data required time
-----------------------------------------------------------------------------
                                  1.03   data required time
                                 -2.23   data arrival time
-----------------------------------------------------------------------------
                                  1.20   slack (MET)


Startpoint: _403_ (rising edge-triggered flip-flop clocked by clk)
Endpoint: _403_ (rising edge-triggered flip-flop clocked by clk)
Path Group: clk
Path Type: min
Corner: Slowest

Fanout     Cap    Slew   Delay    Time   Description
-----------------------------------------------------------------------------
                          0.00    0.00   clock clk (rise edge)
                          0.00    0.00   clock source latency
                  0.37    0.25    0.25 ^ clk (in)
     1    0.05                           clk (net)
                  0.37    0.00    0.25 ^ clkbuf_0_clk/A (sky130_fd_sc_hd__clkbuf_16)
                  0.08    0.34    0.60 ^ clkbuf_0_clk/X (sky130_fd_sc_hd__clkbuf_16)
     2    0.02                           clknet_0_clk (net)
                  0.08    0.00    0.60 ^ clkbuf_1_1__f_clk/A (sky130_fd_sc_hd__clkbuf_16)
                  0.11    0.25    0.85 ^ clkbuf_1_1__f_clk/X (sky130_fd_sc_hd__clkbuf_16)
    14    0.05                           clknet_1_1__leaf_clk (net)
                  0.11    0.00    0.85 ^ _403_/CLK (sky130_fd_sc_hd__dfrtp_4)
                  0.26    0.94    1.79 ^ _403_/Q (sky130_fd_sc_hd__dfrtp_4)
     3    0.05                           net3 (net)
                  0.26    0.00    1.79 ^ _353_/A0 (sky130_fd_sc_hd__mux2_1)
                  0.08    0.29    2.09 ^ _353_/X (sky130_fd_sc_hd__mux2_1)
     1    0.00                           _172_ (net)
                  0.08    0.00    2.09 ^ _354_/A (sky130_fd_sc_hd__clkbuf_1)
                  0.07    0.14    2.23 ^ _354_/X (sky130_fd_sc_hd__clkbuf_1)
     1    0.00                           _029_ (net)
                  0.07    0.00    2.23 ^ _403_/D (sky130_fd_sc_hd__dfrtp_4)
                                  2.23   data arrival time

                          0.00    0.00   clock clk (rise edge)
                          0.00    0.00   clock source latency
                  0.37    0.28    0.28 ^ clk (in)
     1    0.05                           clk (net)
                  0.37    0.00    0.28 ^ clkbuf_0_clk/A (sky130_fd_sc_hd__clkbuf_16)
                  0.08    0.38    0.66 ^ clkbuf_0_clk/X (sky130_fd_sc_hd__clkbuf_16)
     2    0.02                           clknet_0_clk (net)
                  0.08    0.00    0.66 ^ clkbuf_1_1__f_clk/A (sky130_fd_sc_hd__clkbuf_16)
                  0.11    0.28    0.94 ^ clkbuf_1_1__f_clk/X (sky130_fd_sc_hd__clkbuf_16)
    14    0.05                           clknet_1_1__leaf_clk (net)
                  0.11    0.00    0.94 ^ _403_/CLK (sky130_fd_sc_hd__dfrtp_4)
                          0.25    1.19   clock uncertainty
                         -0.09    1.10   clock reconvergence pessimism
                         -0.07    1.03   library hold time
                                  1.03   data required time
-----------------------------------------------------------------------------
                                  1.03   data required time
                                 -2.23   data arrival time
-----------------------------------------------------------------------------
                                  1.20   slack (MET)


Startpoint: _411_ (rising edge-triggered flip-flop clocked by clk)
Endpoint: _411_ (rising edge-triggered flip-flop clocked by clk)
Path Group: clk
Path Type: min
Corner: Slowest

Fanout     Cap    Slew   Delay    Time   Description
-----------------------------------------------------------------------------
                          0.00    0.00   clock clk (rise edge)
                          0.00    0.00   clock source latency
                  0.37    0.25    0.25 ^ clk (in)
     1    0.05                           clk (net)
                  0.37    0.00    0.25 ^ clkbuf_0_clk/A (sky130_fd_sc_hd__clkbuf_16)
                  0.08    0.34    0.60 ^ clkbuf_0_clk/X (sky130_fd_sc_hd__clkbuf_16)
     2    0.02                           clknet_0_clk (net)
                  0.08    0.00    0.60 ^ clkbuf_1_1__f_clk/A (sky130_fd_sc_hd__clkbuf_16)
                  0.11    0.25    0.85 ^ clkbuf_1_1__f_clk/X (sky130_fd_sc_hd__clkbuf_16)
    14    0.05                           clknet_1_1__leaf_clk (net)
                  0.11    0.01    0.85 ^ _411_/CLK (sky130_fd_sc_hd__dfrtp_4)
                  0.21    0.90    1.76 ^ _411_/Q (sky130_fd_sc_hd__dfrtp_4)
     2    0.03                           net24 (net)
                  0.21    0.00    1.76 ^ _337_/A (sky130_fd_sc_hd__and3_1)
                  0.10    0.32    2.08 ^ _337_/X (sky130_fd_sc_hd__and3_1)
     1    0.00                           _164_ (net)
                  0.10    0.00    2.08 ^ _338_/A (sky130_fd_sc_hd__clkbuf_1)
                  0.07    0.15    2.23 ^ _338_/X (sky130_fd_sc_hd__clkbuf_1)
     1    0.00                           _037_ (net)
                  0.07    0.00    2.23 ^ _411_/D (sky130_fd_sc_hd__dfrtp_4)
                                  2.23   data arrival time

                          0.00    0.00   clock clk (rise edge)
                          0.00    0.00   clock source latency
                  0.37    0.28    0.28 ^ clk (in)
     1    0.05                           clk (net)
                  0.37    0.00    0.28 ^ clkbuf_0_clk/A (sky130_fd_sc_hd__clkbuf_16)
                  0.08    0.38    0.66 ^ clkbuf_0_clk/X (sky130_fd_sc_hd__clkbuf_16)
     2    0.02                           clknet_0_clk (net)
                  0.08    0.00    0.66 ^ clkbuf_1_1__f_clk/A (sky130_fd_sc_hd__clkbuf_16)
                  0.11    0.28    0.94 ^ clkbuf_1_1__f_clk/X (sky130_fd_sc_hd__clkbuf_16)
    14    0.05                           clknet_1_1__leaf_clk (net)
                  0.11    0.01    0.94 ^ _411_/CLK (sky130_fd_sc_hd__dfrtp_4)
                          0.25    1.19   clock uncertainty
                         -0.09    1.10   clock reconvergence pessimism
                         -0.07    1.03   library hold time
                                  1.03   data required time
-----------------------------------------------------------------------------
                                  1.03   data required time
                                 -2.23   data arrival time
-----------------------------------------------------------------------------
                                  1.20   slack (MET)


Startpoint: _401_ (rising edge-triggered flip-flop clocked by clk)
Endpoint: _420_ (rising edge-triggered flip-flop clocked by clk)
Path Group: clk
Path Type: min
Corner: Slowest

Fanout     Cap    Slew   Delay    Time   Description
-----------------------------------------------------------------------------
                          0.00    0.00   clock clk (rise edge)
                          0.00    0.00   clock source latency
                  0.37    0.25    0.25 ^ clk (in)
     1    0.05                           clk (net)
                  0.37    0.00    0.25 ^ clkbuf_0_clk/A (sky130_fd_sc_hd__clkbuf_16)
                  0.08    0.34    0.60 ^ clkbuf_0_clk/X (sky130_fd_sc_hd__clkbuf_16)
     2    0.02                           clknet_0_clk (net)
                  0.08    0.00    0.60 ^ clkbuf_1_1__f_clk/A (sky130_fd_sc_hd__clkbuf_16)
                  0.11    0.25    0.85 ^ clkbuf_1_1__f_clk/X (sky130_fd_sc_hd__clkbuf_16)
    14    0.05                           clknet_1_1__leaf_clk (net)
                  0.11    0.00    0.85 ^ _401_/CLK (sky130_fd_sc_hd__dfrtp_4)
                  0.18    0.87    1.73 ^ _401_/Q (sky130_fd_sc_hd__dfrtp_4)
     8    0.03                           U_PC.pc[3] (net)
                  0.18    0.00    1.73 ^ _232_/A (sky130_fd_sc_hd__nor3_2)
                  0.13    0.19    1.91 v _232_/Y (sky130_fd_sc_hd__nor3_2)
     5    0.03                           _073_ (net)
                  0.13    0.00    1.92 v _292_/A1 (sky130_fd_sc_hd__a21bo_1)
                  0.06    0.31    2.23 v _292_/X (sky130_fd_sc_hd__a21bo_1)
     1    0.00                           _046_ (net)
                  0.06    0.00    2.23 v _420_/D (sky130_fd_sc_hd__dfrtp_4)
                                  2.23   data arrival time

                          0.00    0.00   clock clk (rise edge)
                          0.00    0.00   clock source latency
                  0.37    0.28    0.28 ^ clk (in)
     1    0.05                           clk (net)
                  0.37    0.00    0.28 ^ clkbuf_0_clk/A (sky130_fd_sc_hd__clkbuf_16)
                  0.08    0.38    0.66 ^ clkbuf_0_clk/X (sky130_fd_sc_hd__clkbuf_16)
     2    0.02                           clknet_0_clk (net)
                  0.08    0.00    0.66 ^ clkbuf_1_1__f_clk/A (sky130_fd_sc_hd__clkbuf_16)
                  0.11    0.28    0.94 ^ clkbuf_1_1__f_clk/X (sky130_fd_sc_hd__clkbuf_16)
    14    0.05                           clknet_1_1__leaf_clk (net)
                  0.11    0.01    0.94 ^ _420_/CLK (sky130_fd_sc_hd__dfrtp_4)
                          0.25    1.19   clock uncertainty
                         -0.09    1.10   clock reconvergence pessimism
                         -0.08    1.03   library hold time
                                  1.03   data required time
-----------------------------------------------------------------------------
                                  1.03   data required time
                                 -2.23   data arrival time
-----------------------------------------------------------------------------
                                  1.21   slack (MET)


Startpoint: _407_ (rising edge-triggered flip-flop clocked by clk)
Endpoint: _407_ (rising edge-triggered flip-flop clocked by clk)
Path Group: clk
Path Type: min
Corner: Slowest

Fanout     Cap    Slew   Delay    Time   Description
-----------------------------------------------------------------------------
                          0.00    0.00   clock clk (rise edge)
                          0.00    0.00   clock source latency
                  0.37    0.25    0.25 ^ clk (in)
     1    0.05                           clk (net)
                  0.37    0.00    0.25 ^ clkbuf_0_clk/A (sky130_fd_sc_hd__clkbuf_16)
                  0.08    0.34    0.60 ^ clkbuf_0_clk/X (sky130_fd_sc_hd__clkbuf_16)
     2    0.02                           clknet_0_clk (net)
                  0.08    0.00    0.60 ^ clkbuf_1_0__f_clk/A (sky130_fd_sc_hd__clkbuf_16)
                  0.11    0.25    0.85 ^ clkbuf_1_0__f_clk/X (sky130_fd_sc_hd__clkbuf_16)
    14    0.05                           clknet_1_0__leaf_clk (net)
                  0.11    0.00    0.85 ^ _407_/CLK (sky130_fd_sc_hd__dfrtp_4)
                  0.28    0.96    1.81 ^ _407_/Q (sky130_fd_sc_hd__dfrtp_4)
     3    0.05                           net7 (net)
                  0.28    0.00    1.81 ^ _345_/A0 (sky130_fd_sc_hd__mux2_1)
                  0.07    0.29    2.11 ^ _345_/X (sky130_fd_sc_hd__mux2_1)
     1    0.00                           _168_ (net)
                  0.07    0.00    2.11 ^ _346_/A (sky130_fd_sc_hd__clkbuf_1)
                  0.07    0.14    2.25 ^ _346_/X (sky130_fd_sc_hd__clkbuf_1)
     1    0.00                           _033_ (net)
                  0.07    0.00    2.25 ^ _407_/D (sky130_fd_sc_hd__dfrtp_4)
                                  2.25   data arrival time

                          0.00    0.00   clock clk (rise edge)
                          0.00    0.00   clock source latency
                  0.37    0.28    0.28 ^ clk (in)
     1    0.05                           clk (net)
                  0.37    0.00    0.28 ^ clkbuf_0_clk/A (sky130_fd_sc_hd__clkbuf_16)
                  0.08    0.38    0.66 ^ clkbuf_0_clk/X (sky130_fd_sc_hd__clkbuf_16)
     2    0.02                           clknet_0_clk (net)
                  0.08    0.00    0.66 ^ clkbuf_1_0__f_clk/A (sky130_fd_sc_hd__clkbuf_16)
                  0.11    0.28    0.94 ^ clkbuf_1_0__f_clk/X (sky130_fd_sc_hd__clkbuf_16)
    14    0.05                           clknet_1_0__leaf_clk (net)
                  0.11    0.00    0.94 ^ _407_/CLK (sky130_fd_sc_hd__dfrtp_4)
                          0.25    1.19   clock uncertainty
                         -0.09    1.10   clock reconvergence pessimism
                         -0.07    1.03   library hold time
                                  1.03   data required time
-----------------------------------------------------------------------------
                                  1.03   data required time
                                 -2.25   data arrival time
-----------------------------------------------------------------------------
                                  1.21   slack (MET)


Startpoint: _404_ (rising edge-triggered flip-flop clocked by clk)
Endpoint: _404_ (rising edge-triggered flip-flop clocked by clk)
Path Group: clk
Path Type: min
Corner: Slowest

Fanout     Cap    Slew   Delay    Time   Description
-----------------------------------------------------------------------------
                          0.00    0.00   clock clk (rise edge)
                          0.00    0.00   clock source latency
                  0.37    0.25    0.25 ^ clk (in)
     1    0.05                           clk (net)
                  0.37    0.00    0.25 ^ clkbuf_0_clk/A (sky130_fd_sc_hd__clkbuf_16)
                  0.08    0.34    0.60 ^ clkbuf_0_clk/X (sky130_fd_sc_hd__clkbuf_16)
     2    0.02                           clknet_0_clk (net)
                  0.08    0.00    0.60 ^ clkbuf_1_1__f_clk/A (sky130_fd_sc_hd__clkbuf_16)
                  0.11    0.25    0.85 ^ clkbuf_1_1__f_clk/X (sky130_fd_sc_hd__clkbuf_16)
    14    0.05                           clknet_1_1__leaf_clk (net)
                  0.11    0.01    0.85 ^ _404_/CLK (sky130_fd_sc_hd__dfrtp_4)
                  0.31    0.98    1.84 ^ _404_/Q (sky130_fd_sc_hd__dfrtp_4)
     4    0.06                           net4 (net)
                  0.31    0.00    1.84 ^ _351_/A0 (sky130_fd_sc_hd__mux2_1)
                  0.07    0.31    2.15 ^ _351_/X (sky130_fd_sc_hd__mux2_1)
     1    0.00                           _171_ (net)
                  0.07    0.00    2.15 ^ _352_/A (sky130_fd_sc_hd__clkbuf_1)
                  0.07    0.14    2.29 ^ _352_/X (sky130_fd_sc_hd__clkbuf_1)
     1    0.00                           _030_ (net)
                  0.07    0.00    2.29 ^ _404_/D (sky130_fd_sc_hd__dfrtp_4)
                                  2.29   data arrival time

                          0.00    0.00   clock clk (rise edge)
                          0.00    0.00   clock source latency
                  0.37    0.28    0.28 ^ clk (in)
     1    0.05                           clk (net)
                  0.37    0.00    0.28 ^ clkbuf_0_clk/A (sky130_fd_sc_hd__clkbuf_16)
                  0.08    0.38    0.66 ^ clkbuf_0_clk/X (sky130_fd_sc_hd__clkbuf_16)
     2    0.02                           clknet_0_clk (net)
                  0.08    0.00    0.66 ^ clkbuf_1_1__f_clk/A (sky130_fd_sc_hd__clkbuf_16)
                  0.11    0.28    0.94 ^ clkbuf_1_1__f_clk/X (sky130_fd_sc_hd__clkbuf_16)
    14    0.05                           clknet_1_1__leaf_clk (net)
                  0.11    0.01    0.94 ^ _404_/CLK (sky130_fd_sc_hd__dfrtp_4)
                          0.25    1.19   clock uncertainty
                         -0.09    1.10   clock reconvergence pessimism
                         -0.07    1.03   library hold time
                                  1.03   data required time
-----------------------------------------------------------------------------
                                  1.03   data required time
                                 -2.29   data arrival time
-----------------------------------------------------------------------------
                                  1.26   slack (MET)


Startpoint: _410_ (rising edge-triggered flip-flop clocked by clk)
Endpoint: _410_ (rising edge-triggered flip-flop clocked by clk)
Path Group: clk
Path Type: min
Corner: Slowest

Fanout     Cap    Slew   Delay    Time   Description
-----------------------------------------------------------------------------
                          0.00    0.00   clock clk (rise edge)
                          0.00    0.00   clock source latency
                  0.37    0.25    0.25 ^ clk (in)
     1    0.05                           clk (net)
                  0.37    0.00    0.25 ^ clkbuf_0_clk/A (sky130_fd_sc_hd__clkbuf_16)
                  0.08    0.34    0.60 ^ clkbuf_0_clk/X (sky130_fd_sc_hd__clkbuf_16)
     2    0.02                           clknet_0_clk (net)
                  0.08    0.00    0.60 ^ clkbuf_1_0__f_clk/A (sky130_fd_sc_hd__clkbuf_16)
                  0.11    0.25    0.85 ^ clkbuf_1_0__f_clk/X (sky130_fd_sc_hd__clkbuf_16)
    14    0.05                           clknet_1_0__leaf_clk (net)
                  0.11    0.00    0.85 ^ _410_/CLK (sky130_fd_sc_hd__dfrtp_4)
                  0.43    1.07    1.92 ^ _410_/Q (sky130_fd_sc_hd__dfrtp_4)
     3    0.09                           net23 (net)
                  0.43    0.00    1.93 ^ _339_/A1 (sky130_fd_sc_hd__a31o_1)
                  0.07    0.37    2.30 ^ _339_/X (sky130_fd_sc_hd__a31o_1)
     1    0.00                           _036_ (net)
                  0.07    0.00    2.30 ^ _410_/D (sky130_fd_sc_hd__dfrtp_4)
                                  2.30   data arrival time

                          0.00    0.00   clock clk (rise edge)
                          0.00    0.00   clock source latency
                  0.37    0.28    0.28 ^ clk (in)
     1    0.05                           clk (net)
                  0.37    0.00    0.28 ^ clkbuf_0_clk/A (sky130_fd_sc_hd__clkbuf_16)
                  0.08    0.38    0.66 ^ clkbuf_0_clk/X (sky130_fd_sc_hd__clkbuf_16)
     2    0.02                           clknet_0_clk (net)
                  0.08    0.00    0.66 ^ clkbuf_1_0__f_clk/A (sky130_fd_sc_hd__clkbuf_16)
                  0.11    0.28    0.94 ^ clkbuf_1_0__f_clk/X (sky130_fd_sc_hd__clkbuf_16)
    14    0.05                           clknet_1_0__leaf_clk (net)
                  0.11    0.00    0.94 ^ _410_/CLK (sky130_fd_sc_hd__dfrtp_4)
                          0.25    1.19   clock uncertainty
                         -0.09    1.10   clock reconvergence pessimism
                         -0.07    1.03   library hold time
                                  1.03   data required time
-----------------------------------------------------------------------------
                                  1.03   data required time
                                 -2.30   data arrival time
-----------------------------------------------------------------------------
                                  1.27   slack (MET)


Startpoint: _398_ (rising edge-triggered flip-flop clocked by clk)
Endpoint: _399_ (rising edge-triggered flip-flop clocked by clk)
Path Group: clk
Path Type: min
Corner: Slowest

Fanout     Cap    Slew   Delay    Time   Description
-----------------------------------------------------------------------------
                          0.00    0.00   clock clk (rise edge)
                          0.00    0.00   clock source latency
                  0.37    0.25    0.25 ^ clk (in)
     1    0.05                           clk (net)
                  0.37    0.00    0.25 ^ clkbuf_0_clk/A (sky130_fd_sc_hd__clkbuf_16)
                  0.08    0.34    0.60 ^ clkbuf_0_clk/X (sky130_fd_sc_hd__clkbuf_16)
     2    0.02                           clknet_0_clk (net)
                  0.08    0.00    0.60 ^ clkbuf_1_1__f_clk/A (sky130_fd_sc_hd__clkbuf_16)
                  0.11    0.25    0.85 ^ clkbuf_1_1__f_clk/X (sky130_fd_sc_hd__clkbuf_16)
    14    0.05                           clknet_1_1__leaf_clk (net)
                  0.11    0.01    0.85 ^ _398_/CLK (sky130_fd_sc_hd__dfrtp_4)
                  0.22    0.91    1.76 ^ _398_/Q (sky130_fd_sc_hd__dfrtp_4)
    10    0.04                           U_PC.pc[0] (net)
                  0.22    0.00    1.76 ^ _359_/B (sky130_fd_sc_hd__and2b_1)
                  0.08    0.28    2.04 ^ _359_/X (sky130_fd_sc_hd__and2b_1)
     2    0.00                           _175_ (net)
                  0.08    0.00    2.04 ^ _360_/C (sky130_fd_sc_hd__or3_1)
                  0.06    0.16    2.20 ^ _360_/X (sky130_fd_sc_hd__or3_1)
     1    0.00                           _176_ (net)
                  0.06    0.00    2.20 ^ _361_/A (sky130_fd_sc_hd__clkbuf_1)
                  0.07    0.14    2.34 ^ _361_/X (sky130_fd_sc_hd__clkbuf_1)
     1    0.00                           U_PC.next_pc[1] (net)
                  0.07    0.00    2.34 ^ _399_/D (sky130_fd_sc_hd__dfrtp_4)
                                  2.34   data arrival time

                          0.00    0.00   clock clk (rise edge)
                          0.00    0.00   clock source latency
                  0.37    0.28    0.28 ^ clk (in)
     1    0.05                           clk (net)
                  0.37    0.00    0.28 ^ clkbuf_0_clk/A (sky130_fd_sc_hd__clkbuf_16)
                  0.08    0.38    0.66 ^ clkbuf_0_clk/X (sky130_fd_sc_hd__clkbuf_16)
     2    0.02                           clknet_0_clk (net)
                  0.08    0.00    0.66 ^ clkbuf_1_1__f_clk/A (sky130_fd_sc_hd__clkbuf_16)
                  0.11    0.28    0.94 ^ clkbuf_1_1__f_clk/X (sky130_fd_sc_hd__clkbuf_16)
    14    0.05                           clknet_1_1__leaf_clk (net)
                  0.11    0.01    0.94 ^ _399_/CLK (sky130_fd_sc_hd__dfrtp_4)
                          0.25    1.19   clock uncertainty
                         -0.09    1.10   clock reconvergence pessimism
                         -0.07    1.03   library hold time
                                  1.03   data required time
-----------------------------------------------------------------------------
                                  1.03   data required time
                                 -2.34   data arrival time
-----------------------------------------------------------------------------
                                  1.30   slack (MET)


Startpoint: _413_ (rising edge-triggered flip-flop clocked by clk)
Endpoint: _413_ (rising edge-triggered flip-flop clocked by clk)
Path Group: clk
Path Type: min
Corner: Slowest

Fanout     Cap    Slew   Delay    Time   Description
-----------------------------------------------------------------------------
                          0.00    0.00   clock clk (rise edge)
                          0.00    0.00   clock source latency
                  0.37    0.25    0.25 ^ clk (in)
     1    0.05                           clk (net)
                  0.37    0.00    0.25 ^ clkbuf_0_clk/A (sky130_fd_sc_hd__clkbuf_16)
                  0.08    0.34    0.60 ^ clkbuf_0_clk/X (sky130_fd_sc_hd__clkbuf_16)
     2    0.02                           clknet_0_clk (net)
                  0.08    0.00    0.60 ^ clkbuf_1_0__f_clk/A (sky130_fd_sc_hd__clkbuf_16)
                  0.11    0.25    0.85 ^ clkbuf_1_0__f_clk/X (sky130_fd_sc_hd__clkbuf_16)
    14    0.05                           clknet_1_0__leaf_clk (net)
                  0.11    0.00    0.85 ^ _413_/CLK (sky130_fd_sc_hd__dfrtp_4)
                  0.36    1.02    1.87 ^ _413_/Q (sky130_fd_sc_hd__dfrtp_4)
     3    0.07                           net27 (net)
                  0.36    0.00    1.87 ^ _334_/A (sky130_fd_sc_hd__and3_1)
                  0.09    0.36    2.24 ^ _334_/X (sky130_fd_sc_hd__and3_1)
     1    0.00                           _163_ (net)
                  0.09    0.00    2.24 ^ _335_/A (sky130_fd_sc_hd__clkbuf_1)
                  0.07    0.15    2.38 ^ _335_/X (sky130_fd_sc_hd__clkbuf_1)
     1    0.00                           _039_ (net)
                  0.07    0.00    2.38 ^ _413_/D (sky130_fd_sc_hd__dfrtp_4)
                                  2.38   data arrival time

                          0.00    0.00   clock clk (rise edge)
                          0.00    0.00   clock source latency
                  0.37    0.28    0.28 ^ clk (in)
     1    0.05                           clk (net)
                  0.37    0.00    0.28 ^ clkbuf_0_clk/A (sky130_fd_sc_hd__clkbuf_16)
                  0.08    0.38    0.66 ^ clkbuf_0_clk/X (sky130_fd_sc_hd__clkbuf_16)
     2    0.02                           clknet_0_clk (net)
                  0.08    0.00    0.66 ^ clkbuf_1_0__f_clk/A (sky130_fd_sc_hd__clkbuf_16)
                  0.11    0.28    0.94 ^ clkbuf_1_0__f_clk/X (sky130_fd_sc_hd__clkbuf_16)
    14    0.05                           clknet_1_0__leaf_clk (net)
                  0.11    0.00    0.94 ^ _413_/CLK (sky130_fd_sc_hd__dfrtp_4)
                          0.25    1.19   clock uncertainty
                         -0.09    1.10   clock reconvergence pessimism
                         -0.07    1.03   library hold time
                                  1.03   data required time
-----------------------------------------------------------------------------
                                  1.03   data required time
                                 -2.38   data arrival time
-----------------------------------------------------------------------------
                                  1.35   slack (MET)


Startpoint: _423_ (rising edge-triggered flip-flop clocked by clk)
Endpoint: _423_ (rising edge-triggered flip-flop clocked by clk)
Path Group: clk
Path Type: min
Corner: Slowest

Fanout     Cap    Slew   Delay    Time   Description
-----------------------------------------------------------------------------
                          0.00    0.00   clock clk (rise edge)
                          0.00    0.00   clock source latency
                  0.37    0.25    0.25 ^ clk (in)
     1    0.05                           clk (net)
                  0.37    0.00    0.25 ^ clkbuf_0_clk/A (sky130_fd_sc_hd__clkbuf_16)
                  0.08    0.34    0.60 ^ clkbuf_0_clk/X (sky130_fd_sc_hd__clkbuf_16)
     2    0.02                           clknet_0_clk (net)
                  0.08    0.00    0.60 ^ clkbuf_1_0__f_clk/A (sky130_fd_sc_hd__clkbuf_16)
                  0.11    0.25    0.85 ^ clkbuf_1_0__f_clk/X (sky130_fd_sc_hd__clkbuf_16)
    14    0.05                           clknet_1_0__leaf_clk (net)
                  0.11    0.00    0.85 ^ _423_/CLK (sky130_fd_sc_hd__dfrtp_4)
                  0.25    0.93    1.79 ^ _423_/Q (sky130_fd_sc_hd__dfrtp_4)
     3    0.04                           net15 (net)
                  0.25    0.00    1.79 ^ _210_/A (sky130_fd_sc_hd__and2_1)
                  0.31    0.44    2.23 ^ _210_/X (sky130_fd_sc_hd__and2_1)
     5    0.02                           _196_ (net)
                  0.31    0.00    2.23 ^ _278_/B1 (sky130_fd_sc_hd__a21o_1)
                  0.07    0.22    2.45 ^ _278_/X (sky130_fd_sc_hd__a21o_1)
     1    0.00                           _049_ (net)
                  0.07    0.00    2.45 ^ _423_/D (sky130_fd_sc_hd__dfrtp_4)
                                  2.45   data arrival time

                          0.00    0.00   clock clk (rise edge)
                          0.00    0.00   clock source latency
                  0.37    0.28    0.28 ^ clk (in)
     1    0.05                           clk (net)
                  0.37    0.00    0.28 ^ clkbuf_0_clk/A (sky130_fd_sc_hd__clkbuf_16)
                  0.08    0.38    0.66 ^ clkbuf_0_clk/X (sky130_fd_sc_hd__clkbuf_16)
     2    0.02                           clknet_0_clk (net)
                  0.08    0.00    0.66 ^ clkbuf_1_0__f_clk/A (sky130_fd_sc_hd__clkbuf_16)
                  0.11    0.28    0.94 ^ clkbuf_1_0__f_clk/X (sky130_fd_sc_hd__clkbuf_16)
    14    0.05                           clknet_1_0__leaf_clk (net)
                  0.11    0.00    0.94 ^ _423_/CLK (sky130_fd_sc_hd__dfrtp_4)
                          0.25    1.19   clock uncertainty
                         -0.09    1.10   clock reconvergence pessimism
                         -0.07    1.03   library hold time
                                  1.03   data required time
-----------------------------------------------------------------------------
                                  1.03   data required time
                                 -2.45   data arrival time
-----------------------------------------------------------------------------
                                  1.41   slack (MET)


Startpoint: _422_ (rising edge-triggered flip-flop clocked by clk)
Endpoint: _422_ (rising edge-triggered flip-flop clocked by clk)
Path Group: clk
Path Type: min
Corner: Slowest

Fanout     Cap    Slew   Delay    Time   Description
-----------------------------------------------------------------------------
                          0.00    0.00   clock clk (rise edge)
                          0.00    0.00   clock source latency
                  0.37    0.25    0.25 ^ clk (in)
     1    0.05                           clk (net)
                  0.37    0.00    0.25 ^ clkbuf_0_clk/A (sky130_fd_sc_hd__clkbuf_16)
                  0.08    0.34    0.60 ^ clkbuf_0_clk/X (sky130_fd_sc_hd__clkbuf_16)
     2    0.02                           clknet_0_clk (net)
                  0.08    0.00    0.60 ^ clkbuf_1_0__f_clk/A (sky130_fd_sc_hd__clkbuf_16)
                  0.11    0.25    0.85 ^ clkbuf_1_0__f_clk/X (sky130_fd_sc_hd__clkbuf_16)
    14    0.05                           clknet_1_0__leaf_clk (net)
                  0.11    0.01    0.86 ^ _422_/CLK (sky130_fd_sc_hd__dfrtp_4)
                  0.27    0.95    1.81 ^ _422_/Q (sky130_fd_sc_hd__dfrtp_4)
     5    0.05                           net14 (net)
                  0.27    0.00    1.81 ^ _214_/A (sky130_fd_sc_hd__and2_1)
                  0.18    0.36    2.17 ^ _214_/X (sky130_fd_sc_hd__and2_1)
     3    0.01                           _055_ (net)
                  0.18    0.00    2.17 ^ _280_/A (sky130_fd_sc_hd__or2_1)
                  0.09    0.22    2.39 ^ _280_/X (sky130_fd_sc_hd__or2_1)
     1    0.00                           _118_ (net)
                  0.09    0.00    2.39 ^ _281_/A (sky130_fd_sc_hd__clkbuf_1)
                  0.08    0.15    2.55 ^ _281_/X (sky130_fd_sc_hd__clkbuf_1)
     1    0.00                           _048_ (net)
                  0.08    0.00    2.55 ^ _422_/D (sky130_fd_sc_hd__dfrtp_4)
                                  2.55   data arrival time

                          0.00    0.00   clock clk (rise edge)
                          0.00    0.00   clock source latency
                  0.37    0.28    0.28 ^ clk (in)
     1    0.05                           clk (net)
                  0.37    0.00    0.28 ^ clkbuf_0_clk/A (sky130_fd_sc_hd__clkbuf_16)
                  0.08    0.38    0.66 ^ clkbuf_0_clk/X (sky130_fd_sc_hd__clkbuf_16)
     2    0.02                           clknet_0_clk (net)
                  0.08    0.00    0.66 ^ clkbuf_1_0__f_clk/A (sky130_fd_sc_hd__clkbuf_16)
                  0.11    0.28    0.94 ^ clkbuf_1_0__f_clk/X (sky130_fd_sc_hd__clkbuf_16)
    14    0.05                           clknet_1_0__leaf_clk (net)
                  0.11    0.01    0.95 ^ _422_/CLK (sky130_fd_sc_hd__dfrtp_4)
                          0.25    1.20   clock uncertainty
                         -0.09    1.11   clock reconvergence pessimism
                         -0.07    1.03   library hold time
                                  1.03   data required time
-----------------------------------------------------------------------------
                                  1.03   data required time
                                 -2.55   data arrival time
-----------------------------------------------------------------------------
                                  1.51   slack (MET)


Startpoint: _425_ (rising edge-triggered flip-flop clocked by clk)
Endpoint: _425_ (rising edge-triggered flip-flop clocked by clk)
Path Group: clk
Path Type: min
Corner: Slowest

Fanout     Cap    Slew   Delay    Time   Description
-----------------------------------------------------------------------------
                          0.00    0.00   clock clk (rise edge)
                          0.00    0.00   clock source latency
                  0.37    0.25    0.25 ^ clk (in)
     1    0.05                           clk (net)
                  0.37    0.00    0.25 ^ clkbuf_0_clk/A (sky130_fd_sc_hd__clkbuf_16)
                  0.08    0.34    0.60 ^ clkbuf_0_clk/X (sky130_fd_sc_hd__clkbuf_16)
     2    0.02                           clknet_0_clk (net)
                  0.08    0.00    0.60 ^ clkbuf_1_0__f_clk/A (sky130_fd_sc_hd__clkbuf_16)
                  0.11    0.25    0.85 ^ clkbuf_1_0__f_clk/X (sky130_fd_sc_hd__clkbuf_16)
    14    0.05                           clknet_1_0__leaf_clk (net)
                  0.11    0.00    0.85 ^ _425_/CLK (sky130_fd_sc_hd__dfrtp_4)
                  0.24    0.93    1.78 ^ _425_/Q (sky130_fd_sc_hd__dfrtp_4)
     3    0.04                           net17 (net)
                  0.24    0.00    1.78 ^ _199_/A (sky130_fd_sc_hd__and2_2)
                  0.18    0.41    2.20 ^ _199_/X (sky130_fd_sc_hd__and2_2)
     7    0.02                           _185_ (net)
                  0.18    0.00    2.20 ^ _268_/A (sky130_fd_sc_hd__or2_1)
                  0.08    0.21    2.41 ^ _268_/X (sky130_fd_sc_hd__or2_1)
     1    0.00                           _109_ (net)
                  0.08    0.00    2.41 ^ _269_/A (sky130_fd_sc_hd__clkbuf_1)
                  0.07    0.15    2.56 ^ _269_/X (sky130_fd_sc_hd__clkbuf_1)
     1    0.00                           _051_ (net)
                  0.07    0.00    2.56 ^ _425_/D (sky130_fd_sc_hd__dfrtp_4)
                                  2.56   data arrival time

                          0.00    0.00   clock clk (rise edge)
                          0.00    0.00   clock source latency
                  0.37    0.28    0.28 ^ clk (in)
     1    0.05                           clk (net)
                  0.37    0.00    0.28 ^ clkbuf_0_clk/A (sky130_fd_sc_hd__clkbuf_16)
                  0.08    0.38    0.66 ^ clkbuf_0_clk/X (sky130_fd_sc_hd__clkbuf_16)
     2    0.02                           clknet_0_clk (net)
                  0.08    0.00    0.66 ^ clkbuf_1_0__f_clk/A (sky130_fd_sc_hd__clkbuf_16)
                  0.11    0.28    0.94 ^ clkbuf_1_0__f_clk/X (sky130_fd_sc_hd__clkbuf_16)
    14    0.05                           clknet_1_0__leaf_clk (net)
                  0.11    0.00    0.94 ^ _425_/CLK (sky130_fd_sc_hd__dfrtp_4)
                          0.25    1.19   clock uncertainty
                         -0.09    1.11   clock reconvergence pessimism
                         -0.07    1.03   library hold time
                                  1.03   data required time
-----------------------------------------------------------------------------
                                  1.03   data required time
                                 -2.56   data arrival time
-----------------------------------------------------------------------------
                                  1.52   slack (MET)


Startpoint: _399_ (rising edge-triggered flip-flop clocked by clk)
Endpoint: _412_ (rising edge-triggered flip-flop clocked by clk)
Path Group: clk
Path Type: min
Corner: Slowest

Fanout     Cap    Slew   Delay    Time   Description
-----------------------------------------------------------------------------
                          0.00    0.00   clock clk (rise edge)
                          0.00    0.00   clock source latency
                  0.37    0.25    0.25 ^ clk (in)
     1    0.05                           clk (net)
                  0.37    0.00    0.25 ^ clkbuf_0_clk/A (sky130_fd_sc_hd__clkbuf_16)
                  0.08    0.34    0.60 ^ clkbuf_0_clk/X (sky130_fd_sc_hd__clkbuf_16)
     2    0.02                           clknet_0_clk (net)
                  0.08    0.00    0.60 ^ clkbuf_1_1__f_clk/A (sky130_fd_sc_hd__clkbuf_16)
                  0.11    0.25    0.85 ^ clkbuf_1_1__f_clk/X (sky130_fd_sc_hd__clkbuf_16)
    14    0.05                           clknet_1_1__leaf_clk (net)
                  0.11    0.00    0.85 ^ _399_/CLK (sky130_fd_sc_hd__dfrtp_4)
                  0.24    0.92    1.78 ^ _399_/Q (sky130_fd_sc_hd__dfrtp_4)
     9    0.04                           U_PC.pc[1] (net)
                  0.24    0.00    1.78 ^ _265_/A (sky130_fd_sc_hd__and2_1)
                  0.07    0.27    2.05 ^ _265_/X (sky130_fd_sc_hd__and2_1)
     1    0.00                           _106_ (net)
                  0.07    0.00    2.05 ^ _266_/A (sky130_fd_sc_hd__clkbuf_4)
                  0.23    0.35    2.39 ^ _266_/X (sky130_fd_sc_hd__clkbuf_4)
     9    0.05                           _107_ (net)
                  0.23    0.00    2.40 ^ _336_/B1 (sky130_fd_sc_hd__a21o_1)
                  0.06    0.19    2.59 ^ _336_/X (sky130_fd_sc_hd__a21o_1)
     1    0.00                           _038_ (net)
                  0.06    0.00    2.59 ^ _412_/D (sky130_fd_sc_hd__dfrtp_2)
                                  2.59   data arrival time

                          0.00    0.00   clock clk (rise edge)
                          0.00    0.00   clock source latency
                  0.37    0.28    0.28 ^ clk (in)
     1    0.05                           clk (net)
                  0.37    0.00    0.28 ^ clkbuf_0_clk/A (sky130_fd_sc_hd__clkbuf_16)
                  0.08    0.38    0.66 ^ clkbuf_0_clk/X (sky130_fd_sc_hd__clkbuf_16)
     2    0.02                           clknet_0_clk (net)
                  0.08    0.00    0.66 ^ clkbuf_1_1__f_clk/A (sky130_fd_sc_hd__clkbuf_16)
                  0.11    0.28    0.94 ^ clkbuf_1_1__f_clk/X (sky130_fd_sc_hd__clkbuf_16)
    14    0.05                           clknet_1_1__leaf_clk (net)
                  0.11    0.01    0.94 ^ _412_/CLK (sky130_fd_sc_hd__dfrtp_2)
                          0.25    1.19   clock uncertainty
                         -0.09    1.10   clock reconvergence pessimism
                         -0.07    1.04   library hold time
                                  1.04   data required time
-----------------------------------------------------------------------------
                                  1.04   data required time
                                 -2.59   data arrival time
-----------------------------------------------------------------------------
                                  1.55   slack (MET)


Startpoint: _406_ (rising edge-triggered flip-flop clocked by clk)
Endpoint: _406_ (rising edge-triggered flip-flop clocked by clk)
Path Group: clk
Path Type: min
Corner: Slowest

Fanout     Cap    Slew   Delay    Time   Description
-----------------------------------------------------------------------------
                          0.00    0.00   clock clk (rise edge)
                          0.00    0.00   clock source latency
                  0.37    0.25    0.25 ^ clk (in)
     1    0.05                           clk (net)
                  0.37    0.00    0.25 ^ clkbuf_0_clk/A (sky130_fd_sc_hd__clkbuf_16)
                  0.08    0.34    0.60 ^ clkbuf_0_clk/X (sky130_fd_sc_hd__clkbuf_16)
     2    0.02                           clknet_0_clk (net)
                  0.08    0.00    0.60 ^ clkbuf_1_0__f_clk/A (sky130_fd_sc_hd__clkbuf_16)
                  0.11    0.25    0.85 ^ clkbuf_1_0__f_clk/X (sky130_fd_sc_hd__clkbuf_16)
    14    0.05                           clknet_1_0__leaf_clk (net)
                  0.11    0.01    0.86 ^ _406_/CLK (sky130_fd_sc_hd__dfrtp_2)
                  0.22    0.80    1.66 ^ _406_/Q (sky130_fd_sc_hd__dfrtp_2)
     3    0.03                           net6 (net)
                  0.22    0.00    1.66 ^ _212_/A (sky130_fd_sc_hd__and3_1)
                  0.21    0.42    2.09 ^ _212_/X (sky130_fd_sc_hd__and3_1)
     4    0.01                           _053_ (net)
                  0.21    0.00    2.09 ^ _306_/A (sky130_fd_sc_hd__or2_1)
                  0.08    0.23    2.32 ^ _306_/X (sky130_fd_sc_hd__or2_1)
     2    0.00                           _139_ (net)
                  0.08    0.00    2.32 ^ _347_/B (sky130_fd_sc_hd__or3b_1)
                  0.06    0.17    2.48 ^ _347_/X (sky130_fd_sc_hd__or3b_1)
     1    0.00                           _169_ (net)
                  0.06    0.00    2.48 ^ _348_/B1 (sky130_fd_sc_hd__o21a_1)
                  0.07    0.20    2.68 ^ _348_/X (sky130_fd_sc_hd__o21a_1)
     1    0.00                           _032_ (net)
                  0.07    0.00    2.68 ^ _406_/D (sky130_fd_sc_hd__dfrtp_2)
                                  2.68   data arrival time

                          0.00    0.00   clock clk (rise edge)
                          0.00    0.00   clock source latency
                  0.37    0.28    0.28 ^ clk (in)
     1    0.05                           clk (net)
                  0.37    0.00    0.28 ^ clkbuf_0_clk/A (sky130_fd_sc_hd__clkbuf_16)
                  0.08    0.38    0.66 ^ clkbuf_0_clk/X (sky130_fd_sc_hd__clkbuf_16)
     2    0.02                           clknet_0_clk (net)
                  0.08    0.00    0.66 ^ clkbuf_1_0__f_clk/A (sky130_fd_sc_hd__clkbuf_16)
                  0.11    0.28    0.94 ^ clkbuf_1_0__f_clk/X (sky130_fd_sc_hd__clkbuf_16)
    14    0.05                           clknet_1_0__leaf_clk (net)
                  0.11    0.01    0.95 ^ _406_/CLK (sky130_fd_sc_hd__dfrtp_2)
                          0.25    1.20   clock uncertainty
                         -0.09    1.11   clock reconvergence pessimism
                         -0.07    1.04   library hold time
                                  1.04   data required time
-----------------------------------------------------------------------------
                                  1.04   data required time
                                 -2.68   data arrival time
-----------------------------------------------------------------------------
                                  1.65   slack (MET)


Startpoint: rst (input port clocked by clk)
Endpoint: _425_ (removal check against rising-edge clock clk)
Path Group: asynchronous
Path Type: min
Corner: Slowest

Fanout     Cap    Slew   Delay    Time   Description
-----------------------------------------------------------------------------
                          0.00    0.00   clock clk (rise edge)
                          0.00    0.00   clock network delay (propagated)
                          4.00    4.00 v input external delay
                  0.02    0.01    4.01 v rst (in)
     1    0.00                           rst (net)
                  0.02    0.00    4.01 v input1/A (sky130_fd_sc_hd__buf_1)
                  0.18    0.23    4.24 v input1/X (sky130_fd_sc_hd__buf_1)
     1    0.02                           net1 (net)
                  0.18    0.00    4.24 v _367_/A (sky130_fd_sc_hd__buf_4)
                  0.15    0.37    4.61 v _367_/X (sky130_fd_sc_hd__buf_4)
    10    0.06                           _180_ (net)
                  0.15    0.00    4.61 v _397_/A (sky130_fd_sc_hd__inv_2)
                  0.05    0.09    4.71 ^ _397_/Y (sky130_fd_sc_hd__inv_2)
     1    0.00                           _027_ (net)
                  0.05    0.00    4.71 ^ _425_/RESET_B (sky130_fd_sc_hd__dfrtp_4)
                                  4.71   data arrival time

                          0.00    0.00   clock clk (rise edge)
                          0.00    0.00   clock source latency
                  0.37    0.28    0.28 ^ clk (in)
     1    0.05                           clk (net)
                  0.37    0.00    0.28 ^ clkbuf_0_clk/A (sky130_fd_sc_hd__clkbuf_16)
                  0.08    0.38    0.66 ^ clkbuf_0_clk/X (sky130_fd_sc_hd__clkbuf_16)
     2    0.02                           clknet_0_clk (net)
                  0.08    0.00    0.66 ^ clkbuf_1_0__f_clk/A (sky130_fd_sc_hd__clkbuf_16)
                  0.11    0.28    0.94 ^ clkbuf_1_0__f_clk/X (sky130_fd_sc_hd__clkbuf_16)
    14    0.05                           clknet_1_0__leaf_clk (net)
                  0.11    0.00    0.94 ^ _425_/CLK (sky130_fd_sc_hd__dfrtp_4)
                          0.25    1.19   clock uncertainty
                          0.00    1.19   clock reconvergence pessimism
                          0.67    1.86   library removal time
                                  1.86   data required time
-----------------------------------------------------------------------------
                                  1.86   data required time
                                 -4.71   data arrival time
-----------------------------------------------------------------------------
                                  2.85   slack (MET)


Startpoint: rst (input port clocked by clk)
Endpoint: _424_ (removal check against rising-edge clock clk)
Path Group: asynchronous
Path Type: min
Corner: Slowest

Fanout     Cap    Slew   Delay    Time   Description
-----------------------------------------------------------------------------
                          0.00    0.00   clock clk (rise edge)
                          0.00    0.00   clock network delay (propagated)
                          4.00    4.00 v input external delay
                  0.02    0.01    4.01 v rst (in)
     1    0.00                           rst (net)
                  0.02    0.00    4.01 v input1/A (sky130_fd_sc_hd__buf_1)
                  0.18    0.23    4.24 v input1/X (sky130_fd_sc_hd__buf_1)
     1    0.02                           net1 (net)
                  0.18    0.00    4.24 v _367_/A (sky130_fd_sc_hd__buf_4)
                  0.15    0.37    4.61 v _367_/X (sky130_fd_sc_hd__buf_4)
    10    0.06                           _180_ (net)
                  0.15    0.00    4.61 v _396_/A (sky130_fd_sc_hd__inv_2)
                  0.06    0.10    4.71 ^ _396_/Y (sky130_fd_sc_hd__inv_2)
     1    0.00                           _026_ (net)
                  0.06    0.00    4.71 ^ _424_/RESET_B (sky130_fd_sc_hd__dfrtp_4)
                                  4.71   data arrival time

                          0.00    0.00   clock clk (rise edge)
                          0.00    0.00   clock source latency
                  0.37    0.28    0.28 ^ clk (in)
     1    0.05                           clk (net)
                  0.37    0.00    0.28 ^ clkbuf_0_clk/A (sky130_fd_sc_hd__clkbuf_16)
                  0.08    0.38    0.66 ^ clkbuf_0_clk/X (sky130_fd_sc_hd__clkbuf_16)
     2    0.02                           clknet_0_clk (net)
                  0.08    0.00    0.66 ^ clkbuf_1_0__f_clk/A (sky130_fd_sc_hd__clkbuf_16)
                  0.11    0.28    0.94 ^ clkbuf_1_0__f_clk/X (sky130_fd_sc_hd__clkbuf_16)
    14    0.05                           clknet_1_0__leaf_clk (net)
                  0.11    0.01    0.95 ^ _424_/CLK (sky130_fd_sc_hd__dfrtp_4)
                          0.25    1.20   clock uncertainty
                          0.00    1.20   clock reconvergence pessimism
                          0.67    1.86   library removal time
                                  1.86   data required time
-----------------------------------------------------------------------------
                                  1.86   data required time
                                 -4.71   data arrival time
-----------------------------------------------------------------------------
                                  2.85   slack (MET)


Startpoint: rst (input port clocked by clk)
Endpoint: _422_ (removal check against rising-edge clock clk)
Path Group: asynchronous
Path Type: min
Corner: Slowest

Fanout     Cap    Slew   Delay    Time   Description
-----------------------------------------------------------------------------
                          0.00    0.00   clock clk (rise edge)
                          0.00    0.00   clock network delay (propagated)
                          4.00    4.00 v input external delay
                  0.02    0.01    4.01 v rst (in)
     1    0.00                           rst (net)
                  0.02    0.00    4.01 v input1/A (sky130_fd_sc_hd__buf_1)
                  0.18    0.23    4.24 v input1/X (sky130_fd_sc_hd__buf_1)
     1    0.02                           net1 (net)
                  0.18    0.00    4.24 v _367_/A (sky130_fd_sc_hd__buf_4)
                  0.15    0.37    4.61 v _367_/X (sky130_fd_sc_hd__buf_4)
    10    0.06                           _180_ (net)
                  0.15    0.00    4.62 v _394_/A (sky130_fd_sc_hd__inv_2)
                  0.05    0.09    4.71 ^ _394_/Y (sky130_fd_sc_hd__inv_2)
     1    0.00                           _024_ (net)
                  0.05    0.00    4.71 ^ _422_/RESET_B (sky130_fd_sc_hd__dfrtp_4)
                                  4.71   data arrival time

                          0.00    0.00   clock clk (rise edge)
                          0.00    0.00   clock source latency
                  0.37    0.28    0.28 ^ clk (in)
     1    0.05                           clk (net)
                  0.37    0.00    0.28 ^ clkbuf_0_clk/A (sky130_fd_sc_hd__clkbuf_16)
                  0.08    0.38    0.66 ^ clkbuf_0_clk/X (sky130_fd_sc_hd__clkbuf_16)
     2    0.02                           clknet_0_clk (net)
                  0.08    0.00    0.66 ^ clkbuf_1_0__f_clk/A (sky130_fd_sc_hd__clkbuf_16)
                  0.11    0.28    0.94 ^ clkbuf_1_0__f_clk/X (sky130_fd_sc_hd__clkbuf_16)
    14    0.05                           clknet_1_0__leaf_clk (net)
                  0.11    0.01    0.95 ^ _422_/CLK (sky130_fd_sc_hd__dfrtp_4)
                          0.25    1.20   clock uncertainty
                          0.00    1.20   clock reconvergence pessimism
                          0.67    1.86   library removal time
                                  1.86   data required time
-----------------------------------------------------------------------------
                                  1.86   data required time
                                 -4.71   data arrival time
-----------------------------------------------------------------------------
                                  2.85   slack (MET)


Startpoint: rst (input port clocked by clk)
Endpoint: _420_ (removal check against rising-edge clock clk)
Path Group: asynchronous
Path Type: min
Corner: Slowest

Fanout     Cap    Slew   Delay    Time   Description
-----------------------------------------------------------------------------
                          0.00    0.00   clock clk (rise edge)
                          0.00    0.00   clock network delay (propagated)
                          4.00    4.00 v input external delay
                  0.02    0.01    4.01 v rst (in)
     1    0.00                           rst (net)
                  0.02    0.00    4.01 v input1/A (sky130_fd_sc_hd__buf_1)
                  0.18    0.23    4.24 v input1/X (sky130_fd_sc_hd__buf_1)
     1    0.02                           net1 (net)
                  0.18    0.00    4.24 v _367_/A (sky130_fd_sc_hd__buf_4)
                  0.15    0.37    4.61 v _367_/X (sky130_fd_sc_hd__buf_4)
    10    0.06                           _180_ (net)
                  0.15    0.01    4.62 v _392_/A (sky130_fd_sc_hd__inv_2)
                  0.05    0.09    4.71 ^ _392_/Y (sky130_fd_sc_hd__inv_2)
     1    0.00                           _022_ (net)
                  0.05    0.00    4.71 ^ _420_/RESET_B (sky130_fd_sc_hd__dfrtp_4)
                                  4.71   data arrival time

                          0.00    0.00   clock clk (rise edge)
                          0.00    0.00   clock source latency
                  0.37    0.28    0.28 ^ clk (in)
     1    0.05                           clk (net)
                  0.37    0.00    0.28 ^ clkbuf_0_clk/A (sky130_fd_sc_hd__clkbuf_16)
                  0.08    0.38    0.66 ^ clkbuf_0_clk/X (sky130_fd_sc_hd__clkbuf_16)
     2    0.02                           clknet_0_clk (net)
                  0.08    0.00    0.66 ^ clkbuf_1_1__f_clk/A (sky130_fd_sc_hd__clkbuf_16)
                  0.11    0.28    0.94 ^ clkbuf_1_1__f_clk/X (sky130_fd_sc_hd__clkbuf_16)
    14    0.05                           clknet_1_1__leaf_clk (net)
                  0.11    0.01    0.94 ^ _420_/CLK (sky130_fd_sc_hd__dfrtp_4)
                          0.25    1.19   clock uncertainty
                          0.00    1.19   clock reconvergence pessimism
                          0.67    1.86   library removal time
                                  1.86   data required time
-----------------------------------------------------------------------------
                                  1.86   data required time
                                 -4.71   data arrival time
-----------------------------------------------------------------------------
                                  2.85   slack (MET)


Startpoint: rst (input port clocked by clk)
Endpoint: _419_ (removal check against rising-edge clock clk)
Path Group: asynchronous
Path Type: min
Corner: Slowest

Fanout     Cap    Slew   Delay    Time   Description
-----------------------------------------------------------------------------
                          0.00    0.00   clock clk (rise edge)
                          0.00    0.00   clock network delay (propagated)
                          4.00    4.00 v input external delay
                  0.02    0.01    4.01 v rst (in)
     1    0.00                           rst (net)
                  0.02    0.00    4.01 v input1/A (sky130_fd_sc_hd__buf_1)
                  0.18    0.23    4.24 v input1/X (sky130_fd_sc_hd__buf_1)
     1    0.02                           net1 (net)
                  0.18    0.00    4.24 v _367_/A (sky130_fd_sc_hd__buf_4)
                  0.15    0.37    4.61 v _367_/X (sky130_fd_sc_hd__buf_4)
    10    0.06                           _180_ (net)
                  0.15    0.01    4.62 v _391_/A (sky130_fd_sc_hd__inv_2)
                  0.05    0.09    4.71 ^ _391_/Y (sky130_fd_sc_hd__inv_2)
     1    0.00                           _021_ (net)
                  0.05    0.00    4.71 ^ _419_/RESET_B (sky130_fd_sc_hd__dfrtp_4)
                                  4.71   data arrival time

                          0.00    0.00   clock clk (rise edge)
                          0.00    0.00   clock source latency
                  0.37    0.28    0.28 ^ clk (in)
     1    0.05                           clk (net)
                  0.37    0.00    0.28 ^ clkbuf_0_clk/A (sky130_fd_sc_hd__clkbuf_16)
                  0.08    0.38    0.66 ^ clkbuf_0_clk/X (sky130_fd_sc_hd__clkbuf_16)
     2    0.02                           clknet_0_clk (net)
                  0.08    0.00    0.66 ^ clkbuf_1_1__f_clk/A (sky130_fd_sc_hd__clkbuf_16)
                  0.11    0.28    0.94 ^ clkbuf_1_1__f_clk/X (sky130_fd_sc_hd__clkbuf_16)
    14    0.05                           clknet_1_1__leaf_clk (net)
                  0.11    0.01    0.94 ^ _419_/CLK (sky130_fd_sc_hd__dfrtp_4)
                          0.25    1.19   clock uncertainty
                          0.00    1.19   clock reconvergence pessimism
                          0.67    1.86   library removal time
                                  1.86   data required time
-----------------------------------------------------------------------------
                                  1.86   data required time
                                 -4.71   data arrival time
-----------------------------------------------------------------------------
                                  2.85   slack (MET)


Startpoint: rst (input port clocked by clk)
Endpoint: _418_ (removal check against rising-edge clock clk)
Path Group: asynchronous
Path Type: min
Corner: Slowest

Fanout     Cap    Slew   Delay    Time   Description
-----------------------------------------------------------------------------
                          0.00    0.00   clock clk (rise edge)
                          0.00    0.00   clock network delay (propagated)
                          4.00    4.00 v input external delay
                  0.02    0.01    4.01 v rst (in)
     1    0.00                           rst (net)
                  0.02    0.00    4.01 v input1/A (sky130_fd_sc_hd__buf_1)
                  0.18    0.23    4.24 v input1/X (sky130_fd_sc_hd__buf_1)
     1    0.02                           net1 (net)
                  0.18    0.00    4.24 v _367_/A (sky130_fd_sc_hd__buf_4)
                  0.15    0.37    4.61 v _367_/X (sky130_fd_sc_hd__buf_4)
    10    0.06                           _180_ (net)
                  0.15    0.01    4.62 v _390_/A (sky130_fd_sc_hd__inv_2)
                  0.06    0.10    4.71 ^ _390_/Y (sky130_fd_sc_hd__inv_2)
     1    0.00                           _020_ (net)
                  0.06    0.00    4.71 ^ _418_/RESET_B (sky130_fd_sc_hd__dfrtp_4)
                                  4.71   data arrival time

                          0.00    0.00   clock clk (rise edge)
                          0.00    0.00   clock source latency
                  0.37    0.28    0.28 ^ clk (in)
     1    0.05                           clk (net)
                  0.37    0.00    0.28 ^ clkbuf_0_clk/A (sky130_fd_sc_hd__clkbuf_16)
                  0.08    0.38    0.66 ^ clkbuf_0_clk/X (sky130_fd_sc_hd__clkbuf_16)
     2    0.02                           clknet_0_clk (net)
                  0.08    0.00    0.66 ^ clkbuf_1_1__f_clk/A (sky130_fd_sc_hd__clkbuf_16)
                  0.11    0.28    0.94 ^ clkbuf_1_1__f_clk/X (sky130_fd_sc_hd__clkbuf_16)
    14    0.05                           clknet_1_1__leaf_clk (net)
                  0.11    0.01    0.94 ^ _418_/CLK (sky130_fd_sc_hd__dfrtp_4)
                          0.25    1.19   clock uncertainty
                          0.00    1.19   clock reconvergence pessimism
                          0.67    1.86   library removal time
                                  1.86   data required time
-----------------------------------------------------------------------------
                                  1.86   data required time
                                 -4.71   data arrival time
-----------------------------------------------------------------------------
                                  2.85   slack (MET)


Startpoint: rst (input port clocked by clk)
Endpoint: _421_ (removal check against rising-edge clock clk)
Path Group: asynchronous
Path Type: min
Corner: Slowest

Fanout     Cap    Slew   Delay    Time   Description
-----------------------------------------------------------------------------
                          0.00    0.00   clock clk (rise edge)
                          0.00    0.00   clock network delay (propagated)
                          4.00    4.00 v input external delay
                  0.02    0.01    4.01 v rst (in)
     1    0.00                           rst (net)
                  0.02    0.00    4.01 v input1/A (sky130_fd_sc_hd__buf_1)
                  0.18    0.23    4.24 v input1/X (sky130_fd_sc_hd__buf_1)
     1    0.02                           net1 (net)
                  0.18    0.00    4.24 v _367_/A (sky130_fd_sc_hd__buf_4)
                  0.15    0.37    4.61 v _367_/X (sky130_fd_sc_hd__buf_4)
    10    0.06                           _180_ (net)
                  0.15    0.01    4.62 v _393_/A (sky130_fd_sc_hd__inv_2)
                  0.05    0.09    4.71 ^ _393_/Y (sky130_fd_sc_hd__inv_2)
     1    0.00                           _023_ (net)
                  0.05    0.00    4.71 ^ _421_/RESET_B (sky130_fd_sc_hd__dfrtp_4)
                                  4.71   data arrival time

                          0.00    0.00   clock clk (rise edge)
                          0.00    0.00   clock source latency
                  0.37    0.28    0.28 ^ clk (in)
     1    0.05                           clk (net)
                  0.37    0.00    0.28 ^ clkbuf_0_clk/A (sky130_fd_sc_hd__clkbuf_16)
                  0.08    0.38    0.66 ^ clkbuf_0_clk/X (sky130_fd_sc_hd__clkbuf_16)
     2    0.02                           clknet_0_clk (net)
                  0.08    0.00    0.66 ^ clkbuf_1_1__f_clk/A (sky130_fd_sc_hd__clkbuf_16)
                  0.11    0.28    0.94 ^ clkbuf_1_1__f_clk/X (sky130_fd_sc_hd__clkbuf_16)
    14    0.05                           clknet_1_1__leaf_clk (net)
                  0.11    0.01    0.94 ^ _421_/CLK (sky130_fd_sc_hd__dfrtp_4)
                          0.25    1.19   clock uncertainty
                          0.00    1.19   clock reconvergence pessimism
                          0.67    1.86   library removal time
                                  1.86   data required time
-----------------------------------------------------------------------------
                                  1.86   data required time
                                 -4.71   data arrival time
-----------------------------------------------------------------------------
                                  2.85   slack (MET)


Startpoint: rst (input port clocked by clk)
Endpoint: _423_ (removal check against rising-edge clock clk)
Path Group: asynchronous
Path Type: min
Corner: Slowest

Fanout     Cap    Slew   Delay    Time   Description
-----------------------------------------------------------------------------
                          0.00    0.00   clock clk (rise edge)
                          0.00    0.00   clock network delay (propagated)
                          4.00    4.00 v input external delay
                  0.02    0.01    4.01 v rst (in)
     1    0.00                           rst (net)
                  0.02    0.00    4.01 v input1/A (sky130_fd_sc_hd__buf_1)
                  0.18    0.23    4.24 v input1/X (sky130_fd_sc_hd__buf_1)
     1    0.02                           net1 (net)
                  0.18    0.00    4.24 v _367_/A (sky130_fd_sc_hd__buf_4)
                  0.15    0.37    4.61 v _367_/X (sky130_fd_sc_hd__buf_4)
    10    0.06                           _180_ (net)
                  0.15    0.00    4.62 v _395_/A (sky130_fd_sc_hd__inv_2)
                  0.09    0.13    4.74 ^ _395_/Y (sky130_fd_sc_hd__inv_2)
     1    0.01                           _025_ (net)
                  0.09    0.00    4.74 ^ _423_/RESET_B (sky130_fd_sc_hd__dfrtp_4)
                                  4.74   data arrival time

                          0.00    0.00   clock clk (rise edge)
                          0.00    0.00   clock source latency
                  0.37    0.28    0.28 ^ clk (in)
     1    0.05                           clk (net)
                  0.37    0.00    0.28 ^ clkbuf_0_clk/A (sky130_fd_sc_hd__clkbuf_16)
                  0.08    0.38    0.66 ^ clkbuf_0_clk/X (sky130_fd_sc_hd__clkbuf_16)
     2    0.02                           clknet_0_clk (net)
                  0.08    0.00    0.66 ^ clkbuf_1_0__f_clk/A (sky130_fd_sc_hd__clkbuf_16)
                  0.11    0.28    0.94 ^ clkbuf_1_0__f_clk/X (sky130_fd_sc_hd__clkbuf_16)
    14    0.05                           clknet_1_0__leaf_clk (net)
                  0.11    0.00    0.94 ^ _423_/CLK (sky130_fd_sc_hd__dfrtp_4)
                          0.25    1.19   clock uncertainty
                          0.00    1.19   clock reconvergence pessimism
                          0.68    1.87   library removal time
                                  1.87   data required time
-----------------------------------------------------------------------------
                                  1.87   data required time
                                 -4.74   data arrival time
-----------------------------------------------------------------------------
                                  2.87   slack (MET)


Startpoint: rst (input port clocked by clk)
Endpoint: _408_ (removal check against rising-edge clock clk)
Path Group: asynchronous
Path Type: min
Corner: Slowest

Fanout     Cap    Slew   Delay    Time   Description
-----------------------------------------------------------------------------
                          0.00    0.00   clock clk (rise edge)
                          0.00    0.00   clock network delay (propagated)
                          4.00    4.00 v input external delay
                  0.02    0.01    4.01 v rst (in)
     1    0.00                           rst (net)
                  0.02    0.00    4.01 v input1/A (sky130_fd_sc_hd__buf_1)
                  0.18    0.23    4.24 v input1/X (sky130_fd_sc_hd__buf_1)
     1    0.02                           net1 (net)
                  0.18    0.00    4.24 v _367_/A (sky130_fd_sc_hd__buf_4)
                  0.15    0.37    4.61 v _367_/X (sky130_fd_sc_hd__buf_4)
    10    0.06                           _180_ (net)
                  0.15    0.00    4.61 v _379_/A (sky130_fd_sc_hd__buf_4)
                  0.17    0.37    4.98 v _379_/X (sky130_fd_sc_hd__buf_4)
    10    0.07                           _182_ (net)
                  0.17    0.00    4.99 v _380_/A (sky130_fd_sc_hd__inv_2)
                  0.06    0.10    5.09 ^ _380_/Y (sky130_fd_sc_hd__inv_2)
     1    0.00                           _010_ (net)
                  0.06    0.00    5.09 ^ _408_/RESET_B (sky130_fd_sc_hd__dfrtp_4)
                                  5.09   data arrival time

                          0.00    0.00   clock clk (rise edge)
                          0.00    0.00   clock source latency
                  0.37    0.28    0.28 ^ clk (in)
     1    0.05                           clk (net)
                  0.37    0.00    0.28 ^ clkbuf_0_clk/A (sky130_fd_sc_hd__clkbuf_16)
                  0.08    0.38    0.66 ^ clkbuf_0_clk/X (sky130_fd_sc_hd__clkbuf_16)
     2    0.02                           clknet_0_clk (net)
                  0.08    0.00    0.66 ^ clkbuf_1_0__f_clk/A (sky130_fd_sc_hd__clkbuf_16)
                  0.11    0.28    0.94 ^ clkbuf_1_0__f_clk/X (sky130_fd_sc_hd__clkbuf_16)
    14    0.05                           clknet_1_0__leaf_clk (net)
                  0.11    0.01    0.95 ^ _408_/CLK (sky130_fd_sc_hd__dfrtp_4)
                          0.25    1.20   clock uncertainty
                          0.00    1.20   clock reconvergence pessimism
                          0.67    1.86   library removal time
                                  1.86   data required time
-----------------------------------------------------------------------------
                                  1.86   data required time
                                 -5.09   data arrival time
-----------------------------------------------------------------------------
                                  3.23   slack (MET)


Startpoint: rst (input port clocked by clk)
Endpoint: _416_ (removal check against rising-edge clock clk)
Path Group: asynchronous
Path Type: min
Corner: Slowest

Fanout     Cap    Slew   Delay    Time   Description
-----------------------------------------------------------------------------
                          0.00    0.00   clock clk (rise edge)
                          0.00    0.00   clock network delay (propagated)
                          4.00    4.00 v input external delay
                  0.02    0.01    4.01 v rst (in)
     1    0.00                           rst (net)
                  0.02    0.00    4.01 v input1/A (sky130_fd_sc_hd__buf_1)
                  0.18    0.23    4.24 v input1/X (sky130_fd_sc_hd__buf_1)
     1    0.02                           net1 (net)
                  0.18    0.00    4.24 v _367_/A (sky130_fd_sc_hd__buf_4)
                  0.15    0.37    4.61 v _367_/X (sky130_fd_sc_hd__buf_4)
    10    0.06                           _180_ (net)
                  0.15    0.00    4.61 v _379_/A (sky130_fd_sc_hd__buf_4)
                  0.17    0.37    4.98 v _379_/X (sky130_fd_sc_hd__buf_4)
    10    0.07                           _182_ (net)
                  0.17    0.00    4.99 v _388_/A (sky130_fd_sc_hd__inv_2)
                  0.06    0.10    5.09 ^ _388_/Y (sky130_fd_sc_hd__inv_2)
     1    0.00                           _018_ (net)
                  0.06    0.00    5.09 ^ _416_/RESET_B (sky130_fd_sc_hd__dfrtp_4)
                                  5.09   data arrival time

                          0.00    0.00   clock clk (rise edge)
                          0.00    0.00   clock source latency
                  0.37    0.28    0.28 ^ clk (in)
     1    0.05                           clk (net)
                  0.37    0.00    0.28 ^ clkbuf_0_clk/A (sky130_fd_sc_hd__clkbuf_16)
                  0.08    0.38    0.66 ^ clkbuf_0_clk/X (sky130_fd_sc_hd__clkbuf_16)
     2    0.02                           clknet_0_clk (net)
                  0.08    0.00    0.66 ^ clkbuf_1_0__f_clk/A (sky130_fd_sc_hd__clkbuf_16)
                  0.11    0.28    0.94 ^ clkbuf_1_0__f_clk/X (sky130_fd_sc_hd__clkbuf_16)
    14    0.05                           clknet_1_0__leaf_clk (net)
                  0.11    0.00    0.94 ^ _416_/CLK (sky130_fd_sc_hd__dfrtp_4)
                          0.25    1.19   clock uncertainty
                          0.00    1.19   clock reconvergence pessimism
                          0.67    1.86   library removal time
                                  1.86   data required time
-----------------------------------------------------------------------------
                                  1.86   data required time
                                 -5.09   data arrival time
-----------------------------------------------------------------------------
                                  3.23   slack (MET)


Startpoint: rst (input port clocked by clk)
Endpoint: _415_ (removal check against rising-edge clock clk)
Path Group: asynchronous
Path Type: min
Corner: Slowest

Fanout     Cap    Slew   Delay    Time   Description
-----------------------------------------------------------------------------
                          0.00    0.00   clock clk (rise edge)
                          0.00    0.00   clock network delay (propagated)
                          4.00    4.00 v input external delay
                  0.02    0.01    4.01 v rst (in)
     1    0.00                           rst (net)
                  0.02    0.00    4.01 v input1/A (sky130_fd_sc_hd__buf_1)
                  0.18    0.23    4.24 v input1/X (sky130_fd_sc_hd__buf_1)
     1    0.02                           net1 (net)
                  0.18    0.00    4.24 v _367_/A (sky130_fd_sc_hd__buf_4)
                  0.15    0.37    4.61 v _367_/X (sky130_fd_sc_hd__buf_4)
    10    0.06                           _180_ (net)
                  0.15    0.00    4.61 v _379_/A (sky130_fd_sc_hd__buf_4)
                  0.17    0.37    4.98 v _379_/X (sky130_fd_sc_hd__buf_4)
    10    0.07                           _182_ (net)
                  0.17    0.01    4.99 v _387_/A (sky130_fd_sc_hd__inv_2)
                  0.06    0.10    5.10 ^ _387_/Y (sky130_fd_sc_hd__inv_2)
     1    0.00                           _017_ (net)
                  0.06    0.00    5.10 ^ _415_/RESET_B (sky130_fd_sc_hd__dfrtp_4)
                                  5.10   data arrival time

                          0.00    0.00   clock clk (rise edge)
                          0.00    0.00   clock source latency
                  0.37    0.28    0.28 ^ clk (in)
     1    0.05                           clk (net)
                  0.37    0.00    0.28 ^ clkbuf_0_clk/A (sky130_fd_sc_hd__clkbuf_16)
                  0.08    0.38    0.66 ^ clkbuf_0_clk/X (sky130_fd_sc_hd__clkbuf_16)
     2    0.02                           clknet_0_clk (net)
                  0.08    0.00    0.66 ^ clkbuf_1_0__f_clk/A (sky130_fd_sc_hd__clkbuf_16)
                  0.11    0.28    0.94 ^ clkbuf_1_0__f_clk/X (sky130_fd_sc_hd__clkbuf_16)
    14    0.05                           clknet_1_0__leaf_clk (net)
                  0.11    0.00    0.94 ^ _415_/CLK (sky130_fd_sc_hd__dfrtp_4)
                          0.25    1.19   clock uncertainty
                          0.00    1.19   clock reconvergence pessimism
                          0.67    1.86   library removal time
                                  1.86   data required time
-----------------------------------------------------------------------------
                                  1.86   data required time
                                 -5.10   data arrival time
-----------------------------------------------------------------------------
                                  3.23   slack (MET)


Startpoint: rst (input port clocked by clk)
Endpoint: _410_ (removal check against rising-edge clock clk)
Path Group: asynchronous
Path Type: min
Corner: Slowest

Fanout     Cap    Slew   Delay    Time   Description
-----------------------------------------------------------------------------
                          0.00    0.00   clock clk (rise edge)
                          0.00    0.00   clock network delay (propagated)
                          4.00    4.00 v input external delay
                  0.02    0.01    4.01 v rst (in)
     1    0.00                           rst (net)
                  0.02    0.00    4.01 v input1/A (sky130_fd_sc_hd__buf_1)
                  0.18    0.23    4.24 v input1/X (sky130_fd_sc_hd__buf_1)
     1    0.02                           net1 (net)
                  0.18    0.00    4.24 v _367_/A (sky130_fd_sc_hd__buf_4)
                  0.15    0.37    4.61 v _367_/X (sky130_fd_sc_hd__buf_4)
    10    0.06                           _180_ (net)
                  0.15    0.00    4.61 v _379_/A (sky130_fd_sc_hd__buf_4)
                  0.17    0.37    4.98 v _379_/X (sky130_fd_sc_hd__buf_4)
    10    0.07                           _182_ (net)
                  0.17    0.01    5.00 v _382_/A (sky130_fd_sc_hd__inv_2)
                  0.06    0.10    5.10 ^ _382_/Y (sky130_fd_sc_hd__inv_2)
     1    0.00                           _012_ (net)
                  0.06    0.00    5.10 ^ _410_/RESET_B (sky130_fd_sc_hd__dfrtp_4)
                                  5.10   data arrival time

                          0.00    0.00   clock clk (rise edge)
                          0.00    0.00   clock source latency
                  0.37    0.28    0.28 ^ clk (in)
     1    0.05                           clk (net)
                  0.37    0.00    0.28 ^ clkbuf_0_clk/A (sky130_fd_sc_hd__clkbuf_16)
                  0.08    0.38    0.66 ^ clkbuf_0_clk/X (sky130_fd_sc_hd__clkbuf_16)
     2    0.02                           clknet_0_clk (net)
                  0.08    0.00    0.66 ^ clkbuf_1_0__f_clk/A (sky130_fd_sc_hd__clkbuf_16)
                  0.11    0.28    0.94 ^ clkbuf_1_0__f_clk/X (sky130_fd_sc_hd__clkbuf_16)
    14    0.05                           clknet_1_0__leaf_clk (net)
                  0.11    0.00    0.94 ^ _410_/CLK (sky130_fd_sc_hd__dfrtp_4)
                          0.25    1.19   clock uncertainty
                          0.00    1.19   clock reconvergence pessimism
                          0.67    1.86   library removal time
                                  1.86   data required time
-----------------------------------------------------------------------------
                                  1.86   data required time
                                 -5.10   data arrival time
-----------------------------------------------------------------------------
                                  3.24   slack (MET)


Startpoint: rst (input port clocked by clk)
Endpoint: _417_ (removal check against rising-edge clock clk)
Path Group: asynchronous
Path Type: min
Corner: Slowest

Fanout     Cap    Slew   Delay    Time   Description
-----------------------------------------------------------------------------
                          0.00    0.00   clock clk (rise edge)
                          0.00    0.00   clock network delay (propagated)
                          4.00    4.00 v input external delay
                  0.02    0.01    4.01 v rst (in)
     1    0.00                           rst (net)
                  0.02    0.00    4.01 v input1/A (sky130_fd_sc_hd__buf_1)
                  0.18    0.23    4.24 v input1/X (sky130_fd_sc_hd__buf_1)
     1    0.02                           net1 (net)
                  0.18    0.00    4.24 v _367_/A (sky130_fd_sc_hd__buf_4)
                  0.15    0.37    4.61 v _367_/X (sky130_fd_sc_hd__buf_4)
    10    0.06                           _180_ (net)
                  0.15    0.00    4.61 v _379_/A (sky130_fd_sc_hd__buf_4)
                  0.17    0.37    4.98 v _379_/X (sky130_fd_sc_hd__buf_4)
    10    0.07                           _182_ (net)
                  0.17    0.01    5.00 v _389_/A (sky130_fd_sc_hd__inv_2)
                  0.06    0.10    5.10 ^ _389_/Y (sky130_fd_sc_hd__inv_2)
     1    0.00                           _019_ (net)
                  0.06    0.00    5.10 ^ _417_/RESET_B (sky130_fd_sc_hd__dfrtp_4)
                                  5.10   data arrival time

                          0.00    0.00   clock clk (rise edge)
                          0.00    0.00   clock source latency
                  0.37    0.28    0.28 ^ clk (in)
     1    0.05                           clk (net)
                  0.37    0.00    0.28 ^ clkbuf_0_clk/A (sky130_fd_sc_hd__clkbuf_16)
                  0.08    0.38    0.66 ^ clkbuf_0_clk/X (sky130_fd_sc_hd__clkbuf_16)
     2    0.02                           clknet_0_clk (net)
                  0.08    0.00    0.66 ^ clkbuf_1_0__f_clk/A (sky130_fd_sc_hd__clkbuf_16)
                  0.11    0.28    0.94 ^ clkbuf_1_0__f_clk/X (sky130_fd_sc_hd__clkbuf_16)
    14    0.05                           clknet_1_0__leaf_clk (net)
                  0.11    0.00    0.94 ^ _417_/CLK (sky130_fd_sc_hd__dfrtp_4)
                          0.25    1.19   clock uncertainty
                          0.00    1.19   clock reconvergence pessimism
                          0.67    1.86   library removal time
                                  1.86   data required time
-----------------------------------------------------------------------------
                                  1.86   data required time
                                 -5.10   data arrival time
-----------------------------------------------------------------------------
                                  3.24   slack (MET)


Startpoint: rst (input port clocked by clk)
Endpoint: _414_ (removal check against rising-edge clock clk)
Path Group: asynchronous
Path Type: min
Corner: Slowest

Fanout     Cap    Slew   Delay    Time   Description
-----------------------------------------------------------------------------
                          0.00    0.00   clock clk (rise edge)
                          0.00    0.00   clock network delay (propagated)
                          4.00    4.00 v input external delay
                  0.02    0.01    4.01 v rst (in)
     1    0.00                           rst (net)
                  0.02    0.00    4.01 v input1/A (sky130_fd_sc_hd__buf_1)
                  0.18    0.23    4.24 v input1/X (sky130_fd_sc_hd__buf_1)
     1    0.02                           net1 (net)
                  0.18    0.00    4.24 v _367_/A (sky130_fd_sc_hd__buf_4)
                  0.15    0.37    4.61 v _367_/X (sky130_fd_sc_hd__buf_4)
    10    0.06                           _180_ (net)
                  0.15    0.00    4.61 v _379_/A (sky130_fd_sc_hd__buf_4)
                  0.17    0.37    4.98 v _379_/X (sky130_fd_sc_hd__buf_4)
    10    0.07                           _182_ (net)
                  0.17    0.01    4.99 v _386_/A (sky130_fd_sc_hd__inv_2)
                  0.06    0.11    5.10 ^ _386_/Y (sky130_fd_sc_hd__inv_2)
     1    0.00                           _016_ (net)
                  0.06    0.00    5.10 ^ _414_/RESET_B (sky130_fd_sc_hd__dfrtp_4)
                                  5.10   data arrival time

                          0.00    0.00   clock clk (rise edge)
                          0.00    0.00   clock source latency
                  0.37    0.28    0.28 ^ clk (in)
     1    0.05                           clk (net)
                  0.37    0.00    0.28 ^ clkbuf_0_clk/A (sky130_fd_sc_hd__clkbuf_16)
                  0.08    0.38    0.66 ^ clkbuf_0_clk/X (sky130_fd_sc_hd__clkbuf_16)
     2    0.02                           clknet_0_clk (net)
                  0.08    0.00    0.66 ^ clkbuf_1_0__f_clk/A (sky130_fd_sc_hd__clkbuf_16)
                  0.11    0.28    0.94 ^ clkbuf_1_0__f_clk/X (sky130_fd_sc_hd__clkbuf_16)
    14    0.05                           clknet_1_0__leaf_clk (net)
                  0.11    0.00    0.94 ^ _414_/CLK (sky130_fd_sc_hd__dfrtp_4)
                          0.25    1.19   clock uncertainty
                          0.00    1.19   clock reconvergence pessimism
                          0.67    1.86   library removal time
                                  1.86   data required time
-----------------------------------------------------------------------------
                                  1.86   data required time
                                 -5.10   data arrival time
-----------------------------------------------------------------------------
                                  3.24   slack (MET)


Startpoint: rst (input port clocked by clk)
Endpoint: _409_ (removal check against rising-edge clock clk)
Path Group: asynchronous
Path Type: min
Corner: Slowest

Fanout     Cap    Slew   Delay    Time   Description
-----------------------------------------------------------------------------
                          0.00    0.00   clock clk (rise edge)
                          0.00    0.00   clock network delay (propagated)
                          4.00    4.00 v input external delay
                  0.02    0.01    4.01 v rst (in)
     1    0.00                           rst (net)
                  0.02    0.00    4.01 v input1/A (sky130_fd_sc_hd__buf_1)
                  0.18    0.23    4.24 v input1/X (sky130_fd_sc_hd__buf_1)
     1    0.02                           net1 (net)
                  0.18    0.00    4.24 v _367_/A (sky130_fd_sc_hd__buf_4)
                  0.15    0.37    4.61 v _367_/X (sky130_fd_sc_hd__buf_4)
    10    0.06                           _180_ (net)
                  0.15    0.00    4.61 v _379_/A (sky130_fd_sc_hd__buf_4)
                  0.17    0.37    4.98 v _379_/X (sky130_fd_sc_hd__buf_4)
    10    0.07                           _182_ (net)
                  0.17    0.01    5.00 v _381_/A (sky130_fd_sc_hd__inv_2)
                  0.06    0.10    5.10 ^ _381_/Y (sky130_fd_sc_hd__inv_2)
     1    0.00                           _011_ (net)
                  0.06    0.00    5.10 ^ _409_/RESET_B (sky130_fd_sc_hd__dfrtp_4)
                                  5.10   data arrival time

                          0.00    0.00   clock clk (rise edge)
                          0.00    0.00   clock source latency
                  0.37    0.28    0.28 ^ clk (in)
     1    0.05                           clk (net)
                  0.37    0.00    0.28 ^ clkbuf_0_clk/A (sky130_fd_sc_hd__clkbuf_16)
                  0.08    0.38    0.66 ^ clkbuf_0_clk/X (sky130_fd_sc_hd__clkbuf_16)
     2    0.02                           clknet_0_clk (net)
                  0.08    0.00    0.66 ^ clkbuf_1_0__f_clk/A (sky130_fd_sc_hd__clkbuf_16)
                  0.11    0.28    0.94 ^ clkbuf_1_0__f_clk/X (sky130_fd_sc_hd__clkbuf_16)
    14    0.05                           clknet_1_0__leaf_clk (net)
                  0.11    0.00    0.94 ^ _409_/CLK (sky130_fd_sc_hd__dfrtp_4)
                          0.25    1.19   clock uncertainty
                          0.00    1.19   clock reconvergence pessimism
                          0.67    1.86   library removal time
                                  1.86   data required time
-----------------------------------------------------------------------------
                                  1.86   data required time
                                 -5.10   data arrival time
-----------------------------------------------------------------------------
                                  3.24   slack (MET)


Startpoint: rst (input port clocked by clk)
Endpoint: _402_ (removal check against rising-edge clock clk)
Path Group: asynchronous
Path Type: min
Corner: Slowest

Fanout     Cap    Slew   Delay    Time   Description
-----------------------------------------------------------------------------
                          0.00    0.00   clock clk (rise edge)
                          0.00    0.00   clock network delay (propagated)
                          4.00    4.00 v input external delay
                  0.02    0.01    4.01 v rst (in)
     1    0.00                           rst (net)
                  0.02    0.00    4.01 v input1/A (sky130_fd_sc_hd__buf_1)
                  0.18    0.23    4.24 v input1/X (sky130_fd_sc_hd__buf_1)
     1    0.02                           net1 (net)
                  0.18    0.00    4.24 v _367_/A (sky130_fd_sc_hd__buf_4)
                  0.15    0.37    4.61 v _367_/X (sky130_fd_sc_hd__buf_4)
    10    0.06                           _180_ (net)
                  0.15    0.01    4.62 v _368_/A (sky130_fd_sc_hd__buf_4)
                  0.17    0.37    4.99 v _368_/X (sky130_fd_sc_hd__buf_4)
    10    0.07                           _181_ (net)
                  0.17    0.00    5.00 v _373_/A (sky130_fd_sc_hd__inv_2)
                  0.06    0.11    5.10 ^ _373_/Y (sky130_fd_sc_hd__inv_2)
     1    0.00                           _004_ (net)
                  0.06    0.00    5.10 ^ _402_/RESET_B (sky130_fd_sc_hd__dfrtp_4)
                                  5.10   data arrival time

                          0.00    0.00   clock clk (rise edge)
                          0.00    0.00   clock source latency
                  0.37    0.28    0.28 ^ clk (in)
     1    0.05                           clk (net)
                  0.37    0.00    0.28 ^ clkbuf_0_clk/A (sky130_fd_sc_hd__clkbuf_16)
                  0.08    0.38    0.66 ^ clkbuf_0_clk/X (sky130_fd_sc_hd__clkbuf_16)
     2    0.02                           clknet_0_clk (net)
                  0.08    0.00    0.66 ^ clkbuf_1_1__f_clk/A (sky130_fd_sc_hd__clkbuf_16)
                  0.11    0.28    0.94 ^ clkbuf_1_1__f_clk/X (sky130_fd_sc_hd__clkbuf_16)
    14    0.05                           clknet_1_1__leaf_clk (net)
                  0.11    0.01    0.94 ^ _402_/CLK (sky130_fd_sc_hd__dfrtp_4)
                          0.25    1.19   clock uncertainty
                          0.00    1.19   clock reconvergence pessimism
                          0.67    1.86   library removal time
                                  1.86   data required time
-----------------------------------------------------------------------------
                                  1.86   data required time
                                 -5.10   data arrival time
-----------------------------------------------------------------------------
                                  3.24   slack (MET)


Startpoint: rst (input port clocked by clk)
Endpoint: _406_ (removal check against rising-edge clock clk)
Path Group: asynchronous
Path Type: min
Corner: Slowest

Fanout     Cap    Slew   Delay    Time   Description
-----------------------------------------------------------------------------
                          0.00    0.00   clock clk (rise edge)
                          0.00    0.00   clock network delay (propagated)
                          4.00    4.00 v input external delay
                  0.02    0.01    4.01 v rst (in)
     1    0.00                           rst (net)
                  0.02    0.00    4.01 v input1/A (sky130_fd_sc_hd__buf_1)
                  0.18    0.23    4.24 v input1/X (sky130_fd_sc_hd__buf_1)
     1    0.02                           net1 (net)
                  0.18    0.00    4.24 v _367_/A (sky130_fd_sc_hd__buf_4)
                  0.15    0.37    4.61 v _367_/X (sky130_fd_sc_hd__buf_4)
    10    0.06                           _180_ (net)
                  0.15    0.01    4.62 v _368_/A (sky130_fd_sc_hd__buf_4)
                  0.17    0.37    4.99 v _368_/X (sky130_fd_sc_hd__buf_4)
    10    0.07                           _181_ (net)
                  0.17    0.00    5.00 v _377_/A (sky130_fd_sc_hd__inv_2)
                  0.06    0.11    5.10 ^ _377_/Y (sky130_fd_sc_hd__inv_2)
     1    0.00                           _008_ (net)
                  0.06    0.00    5.10 ^ _406_/RESET_B (sky130_fd_sc_hd__dfrtp_2)
                                  5.10   data arrival time

                          0.00    0.00   clock clk (rise edge)
                          0.00    0.00   clock source latency
                  0.37    0.28    0.28 ^ clk (in)
     1    0.05                           clk (net)
                  0.37    0.00    0.28 ^ clkbuf_0_clk/A (sky130_fd_sc_hd__clkbuf_16)
                  0.08    0.38    0.66 ^ clkbuf_0_clk/X (sky130_fd_sc_hd__clkbuf_16)
     2    0.02                           clknet_0_clk (net)
                  0.08    0.00    0.66 ^ clkbuf_1_0__f_clk/A (sky130_fd_sc_hd__clkbuf_16)
                  0.11    0.28    0.94 ^ clkbuf_1_0__f_clk/X (sky130_fd_sc_hd__clkbuf_16)
    14    0.05                           clknet_1_0__leaf_clk (net)
                  0.11    0.01    0.95 ^ _406_/CLK (sky130_fd_sc_hd__dfrtp_2)
                          0.25    1.20   clock uncertainty
                          0.00    1.20   clock reconvergence pessimism
                          0.67    1.86   library removal time
                                  1.86   data required time
-----------------------------------------------------------------------------
                                  1.86   data required time
                                 -5.10   data arrival time
-----------------------------------------------------------------------------
                                  3.24   slack (MET)


Startpoint: rst (input port clocked by clk)
Endpoint: _413_ (removal check against rising-edge clock clk)
Path Group: asynchronous
Path Type: min
Corner: Slowest

Fanout     Cap    Slew   Delay    Time   Description
-----------------------------------------------------------------------------
                          0.00    0.00   clock clk (rise edge)
                          0.00    0.00   clock network delay (propagated)
                          4.00    4.00 v input external delay
                  0.02    0.01    4.01 v rst (in)
     1    0.00                           rst (net)
                  0.02    0.00    4.01 v input1/A (sky130_fd_sc_hd__buf_1)
                  0.18    0.23    4.24 v input1/X (sky130_fd_sc_hd__buf_1)
     1    0.02                           net1 (net)
                  0.18    0.00    4.24 v _367_/A (sky130_fd_sc_hd__buf_4)
                  0.15    0.37    4.61 v _367_/X (sky130_fd_sc_hd__buf_4)
    10    0.06                           _180_ (net)
                  0.15    0.00    4.61 v _379_/A (sky130_fd_sc_hd__buf_4)
                  0.17    0.37    4.98 v _379_/X (sky130_fd_sc_hd__buf_4)
    10    0.07                           _182_ (net)
                  0.17    0.01    5.00 v _385_/A (sky130_fd_sc_hd__inv_2)
                  0.06    0.11    5.10 ^ _385_/Y (sky130_fd_sc_hd__inv_2)
     1    0.00                           _015_ (net)
                  0.06    0.00    5.10 ^ _413_/RESET_B (sky130_fd_sc_hd__dfrtp_4)
                                  5.10   data arrival time

                          0.00    0.00   clock clk (rise edge)
                          0.00    0.00   clock source latency
                  0.37    0.28    0.28 ^ clk (in)
     1    0.05                           clk (net)
                  0.37    0.00    0.28 ^ clkbuf_0_clk/A (sky130_fd_sc_hd__clkbuf_16)
                  0.08    0.38    0.66 ^ clkbuf_0_clk/X (sky130_fd_sc_hd__clkbuf_16)
     2    0.02                           clknet_0_clk (net)
                  0.08    0.00    0.66 ^ clkbuf_1_0__f_clk/A (sky130_fd_sc_hd__clkbuf_16)
                  0.11    0.28    0.94 ^ clkbuf_1_0__f_clk/X (sky130_fd_sc_hd__clkbuf_16)
    14    0.05                           clknet_1_0__leaf_clk (net)
                  0.11    0.00    0.94 ^ _413_/CLK (sky130_fd_sc_hd__dfrtp_4)
                          0.25    1.19   clock uncertainty
                          0.00    1.19   clock reconvergence pessimism
                          0.67    1.86   library removal time
                                  1.86   data required time
-----------------------------------------------------------------------------
                                  1.86   data required time
                                 -5.10   data arrival time
-----------------------------------------------------------------------------
                                  3.24   slack (MET)


Startpoint: rst (input port clocked by clk)
Endpoint: _411_ (removal check against rising-edge clock clk)
Path Group: asynchronous
Path Type: min
Corner: Slowest

Fanout     Cap    Slew   Delay    Time   Description
-----------------------------------------------------------------------------
                          0.00    0.00   clock clk (rise edge)
                          0.00    0.00   clock network delay (propagated)
                          4.00    4.00 v input external delay
                  0.02    0.01    4.01 v rst (in)
     1    0.00                           rst (net)
                  0.02    0.00    4.01 v input1/A (sky130_fd_sc_hd__buf_1)
                  0.18    0.23    4.24 v input1/X (sky130_fd_sc_hd__buf_1)
     1    0.02                           net1 (net)
                  0.18    0.00    4.24 v _367_/A (sky130_fd_sc_hd__buf_4)
                  0.15    0.37    4.61 v _367_/X (sky130_fd_sc_hd__buf_4)
    10    0.06                           _180_ (net)
                  0.15    0.00    4.61 v _379_/A (sky130_fd_sc_hd__buf_4)
                  0.17    0.37    4.98 v _379_/X (sky130_fd_sc_hd__buf_4)
    10    0.07                           _182_ (net)
                  0.17    0.01    5.00 v _383_/A (sky130_fd_sc_hd__inv_2)
                  0.06    0.11    5.10 ^ _383_/Y (sky130_fd_sc_hd__inv_2)
     1    0.00                           _013_ (net)
                  0.06    0.00    5.10 ^ _411_/RESET_B (sky130_fd_sc_hd__dfrtp_4)
                                  5.10   data arrival time

                          0.00    0.00   clock clk (rise edge)
                          0.00    0.00   clock source latency
                  0.37    0.28    0.28 ^ clk (in)
     1    0.05                           clk (net)
                  0.37    0.00    0.28 ^ clkbuf_0_clk/A (sky130_fd_sc_hd__clkbuf_16)
                  0.08    0.38    0.66 ^ clkbuf_0_clk/X (sky130_fd_sc_hd__clkbuf_16)
     2    0.02                           clknet_0_clk (net)
                  0.08    0.00    0.66 ^ clkbuf_1_1__f_clk/A (sky130_fd_sc_hd__clkbuf_16)
                  0.11    0.28    0.94 ^ clkbuf_1_1__f_clk/X (sky130_fd_sc_hd__clkbuf_16)
    14    0.05                           clknet_1_1__leaf_clk (net)
                  0.11    0.01    0.94 ^ _411_/CLK (sky130_fd_sc_hd__dfrtp_4)
                          0.25    1.19   clock uncertainty
                          0.00    1.19   clock reconvergence pessimism
                          0.67    1.86   library removal time
                                  1.86   data required time
-----------------------------------------------------------------------------
                                  1.86   data required time
                                 -5.10   data arrival time
-----------------------------------------------------------------------------
                                  3.24   slack (MET)


Startpoint: rst (input port clocked by clk)
Endpoint: _403_ (removal check against rising-edge clock clk)
Path Group: asynchronous
Path Type: min
Corner: Slowest

Fanout     Cap    Slew   Delay    Time   Description
-----------------------------------------------------------------------------
                          0.00    0.00   clock clk (rise edge)
                          0.00    0.00   clock network delay (propagated)
                          4.00    4.00 v input external delay
                  0.02    0.01    4.01 v rst (in)
     1    0.00                           rst (net)
                  0.02    0.00    4.01 v input1/A (sky130_fd_sc_hd__buf_1)
                  0.18    0.23    4.24 v input1/X (sky130_fd_sc_hd__buf_1)
     1    0.02                           net1 (net)
                  0.18    0.00    4.24 v _367_/A (sky130_fd_sc_hd__buf_4)
                  0.15    0.37    4.61 v _367_/X (sky130_fd_sc_hd__buf_4)
    10    0.06                           _180_ (net)
                  0.15    0.01    4.62 v _368_/A (sky130_fd_sc_hd__buf_4)
                  0.17    0.37    4.99 v _368_/X (sky130_fd_sc_hd__buf_4)
    10    0.07                           _181_ (net)
                  0.17    0.00    5.00 v _374_/A (sky130_fd_sc_hd__inv_2)
                  0.06    0.10    5.10 ^ _374_/Y (sky130_fd_sc_hd__inv_2)
     1    0.00                           _005_ (net)
                  0.06    0.00    5.10 ^ _403_/RESET_B (sky130_fd_sc_hd__dfrtp_4)
                                  5.10   data arrival time

                          0.00    0.00   clock clk (rise edge)
                          0.00    0.00   clock source latency
                  0.37    0.28    0.28 ^ clk (in)
     1    0.05                           clk (net)
                  0.37    0.00    0.28 ^ clkbuf_0_clk/A (sky130_fd_sc_hd__clkbuf_16)
                  0.08    0.38    0.66 ^ clkbuf_0_clk/X (sky130_fd_sc_hd__clkbuf_16)
     2    0.02                           clknet_0_clk (net)
                  0.08    0.00    0.66 ^ clkbuf_1_1__f_clk/A (sky130_fd_sc_hd__clkbuf_16)
                  0.11    0.28    0.94 ^ clkbuf_1_1__f_clk/X (sky130_fd_sc_hd__clkbuf_16)
    14    0.05                           clknet_1_1__leaf_clk (net)
                  0.11    0.00    0.94 ^ _403_/CLK (sky130_fd_sc_hd__dfrtp_4)
                          0.25    1.19   clock uncertainty
                          0.00    1.19   clock reconvergence pessimism
                          0.67    1.86   library removal time
                                  1.86   data required time
-----------------------------------------------------------------------------
                                  1.86   data required time
                                 -5.10   data arrival time
-----------------------------------------------------------------------------
                                  3.24   slack (MET)


Startpoint: rst (input port clocked by clk)
Endpoint: _412_ (removal check against rising-edge clock clk)
Path Group: asynchronous
Path Type: min
Corner: Slowest

Fanout     Cap    Slew   Delay    Time   Description
-----------------------------------------------------------------------------
                          0.00    0.00   clock clk (rise edge)
                          0.00    0.00   clock network delay (propagated)
                          4.00    4.00 v input external delay
                  0.02    0.01    4.01 v rst (in)
     1    0.00                           rst (net)
                  0.02    0.00    4.01 v input1/A (sky130_fd_sc_hd__buf_1)
                  0.18    0.23    4.24 v input1/X (sky130_fd_sc_hd__buf_1)
     1    0.02                           net1 (net)
                  0.18    0.00    4.24 v _367_/A (sky130_fd_sc_hd__buf_4)
                  0.15    0.37    4.61 v _367_/X (sky130_fd_sc_hd__buf_4)
    10    0.06                           _180_ (net)
                  0.15    0.00    4.61 v _379_/A (sky130_fd_sc_hd__buf_4)
                  0.17    0.37    4.98 v _379_/X (sky130_fd_sc_hd__buf_4)
    10    0.07                           _182_ (net)
                  0.17    0.01    5.00 v _384_/A (sky130_fd_sc_hd__inv_2)
                  0.06    0.11    5.10 ^ _384_/Y (sky130_fd_sc_hd__inv_2)
     1    0.00                           _014_ (net)
                  0.06    0.00    5.10 ^ _412_/RESET_B (sky130_fd_sc_hd__dfrtp_2)
                                  5.10   data arrival time

                          0.00    0.00   clock clk (rise edge)
                          0.00    0.00   clock source latency
                  0.37    0.28    0.28 ^ clk (in)
     1    0.05                           clk (net)
                  0.37    0.00    0.28 ^ clkbuf_0_clk/A (sky130_fd_sc_hd__clkbuf_16)
                  0.08    0.38    0.66 ^ clkbuf_0_clk/X (sky130_fd_sc_hd__clkbuf_16)
     2    0.02                           clknet_0_clk (net)
                  0.08    0.00    0.66 ^ clkbuf_1_1__f_clk/A (sky130_fd_sc_hd__clkbuf_16)
                  0.11    0.28    0.94 ^ clkbuf_1_1__f_clk/X (sky130_fd_sc_hd__clkbuf_16)
    14    0.05                           clknet_1_1__leaf_clk (net)
                  0.11    0.01    0.94 ^ _412_/CLK (sky130_fd_sc_hd__dfrtp_2)
                          0.25    1.19   clock uncertainty
                          0.00    1.19   clock reconvergence pessimism
                          0.67    1.86   library removal time
                                  1.86   data required time
-----------------------------------------------------------------------------
                                  1.86   data required time
                                 -5.10   data arrival time
-----------------------------------------------------------------------------
                                  3.24   slack (MET)


Startpoint: rst (input port clocked by clk)
Endpoint: _407_ (removal check against rising-edge clock clk)
Path Group: asynchronous
Path Type: min
Corner: Slowest

Fanout     Cap    Slew   Delay    Time   Description
-----------------------------------------------------------------------------
                          0.00    0.00   clock clk (rise edge)
                          0.00    0.00   clock network delay (propagated)
                          4.00    4.00 v input external delay
                  0.02    0.01    4.01 v rst (in)
     1    0.00                           rst (net)
                  0.02    0.00    4.01 v input1/A (sky130_fd_sc_hd__buf_1)
                  0.18    0.23    4.24 v input1/X (sky130_fd_sc_hd__buf_1)
     1    0.02                           net1 (net)
                  0.18    0.00    4.24 v _367_/A (sky130_fd_sc_hd__buf_4)
                  0.15    0.37    4.61 v _367_/X (sky130_fd_sc_hd__buf_4)
    10    0.06                           _180_ (net)
                  0.15    0.01    4.62 v _368_/A (sky130_fd_sc_hd__buf_4)
                  0.17    0.37    4.99 v _368_/X (sky130_fd_sc_hd__buf_4)
    10    0.07                           _181_ (net)
                  0.17    0.01    5.00 v _378_/A (sky130_fd_sc_hd__inv_2)
                  0.06    0.10    5.10 ^ _378_/Y (sky130_fd_sc_hd__inv_2)
     1    0.00                           _009_ (net)
                  0.06    0.00    5.10 ^ _407_/RESET_B (sky130_fd_sc_hd__dfrtp_4)
                                  5.10   data arrival time

                          0.00    0.00   clock clk (rise edge)
                          0.00    0.00   clock source latency
                  0.37    0.28    0.28 ^ clk (in)
     1    0.05                           clk (net)
                  0.37    0.00    0.28 ^ clkbuf_0_clk/A (sky130_fd_sc_hd__clkbuf_16)
                  0.08    0.38    0.66 ^ clkbuf_0_clk/X (sky130_fd_sc_hd__clkbuf_16)
     2    0.02                           clknet_0_clk (net)
                  0.08    0.00    0.66 ^ clkbuf_1_0__f_clk/A (sky130_fd_sc_hd__clkbuf_16)
                  0.11    0.28    0.94 ^ clkbuf_1_0__f_clk/X (sky130_fd_sc_hd__clkbuf_16)
    14    0.05                           clknet_1_0__leaf_clk (net)
                  0.11    0.00    0.94 ^ _407_/CLK (sky130_fd_sc_hd__dfrtp_4)
                          0.25    1.19   clock uncertainty
                          0.00    1.19   clock reconvergence pessimism
                          0.67    1.86   library removal time
                                  1.86   data required time
-----------------------------------------------------------------------------
                                  1.86   data required time
                                 -5.10   data arrival time
-----------------------------------------------------------------------------
                                  3.24   slack (MET)


Startpoint: rst (input port clocked by clk)
Endpoint: _399_ (removal check against rising-edge clock clk)
Path Group: asynchronous
Path Type: min
Corner: Slowest

Fanout     Cap    Slew   Delay    Time   Description
-----------------------------------------------------------------------------
                          0.00    0.00   clock clk (rise edge)
                          0.00    0.00   clock network delay (propagated)
                          4.00    4.00 v input external delay
                  0.02    0.01    4.01 v rst (in)
     1    0.00                           rst (net)
                  0.02    0.00    4.01 v input1/A (sky130_fd_sc_hd__buf_1)
                  0.18    0.23    4.24 v input1/X (sky130_fd_sc_hd__buf_1)
     1    0.02                           net1 (net)
                  0.18    0.00    4.24 v _367_/A (sky130_fd_sc_hd__buf_4)
                  0.15    0.37    4.61 v _367_/X (sky130_fd_sc_hd__buf_4)
    10    0.06                           _180_ (net)
                  0.15    0.01    4.62 v _368_/A (sky130_fd_sc_hd__buf_4)
                  0.17    0.37    4.99 v _368_/X (sky130_fd_sc_hd__buf_4)
    10    0.07                           _181_ (net)
                  0.17    0.01    5.00 v _370_/A (sky130_fd_sc_hd__inv_2)
                  0.06    0.10    5.10 ^ _370_/Y (sky130_fd_sc_hd__inv_2)
     1    0.00                           _001_ (net)
                  0.06    0.00    5.10 ^ _399_/RESET_B (sky130_fd_sc_hd__dfrtp_4)
                                  5.10   data arrival time

                          0.00    0.00   clock clk (rise edge)
                          0.00    0.00   clock source latency
                  0.37    0.28    0.28 ^ clk (in)
     1    0.05                           clk (net)
                  0.37    0.00    0.28 ^ clkbuf_0_clk/A (sky130_fd_sc_hd__clkbuf_16)
                  0.08    0.38    0.66 ^ clkbuf_0_clk/X (sky130_fd_sc_hd__clkbuf_16)
     2    0.02                           clknet_0_clk (net)
                  0.08    0.00    0.66 ^ clkbuf_1_1__f_clk/A (sky130_fd_sc_hd__clkbuf_16)
                  0.11    0.28    0.94 ^ clkbuf_1_1__f_clk/X (sky130_fd_sc_hd__clkbuf_16)
    14    0.05                           clknet_1_1__leaf_clk (net)
                  0.11    0.01    0.94 ^ _399_/CLK (sky130_fd_sc_hd__dfrtp_4)
                          0.25    1.19   clock uncertainty
                          0.00    1.19   clock reconvergence pessimism
                          0.67    1.86   library removal time
                                  1.86   data required time
-----------------------------------------------------------------------------
                                  1.86   data required time
                                 -5.10   data arrival time
-----------------------------------------------------------------------------
                                  3.24   slack (MET)


Startpoint: rst (input port clocked by clk)
Endpoint: _404_ (removal check against rising-edge clock clk)
Path Group: asynchronous
Path Type: min
Corner: Slowest

Fanout     Cap    Slew   Delay    Time   Description
-----------------------------------------------------------------------------
                          0.00    0.00   clock clk (rise edge)
                          0.00    0.00   clock network delay (propagated)
                          4.00    4.00 v input external delay
                  0.02    0.01    4.01 v rst (in)
     1    0.00                           rst (net)
                  0.02    0.00    4.01 v input1/A (sky130_fd_sc_hd__buf_1)
                  0.18    0.23    4.24 v input1/X (sky130_fd_sc_hd__buf_1)
     1    0.02                           net1 (net)
                  0.18    0.00    4.24 v _367_/A (sky130_fd_sc_hd__buf_4)
                  0.15    0.37    4.61 v _367_/X (sky130_fd_sc_hd__buf_4)
    10    0.06                           _180_ (net)
                  0.15    0.01    4.62 v _368_/A (sky130_fd_sc_hd__buf_4)
                  0.17    0.37    4.99 v _368_/X (sky130_fd_sc_hd__buf_4)
    10    0.07                           _181_ (net)
                  0.17    0.01    5.00 v _375_/A (sky130_fd_sc_hd__inv_2)
                  0.06    0.10    5.10 ^ _375_/Y (sky130_fd_sc_hd__inv_2)
     1    0.00                           _006_ (net)
                  0.06    0.00    5.10 ^ _404_/RESET_B (sky130_fd_sc_hd__dfrtp_4)
                                  5.10   data arrival time

                          0.00    0.00   clock clk (rise edge)
                          0.00    0.00   clock source latency
                  0.37    0.28    0.28 ^ clk (in)
     1    0.05                           clk (net)
                  0.37    0.00    0.28 ^ clkbuf_0_clk/A (sky130_fd_sc_hd__clkbuf_16)
                  0.08    0.38    0.66 ^ clkbuf_0_clk/X (sky130_fd_sc_hd__clkbuf_16)
     2    0.02                           clknet_0_clk (net)
                  0.08    0.00    0.66 ^ clkbuf_1_1__f_clk/A (sky130_fd_sc_hd__clkbuf_16)
                  0.11    0.28    0.94 ^ clkbuf_1_1__f_clk/X (sky130_fd_sc_hd__clkbuf_16)
    14    0.05                           clknet_1_1__leaf_clk (net)
                  0.11    0.01    0.94 ^ _404_/CLK (sky130_fd_sc_hd__dfrtp_4)
                          0.25    1.19   clock uncertainty
                          0.00    1.19   clock reconvergence pessimism
                          0.67    1.86   library removal time
                                  1.86   data required time
-----------------------------------------------------------------------------
                                  1.86   data required time
                                 -5.10   data arrival time
-----------------------------------------------------------------------------
                                  3.24   slack (MET)


Startpoint: rst (input port clocked by clk)
Endpoint: _401_ (removal check against rising-edge clock clk)
Path Group: asynchronous
Path Type: min
Corner: Slowest

Fanout     Cap    Slew   Delay    Time   Description
-----------------------------------------------------------------------------
                          0.00    0.00   clock clk (rise edge)
                          0.00    0.00   clock network delay (propagated)
                          4.00    4.00 v input external delay
                  0.02    0.01    4.01 v rst (in)
     1    0.00                           rst (net)
                  0.02    0.00    4.01 v input1/A (sky130_fd_sc_hd__buf_1)
                  0.18    0.23    4.24 v input1/X (sky130_fd_sc_hd__buf_1)
     1    0.02                           net1 (net)
                  0.18    0.00    4.24 v _367_/A (sky130_fd_sc_hd__buf_4)
                  0.15    0.37    4.61 v _367_/X (sky130_fd_sc_hd__buf_4)
    10    0.06                           _180_ (net)
                  0.15    0.01    4.62 v _368_/A (sky130_fd_sc_hd__buf_4)
                  0.17    0.37    4.99 v _368_/X (sky130_fd_sc_hd__buf_4)
    10    0.07                           _181_ (net)
                  0.17    0.01    5.00 v _372_/A (sky130_fd_sc_hd__inv_2)
                  0.06    0.10    5.10 ^ _372_/Y (sky130_fd_sc_hd__inv_2)
     1    0.00                           _003_ (net)
                  0.06    0.00    5.10 ^ _401_/RESET_B (sky130_fd_sc_hd__dfrtp_4)
                                  5.10   data arrival time

                          0.00    0.00   clock clk (rise edge)
                          0.00    0.00   clock source latency
                  0.37    0.28    0.28 ^ clk (in)
     1    0.05                           clk (net)
                  0.37    0.00    0.28 ^ clkbuf_0_clk/A (sky130_fd_sc_hd__clkbuf_16)
                  0.08    0.38    0.66 ^ clkbuf_0_clk/X (sky130_fd_sc_hd__clkbuf_16)
     2    0.02                           clknet_0_clk (net)
                  0.08    0.00    0.66 ^ clkbuf_1_1__f_clk/A (sky130_fd_sc_hd__clkbuf_16)
                  0.11    0.28    0.94 ^ clkbuf_1_1__f_clk/X (sky130_fd_sc_hd__clkbuf_16)
    14    0.05                           clknet_1_1__leaf_clk (net)
                  0.11    0.00    0.94 ^ _401_/CLK (sky130_fd_sc_hd__dfrtp_4)
                          0.25    1.19   clock uncertainty
                          0.00    1.19   clock reconvergence pessimism
                          0.67    1.86   library removal time
                                  1.86   data required time
-----------------------------------------------------------------------------
                                  1.86   data required time
                                 -5.10   data arrival time
-----------------------------------------------------------------------------
                                  3.24   slack (MET)


Startpoint: rst (input port clocked by clk)
Endpoint: _400_ (removal check against rising-edge clock clk)
Path Group: asynchronous
Path Type: min
Corner: Slowest

Fanout     Cap    Slew   Delay    Time   Description
-----------------------------------------------------------------------------
                          0.00    0.00   clock clk (rise edge)
                          0.00    0.00   clock network delay (propagated)
                          4.00    4.00 v input external delay
                  0.02    0.01    4.01 v rst (in)
     1    0.00                           rst (net)
                  0.02    0.00    4.01 v input1/A (sky130_fd_sc_hd__buf_1)
                  0.18    0.23    4.24 v input1/X (sky130_fd_sc_hd__buf_1)
     1    0.02                           net1 (net)
                  0.18    0.00    4.24 v _367_/A (sky130_fd_sc_hd__buf_4)
                  0.15    0.37    4.61 v _367_/X (sky130_fd_sc_hd__buf_4)
    10    0.06                           _180_ (net)
                  0.15    0.01    4.62 v _368_/A (sky130_fd_sc_hd__buf_4)
                  0.17    0.37    4.99 v _368_/X (sky130_fd_sc_hd__buf_4)
    10    0.07                           _181_ (net)
                  0.17    0.01    5.00 v _371_/A (sky130_fd_sc_hd__inv_2)
                  0.06    0.10    5.10 ^ _371_/Y (sky130_fd_sc_hd__inv_2)
     1    0.00                           _002_ (net)
                  0.06    0.00    5.10 ^ _400_/RESET_B (sky130_fd_sc_hd__dfrtp_4)
                                  5.10   data arrival time

                          0.00    0.00   clock clk (rise edge)
                          0.00    0.00   clock source latency
                  0.37    0.28    0.28 ^ clk (in)
     1    0.05                           clk (net)
                  0.37    0.00    0.28 ^ clkbuf_0_clk/A (sky130_fd_sc_hd__clkbuf_16)
                  0.08    0.38    0.66 ^ clkbuf_0_clk/X (sky130_fd_sc_hd__clkbuf_16)
     2    0.02                           clknet_0_clk (net)
                  0.08    0.00    0.66 ^ clkbuf_1_1__f_clk/A (sky130_fd_sc_hd__clkbuf_16)
                  0.11    0.28    0.94 ^ clkbuf_1_1__f_clk/X (sky130_fd_sc_hd__clkbuf_16)
    14    0.05                           clknet_1_1__leaf_clk (net)
                  0.11    0.00    0.94 ^ _400_/CLK (sky130_fd_sc_hd__dfrtp_4)
                          0.25    1.19   clock uncertainty
                          0.00    1.19   clock reconvergence pessimism
                          0.67    1.86   library removal time
                                  1.86   data required time
-----------------------------------------------------------------------------
                                  1.86   data required time
                                 -5.10   data arrival time
-----------------------------------------------------------------------------
                                  3.24   slack (MET)


Startpoint: rst (input port clocked by clk)
Endpoint: _398_ (removal check against rising-edge clock clk)
Path Group: asynchronous
Path Type: min
Corner: Slowest

Fanout     Cap    Slew   Delay    Time   Description
-----------------------------------------------------------------------------
                          0.00    0.00   clock clk (rise edge)
                          0.00    0.00   clock network delay (propagated)
                          4.00    4.00 v input external delay
                  0.02    0.01    4.01 v rst (in)
     1    0.00                           rst (net)
                  0.02    0.00    4.01 v input1/A (sky130_fd_sc_hd__buf_1)
                  0.18    0.23    4.24 v input1/X (sky130_fd_sc_hd__buf_1)
     1    0.02                           net1 (net)
                  0.18    0.00    4.24 v _367_/A (sky130_fd_sc_hd__buf_4)
                  0.15    0.37    4.61 v _367_/X (sky130_fd_sc_hd__buf_4)
    10    0.06                           _180_ (net)
                  0.15    0.01    4.62 v _368_/A (sky130_fd_sc_hd__buf_4)
                  0.17    0.37    4.99 v _368_/X (sky130_fd_sc_hd__buf_4)
    10    0.07                           _181_ (net)
                  0.17    0.01    5.00 v _369_/A (sky130_fd_sc_hd__inv_2)
                  0.06    0.11    5.11 ^ _369_/Y (sky130_fd_sc_hd__inv_2)
     1    0.00                           _000_ (net)
                  0.06    0.00    5.11 ^ _398_/RESET_B (sky130_fd_sc_hd__dfrtp_4)
                                  5.11   data arrival time

                          0.00    0.00   clock clk (rise edge)
                          0.00    0.00   clock source latency
                  0.37    0.28    0.28 ^ clk (in)
     1    0.05                           clk (net)
                  0.37    0.00    0.28 ^ clkbuf_0_clk/A (sky130_fd_sc_hd__clkbuf_16)
                  0.08    0.38    0.66 ^ clkbuf_0_clk/X (sky130_fd_sc_hd__clkbuf_16)
     2    0.02                           clknet_0_clk (net)
                  0.08    0.00    0.66 ^ clkbuf_1_1__f_clk/A (sky130_fd_sc_hd__clkbuf_16)
                  0.11    0.28    0.94 ^ clkbuf_1_1__f_clk/X (sky130_fd_sc_hd__clkbuf_16)
    14    0.05                           clknet_1_1__leaf_clk (net)
                  0.11    0.01    0.94 ^ _398_/CLK (sky130_fd_sc_hd__dfrtp_4)
                          0.25    1.19   clock uncertainty
                          0.00    1.19   clock reconvergence pessimism
                          0.67    1.86   library removal time
                                  1.86   data required time
-----------------------------------------------------------------------------
                                  1.86   data required time
                                 -5.11   data arrival time
-----------------------------------------------------------------------------
                                  3.24   slack (MET)


Startpoint: rst (input port clocked by clk)
Endpoint: _405_ (removal check against rising-edge clock clk)
Path Group: asynchronous
Path Type: min
Corner: Slowest

Fanout     Cap    Slew   Delay    Time   Description
-----------------------------------------------------------------------------
                          0.00    0.00   clock clk (rise edge)
                          0.00    0.00   clock network delay (propagated)
                          4.00    4.00 v input external delay
                  0.02    0.01    4.01 v rst (in)
     1    0.00                           rst (net)
                  0.02    0.00    4.01 v input1/A (sky130_fd_sc_hd__buf_1)
                  0.18    0.23    4.24 v input1/X (sky130_fd_sc_hd__buf_1)
     1    0.02                           net1 (net)
                  0.18    0.00    4.24 v _367_/A (sky130_fd_sc_hd__buf_4)
                  0.15    0.37    4.61 v _367_/X (sky130_fd_sc_hd__buf_4)
    10    0.06                           _180_ (net)
                  0.15    0.01    4.62 v _368_/A (sky130_fd_sc_hd__buf_4)
                  0.17    0.37    4.99 v _368_/X (sky130_fd_sc_hd__buf_4)
    10    0.07                           _181_ (net)
                  0.17    0.01    5.00 v _376_/A (sky130_fd_sc_hd__inv_2)
                  0.06    0.11    5.10 ^ _376_/Y (sky130_fd_sc_hd__inv_2)
     1    0.00                           _007_ (net)
                  0.06    0.00    5.10 ^ _405_/RESET_B (sky130_fd_sc_hd__dfrtp_4)
                                  5.10   data arrival time

                          0.00    0.00   clock clk (rise edge)
                          0.00    0.00   clock source latency
                  0.37    0.28    0.28 ^ clk (in)
     1    0.05                           clk (net)
                  0.37    0.00    0.28 ^ clkbuf_0_clk/A (sky130_fd_sc_hd__clkbuf_16)
                  0.08    0.38    0.66 ^ clkbuf_0_clk/X (sky130_fd_sc_hd__clkbuf_16)
     2    0.02                           clknet_0_clk (net)
                  0.08    0.00    0.66 ^ clkbuf_1_1__f_clk/A (sky130_fd_sc_hd__clkbuf_16)
                  0.11    0.28    0.94 ^ clkbuf_1_1__f_clk/X (sky130_fd_sc_hd__clkbuf_16)
    14    0.05                           clknet_1_1__leaf_clk (net)
                  0.11    0.00    0.94 ^ _405_/CLK (sky130_fd_sc_hd__dfrtp_4)
                          0.25    1.19   clock uncertainty
                          0.00    1.19   clock reconvergence pessimism
                          0.67    1.86   library removal time
                                  1.86   data required time
-----------------------------------------------------------------------------
                                  1.86   data required time
                                 -5.10   data arrival time
-----------------------------------------------------------------------------
                                  3.24   slack (MET)


Startpoint: _406_ (rising edge-triggered flip-flop clocked by clk)
Endpoint: A_out[4] (output port clocked by clk)
Path Group: clk
Path Type: min
Corner: Slowest

Fanout     Cap    Slew   Delay    Time   Description
-----------------------------------------------------------------------------
                          0.00    0.00   clock clk (rise edge)
                          0.00    0.00   clock source latency
                  0.37    0.25    0.25 ^ clk (in)
     1    0.05                           clk (net)
                  0.37    0.00    0.25 ^ clkbuf_0_clk/A (sky130_fd_sc_hd__clkbuf_16)
                  0.08    0.34    0.60 ^ clkbuf_0_clk/X (sky130_fd_sc_hd__clkbuf_16)
     2    0.02                           clknet_0_clk (net)
                  0.08    0.00    0.60 ^ clkbuf_1_0__f_clk/A (sky130_fd_sc_hd__clkbuf_16)
                  0.11    0.25    0.85 ^ clkbuf_1_0__f_clk/X (sky130_fd_sc_hd__clkbuf_16)
    14    0.05                           clknet_1_0__leaf_clk (net)
                  0.11    0.01    0.86 ^ _406_/CLK (sky130_fd_sc_hd__dfrtp_2)
                  0.22    0.80    1.66 ^ _406_/Q (sky130_fd_sc_hd__dfrtp_2)
     3    0.03                           net6 (net)
                  0.22    0.00    1.66 ^ output6/A (sky130_fd_sc_hd__clkbuf_4)
                  0.18    0.38    2.04 ^ output6/X (sky130_fd_sc_hd__clkbuf_4)
     1    0.03                           A_out[4] (net)
                  0.18    0.00    2.04 ^ A_out[4] (out)
                                  2.04   data arrival time

                          0.00    0.00   clock clk (rise edge)
                          0.00    0.00   clock network delay (propagated)
                          0.25    0.25   clock uncertainty
                          0.00    0.25   clock reconvergence pessimism
                         -4.00   -3.75   output external delay
                                 -3.75   data required time
-----------------------------------------------------------------------------
                                 -3.75   data required time
                                 -2.04   data arrival time
-----------------------------------------------------------------------------
                                  5.79   slack (MET)


Startpoint: _412_ (rising edge-triggered flip-flop clocked by clk)
Endpoint: last_opcode_out[3] (output port clocked by clk)
Path Group: clk
Path Type: min
Corner: Slowest

Fanout     Cap    Slew   Delay    Time   Description
-----------------------------------------------------------------------------
                          0.00    0.00   clock clk (rise edge)
                          0.00    0.00   clock source latency
                  0.37    0.25    0.25 ^ clk (in)
     1    0.05                           clk (net)
                  0.37    0.00    0.25 ^ clkbuf_0_clk/A (sky130_fd_sc_hd__clkbuf_16)
                  0.08    0.34    0.60 ^ clkbuf_0_clk/X (sky130_fd_sc_hd__clkbuf_16)
     2    0.02                           clknet_0_clk (net)
                  0.08    0.00    0.60 ^ clkbuf_1_1__f_clk/A (sky130_fd_sc_hd__clkbuf_16)
                  0.11    0.25    0.85 ^ clkbuf_1_1__f_clk/X (sky130_fd_sc_hd__clkbuf_16)
    14    0.05                           clknet_1_1__leaf_clk (net)
                  0.11    0.01    0.85 ^ _412_/CLK (sky130_fd_sc_hd__dfrtp_2)
                  0.23    0.81    1.66 ^ _412_/Q (sky130_fd_sc_hd__dfrtp_2)
     2    0.03                           net25 (net)
                  0.23    0.00    1.67 ^ output25/A (sky130_fd_sc_hd__clkbuf_4)
                  0.18    0.38    2.05 ^ output25/X (sky130_fd_sc_hd__clkbuf_4)
     1    0.03                           last_opcode_out[3] (net)
                  0.18    0.00    2.05 ^ last_opcode_out[3] (out)
                                  2.05   data arrival time

                          0.00    0.00   clock clk (rise edge)
                          0.00    0.00   clock network delay (propagated)
                          0.25    0.25   clock uncertainty
                          0.00    0.25   clock reconvergence pessimism
                         -4.00   -3.75   output external delay
                                 -3.75   data required time
-----------------------------------------------------------------------------
                                 -3.75   data required time
                                 -2.05   data arrival time
-----------------------------------------------------------------------------
                                  5.80   slack (MET)


Startpoint: _402_ (rising edge-triggered flip-flop clocked by clk)
Endpoint: A_out[0] (output port clocked by clk)
Path Group: clk
Path Type: min
Corner: Slowest

Fanout     Cap    Slew   Delay    Time   Description
-----------------------------------------------------------------------------
                          0.00    0.00   clock clk (rise edge)
                          0.00    0.00   clock source latency
                  0.37    0.25    0.25 ^ clk (in)
     1    0.05                           clk (net)
                  0.37    0.00    0.25 ^ clkbuf_0_clk/A (sky130_fd_sc_hd__clkbuf_16)
                  0.08    0.34    0.60 ^ clkbuf_0_clk/X (sky130_fd_sc_hd__clkbuf_16)
     2    0.02                           clknet_0_clk (net)
                  0.08    0.00    0.60 ^ clkbuf_1_1__f_clk/A (sky130_fd_sc_hd__clkbuf_16)
                  0.11    0.25    0.85 ^ clkbuf_1_1__f_clk/X (sky130_fd_sc_hd__clkbuf_16)
    14    0.05                           clknet_1_1__leaf_clk (net)
                  0.11    0.01    0.85 ^ _402_/CLK (sky130_fd_sc_hd__dfrtp_4)
                  0.21    0.90    1.75 ^ _402_/Q (sky130_fd_sc_hd__dfrtp_4)
     4    0.03                           net2 (net)
                  0.21    0.00    1.75 ^ output2/A (sky130_fd_sc_hd__clkbuf_4)
                  0.18    0.37    2.13 ^ output2/X (sky130_fd_sc_hd__clkbuf_4)
     1    0.03                           A_out[0] (net)
                  0.18    0.00    2.13 ^ A_out[0] (out)
                                  2.13   data arrival time

                          0.00    0.00   clock clk (rise edge)
                          0.00    0.00   clock network delay (propagated)
                          0.25    0.25   clock uncertainty
                          0.00    0.25   clock reconvergence pessimism
                         -4.00   -3.75   output external delay
                                 -3.75   data required time
-----------------------------------------------------------------------------
                                 -3.75   data required time
                                 -2.13   data arrival time
-----------------------------------------------------------------------------
                                  5.88   slack (MET)


Startpoint: _415_ (rising edge-triggered flip-flop clocked by clk)
Endpoint: flags_out[1] (output port clocked by clk)
Path Group: clk
Path Type: min
Corner: Slowest

Fanout     Cap    Slew   Delay    Time   Description
-----------------------------------------------------------------------------
                          0.00    0.00   clock clk (rise edge)
                          0.00    0.00   clock source latency
                  0.37    0.25    0.25 ^ clk (in)
     1    0.05                           clk (net)
                  0.37    0.00    0.25 ^ clkbuf_0_clk/A (sky130_fd_sc_hd__clkbuf_16)
                  0.08    0.34    0.60 ^ clkbuf_0_clk/X (sky130_fd_sc_hd__clkbuf_16)
     2    0.02                           clknet_0_clk (net)
                  0.08    0.00    0.60 ^ clkbuf_1_0__f_clk/A (sky130_fd_sc_hd__clkbuf_16)
                  0.11    0.25    0.85 ^ clkbuf_1_0__f_clk/X (sky130_fd_sc_hd__clkbuf_16)
    14    0.05                           clknet_1_0__leaf_clk (net)
                  0.11    0.00    0.85 ^ _415_/CLK (sky130_fd_sc_hd__dfrtp_4)
                  0.21    0.90    1.75 ^ _415_/Q (sky130_fd_sc_hd__dfrtp_4)
     2    0.03                           net19 (net)
                  0.21    0.01    1.76 ^ output19/A (sky130_fd_sc_hd__clkbuf_4)
                  0.18    0.37    2.13 ^ output19/X (sky130_fd_sc_hd__clkbuf_4)
     1    0.03                           flags_out[1] (net)
                  0.18    0.00    2.13 ^ flags_out[1] (out)
                                  2.13   data arrival time

                          0.00    0.00   clock clk (rise edge)
                          0.00    0.00   clock network delay (propagated)
                          0.25    0.25   clock uncertainty
                          0.00    0.25   clock reconvergence pessimism
                         -4.00   -3.75   output external delay
                                 -3.75   data required time
-----------------------------------------------------------------------------
                                 -3.75   data required time
                                 -2.13   data arrival time
-----------------------------------------------------------------------------
                                  5.88   slack (MET)


Startpoint: _408_ (rising edge-triggered flip-flop clocked by clk)
Endpoint: A_out[6] (output port clocked by clk)
Path Group: clk
Path Type: min
Corner: Slowest

Fanout     Cap    Slew   Delay    Time   Description
-----------------------------------------------------------------------------
                          0.00    0.00   clock clk (rise edge)
                          0.00    0.00   clock source latency
                  0.37    0.25    0.25 ^ clk (in)
     1    0.05                           clk (net)
                  0.37    0.00    0.25 ^ clkbuf_0_clk/A (sky130_fd_sc_hd__clkbuf_16)
                  0.08    0.34    0.60 ^ clkbuf_0_clk/X (sky130_fd_sc_hd__clkbuf_16)
     2    0.02                           clknet_0_clk (net)
                  0.08    0.00    0.60 ^ clkbuf_1_0__f_clk/A (sky130_fd_sc_hd__clkbuf_16)
                  0.11    0.25    0.85 ^ clkbuf_1_0__f_clk/X (sky130_fd_sc_hd__clkbuf_16)
    14    0.05                           clknet_1_0__leaf_clk (net)
                  0.11    0.00    0.86 ^ _408_/CLK (sky130_fd_sc_hd__dfrtp_4)
                  0.20    0.89    1.75 ^ _408_/Q (sky130_fd_sc_hd__dfrtp_4)
     3    0.03                           net8 (net)
                  0.20    0.00    1.75 ^ output8/A (sky130_fd_sc_hd__buf_2)
                  0.27    0.38    2.14 ^ output8/X (sky130_fd_sc_hd__buf_2)
     1    0.03                           A_out[6] (net)
                  0.27    0.00    2.14 ^ A_out[6] (out)
                                  2.14   data arrival time

                          0.00    0.00   clock clk (rise edge)
                          0.00    0.00   clock network delay (propagated)
                          0.25    0.25   clock uncertainty
                          0.00    0.25   clock reconvergence pessimism
                         -4.00   -3.75   output external delay
                                 -3.75   data required time
-----------------------------------------------------------------------------
                                 -3.75   data required time
                                 -2.14   data arrival time
-----------------------------------------------------------------------------
                                  5.89   slack (MET)


Startpoint: _411_ (rising edge-triggered flip-flop clocked by clk)
Endpoint: last_opcode_out[2] (output port clocked by clk)
Path Group: clk
Path Type: min
Corner: Slowest

Fanout     Cap    Slew   Delay    Time   Description
-----------------------------------------------------------------------------
                          0.00    0.00   clock clk (rise edge)
                          0.00    0.00   clock source latency
                  0.37    0.25    0.25 ^ clk (in)
     1    0.05                           clk (net)
                  0.37    0.00    0.25 ^ clkbuf_0_clk/A (sky130_fd_sc_hd__clkbuf_16)
                  0.08    0.34    0.60 ^ clkbuf_0_clk/X (sky130_fd_sc_hd__clkbuf_16)
     2    0.02                           clknet_0_clk (net)
                  0.08    0.00    0.60 ^ clkbuf_1_1__f_clk/A (sky130_fd_sc_hd__clkbuf_16)
                  0.11    0.25    0.85 ^ clkbuf_1_1__f_clk/X (sky130_fd_sc_hd__clkbuf_16)
    14    0.05                           clknet_1_1__leaf_clk (net)
                  0.11    0.01    0.85 ^ _411_/CLK (sky130_fd_sc_hd__dfrtp_4)
                  0.21    0.90    1.76 ^ _411_/Q (sky130_fd_sc_hd__dfrtp_4)
     2    0.03                           net24 (net)
                  0.21    0.01    1.76 ^ output24/A (sky130_fd_sc_hd__clkbuf_4)
                  0.18    0.38    2.14 ^ output24/X (sky130_fd_sc_hd__clkbuf_4)
     1    0.03                           last_opcode_out[2] (net)
                  0.18    0.00    2.14 ^ last_opcode_out[2] (out)
                                  2.14   data arrival time

                          0.00    0.00   clock clk (rise edge)
                          0.00    0.00   clock network delay (propagated)
                          0.25    0.25   clock uncertainty
                          0.00    0.25   clock reconvergence pessimism
                         -4.00   -3.75   output external delay
                                 -3.75   data required time
-----------------------------------------------------------------------------
                                 -3.75   data required time
                                 -2.14   data arrival time
-----------------------------------------------------------------------------
                                  5.89   slack (MET)


Startpoint: _417_ (rising edge-triggered flip-flop clocked by clk)
Endpoint: flags_out[3] (output port clocked by clk)
Path Group: clk
Path Type: min
Corner: Slowest

Fanout     Cap    Slew   Delay    Time   Description
-----------------------------------------------------------------------------
                          0.00    0.00   clock clk (rise edge)
                          0.00    0.00   clock source latency
                  0.37    0.25    0.25 ^ clk (in)
     1    0.05                           clk (net)
                  0.37    0.00    0.25 ^ clkbuf_0_clk/A (sky130_fd_sc_hd__clkbuf_16)
                  0.08    0.34    0.60 ^ clkbuf_0_clk/X (sky130_fd_sc_hd__clkbuf_16)
     2    0.02                           clknet_0_clk (net)
                  0.08    0.00    0.60 ^ clkbuf_1_0__f_clk/A (sky130_fd_sc_hd__clkbuf_16)
                  0.11    0.25    0.85 ^ clkbuf_1_0__f_clk/X (sky130_fd_sc_hd__clkbuf_16)
    14    0.05                           clknet_1_0__leaf_clk (net)
                  0.11    0.00    0.85 ^ _417_/CLK (sky130_fd_sc_hd__dfrtp_4)
                  0.22    0.91    1.76 ^ _417_/Q (sky130_fd_sc_hd__dfrtp_4)
     3    0.04                           net21 (net)
                  0.22    0.00    1.77 ^ output21/A (sky130_fd_sc_hd__clkbuf_4)
                  0.18    0.38    2.14 ^ output21/X (sky130_fd_sc_hd__clkbuf_4)
     1    0.03                           flags_out[3] (net)
                  0.18    0.00    2.14 ^ flags_out[3] (out)
                                  2.14   data arrival time

                          0.00    0.00   clock clk (rise edge)
                          0.00    0.00   clock network delay (propagated)
                          0.25    0.25   clock uncertainty
                          0.00    0.25   clock reconvergence pessimism
                         -4.00   -3.75   output external delay
                                 -3.75   data required time
-----------------------------------------------------------------------------
                                 -3.75   data required time
                                 -2.14   data arrival time
-----------------------------------------------------------------------------
                                  5.89   slack (MET)


Startpoint: _421_ (rising edge-triggered flip-flop clocked by clk)
Endpoint: B_out[3] (output port clocked by clk)
Path Group: clk
Path Type: min
Corner: Slowest

Fanout     Cap    Slew   Delay    Time   Description
-----------------------------------------------------------------------------
                          0.00    0.00   clock clk (rise edge)
                          0.00    0.00   clock source latency
                  0.37    0.25    0.25 ^ clk (in)
     1    0.05                           clk (net)
                  0.37    0.00    0.25 ^ clkbuf_0_clk/A (sky130_fd_sc_hd__clkbuf_16)
                  0.08    0.34    0.60 ^ clkbuf_0_clk/X (sky130_fd_sc_hd__clkbuf_16)
     2    0.02                           clknet_0_clk (net)
                  0.08    0.00    0.60 ^ clkbuf_1_1__f_clk/A (sky130_fd_sc_hd__clkbuf_16)
                  0.11    0.25    0.85 ^ clkbuf_1_1__f_clk/X (sky130_fd_sc_hd__clkbuf_16)
    14    0.05                           clknet_1_1__leaf_clk (net)
                  0.11    0.00    0.85 ^ _421_/CLK (sky130_fd_sc_hd__dfrtp_4)
                  0.22    0.91    1.76 ^ _421_/Q (sky130_fd_sc_hd__dfrtp_4)
     4    0.04                           net13 (net)
                  0.22    0.00    1.76 ^ output13/A (sky130_fd_sc_hd__clkbuf_4)
                  0.18    0.38    2.14 ^ output13/X (sky130_fd_sc_hd__clkbuf_4)
     1    0.03                           B_out[3] (net)
                  0.18    0.00    2.14 ^ B_out[3] (out)
                                  2.14   data arrival time

                          0.00    0.00   clock clk (rise edge)
                          0.00    0.00   clock network delay (propagated)
                          0.25    0.25   clock uncertainty
                          0.00    0.25   clock reconvergence pessimism
                         -4.00   -3.75   output external delay
                                 -3.75   data required time
-----------------------------------------------------------------------------
                                 -3.75   data required time
                                 -2.14   data arrival time
-----------------------------------------------------------------------------
                                  5.89   slack (MET)


Startpoint: _416_ (rising edge-triggered flip-flop clocked by clk)
Endpoint: flags_out[2] (output port clocked by clk)
Path Group: clk
Path Type: min
Corner: Slowest

Fanout     Cap    Slew   Delay    Time   Description
-----------------------------------------------------------------------------
                          0.00    0.00   clock clk (rise edge)
                          0.00    0.00   clock source latency
                  0.37    0.25    0.25 ^ clk (in)
     1    0.05                           clk (net)
                  0.37    0.00    0.25 ^ clkbuf_0_clk/A (sky130_fd_sc_hd__clkbuf_16)
                  0.08    0.34    0.60 ^ clkbuf_0_clk/X (sky130_fd_sc_hd__clkbuf_16)
     2    0.02                           clknet_0_clk (net)
                  0.08    0.00    0.60 ^ clkbuf_1_0__f_clk/A (sky130_fd_sc_hd__clkbuf_16)
                  0.11    0.25    0.85 ^ clkbuf_1_0__f_clk/X (sky130_fd_sc_hd__clkbuf_16)
    14    0.05                           clknet_1_0__leaf_clk (net)
                  0.11    0.00    0.85 ^ _416_/CLK (sky130_fd_sc_hd__dfrtp_4)
                  0.21    0.90    1.75 ^ _416_/Q (sky130_fd_sc_hd__dfrtp_4)
     2    0.03                           net20 (net)
                  0.21    0.00    1.76 ^ output20/A (sky130_fd_sc_hd__buf_2)
                  0.27    0.39    2.15 ^ output20/X (sky130_fd_sc_hd__buf_2)
     1    0.03                           flags_out[2] (net)
                  0.27    0.00    2.15 ^ flags_out[2] (out)
                                  2.15   data arrival time

                          0.00    0.00   clock clk (rise edge)
                          0.00    0.00   clock network delay (propagated)
                          0.25    0.25   clock uncertainty
                          0.00    0.25   clock reconvergence pessimism
                         -4.00   -3.75   output external delay
                                 -3.75   data required time
-----------------------------------------------------------------------------
                                 -3.75   data required time
                                 -2.15   data arrival time
-----------------------------------------------------------------------------
                                  5.90   slack (MET)


Startpoint: _409_ (rising edge-triggered flip-flop clocked by clk)
Endpoint: A_out[7] (output port clocked by clk)
Path Group: clk
Path Type: min
Corner: Slowest

Fanout     Cap    Slew   Delay    Time   Description
-----------------------------------------------------------------------------
                          0.00    0.00   clock clk (rise edge)
                          0.00    0.00   clock source latency
                  0.37    0.25    0.25 ^ clk (in)
     1    0.05                           clk (net)
                  0.37    0.00    0.25 ^ clkbuf_0_clk/A (sky130_fd_sc_hd__clkbuf_16)
                  0.08    0.34    0.60 ^ clkbuf_0_clk/X (sky130_fd_sc_hd__clkbuf_16)
     2    0.02                           clknet_0_clk (net)
                  0.08    0.00    0.60 ^ clkbuf_1_0__f_clk/A (sky130_fd_sc_hd__clkbuf_16)
                  0.11    0.25    0.85 ^ clkbuf_1_0__f_clk/X (sky130_fd_sc_hd__clkbuf_16)
    14    0.05                           clknet_1_0__leaf_clk (net)
                  0.11    0.00    0.85 ^ _409_/CLK (sky130_fd_sc_hd__dfrtp_4)
                  0.22    0.91    1.76 ^ _409_/Q (sky130_fd_sc_hd__dfrtp_4)
     3    0.04                           net9 (net)
                  0.22    0.01    1.77 ^ output9/A (sky130_fd_sc_hd__clkbuf_4)
                  0.18    0.38    2.15 ^ output9/X (sky130_fd_sc_hd__clkbuf_4)
     1    0.03                           A_out[7] (net)
                  0.18    0.00    2.15 ^ A_out[7] (out)
                                  2.15   data arrival time

                          0.00    0.00   clock clk (rise edge)
                          0.00    0.00   clock network delay (propagated)
                          0.25    0.25   clock uncertainty
                          0.00    0.25   clock reconvergence pessimism
                         -4.00   -3.75   output external delay
                                 -3.75   data required time
-----------------------------------------------------------------------------
                                 -3.75   data required time
                                 -2.15   data arrival time
-----------------------------------------------------------------------------
                                  5.90   slack (MET)


Startpoint: _425_ (rising edge-triggered flip-flop clocked by clk)
Endpoint: B_out[7] (output port clocked by clk)
Path Group: clk
Path Type: min
Corner: Slowest

Fanout     Cap    Slew   Delay    Time   Description
-----------------------------------------------------------------------------
                          0.00    0.00   clock clk (rise edge)
                          0.00    0.00   clock source latency
                  0.37    0.25    0.25 ^ clk (in)
     1    0.05                           clk (net)
                  0.37    0.00    0.25 ^ clkbuf_0_clk/A (sky130_fd_sc_hd__clkbuf_16)
                  0.08    0.34    0.60 ^ clkbuf_0_clk/X (sky130_fd_sc_hd__clkbuf_16)
     2    0.02                           clknet_0_clk (net)
                  0.08    0.00    0.60 ^ clkbuf_1_0__f_clk/A (sky130_fd_sc_hd__clkbuf_16)
                  0.11    0.25    0.85 ^ clkbuf_1_0__f_clk/X (sky130_fd_sc_hd__clkbuf_16)
    14    0.05                           clknet_1_0__leaf_clk (net)
                  0.11    0.00    0.85 ^ _425_/CLK (sky130_fd_sc_hd__dfrtp_4)
                  0.24    0.93    1.78 ^ _425_/Q (sky130_fd_sc_hd__dfrtp_4)
     3    0.04                           net17 (net)
                  0.24    0.00    1.79 ^ output17/A (sky130_fd_sc_hd__clkbuf_4)
                  0.18    0.39    2.17 ^ output17/X (sky130_fd_sc_hd__clkbuf_4)
     1    0.03                           B_out[7] (net)
                  0.18    0.00    2.17 ^ B_out[7] (out)
                                  2.17   data arrival time

                          0.00    0.00   clock clk (rise edge)
                          0.00    0.00   clock network delay (propagated)
                          0.25    0.25   clock uncertainty
                          0.00    0.25   clock reconvergence pessimism
                         -4.00   -3.75   output external delay
                                 -3.75   data required time
-----------------------------------------------------------------------------
                                 -3.75   data required time
                                 -2.17   data arrival time
-----------------------------------------------------------------------------
                                  5.92   slack (MET)


Startpoint: _405_ (rising edge-triggered flip-flop clocked by clk)
Endpoint: A_out[3] (output port clocked by clk)
Path Group: clk
Path Type: min
Corner: Slowest

Fanout     Cap    Slew   Delay    Time   Description
-----------------------------------------------------------------------------
                          0.00    0.00   clock clk (rise edge)
                          0.00    0.00   clock source latency
                  0.37    0.25    0.25 ^ clk (in)
     1    0.05                           clk (net)
                  0.37    0.00    0.25 ^ clkbuf_0_clk/A (sky130_fd_sc_hd__clkbuf_16)
                  0.08    0.34    0.60 ^ clkbuf_0_clk/X (sky130_fd_sc_hd__clkbuf_16)
     2    0.02                           clknet_0_clk (net)
                  0.08    0.00    0.60 ^ clkbuf_1_1__f_clk/A (sky130_fd_sc_hd__clkbuf_16)
                  0.11    0.25    0.85 ^ clkbuf_1_1__f_clk/X (sky130_fd_sc_hd__clkbuf_16)
    14    0.05                           clknet_1_1__leaf_clk (net)
                  0.11    0.00    0.85 ^ _405_/CLK (sky130_fd_sc_hd__dfrtp_4)
                  0.25    0.93    1.78 ^ _405_/Q (sky130_fd_sc_hd__dfrtp_4)
     3    0.04                           net5 (net)
                  0.25    0.01    1.79 ^ output5/A (sky130_fd_sc_hd__clkbuf_4)
                  0.18    0.39    2.18 ^ output5/X (sky130_fd_sc_hd__clkbuf_4)
     1    0.03                           A_out[3] (net)
                  0.18    0.00    2.18 ^ A_out[3] (out)
                                  2.18   data arrival time

                          0.00    0.00   clock clk (rise edge)
                          0.00    0.00   clock network delay (propagated)
                          0.25    0.25   clock uncertainty
                          0.00    0.25   clock reconvergence pessimism
                         -4.00   -3.75   output external delay
                                 -3.75   data required time
-----------------------------------------------------------------------------
                                 -3.75   data required time
                                 -2.18   data arrival time
-----------------------------------------------------------------------------
                                  5.93   slack (MET)


Startpoint: _423_ (rising edge-triggered flip-flop clocked by clk)
Endpoint: B_out[5] (output port clocked by clk)
Path Group: clk
Path Type: min
Corner: Slowest

Fanout     Cap    Slew   Delay    Time   Description
-----------------------------------------------------------------------------
                          0.00    0.00   clock clk (rise edge)
                          0.00    0.00   clock source latency
                  0.37    0.25    0.25 ^ clk (in)
     1    0.05                           clk (net)
                  0.37    0.00    0.25 ^ clkbuf_0_clk/A (sky130_fd_sc_hd__clkbuf_16)
                  0.08    0.34    0.60 ^ clkbuf_0_clk/X (sky130_fd_sc_hd__clkbuf_16)
     2    0.02                           clknet_0_clk (net)
                  0.08    0.00    0.60 ^ clkbuf_1_0__f_clk/A (sky130_fd_sc_hd__clkbuf_16)
                  0.11    0.25    0.85 ^ clkbuf_1_0__f_clk/X (sky130_fd_sc_hd__clkbuf_16)
    14    0.05                           clknet_1_0__leaf_clk (net)
                  0.11    0.00    0.85 ^ _423_/CLK (sky130_fd_sc_hd__dfrtp_4)
                  0.25    0.93    1.79 ^ _423_/Q (sky130_fd_sc_hd__dfrtp_4)
     3    0.04                           net15 (net)
                  0.25    0.01    1.79 ^ output15/A (sky130_fd_sc_hd__clkbuf_4)
                  0.18    0.39    2.18 ^ output15/X (sky130_fd_sc_hd__clkbuf_4)
     1    0.03                           B_out[5] (net)
                  0.18    0.00    2.18 ^ B_out[5] (out)
                                  2.18   data arrival time

                          0.00    0.00   clock clk (rise edge)
                          0.00    0.00   clock network delay (propagated)
                          0.25    0.25   clock uncertainty
                          0.00    0.25   clock reconvergence pessimism
                         -4.00   -3.75   output external delay
                                 -3.75   data required time
-----------------------------------------------------------------------------
                                 -3.75   data required time
                                 -2.18   data arrival time
-----------------------------------------------------------------------------
                                  5.93   slack (MET)


Startpoint: _414_ (rising edge-triggered flip-flop clocked by clk)
Endpoint: flags_out[0] (output port clocked by clk)
Path Group: clk
Path Type: min
Corner: Slowest

Fanout     Cap    Slew   Delay    Time   Description
-----------------------------------------------------------------------------
                          0.00    0.00   clock clk (rise edge)
                          0.00    0.00   clock source latency
                  0.37    0.25    0.25 ^ clk (in)
     1    0.05                           clk (net)
                  0.37    0.00    0.25 ^ clkbuf_0_clk/A (sky130_fd_sc_hd__clkbuf_16)
                  0.08    0.34    0.60 ^ clkbuf_0_clk/X (sky130_fd_sc_hd__clkbuf_16)
     2    0.02                           clknet_0_clk (net)
                  0.08    0.00    0.60 ^ clkbuf_1_0__f_clk/A (sky130_fd_sc_hd__clkbuf_16)
                  0.11    0.25    0.85 ^ clkbuf_1_0__f_clk/X (sky130_fd_sc_hd__clkbuf_16)
    14    0.05                           clknet_1_0__leaf_clk (net)
                  0.11    0.00    0.85 ^ _414_/CLK (sky130_fd_sc_hd__dfrtp_4)
                  0.26    0.94    1.79 ^ _414_/Q (sky130_fd_sc_hd__dfrtp_4)
     2    0.05                           net18 (net)
                  0.26    0.01    1.80 ^ output18/A (sky130_fd_sc_hd__clkbuf_4)
                  0.18    0.39    2.19 ^ output18/X (sky130_fd_sc_hd__clkbuf_4)
     1    0.03                           flags_out[0] (net)
                  0.18    0.00    2.19 ^ flags_out[0] (out)
                                  2.19   data arrival time

                          0.00    0.00   clock clk (rise edge)
                          0.00    0.00   clock network delay (propagated)
                          0.25    0.25   clock uncertainty
                          0.00    0.25   clock reconvergence pessimism
                         -4.00   -3.75   output external delay
                                 -3.75   data required time
-----------------------------------------------------------------------------
                                 -3.75   data required time
                                 -2.19   data arrival time
-----------------------------------------------------------------------------
                                  5.94   slack (MET)


Startpoint: _403_ (rising edge-triggered flip-flop clocked by clk)
Endpoint: A_out[1] (output port clocked by clk)
Path Group: clk
Path Type: min
Corner: Slowest

Fanout     Cap    Slew   Delay    Time   Description
-----------------------------------------------------------------------------
                          0.00    0.00   clock clk (rise edge)
                          0.00    0.00   clock source latency
                  0.37    0.25    0.25 ^ clk (in)
     1    0.05                           clk (net)
                  0.37    0.00    0.25 ^ clkbuf_0_clk/A (sky130_fd_sc_hd__clkbuf_16)
                  0.08    0.34    0.60 ^ clkbuf_0_clk/X (sky130_fd_sc_hd__clkbuf_16)
     2    0.02                           clknet_0_clk (net)
                  0.08    0.00    0.60 ^ clkbuf_1_1__f_clk/A (sky130_fd_sc_hd__clkbuf_16)
                  0.11    0.25    0.85 ^ clkbuf_1_1__f_clk/X (sky130_fd_sc_hd__clkbuf_16)
    14    0.05                           clknet_1_1__leaf_clk (net)
                  0.11    0.00    0.85 ^ _403_/CLK (sky130_fd_sc_hd__dfrtp_4)
                  0.26    0.94    1.79 ^ _403_/Q (sky130_fd_sc_hd__dfrtp_4)
     3    0.05                           net3 (net)
                  0.26    0.01    1.80 ^ output3/A (sky130_fd_sc_hd__clkbuf_4)
                  0.18    0.40    2.20 ^ output3/X (sky130_fd_sc_hd__clkbuf_4)
     1    0.03                           A_out[1] (net)
                  0.18    0.00    2.20 ^ A_out[1] (out)
                                  2.20   data arrival time

                          0.00    0.00   clock clk (rise edge)
                          0.00    0.00   clock network delay (propagated)
                          0.25    0.25   clock uncertainty
                          0.00    0.25   clock reconvergence pessimism
                         -4.00   -3.75   output external delay
                                 -3.75   data required time
-----------------------------------------------------------------------------
                                 -3.75   data required time
                                 -2.20   data arrival time
-----------------------------------------------------------------------------
                                  5.95   slack (MET)


Startpoint: _418_ (rising edge-triggered flip-flop clocked by clk)
Endpoint: B_out[0] (output port clocked by clk)
Path Group: clk
Path Type: min
Corner: Slowest

Fanout     Cap    Slew   Delay    Time   Description
-----------------------------------------------------------------------------
                          0.00    0.00   clock clk (rise edge)
                          0.00    0.00   clock source latency
                  0.37    0.25    0.25 ^ clk (in)
     1    0.05                           clk (net)
                  0.37    0.00    0.25 ^ clkbuf_0_clk/A (sky130_fd_sc_hd__clkbuf_16)
                  0.08    0.34    0.60 ^ clkbuf_0_clk/X (sky130_fd_sc_hd__clkbuf_16)
     2    0.02                           clknet_0_clk (net)
                  0.08    0.00    0.60 ^ clkbuf_1_1__f_clk/A (sky130_fd_sc_hd__clkbuf_16)
                  0.11    0.25    0.85 ^ clkbuf_1_1__f_clk/X (sky130_fd_sc_hd__clkbuf_16)
    14    0.05                           clknet_1_1__leaf_clk (net)
                  0.11    0.01    0.85 ^ _418_/CLK (sky130_fd_sc_hd__dfrtp_4)
                  0.26    0.94    1.80 ^ _418_/Q (sky130_fd_sc_hd__dfrtp_4)
     5    0.05                           net10 (net)
                  0.26    0.00    1.80 ^ output10/A (sky130_fd_sc_hd__clkbuf_4)
                  0.18    0.40    2.20 ^ output10/X (sky130_fd_sc_hd__clkbuf_4)
     1    0.03                           B_out[0] (net)
                  0.18    0.00    2.20 ^ B_out[0] (out)
                                  2.20   data arrival time

                          0.00    0.00   clock clk (rise edge)
                          0.00    0.00   clock network delay (propagated)
                          0.25    0.25   clock uncertainty
                          0.00    0.25   clock reconvergence pessimism
                         -4.00   -3.75   output external delay
                                 -3.75   data required time
-----------------------------------------------------------------------------
                                 -3.75   data required time
                                 -2.20   data arrival time
-----------------------------------------------------------------------------
                                  5.95   slack (MET)


Startpoint: _419_ (rising edge-triggered flip-flop clocked by clk)
Endpoint: B_out[1] (output port clocked by clk)
Path Group: clk
Path Type: min
Corner: Slowest

Fanout     Cap    Slew   Delay    Time   Description
-----------------------------------------------------------------------------
                          0.00    0.00   clock clk (rise edge)
                          0.00    0.00   clock source latency
                  0.37    0.25    0.25 ^ clk (in)
     1    0.05                           clk (net)
                  0.37    0.00    0.25 ^ clkbuf_0_clk/A (sky130_fd_sc_hd__clkbuf_16)
                  0.08    0.34    0.60 ^ clkbuf_0_clk/X (sky130_fd_sc_hd__clkbuf_16)
     2    0.02                           clknet_0_clk (net)
                  0.08    0.00    0.60 ^ clkbuf_1_1__f_clk/A (sky130_fd_sc_hd__clkbuf_16)
                  0.11    0.25    0.85 ^ clkbuf_1_1__f_clk/X (sky130_fd_sc_hd__clkbuf_16)
    14    0.05                           clknet_1_1__leaf_clk (net)
                  0.11    0.01    0.85 ^ _419_/CLK (sky130_fd_sc_hd__dfrtp_4)
                  0.27    0.95    1.80 ^ _419_/Q (sky130_fd_sc_hd__dfrtp_4)
     4    0.05                           net11 (net)
                  0.27    0.01    1.81 ^ output11/A (sky130_fd_sc_hd__clkbuf_4)
                  0.18    0.40    2.21 ^ output11/X (sky130_fd_sc_hd__clkbuf_4)
     1    0.03                           B_out[1] (net)
                  0.18    0.00    2.21 ^ B_out[1] (out)
                                  2.21   data arrival time

                          0.00    0.00   clock clk (rise edge)
                          0.00    0.00   clock network delay (propagated)
                          0.25    0.25   clock uncertainty
                          0.00    0.25   clock reconvergence pessimism
                         -4.00   -3.75   output external delay
                                 -3.75   data required time
-----------------------------------------------------------------------------
                                 -3.75   data required time
                                 -2.21   data arrival time
-----------------------------------------------------------------------------
                                  5.96   slack (MET)


Startpoint: _424_ (rising edge-triggered flip-flop clocked by clk)
Endpoint: B_out[6] (output port clocked by clk)
Path Group: clk
Path Type: min
Corner: Slowest

Fanout     Cap    Slew   Delay    Time   Description
-----------------------------------------------------------------------------
                          0.00    0.00   clock clk (rise edge)
                          0.00    0.00   clock source latency
                  0.37    0.25    0.25 ^ clk (in)
     1    0.05                           clk (net)
                  0.37    0.00    0.25 ^ clkbuf_0_clk/A (sky130_fd_sc_hd__clkbuf_16)
                  0.08    0.34    0.60 ^ clkbuf_0_clk/X (sky130_fd_sc_hd__clkbuf_16)
     2    0.02                           clknet_0_clk (net)
                  0.08    0.00    0.60 ^ clkbuf_1_0__f_clk/A (sky130_fd_sc_hd__clkbuf_16)
                  0.11    0.25    0.85 ^ clkbuf_1_0__f_clk/X (sky130_fd_sc_hd__clkbuf_16)
    14    0.05                           clknet_1_0__leaf_clk (net)
                  0.11    0.01    0.86 ^ _424_/CLK (sky130_fd_sc_hd__dfrtp_4)
                  0.26    0.94    1.80 ^ _424_/Q (sky130_fd_sc_hd__dfrtp_4)
     6    0.05                           net16 (net)
                  0.26    0.00    1.80 ^ output16/A (sky130_fd_sc_hd__buf_2)
                  0.27    0.41    2.21 ^ output16/X (sky130_fd_sc_hd__buf_2)
     1    0.03                           B_out[6] (net)
                  0.27    0.00    2.21 ^ B_out[6] (out)
                                  2.21   data arrival time

                          0.00    0.00   clock clk (rise edge)
                          0.00    0.00   clock network delay (propagated)
                          0.25    0.25   clock uncertainty
                          0.00    0.25   clock reconvergence pessimism
                         -4.00   -3.75   output external delay
                                 -3.75   data required time
-----------------------------------------------------------------------------
                                 -3.75   data required time
                                 -2.21   data arrival time
-----------------------------------------------------------------------------
                                  5.96   slack (MET)


Startpoint: _422_ (rising edge-triggered flip-flop clocked by clk)
Endpoint: B_out[4] (output port clocked by clk)
Path Group: clk
Path Type: min
Corner: Slowest

Fanout     Cap    Slew   Delay    Time   Description
-----------------------------------------------------------------------------
                          0.00    0.00   clock clk (rise edge)
                          0.00    0.00   clock source latency
                  0.37    0.25    0.25 ^ clk (in)
     1    0.05                           clk (net)
                  0.37    0.00    0.25 ^ clkbuf_0_clk/A (sky130_fd_sc_hd__clkbuf_16)
                  0.08    0.34    0.60 ^ clkbuf_0_clk/X (sky130_fd_sc_hd__clkbuf_16)
     2    0.02                           clknet_0_clk (net)
                  0.08    0.00    0.60 ^ clkbuf_1_0__f_clk/A (sky130_fd_sc_hd__clkbuf_16)
                  0.11    0.25    0.85 ^ clkbuf_1_0__f_clk/X (sky130_fd_sc_hd__clkbuf_16)
    14    0.05                           clknet_1_0__leaf_clk (net)
                  0.11    0.01    0.86 ^ _422_/CLK (sky130_fd_sc_hd__dfrtp_4)
                  0.27    0.95    1.81 ^ _422_/Q (sky130_fd_sc_hd__dfrtp_4)
     5    0.05                           net14 (net)
                  0.27    0.01    1.82 ^ output14/A (sky130_fd_sc_hd__clkbuf_4)
                  0.18    0.40    2.22 ^ output14/X (sky130_fd_sc_hd__clkbuf_4)
     1    0.03                           B_out[4] (net)
                  0.18    0.00    2.22 ^ B_out[4] (out)
                                  2.22   data arrival time

                          0.00    0.00   clock clk (rise edge)
                          0.00    0.00   clock network delay (propagated)
                          0.25    0.25   clock uncertainty
                          0.00    0.25   clock reconvergence pessimism
                         -4.00   -3.75   output external delay
                                 -3.75   data required time
-----------------------------------------------------------------------------
                                 -3.75   data required time
                                 -2.22   data arrival time
-----------------------------------------------------------------------------
                                  5.97   slack (MET)


Startpoint: _407_ (rising edge-triggered flip-flop clocked by clk)
Endpoint: A_out[5] (output port clocked by clk)
Path Group: clk
Path Type: min
Corner: Slowest

Fanout     Cap    Slew   Delay    Time   Description
-----------------------------------------------------------------------------
                          0.00    0.00   clock clk (rise edge)
                          0.00    0.00   clock source latency
                  0.37    0.25    0.25 ^ clk (in)
     1    0.05                           clk (net)
                  0.37    0.00    0.25 ^ clkbuf_0_clk/A (sky130_fd_sc_hd__clkbuf_16)
                  0.08    0.34    0.60 ^ clkbuf_0_clk/X (sky130_fd_sc_hd__clkbuf_16)
     2    0.02                           clknet_0_clk (net)
                  0.08    0.00    0.60 ^ clkbuf_1_0__f_clk/A (sky130_fd_sc_hd__clkbuf_16)
                  0.11    0.25    0.85 ^ clkbuf_1_0__f_clk/X (sky130_fd_sc_hd__clkbuf_16)
    14    0.05                           clknet_1_0__leaf_clk (net)
                  0.11    0.00    0.85 ^ _407_/CLK (sky130_fd_sc_hd__dfrtp_4)
                  0.28    0.96    1.81 ^ _407_/Q (sky130_fd_sc_hd__dfrtp_4)
     3    0.05                           net7 (net)
                  0.28    0.01    1.82 ^ output7/A (sky130_fd_sc_hd__buf_2)
                  0.27    0.42    2.24 ^ output7/X (sky130_fd_sc_hd__buf_2)
     1    0.03                           A_out[5] (net)
                  0.27    0.00    2.24 ^ A_out[5] (out)
                                  2.24   data arrival time

                          0.00    0.00   clock clk (rise edge)
                          0.00    0.00   clock network delay (propagated)
                          0.25    0.25   clock uncertainty
                          0.00    0.25   clock reconvergence pessimism
                         -4.00   -3.75   output external delay
                                 -3.75   data required time
-----------------------------------------------------------------------------
                                 -3.75   data required time
                                 -2.24   data arrival time
-----------------------------------------------------------------------------
                                  5.99   slack (MET)


Startpoint: _420_ (rising edge-triggered flip-flop clocked by clk)
Endpoint: B_out[2] (output port clocked by clk)
Path Group: clk
Path Type: min
Corner: Slowest

Fanout     Cap    Slew   Delay    Time   Description
-----------------------------------------------------------------------------
                          0.00    0.00   clock clk (rise edge)
                          0.00    0.00   clock source latency
                  0.37    0.25    0.25 ^ clk (in)
     1    0.05                           clk (net)
                  0.37    0.00    0.25 ^ clkbuf_0_clk/A (sky130_fd_sc_hd__clkbuf_16)
                  0.08    0.34    0.60 ^ clkbuf_0_clk/X (sky130_fd_sc_hd__clkbuf_16)
     2    0.02                           clknet_0_clk (net)
                  0.08    0.00    0.60 ^ clkbuf_1_1__f_clk/A (sky130_fd_sc_hd__clkbuf_16)
                  0.11    0.25    0.85 ^ clkbuf_1_1__f_clk/X (sky130_fd_sc_hd__clkbuf_16)
    14    0.05                           clknet_1_1__leaf_clk (net)
                  0.11    0.01    0.85 ^ _420_/CLK (sky130_fd_sc_hd__dfrtp_4)
                  0.30    0.97    1.83 ^ _420_/Q (sky130_fd_sc_hd__dfrtp_4)
     4    0.06                           net12 (net)
                  0.30    0.01    1.84 ^ output12/A (sky130_fd_sc_hd__buf_2)
                  0.28    0.42    2.26 ^ output12/X (sky130_fd_sc_hd__buf_2)
     1    0.03                           B_out[2] (net)
                  0.28    0.00    2.26 ^ B_out[2] (out)
                                  2.26   data arrival time

                          0.00    0.00   clock clk (rise edge)
                          0.00    0.00   clock network delay (propagated)
                          0.25    0.25   clock uncertainty
                          0.00    0.25   clock reconvergence pessimism
                         -4.00   -3.75   output external delay
                                 -3.75   data required time
-----------------------------------------------------------------------------
                                 -3.75   data required time
                                 -2.26   data arrival time
-----------------------------------------------------------------------------
                                  6.01   slack (MET)


Startpoint: _404_ (rising edge-triggered flip-flop clocked by clk)
Endpoint: A_out[2] (output port clocked by clk)
Path Group: clk
Path Type: min
Corner: Slowest

Fanout     Cap    Slew   Delay    Time   Description
-----------------------------------------------------------------------------
                          0.00    0.00   clock clk (rise edge)
                          0.00    0.00   clock source latency
                  0.37    0.25    0.25 ^ clk (in)
     1    0.05                           clk (net)
                  0.37    0.00    0.25 ^ clkbuf_0_clk/A (sky130_fd_sc_hd__clkbuf_16)
                  0.08    0.34    0.60 ^ clkbuf_0_clk/X (sky130_fd_sc_hd__clkbuf_16)
     2    0.02                           clknet_0_clk (net)
                  0.08    0.00    0.60 ^ clkbuf_1_1__f_clk/A (sky130_fd_sc_hd__clkbuf_16)
                  0.11    0.25    0.85 ^ clkbuf_1_1__f_clk/X (sky130_fd_sc_hd__clkbuf_16)
    14    0.05                           clknet_1_1__leaf_clk (net)
                  0.11    0.01    0.85 ^ _404_/CLK (sky130_fd_sc_hd__dfrtp_4)
                  0.31    0.98    1.84 ^ _404_/Q (sky130_fd_sc_hd__dfrtp_4)
     4    0.06                           net4 (net)
                  0.31    0.01    1.85 ^ output4/A (sky130_fd_sc_hd__clkbuf_4)
                  0.18    0.42    2.26 ^ output4/X (sky130_fd_sc_hd__clkbuf_4)
     1    0.03                           A_out[2] (net)
                  0.18    0.00    2.27 ^ A_out[2] (out)
                                  2.27   data arrival time

                          0.00    0.00   clock clk (rise edge)
                          0.00    0.00   clock network delay (propagated)
                          0.25    0.25   clock uncertainty
                          0.00    0.25   clock reconvergence pessimism
                         -4.00   -3.75   output external delay
                                 -3.75   data required time
-----------------------------------------------------------------------------
                                 -3.75   data required time
                                 -2.27   data arrival time
-----------------------------------------------------------------------------
                                  6.02   slack (MET)


Startpoint: _413_ (rising edge-triggered flip-flop clocked by clk)
Endpoint: last_opcode_out[6] (output port clocked by clk)
Path Group: clk
Path Type: min
Corner: Slowest

Fanout     Cap    Slew   Delay    Time   Description
-----------------------------------------------------------------------------
                          0.00    0.00   clock clk (rise edge)
                          0.00    0.00   clock source latency
                  0.37    0.25    0.25 ^ clk (in)
     1    0.05                           clk (net)
                  0.37    0.00    0.25 ^ clkbuf_0_clk/A (sky130_fd_sc_hd__clkbuf_16)
                  0.08    0.34    0.60 ^ clkbuf_0_clk/X (sky130_fd_sc_hd__clkbuf_16)
     2    0.02                           clknet_0_clk (net)
                  0.08    0.00    0.60 ^ clkbuf_1_0__f_clk/A (sky130_fd_sc_hd__clkbuf_16)
                  0.11    0.25    0.85 ^ clkbuf_1_0__f_clk/X (sky130_fd_sc_hd__clkbuf_16)
    14    0.05                           clknet_1_0__leaf_clk (net)
                  0.11    0.00    0.85 ^ _413_/CLK (sky130_fd_sc_hd__dfrtp_4)
                  0.36    1.02    1.87 ^ _413_/Q (sky130_fd_sc_hd__dfrtp_4)
     3    0.07                           net27 (net)
                  0.36    0.01    1.89 ^ output27/A (sky130_fd_sc_hd__clkbuf_4)
                  0.19    0.44    2.32 ^ output27/X (sky130_fd_sc_hd__clkbuf_4)
     1    0.04                           last_opcode_out[6] (net)
                  0.19    0.00    2.33 ^ last_opcode_out[6] (out)
                                  2.33   data arrival time

                          0.00    0.00   clock clk (rise edge)
                          0.00    0.00   clock network delay (propagated)
                          0.25    0.25   clock uncertainty
                          0.00    0.25   clock reconvergence pessimism
                         -4.00   -3.75   output external delay
                                 -3.75   data required time
-----------------------------------------------------------------------------
                                 -3.75   data required time
                                 -2.33   data arrival time
-----------------------------------------------------------------------------
                                  6.08   slack (MET)


Startpoint: _410_ (rising edge-triggered flip-flop clocked by clk)
Endpoint: last_opcode_out[1] (output port clocked by clk)
Path Group: clk
Path Type: min
Corner: Slowest

Fanout     Cap    Slew   Delay    Time   Description
-----------------------------------------------------------------------------
                          0.00    0.00   clock clk (rise edge)
                          0.00    0.00   clock source latency
                  0.37    0.25    0.25 ^ clk (in)
     1    0.05                           clk (net)
                  0.37    0.00    0.25 ^ clkbuf_0_clk/A (sky130_fd_sc_hd__clkbuf_16)
                  0.08    0.34    0.60 ^ clkbuf_0_clk/X (sky130_fd_sc_hd__clkbuf_16)
     2    0.02                           clknet_0_clk (net)
                  0.08    0.00    0.60 ^ clkbuf_1_0__f_clk/A (sky130_fd_sc_hd__clkbuf_16)
                  0.11    0.25    0.85 ^ clkbuf_1_0__f_clk/X (sky130_fd_sc_hd__clkbuf_16)
    14    0.05                           clknet_1_0__leaf_clk (net)
                  0.11    0.00    0.85 ^ _410_/CLK (sky130_fd_sc_hd__dfrtp_4)
                  0.43    1.07    1.92 ^ _410_/Q (sky130_fd_sc_hd__dfrtp_4)
     3    0.09                           net23 (net)
                  0.43    0.02    1.94 ^ output23/A (sky130_fd_sc_hd__buf_2)
                  0.28    0.47    2.41 ^ output23/X (sky130_fd_sc_hd__buf_2)
     1    0.03                           last_opcode_out[1] (net)
                  0.28    0.00    2.42 ^ last_opcode_out[1] (out)
                                  2.42   data arrival time

                          0.00    0.00   clock clk (rise edge)
                          0.00    0.00   clock network delay (propagated)
                          0.25    0.25   clock uncertainty
                          0.00    0.25   clock reconvergence pessimism
                         -4.00   -3.75   output external delay
                                 -3.75   data required time
-----------------------------------------------------------------------------
                                 -3.75   data required time
                                 -2.42   data arrival time
-----------------------------------------------------------------------------
                                  6.17   slack (MET)


Startpoint: _413_ (rising edge-triggered flip-flop clocked by clk)
Endpoint: last_opcode_out[4] (output port clocked by clk)
Path Group: clk
Path Type: min
Corner: Slowest

Fanout     Cap    Slew   Delay    Time   Description
-----------------------------------------------------------------------------
                          0.00    0.00   clock clk (rise edge)
                          0.00    0.00   clock source latency
                  0.37    0.25    0.25 ^ clk (in)
     1    0.05                           clk (net)
                  0.37    0.00    0.25 ^ clkbuf_0_clk/A (sky130_fd_sc_hd__clkbuf_16)
                  0.08    0.34    0.60 ^ clkbuf_0_clk/X (sky130_fd_sc_hd__clkbuf_16)
     2    0.02                           clknet_0_clk (net)
                  0.08    0.00    0.60 ^ clkbuf_1_0__f_clk/A (sky130_fd_sc_hd__clkbuf_16)
                  0.11    0.25    0.85 ^ clkbuf_1_0__f_clk/X (sky130_fd_sc_hd__clkbuf_16)
    14    0.05                           clknet_1_0__leaf_clk (net)
                  0.11    0.00    0.85 ^ _413_/CLK (sky130_fd_sc_hd__dfrtp_4)
                  0.36    1.02    1.87 ^ _413_/Q (sky130_fd_sc_hd__dfrtp_4)
     3    0.07                           net27 (net)
                  0.36    0.00    1.88 ^ _428_/A (sky130_fd_sc_hd__clkbuf_1)
                  0.10    0.26    2.13 ^ _428_/X (sky130_fd_sc_hd__clkbuf_1)
     1    0.00                           net26 (net)
                  0.10    0.00    2.13 ^ output26/A (sky130_fd_sc_hd__clkbuf_4)
                  0.18    0.33    2.46 ^ output26/X (sky130_fd_sc_hd__clkbuf_4)
     1    0.03                           last_opcode_out[4] (net)
                  0.18    0.00    2.46 ^ last_opcode_out[4] (out)
                                  2.46   data arrival time

                          0.00    0.00   clock clk (rise edge)
                          0.00    0.00   clock network delay (propagated)
                          0.25    0.25   clock uncertainty
                          0.00    0.25   clock reconvergence pessimism
                         -4.00   -3.75   output external delay
                                 -3.75   data required time
-----------------------------------------------------------------------------
                                 -3.75   data required time
                                 -2.46   data arrival time
-----------------------------------------------------------------------------
                                  6.21   slack (MET)


Startpoint: _410_ (rising edge-triggered flip-flop clocked by clk)
Endpoint: last_opcode_out[0] (output port clocked by clk)
Path Group: clk
Path Type: min
Corner: Slowest

Fanout     Cap    Slew   Delay    Time   Description
-----------------------------------------------------------------------------
                          0.00    0.00   clock clk (rise edge)
                          0.00    0.00   clock source latency
                  0.37    0.25    0.25 ^ clk (in)
     1    0.05                           clk (net)
                  0.37    0.00    0.25 ^ clkbuf_0_clk/A (sky130_fd_sc_hd__clkbuf_16)
                  0.08    0.34    0.60 ^ clkbuf_0_clk/X (sky130_fd_sc_hd__clkbuf_16)
     2    0.02                           clknet_0_clk (net)
                  0.08    0.00    0.60 ^ clkbuf_1_0__f_clk/A (sky130_fd_sc_hd__clkbuf_16)
                  0.11    0.25    0.85 ^ clkbuf_1_0__f_clk/X (sky130_fd_sc_hd__clkbuf_16)
    14    0.05                           clknet_1_0__leaf_clk (net)
                  0.11    0.00    0.85 ^ _410_/CLK (sky130_fd_sc_hd__dfrtp_4)
                  0.43    1.07    1.92 ^ _410_/Q (sky130_fd_sc_hd__dfrtp_4)
     3    0.09                           net23 (net)
                  0.43    0.01    1.93 ^ _427_/A (sky130_fd_sc_hd__clkbuf_1)
                  0.08    0.26    2.19 ^ _427_/X (sky130_fd_sc_hd__clkbuf_1)
     1    0.00                           net22 (net)
                  0.08    0.00    2.19 ^ output22/A (sky130_fd_sc_hd__clkbuf_4)
                  0.18    0.32    2.51 ^ output22/X (sky130_fd_sc_hd__clkbuf_4)
     1    0.03                           last_opcode_out[0] (net)
                  0.18    0.00    2.51 ^ last_opcode_out[0] (out)
                                  2.51   data arrival time

                          0.00    0.00   clock clk (rise edge)
                          0.00    0.00   clock network delay (propagated)
                          0.25    0.25   clock uncertainty
                          0.00    0.25   clock reconvergence pessimism
                         -4.00   -3.75   output external delay
                                 -3.75   data required time
-----------------------------------------------------------------------------
                                 -3.75   data required time
                                 -2.51   data arrival time
-----------------------------------------------------------------------------
                                  6.26   slack (MET)



======================= Typical Corner ===================================

Startpoint: _408_ (rising edge-triggered flip-flop clocked by clk)
Endpoint: _408_ (rising edge-triggered flip-flop clocked by clk)
Path Group: clk
Path Type: min
Corner: Typical

Fanout     Cap    Slew   Delay    Time   Description
-----------------------------------------------------------------------------
                          0.00    0.00   clock clk (rise edge)
                          0.00    0.00   clock source latency
                  0.24    0.16    0.16 ^ clk (in)
     1    0.05                           clk (net)
                  0.24    0.00    0.16 ^ clkbuf_0_clk/A (sky130_fd_sc_hd__clkbuf_16)
                  0.05    0.18    0.35 ^ clkbuf_0_clk/X (sky130_fd_sc_hd__clkbuf_16)
     2    0.02                           clknet_0_clk (net)
                  0.05    0.00    0.35 ^ clkbuf_1_0__f_clk/A (sky130_fd_sc_hd__clkbuf_16)
                  0.07    0.15    0.49 ^ clkbuf_1_0__f_clk/X (sky130_fd_sc_hd__clkbuf_16)
    14    0.06                           clknet_1_0__leaf_clk (net)
                  0.07    0.00    0.50 ^ _408_/CLK (sky130_fd_sc_hd__dfrtp_4)
                  0.12    0.45    0.95 ^ _408_/Q (sky130_fd_sc_hd__dfrtp_4)
     3    0.03                           net8 (net)
                  0.12    0.00    0.95 ^ _344_/A1 (sky130_fd_sc_hd__o21a_1)
                  0.04    0.12    1.07 ^ _344_/X (sky130_fd_sc_hd__o21a_1)
     1    0.00                           _034_ (net)
                  0.04    0.00    1.07 ^ _408_/D (sky130_fd_sc_hd__dfrtp_4)
                                  1.07   data arrival time

                          0.00    0.00   clock clk (rise edge)
                          0.00    0.00   clock source latency
                  0.24    0.18    0.18 ^ clk (in)
     1    0.05                           clk (net)
                  0.24    0.00    0.18 ^ clkbuf_0_clk/A (sky130_fd_sc_hd__clkbuf_16)
                  0.05    0.20    0.38 ^ clkbuf_0_clk/X (sky130_fd_sc_hd__clkbuf_16)
     2    0.02                           clknet_0_clk (net)
                  0.05    0.00    0.39 ^ clkbuf_1_0__f_clk/A (sky130_fd_sc_hd__clkbuf_16)
                  0.07    0.16    0.55 ^ clkbuf_1_0__f_clk/X (sky130_fd_sc_hd__clkbuf_16)
    14    0.06                           clknet_1_0__leaf_clk (net)
                  0.07    0.01    0.55 ^ _408_/CLK (sky130_fd_sc_hd__dfrtp_4)
                          0.25    0.80   clock uncertainty
                         -0.05    0.75   clock reconvergence pessimism
                         -0.03    0.72   library hold time
                                  0.72   data required time
-----------------------------------------------------------------------------
                                  0.72   data required time
                                 -1.07   data arrival time
-----------------------------------------------------------------------------
                                  0.35   slack (MET)


Startpoint: _418_ (rising edge-triggered flip-flop clocked by clk)
Endpoint: _418_ (rising edge-triggered flip-flop clocked by clk)
Path Group: clk
Path Type: min
Corner: Typical

Fanout     Cap    Slew   Delay    Time   Description
-----------------------------------------------------------------------------
                          0.00    0.00   clock clk (rise edge)
                          0.00    0.00   clock source latency
                  0.24    0.16    0.16 ^ clk (in)
     1    0.05                           clk (net)
                  0.24    0.00    0.16 ^ clkbuf_0_clk/A (sky130_fd_sc_hd__clkbuf_16)
                  0.05    0.18    0.35 ^ clkbuf_0_clk/X (sky130_fd_sc_hd__clkbuf_16)
     2    0.02                           clknet_0_clk (net)
                  0.05    0.00    0.35 ^ clkbuf_1_1__f_clk/A (sky130_fd_sc_hd__clkbuf_16)
                  0.07    0.14    0.49 ^ clkbuf_1_1__f_clk/X (sky130_fd_sc_hd__clkbuf_16)
    14    0.05                           clknet_1_1__leaf_clk (net)
                  0.07    0.01    0.50 ^ _418_/CLK (sky130_fd_sc_hd__dfrtp_4)
                  0.16    0.48    0.98 ^ _418_/Q (sky130_fd_sc_hd__dfrtp_4)
     5    0.05                           net10 (net)
                  0.16    0.00    0.98 ^ _301_/A1 (sky130_fd_sc_hd__a21oi_1)
                  0.05    0.08    1.06 v _301_/Y (sky130_fd_sc_hd__a21oi_1)
     1    0.00                           _044_ (net)
                  0.05    0.00    1.06 v _418_/D (sky130_fd_sc_hd__dfrtp_4)
                                  1.06   data arrival time

                          0.00    0.00   clock clk (rise edge)
                          0.00    0.00   clock source latency
                  0.24    0.18    0.18 ^ clk (in)
     1    0.05                           clk (net)
                  0.24    0.00    0.18 ^ clkbuf_0_clk/A (sky130_fd_sc_hd__clkbuf_16)
                  0.05    0.20    0.38 ^ clkbuf_0_clk/X (sky130_fd_sc_hd__clkbuf_16)
     2    0.02                           clknet_0_clk (net)
                  0.05    0.00    0.38 ^ clkbuf_1_1__f_clk/A (sky130_fd_sc_hd__clkbuf_16)
                  0.07    0.16    0.54 ^ clkbuf_1_1__f_clk/X (sky130_fd_sc_hd__clkbuf_16)
    14    0.05                           clknet_1_1__leaf_clk (net)
                  0.07    0.01    0.55 ^ _418_/CLK (sky130_fd_sc_hd__dfrtp_4)
                          0.25    0.80   clock uncertainty
                         -0.05    0.75   clock reconvergence pessimism
                         -0.04    0.71   library hold time
                                  0.71   data required time
-----------------------------------------------------------------------------
                                  0.71   data required time
                                 -1.06   data arrival time
-----------------------------------------------------------------------------
                                  0.35   slack (MET)


Startpoint: _417_ (rising edge-triggered flip-flop clocked by clk)
Endpoint: _417_ (rising edge-triggered flip-flop clocked by clk)
Path Group: clk
Path Type: min
Corner: Typical

Fanout     Cap    Slew   Delay    Time   Description
-----------------------------------------------------------------------------
                          0.00    0.00   clock clk (rise edge)
                          0.00    0.00   clock source latency
                  0.24    0.16    0.16 ^ clk (in)
     1    0.05                           clk (net)
                  0.24    0.00    0.16 ^ clkbuf_0_clk/A (sky130_fd_sc_hd__clkbuf_16)
                  0.05    0.18    0.35 ^ clkbuf_0_clk/X (sky130_fd_sc_hd__clkbuf_16)
     2    0.02                           clknet_0_clk (net)
                  0.05    0.00    0.35 ^ clkbuf_1_0__f_clk/A (sky130_fd_sc_hd__clkbuf_16)
                  0.07    0.15    0.49 ^ clkbuf_1_0__f_clk/X (sky130_fd_sc_hd__clkbuf_16)
    14    0.06                           clknet_1_0__leaf_clk (net)
                  0.07    0.00    0.50 ^ _417_/CLK (sky130_fd_sc_hd__dfrtp_4)
                  0.13    0.46    0.95 ^ _417_/Q (sky130_fd_sc_hd__dfrtp_4)
     3    0.04                           net21 (net)
                  0.13    0.00    0.95 ^ _313_/A (sky130_fd_sc_hd__nand2_1)
                  0.05    0.06    1.02 v _313_/Y (sky130_fd_sc_hd__nand2_1)
     1    0.00                           _146_ (net)
                  0.05    0.00    1.02 v _314_/B1 (sky130_fd_sc_hd__o41ai_1)
                  0.06    0.06    1.07 ^ _314_/Y (sky130_fd_sc_hd__o41ai_1)
     1    0.00                           _043_ (net)
                  0.06    0.00    1.08 ^ _417_/D (sky130_fd_sc_hd__dfrtp_4)
                                  1.08   data arrival time

                          0.00    0.00   clock clk (rise edge)
                          0.00    0.00   clock source latency
                  0.24    0.18    0.18 ^ clk (in)
     1    0.05                           clk (net)
                  0.24    0.00    0.18 ^ clkbuf_0_clk/A (sky130_fd_sc_hd__clkbuf_16)
                  0.05    0.20    0.38 ^ clkbuf_0_clk/X (sky130_fd_sc_hd__clkbuf_16)
     2    0.02                           clknet_0_clk (net)
                  0.05    0.00    0.39 ^ clkbuf_1_0__f_clk/A (sky130_fd_sc_hd__clkbuf_16)
                  0.07    0.16    0.55 ^ clkbuf_1_0__f_clk/X (sky130_fd_sc_hd__clkbuf_16)
    14    0.06                           clknet_1_0__leaf_clk (net)
                  0.07    0.00    0.55 ^ _417_/CLK (sky130_fd_sc_hd__dfrtp_4)
                          0.25    0.80   clock uncertainty
                         -0.05    0.75   clock reconvergence pessimism
                         -0.03    0.71   library hold time
                                  0.71   data required time
-----------------------------------------------------------------------------
                                  0.71   data required time
                                 -1.08   data arrival time
-----------------------------------------------------------------------------
                                  0.36   slack (MET)


Startpoint: _415_ (rising edge-triggered flip-flop clocked by clk)
Endpoint: _415_ (rising edge-triggered flip-flop clocked by clk)
Path Group: clk
Path Type: min
Corner: Typical

Fanout     Cap    Slew   Delay    Time   Description
-----------------------------------------------------------------------------
                          0.00    0.00   clock clk (rise edge)
                          0.00    0.00   clock source latency
                  0.24    0.16    0.16 ^ clk (in)
     1    0.05                           clk (net)
                  0.24    0.00    0.16 ^ clkbuf_0_clk/A (sky130_fd_sc_hd__clkbuf_16)
                  0.05    0.18    0.35 ^ clkbuf_0_clk/X (sky130_fd_sc_hd__clkbuf_16)
     2    0.02                           clknet_0_clk (net)
                  0.05    0.00    0.35 ^ clkbuf_1_0__f_clk/A (sky130_fd_sc_hd__clkbuf_16)
                  0.07    0.15    0.49 ^ clkbuf_1_0__f_clk/X (sky130_fd_sc_hd__clkbuf_16)
    14    0.06                           clknet_1_0__leaf_clk (net)
                  0.07    0.00    0.50 ^ _415_/CLK (sky130_fd_sc_hd__dfrtp_4)
                  0.12    0.45    0.95 ^ _415_/Q (sky130_fd_sc_hd__dfrtp_4)
     2    0.03                           net19 (net)
                  0.12    0.00    0.95 ^ _327_/B2 (sky130_fd_sc_hd__a2bb2o_1)
                  0.04    0.13    1.08 ^ _327_/X (sky130_fd_sc_hd__a2bb2o_1)
     1    0.00                           _041_ (net)
                  0.04    0.00    1.08 ^ _415_/D (sky130_fd_sc_hd__dfrtp_4)
                                  1.08   data arrival time

                          0.00    0.00   clock clk (rise edge)
                          0.00    0.00   clock source latency
                  0.24    0.18    0.18 ^ clk (in)
     1    0.05                           clk (net)
                  0.24    0.00    0.18 ^ clkbuf_0_clk/A (sky130_fd_sc_hd__clkbuf_16)
                  0.05    0.20    0.38 ^ clkbuf_0_clk/X (sky130_fd_sc_hd__clkbuf_16)
     2    0.02                           clknet_0_clk (net)
                  0.05    0.00    0.39 ^ clkbuf_1_0__f_clk/A (sky130_fd_sc_hd__clkbuf_16)
                  0.07    0.16    0.55 ^ clkbuf_1_0__f_clk/X (sky130_fd_sc_hd__clkbuf_16)
    14    0.06                           clknet_1_0__leaf_clk (net)
                  0.07    0.00    0.55 ^ _415_/CLK (sky130_fd_sc_hd__dfrtp_4)
                          0.25    0.80   clock uncertainty
                         -0.05    0.75   clock reconvergence pessimism
                         -0.03    0.72   library hold time
                                  0.72   data required time
-----------------------------------------------------------------------------
                                  0.72   data required time
                                 -1.08   data arrival time
-----------------------------------------------------------------------------
                                  0.36   slack (MET)


Startpoint: _399_ (rising edge-triggered flip-flop clocked by clk)
Endpoint: _398_ (rising edge-triggered flip-flop clocked by clk)
Path Group: clk
Path Type: min
Corner: Typical

Fanout     Cap    Slew   Delay    Time   Description
-----------------------------------------------------------------------------
                          0.00    0.00   clock clk (rise edge)
                          0.00    0.00   clock source latency
                  0.24    0.16    0.16 ^ clk (in)
     1    0.05                           clk (net)
                  0.24    0.00    0.16 ^ clkbuf_0_clk/A (sky130_fd_sc_hd__clkbuf_16)
                  0.05    0.18    0.35 ^ clkbuf_0_clk/X (sky130_fd_sc_hd__clkbuf_16)
     2    0.02                           clknet_0_clk (net)
                  0.05    0.00    0.35 ^ clkbuf_1_1__f_clk/A (sky130_fd_sc_hd__clkbuf_16)
                  0.07    0.14    0.49 ^ clkbuf_1_1__f_clk/X (sky130_fd_sc_hd__clkbuf_16)
    14    0.05                           clknet_1_1__leaf_clk (net)
                  0.07    0.00    0.50 ^ _399_/CLK (sky130_fd_sc_hd__dfrtp_4)
                  0.14    0.47    0.96 ^ _399_/Q (sky130_fd_sc_hd__dfrtp_4)
     9    0.04                           U_PC.pc[1] (net)
                  0.14    0.00    0.97 ^ _357_/A1 (sky130_fd_sc_hd__a21bo_1)
                  0.04    0.12    1.09 ^ _357_/X (sky130_fd_sc_hd__a21bo_1)
     1    0.00                           U_PC.next_pc[0] (net)
                  0.04    0.00    1.09 ^ _398_/D (sky130_fd_sc_hd__dfrtp_4)
                                  1.09   data arrival time

                          0.00    0.00   clock clk (rise edge)
                          0.00    0.00   clock source latency
                  0.24    0.18    0.18 ^ clk (in)
     1    0.05                           clk (net)
                  0.24    0.00    0.18 ^ clkbuf_0_clk/A (sky130_fd_sc_hd__clkbuf_16)
                  0.05    0.20    0.38 ^ clkbuf_0_clk/X (sky130_fd_sc_hd__clkbuf_16)
     2    0.02                           clknet_0_clk (net)
                  0.05    0.00    0.38 ^ clkbuf_1_1__f_clk/A (sky130_fd_sc_hd__clkbuf_16)
                  0.07    0.16    0.54 ^ clkbuf_1_1__f_clk/X (sky130_fd_sc_hd__clkbuf_16)
    14    0.05                           clknet_1_1__leaf_clk (net)
                  0.07    0.01    0.55 ^ _398_/CLK (sky130_fd_sc_hd__dfrtp_4)
                          0.25    0.80   clock uncertainty
                         -0.05    0.75   clock reconvergence pessimism
                         -0.03    0.72   library hold time
                                  0.72   data required time
-----------------------------------------------------------------------------
                                  0.72   data required time
                                 -1.09   data arrival time
-----------------------------------------------------------------------------
                                  0.37   slack (MET)


Startpoint: _424_ (rising edge-triggered flip-flop clocked by clk)
Endpoint: _424_ (rising edge-triggered flip-flop clocked by clk)
Path Group: clk
Path Type: min
Corner: Typical

Fanout     Cap    Slew   Delay    Time   Description
-----------------------------------------------------------------------------
                          0.00    0.00   clock clk (rise edge)
                          0.00    0.00   clock source latency
                  0.24    0.16    0.16 ^ clk (in)
     1    0.05                           clk (net)
                  0.24    0.00    0.16 ^ clkbuf_0_clk/A (sky130_fd_sc_hd__clkbuf_16)
                  0.05    0.18    0.35 ^ clkbuf_0_clk/X (sky130_fd_sc_hd__clkbuf_16)
     2    0.02                           clknet_0_clk (net)
                  0.05    0.00    0.35 ^ clkbuf_1_0__f_clk/A (sky130_fd_sc_hd__clkbuf_16)
                  0.07    0.15    0.49 ^ clkbuf_1_0__f_clk/X (sky130_fd_sc_hd__clkbuf_16)
    14    0.06                           clknet_1_0__leaf_clk (net)
                  0.07    0.01    0.50 ^ _424_/CLK (sky130_fd_sc_hd__dfrtp_4)
                  0.16    0.48    0.98 ^ _424_/Q (sky130_fd_sc_hd__dfrtp_4)
     6    0.05                           net16 (net)
                  0.16    0.00    0.98 ^ _272_/A1 (sky130_fd_sc_hd__a21o_1)
                  0.04    0.13    1.11 ^ _272_/X (sky130_fd_sc_hd__a21o_1)
     1    0.00                           _050_ (net)
                  0.04    0.00    1.11 ^ _424_/D (sky130_fd_sc_hd__dfrtp_4)
                                  1.11   data arrival time

                          0.00    0.00   clock clk (rise edge)
                          0.00    0.00   clock source latency
                  0.24    0.18    0.18 ^ clk (in)
     1    0.05                           clk (net)
                  0.24    0.00    0.18 ^ clkbuf_0_clk/A (sky130_fd_sc_hd__clkbuf_16)
                  0.05    0.20    0.38 ^ clkbuf_0_clk/X (sky130_fd_sc_hd__clkbuf_16)
     2    0.02                           clknet_0_clk (net)
                  0.05    0.00    0.39 ^ clkbuf_1_0__f_clk/A (sky130_fd_sc_hd__clkbuf_16)
                  0.07    0.16    0.55 ^ clkbuf_1_0__f_clk/X (sky130_fd_sc_hd__clkbuf_16)
    14    0.06                           clknet_1_0__leaf_clk (net)
                  0.07    0.01    0.55 ^ _424_/CLK (sky130_fd_sc_hd__dfrtp_4)
                          0.25    0.80   clock uncertainty
                         -0.05    0.75   clock reconvergence pessimism
                         -0.03    0.72   library hold time
                                  0.72   data required time
-----------------------------------------------------------------------------
                                  0.72   data required time
                                 -1.11   data arrival time
-----------------------------------------------------------------------------
                                  0.39   slack (MET)


Startpoint: _414_ (rising edge-triggered flip-flop clocked by clk)
Endpoint: _414_ (rising edge-triggered flip-flop clocked by clk)
Path Group: clk
Path Type: min
Corner: Typical

Fanout     Cap    Slew   Delay    Time   Description
-----------------------------------------------------------------------------
                          0.00    0.00   clock clk (rise edge)
                          0.00    0.00   clock source latency
                  0.24    0.16    0.16 ^ clk (in)
     1    0.05                           clk (net)
                  0.24    0.00    0.16 ^ clkbuf_0_clk/A (sky130_fd_sc_hd__clkbuf_16)
                  0.05    0.18    0.35 ^ clkbuf_0_clk/X (sky130_fd_sc_hd__clkbuf_16)
     2    0.02                           clknet_0_clk (net)
                  0.05    0.00    0.35 ^ clkbuf_1_0__f_clk/A (sky130_fd_sc_hd__clkbuf_16)
                  0.07    0.15    0.49 ^ clkbuf_1_0__f_clk/X (sky130_fd_sc_hd__clkbuf_16)
    14    0.06                           clknet_1_0__leaf_clk (net)
                  0.07    0.00    0.50 ^ _414_/CLK (sky130_fd_sc_hd__dfrtp_4)
                  0.16    0.47    0.97 ^ _414_/Q (sky130_fd_sc_hd__dfrtp_4)
     2    0.05                           net18 (net)
                  0.16    0.00    0.97 ^ _333_/B2 (sky130_fd_sc_hd__a2bb2o_1)
                  0.05    0.15    1.12 ^ _333_/X (sky130_fd_sc_hd__a2bb2o_1)
     1    0.00                           _040_ (net)
                  0.05    0.00    1.12 ^ _414_/D (sky130_fd_sc_hd__dfrtp_4)
                                  1.12   data arrival time

                          0.00    0.00   clock clk (rise edge)
                          0.00    0.00   clock source latency
                  0.24    0.18    0.18 ^ clk (in)
     1    0.05                           clk (net)
                  0.24    0.00    0.18 ^ clkbuf_0_clk/A (sky130_fd_sc_hd__clkbuf_16)
                  0.05    0.20    0.38 ^ clkbuf_0_clk/X (sky130_fd_sc_hd__clkbuf_16)
     2    0.02                           clknet_0_clk (net)
                  0.05    0.00    0.39 ^ clkbuf_1_0__f_clk/A (sky130_fd_sc_hd__clkbuf_16)
                  0.07    0.16    0.55 ^ clkbuf_1_0__f_clk/X (sky130_fd_sc_hd__clkbuf_16)
    14    0.06                           clknet_1_0__leaf_clk (net)
                  0.07    0.00    0.55 ^ _414_/CLK (sky130_fd_sc_hd__dfrtp_4)
                          0.25    0.80   clock uncertainty
                         -0.05    0.75   clock reconvergence pessimism
                         -0.03    0.72   library hold time
                                  0.72   data required time
-----------------------------------------------------------------------------
                                  0.72   data required time
                                 -1.12   data arrival time
-----------------------------------------------------------------------------
                                  0.41   slack (MET)


Startpoint: _400_ (rising edge-triggered flip-flop clocked by clk)
Endpoint: _401_ (rising edge-triggered flip-flop clocked by clk)
Path Group: clk
Path Type: min
Corner: Typical

Fanout     Cap    Slew   Delay    Time   Description
-----------------------------------------------------------------------------
                          0.00    0.00   clock clk (rise edge)
                          0.00    0.00   clock source latency
                  0.24    0.16    0.16 ^ clk (in)
     1    0.05                           clk (net)
                  0.24    0.00    0.16 ^ clkbuf_0_clk/A (sky130_fd_sc_hd__clkbuf_16)
                  0.05    0.18    0.35 ^ clkbuf_0_clk/X (sky130_fd_sc_hd__clkbuf_16)
     2    0.02                           clknet_0_clk (net)
                  0.05    0.00    0.35 ^ clkbuf_1_1__f_clk/A (sky130_fd_sc_hd__clkbuf_16)
                  0.07    0.14    0.49 ^ clkbuf_1_1__f_clk/X (sky130_fd_sc_hd__clkbuf_16)
    14    0.05                           clknet_1_1__leaf_clk (net)
                  0.07    0.00    0.50 ^ _400_/CLK (sky130_fd_sc_hd__dfrtp_4)
                  0.11    0.44    0.94 ^ _400_/Q (sky130_fd_sc_hd__dfrtp_4)
     7    0.03                           U_PC.pc[2] (net)
                  0.11    0.00    0.94 ^ _365_/A (sky130_fd_sc_hd__inv_2)
                  0.03    0.03    0.97 v _365_/Y (sky130_fd_sc_hd__inv_2)
     1    0.00                           _179_ (net)
                  0.03    0.00    0.97 v _366_/A1 (sky130_fd_sc_hd__o21a_1)
                  0.03    0.16    1.13 v _366_/X (sky130_fd_sc_hd__o21a_1)
     1    0.00                           U_PC.next_pc[3] (net)
                  0.03    0.00    1.13 v _401_/D (sky130_fd_sc_hd__dfrtp_4)
                                  1.13   data arrival time

                          0.00    0.00   clock clk (rise edge)
                          0.00    0.00   clock source latency
                  0.24    0.18    0.18 ^ clk (in)
     1    0.05                           clk (net)
                  0.24    0.00    0.18 ^ clkbuf_0_clk/A (sky130_fd_sc_hd__clkbuf_16)
                  0.05    0.20    0.38 ^ clkbuf_0_clk/X (sky130_fd_sc_hd__clkbuf_16)
     2    0.02                           clknet_0_clk (net)
                  0.05    0.00    0.38 ^ clkbuf_1_1__f_clk/A (sky130_fd_sc_hd__clkbuf_16)
                  0.07    0.16    0.54 ^ clkbuf_1_1__f_clk/X (sky130_fd_sc_hd__clkbuf_16)
    14    0.05                           clknet_1_1__leaf_clk (net)
                  0.07    0.00    0.55 ^ _401_/CLK (sky130_fd_sc_hd__dfrtp_4)
                          0.25    0.80   clock uncertainty
                         -0.05    0.75   clock reconvergence pessimism
                         -0.03    0.72   library hold time
                                  0.72   data required time
-----------------------------------------------------------------------------
                                  0.72   data required time
                                 -1.13   data arrival time
-----------------------------------------------------------------------------
                                  0.41   slack (MET)


Startpoint: _402_ (rising edge-triggered flip-flop clocked by clk)
Endpoint: _402_ (rising edge-triggered flip-flop clocked by clk)
Path Group: clk
Path Type: min
Corner: Typical

Fanout     Cap    Slew   Delay    Time   Description
-----------------------------------------------------------------------------
                          0.00    0.00   clock clk (rise edge)
                          0.00    0.00   clock source latency
                  0.24    0.16    0.16 ^ clk (in)
     1    0.05                           clk (net)
                  0.24    0.00    0.16 ^ clkbuf_0_clk/A (sky130_fd_sc_hd__clkbuf_16)
                  0.05    0.18    0.35 ^ clkbuf_0_clk/X (sky130_fd_sc_hd__clkbuf_16)
     2    0.02                           clknet_0_clk (net)
                  0.05    0.00    0.35 ^ clkbuf_1_1__f_clk/A (sky130_fd_sc_hd__clkbuf_16)
                  0.07    0.14    0.49 ^ clkbuf_1_1__f_clk/X (sky130_fd_sc_hd__clkbuf_16)
    14    0.05                           clknet_1_1__leaf_clk (net)
                  0.07    0.01    0.50 ^ _402_/CLK (sky130_fd_sc_hd__dfrtp_4)
                  0.12    0.45    0.95 ^ _402_/Q (sky130_fd_sc_hd__dfrtp_4)
     4    0.03                           net2 (net)
                  0.12    0.00    0.95 ^ _355_/A0 (sky130_fd_sc_hd__mux2_1)
                  0.04    0.13    1.08 ^ _355_/X (sky130_fd_sc_hd__mux2_1)
     1    0.00                           _173_ (net)
                  0.04    0.00    1.08 ^ _356_/A (sky130_fd_sc_hd__clkbuf_1)
                  0.05    0.08    1.16 ^ _356_/X (sky130_fd_sc_hd__clkbuf_1)
     1    0.00                           _028_ (net)
                  0.05    0.00    1.16 ^ _402_/D (sky130_fd_sc_hd__dfrtp_4)
                                  1.16   data arrival time

                          0.00    0.00   clock clk (rise edge)
                          0.00    0.00   clock source latency
                  0.24    0.18    0.18 ^ clk (in)
     1    0.05                           clk (net)
                  0.24    0.00    0.18 ^ clkbuf_0_clk/A (sky130_fd_sc_hd__clkbuf_16)
                  0.05    0.20    0.38 ^ clkbuf_0_clk/X (sky130_fd_sc_hd__clkbuf_16)
     2    0.02                           clknet_0_clk (net)
                  0.05    0.00    0.38 ^ clkbuf_1_1__f_clk/A (sky130_fd_sc_hd__clkbuf_16)
                  0.07    0.16    0.54 ^ clkbuf_1_1__f_clk/X (sky130_fd_sc_hd__clkbuf_16)
    14    0.05                           clknet_1_1__leaf_clk (net)
                  0.07    0.01    0.55 ^ _402_/CLK (sky130_fd_sc_hd__dfrtp_4)
                          0.25    0.80   clock uncertainty
                         -0.05    0.75   clock reconvergence pessimism
                         -0.03    0.72   library hold time
                                  0.72   data required time
-----------------------------------------------------------------------------
                                  0.72   data required time
                                 -1.16   data arrival time
-----------------------------------------------------------------------------
                                  0.44   slack (MET)


Startpoint: _421_ (rising edge-triggered flip-flop clocked by clk)
Endpoint: _421_ (rising edge-triggered flip-flop clocked by clk)
Path Group: clk
Path Type: min
Corner: Typical

Fanout     Cap    Slew   Delay    Time   Description
-----------------------------------------------------------------------------
                          0.00    0.00   clock clk (rise edge)
                          0.00    0.00   clock source latency
                  0.24    0.16    0.16 ^ clk (in)
     1    0.05                           clk (net)
                  0.24    0.00    0.16 ^ clkbuf_0_clk/A (sky130_fd_sc_hd__clkbuf_16)
                  0.05    0.18    0.35 ^ clkbuf_0_clk/X (sky130_fd_sc_hd__clkbuf_16)
     2    0.02                           clknet_0_clk (net)
                  0.05    0.00    0.35 ^ clkbuf_1_1__f_clk/A (sky130_fd_sc_hd__clkbuf_16)
                  0.07    0.14    0.49 ^ clkbuf_1_1__f_clk/X (sky130_fd_sc_hd__clkbuf_16)
    14    0.05                           clknet_1_1__leaf_clk (net)
                  0.07    0.01    0.50 ^ _421_/CLK (sky130_fd_sc_hd__dfrtp_4)
                  0.13    0.46    0.95 ^ _421_/Q (sky130_fd_sc_hd__dfrtp_4)
     4    0.04                           net13 (net)
                  0.13    0.00    0.95 ^ _285_/A0 (sky130_fd_sc_hd__mux2_1)
                  0.04    0.13    1.09 ^ _285_/X (sky130_fd_sc_hd__mux2_1)
     1    0.00                           _122_ (net)
                  0.04    0.00    1.09 ^ _286_/A (sky130_fd_sc_hd__clkbuf_1)
                  0.05    0.08    1.17 ^ _286_/X (sky130_fd_sc_hd__clkbuf_1)
     1    0.00                           _047_ (net)
                  0.05    0.00    1.17 ^ _421_/D (sky130_fd_sc_hd__dfrtp_4)
                                  1.17   data arrival time

                          0.00    0.00   clock clk (rise edge)
                          0.00    0.00   clock source latency
                  0.24    0.18    0.18 ^ clk (in)
     1    0.05                           clk (net)
                  0.24    0.00    0.18 ^ clkbuf_0_clk/A (sky130_fd_sc_hd__clkbuf_16)
                  0.05    0.20    0.38 ^ clkbuf_0_clk/X (sky130_fd_sc_hd__clkbuf_16)
     2    0.02                           clknet_0_clk (net)
                  0.05    0.00    0.38 ^ clkbuf_1_1__f_clk/A (sky130_fd_sc_hd__clkbuf_16)
                  0.07    0.16    0.54 ^ clkbuf_1_1__f_clk/X (sky130_fd_sc_hd__clkbuf_16)
    14    0.05                           clknet_1_1__leaf_clk (net)
                  0.07    0.01    0.55 ^ _421_/CLK (sky130_fd_sc_hd__dfrtp_4)
                          0.25    0.80   clock uncertainty
                         -0.05    0.75   clock reconvergence pessimism
                         -0.03    0.72   library hold time
                                  0.72   data required time
-----------------------------------------------------------------------------
                                  0.72   data required time
                                 -1.17   data arrival time
-----------------------------------------------------------------------------
                                  0.45   slack (MET)


Startpoint: _416_ (rising edge-triggered flip-flop clocked by clk)
Endpoint: _416_ (rising edge-triggered flip-flop clocked by clk)
Path Group: clk
Path Type: min
Corner: Typical

Fanout     Cap    Slew   Delay    Time   Description
-----------------------------------------------------------------------------
                          0.00    0.00   clock clk (rise edge)
                          0.00    0.00   clock source latency
                  0.24    0.16    0.16 ^ clk (in)
     1    0.05                           clk (net)
                  0.24    0.00    0.16 ^ clkbuf_0_clk/A (sky130_fd_sc_hd__clkbuf_16)
                  0.05    0.18    0.35 ^ clkbuf_0_clk/X (sky130_fd_sc_hd__clkbuf_16)
     2    0.02                           clknet_0_clk (net)
                  0.05    0.00    0.35 ^ clkbuf_1_0__f_clk/A (sky130_fd_sc_hd__clkbuf_16)
                  0.07    0.15    0.49 ^ clkbuf_1_0__f_clk/X (sky130_fd_sc_hd__clkbuf_16)
    14    0.06                           clknet_1_0__leaf_clk (net)
                  0.07    0.00    0.50 ^ _416_/CLK (sky130_fd_sc_hd__dfrtp_4)
                  0.12    0.45    0.95 ^ _416_/Q (sky130_fd_sc_hd__dfrtp_4)
     2    0.03                           net20 (net)
                  0.12    0.00    0.95 ^ _316_/A (sky130_fd_sc_hd__or2_1)
                  0.05    0.12    1.06 ^ _316_/X (sky130_fd_sc_hd__or2_1)
     1    0.00                           _148_ (net)
                  0.05    0.00    1.06 ^ _317_/B1 (sky130_fd_sc_hd__o31a_1)
                  0.05    0.11    1.18 ^ _317_/X (sky130_fd_sc_hd__o31a_1)
     1    0.00                           _042_ (net)
                  0.05    0.00    1.18 ^ _416_/D (sky130_fd_sc_hd__dfrtp_4)
                                  1.18   data arrival time

                          0.00    0.00   clock clk (rise edge)
                          0.00    0.00   clock source latency
                  0.24    0.18    0.18 ^ clk (in)
     1    0.05                           clk (net)
                  0.24    0.00    0.18 ^ clkbuf_0_clk/A (sky130_fd_sc_hd__clkbuf_16)
                  0.05    0.20    0.38 ^ clkbuf_0_clk/X (sky130_fd_sc_hd__clkbuf_16)
     2    0.02                           clknet_0_clk (net)
                  0.05    0.00    0.39 ^ clkbuf_1_0__f_clk/A (sky130_fd_sc_hd__clkbuf_16)
                  0.07    0.16    0.55 ^ clkbuf_1_0__f_clk/X (sky130_fd_sc_hd__clkbuf_16)
    14    0.06                           clknet_1_0__leaf_clk (net)
                  0.07    0.00    0.55 ^ _416_/CLK (sky130_fd_sc_hd__dfrtp_4)
                          0.25    0.80   clock uncertainty
                         -0.05    0.75   clock reconvergence pessimism
                         -0.03    0.72   library hold time
                                  0.72   data required time
-----------------------------------------------------------------------------
                                  0.72   data required time
                                 -1.18   data arrival time
-----------------------------------------------------------------------------
                                  0.46   slack (MET)


Startpoint: _405_ (rising edge-triggered flip-flop clocked by clk)
Endpoint: _405_ (rising edge-triggered flip-flop clocked by clk)
Path Group: clk
Path Type: min
Corner: Typical

Fanout     Cap    Slew   Delay    Time   Description
-----------------------------------------------------------------------------
                          0.00    0.00   clock clk (rise edge)
                          0.00    0.00   clock source latency
                  0.24    0.16    0.16 ^ clk (in)
     1    0.05                           clk (net)
                  0.24    0.00    0.16 ^ clkbuf_0_clk/A (sky130_fd_sc_hd__clkbuf_16)
                  0.05    0.18    0.35 ^ clkbuf_0_clk/X (sky130_fd_sc_hd__clkbuf_16)
     2    0.02                           clknet_0_clk (net)
                  0.05    0.00    0.35 ^ clkbuf_1_1__f_clk/A (sky130_fd_sc_hd__clkbuf_16)
                  0.07    0.14    0.49 ^ clkbuf_1_1__f_clk/X (sky130_fd_sc_hd__clkbuf_16)
    14    0.05                           clknet_1_1__leaf_clk (net)
                  0.07    0.00    0.50 ^ _405_/CLK (sky130_fd_sc_hd__dfrtp_4)
                  0.15    0.47    0.97 ^ _405_/Q (sky130_fd_sc_hd__dfrtp_4)
     3    0.04                           net5 (net)
                  0.15    0.00    0.97 ^ _349_/A0 (sky130_fd_sc_hd__mux2_1)
                  0.04    0.14    1.10 ^ _349_/X (sky130_fd_sc_hd__mux2_1)
     1    0.00                           _170_ (net)
                  0.04    0.00    1.11 ^ _350_/A (sky130_fd_sc_hd__clkbuf_1)
                  0.04    0.07    1.18 ^ _350_/X (sky130_fd_sc_hd__clkbuf_1)
     1    0.00                           _031_ (net)
                  0.04    0.00    1.18 ^ _405_/D (sky130_fd_sc_hd__dfrtp_4)
                                  1.18   data arrival time

                          0.00    0.00   clock clk (rise edge)
                          0.00    0.00   clock source latency
                  0.24    0.18    0.18 ^ clk (in)
     1    0.05                           clk (net)
                  0.24    0.00    0.18 ^ clkbuf_0_clk/A (sky130_fd_sc_hd__clkbuf_16)
                  0.05    0.20    0.38 ^ clkbuf_0_clk/X (sky130_fd_sc_hd__clkbuf_16)
     2    0.02                           clknet_0_clk (net)
                  0.05    0.00    0.38 ^ clkbuf_1_1__f_clk/A (sky130_fd_sc_hd__clkbuf_16)
                  0.07    0.16    0.54 ^ clkbuf_1_1__f_clk/X (sky130_fd_sc_hd__clkbuf_16)
    14    0.05                           clknet_1_1__leaf_clk (net)
                  0.07    0.00    0.55 ^ _405_/CLK (sky130_fd_sc_hd__dfrtp_4)
                          0.25    0.80   clock uncertainty
                         -0.05    0.75   clock reconvergence pessimism
                         -0.03    0.71   library hold time
                                  0.71   data required time
-----------------------------------------------------------------------------
                                  0.71   data required time
                                 -1.18   data arrival time
-----------------------------------------------------------------------------
                                  0.47   slack (MET)


Startpoint: _400_ (rising edge-triggered flip-flop clocked by clk)
Endpoint: _400_ (rising edge-triggered flip-flop clocked by clk)
Path Group: clk
Path Type: min
Corner: Typical

Fanout     Cap    Slew   Delay    Time   Description
-----------------------------------------------------------------------------
                          0.00    0.00   clock clk (rise edge)
                          0.00    0.00   clock source latency
                  0.24    0.16    0.16 ^ clk (in)
     1    0.05                           clk (net)
                  0.24    0.00    0.16 ^ clkbuf_0_clk/A (sky130_fd_sc_hd__clkbuf_16)
                  0.05    0.18    0.35 ^ clkbuf_0_clk/X (sky130_fd_sc_hd__clkbuf_16)
     2    0.02                           clknet_0_clk (net)
                  0.05    0.00    0.35 ^ clkbuf_1_1__f_clk/A (sky130_fd_sc_hd__clkbuf_16)
                  0.07    0.14    0.49 ^ clkbuf_1_1__f_clk/X (sky130_fd_sc_hd__clkbuf_16)
    14    0.05                           clknet_1_1__leaf_clk (net)
                  0.07    0.00    0.50 ^ _400_/CLK (sky130_fd_sc_hd__dfrtp_4)
                  0.11    0.44    0.94 ^ _400_/Q (sky130_fd_sc_hd__dfrtp_4)
     7    0.03                           U_PC.pc[2] (net)
                  0.11    0.00    0.94 ^ _363_/A (sky130_fd_sc_hd__xnor2_1)
                  0.04    0.11    1.05 ^ _363_/Y (sky130_fd_sc_hd__xnor2_1)
     1    0.00                           _178_ (net)
                  0.04    0.00    1.05 ^ _364_/B1 (sky130_fd_sc_hd__o2bb2a_1)
                  0.05    0.13    1.19 ^ _364_/X (sky130_fd_sc_hd__o2bb2a_1)
     1    0.00                           U_PC.next_pc[2] (net)
                  0.05    0.00    1.19 ^ _400_/D (sky130_fd_sc_hd__dfrtp_4)
                                  1.19   data arrival time

                          0.00    0.00   clock clk (rise edge)
                          0.00    0.00   clock source latency
                  0.24    0.18    0.18 ^ clk (in)
     1    0.05                           clk (net)
                  0.24    0.00    0.18 ^ clkbuf_0_clk/A (sky130_fd_sc_hd__clkbuf_16)
                  0.05    0.20    0.38 ^ clkbuf_0_clk/X (sky130_fd_sc_hd__clkbuf_16)
     2    0.02                           clknet_0_clk (net)
                  0.05    0.00    0.38 ^ clkbuf_1_1__f_clk/A (sky130_fd_sc_hd__clkbuf_16)
                  0.07    0.16    0.54 ^ clkbuf_1_1__f_clk/X (sky130_fd_sc_hd__clkbuf_16)
    14    0.05                           clknet_1_1__leaf_clk (net)
                  0.07    0.00    0.55 ^ _400_/CLK (sky130_fd_sc_hd__dfrtp_4)
                          0.25    0.80   clock uncertainty
                         -0.05    0.75   clock reconvergence pessimism
                         -0.03    0.71   library hold time
                                  0.71   data required time
-----------------------------------------------------------------------------
                                  0.71   data required time
                                 -1.19   data arrival time
-----------------------------------------------------------------------------
                                  0.47   slack (MET)


Startpoint: _401_ (rising edge-triggered flip-flop clocked by clk)
Endpoint: _419_ (rising edge-triggered flip-flop clocked by clk)
Path Group: clk
Path Type: min
Corner: Typical

Fanout     Cap    Slew   Delay    Time   Description
-----------------------------------------------------------------------------
                          0.00    0.00   clock clk (rise edge)
                          0.00    0.00   clock source latency
                  0.24    0.16    0.16 ^ clk (in)
     1    0.05                           clk (net)
                  0.24    0.00    0.16 ^ clkbuf_0_clk/A (sky130_fd_sc_hd__clkbuf_16)
                  0.05    0.18    0.35 ^ clkbuf_0_clk/X (sky130_fd_sc_hd__clkbuf_16)
     2    0.02                           clknet_0_clk (net)
                  0.05    0.00    0.35 ^ clkbuf_1_1__f_clk/A (sky130_fd_sc_hd__clkbuf_16)
                  0.07    0.14    0.49 ^ clkbuf_1_1__f_clk/X (sky130_fd_sc_hd__clkbuf_16)
    14    0.05                           clknet_1_1__leaf_clk (net)
                  0.07    0.00    0.50 ^ _401_/CLK (sky130_fd_sc_hd__dfrtp_4)
                  0.10    0.43    0.93 ^ _401_/Q (sky130_fd_sc_hd__dfrtp_4)
     8    0.03                           U_PC.pc[3] (net)
                  0.10    0.00    0.93 ^ _232_/A (sky130_fd_sc_hd__nor3_2)
                  0.08    0.09    1.03 v _232_/Y (sky130_fd_sc_hd__nor3_2)
     5    0.03                           _073_ (net)
                  0.08    0.00    1.03 v _300_/A1 (sky130_fd_sc_hd__a21o_1)
                  0.04    0.16    1.19 v _300_/X (sky130_fd_sc_hd__a21o_1)
     1    0.00                           _045_ (net)
                  0.04    0.00    1.19 v _419_/D (sky130_fd_sc_hd__dfrtp_4)
                                  1.19   data arrival time

                          0.00    0.00   clock clk (rise edge)
                          0.00    0.00   clock source latency
                  0.24    0.18    0.18 ^ clk (in)
     1    0.05                           clk (net)
                  0.24    0.00    0.18 ^ clkbuf_0_clk/A (sky130_fd_sc_hd__clkbuf_16)
                  0.05    0.20    0.38 ^ clkbuf_0_clk/X (sky130_fd_sc_hd__clkbuf_16)
     2    0.02                           clknet_0_clk (net)
                  0.05    0.00    0.38 ^ clkbuf_1_1__f_clk/A (sky130_fd_sc_hd__clkbuf_16)
                  0.07    0.16    0.54 ^ clkbuf_1_1__f_clk/X (sky130_fd_sc_hd__clkbuf_16)
    14    0.05                           clknet_1_1__leaf_clk (net)
                  0.07    0.01    0.55 ^ _419_/CLK (sky130_fd_sc_hd__dfrtp_4)
                          0.25    0.80   clock uncertainty
                         -0.05    0.75   clock reconvergence pessimism
                         -0.03    0.72   library hold time
                                  0.72   data required time
-----------------------------------------------------------------------------
                                  0.72   data required time
                                 -1.19   data arrival time
-----------------------------------------------------------------------------
                                  0.47   slack (MET)


Startpoint: _409_ (rising edge-triggered flip-flop clocked by clk)
Endpoint: _409_ (rising edge-triggered flip-flop clocked by clk)
Path Group: clk
Path Type: min
Corner: Typical

Fanout     Cap    Slew   Delay    Time   Description
-----------------------------------------------------------------------------
                          0.00    0.00   clock clk (rise edge)
                          0.00    0.00   clock source latency
                  0.24    0.16    0.16 ^ clk (in)
     1    0.05                           clk (net)
                  0.24    0.00    0.16 ^ clkbuf_0_clk/A (sky130_fd_sc_hd__clkbuf_16)
                  0.05    0.18    0.35 ^ clkbuf_0_clk/X (sky130_fd_sc_hd__clkbuf_16)
     2    0.02                           clknet_0_clk (net)
                  0.05    0.00    0.35 ^ clkbuf_1_0__f_clk/A (sky130_fd_sc_hd__clkbuf_16)
                  0.07    0.15    0.49 ^ clkbuf_1_0__f_clk/X (sky130_fd_sc_hd__clkbuf_16)
    14    0.06                           clknet_1_0__leaf_clk (net)
                  0.07    0.00    0.50 ^ _409_/CLK (sky130_fd_sc_hd__dfrtp_4)
                  0.13    0.46    0.95 ^ _409_/Q (sky130_fd_sc_hd__dfrtp_4)
     3    0.04                           net9 (net)
                  0.13    0.00    0.96 ^ _341_/A (sky130_fd_sc_hd__or2_1)
                  0.05    0.12    1.07 ^ _341_/X (sky130_fd_sc_hd__or2_1)
     1    0.00                           _166_ (net)
                  0.05    0.00    1.07 ^ _342_/B1 (sky130_fd_sc_hd__o41a_1)
                  0.04    0.12    1.19 ^ _342_/X (sky130_fd_sc_hd__o41a_1)
     1    0.00                           _035_ (net)
                  0.04    0.00    1.19 ^ _409_/D (sky130_fd_sc_hd__dfrtp_4)
                                  1.19   data arrival time

                          0.00    0.00   clock clk (rise edge)
                          0.00    0.00   clock source latency
                  0.24    0.18    0.18 ^ clk (in)
     1    0.05                           clk (net)
                  0.24    0.00    0.18 ^ clkbuf_0_clk/A (sky130_fd_sc_hd__clkbuf_16)
                  0.05    0.20    0.38 ^ clkbuf_0_clk/X (sky130_fd_sc_hd__clkbuf_16)
     2    0.02                           clknet_0_clk (net)
                  0.05    0.00    0.39 ^ clkbuf_1_0__f_clk/A (sky130_fd_sc_hd__clkbuf_16)
                  0.07    0.16    0.55 ^ clkbuf_1_0__f_clk/X (sky130_fd_sc_hd__clkbuf_16)
    14    0.06                           clknet_1_0__leaf_clk (net)
                  0.07    0.00    0.55 ^ _409_/CLK (sky130_fd_sc_hd__dfrtp_4)
                          0.25    0.80   clock uncertainty
                         -0.05    0.75   clock reconvergence pessimism
                         -0.03    0.72   library hold time
                                  0.72   data required time
-----------------------------------------------------------------------------
                                  0.72   data required time
                                 -1.19   data arrival time
-----------------------------------------------------------------------------
                                  0.47   slack (MET)


Startpoint: _411_ (rising edge-triggered flip-flop clocked by clk)
Endpoint: _411_ (rising edge-triggered flip-flop clocked by clk)
Path Group: clk
Path Type: min
Corner: Typical

Fanout     Cap    Slew   Delay    Time   Description
-----------------------------------------------------------------------------
                          0.00    0.00   clock clk (rise edge)
                          0.00    0.00   clock source latency
                  0.24    0.16    0.16 ^ clk (in)
     1    0.05                           clk (net)
                  0.24    0.00    0.16 ^ clkbuf_0_clk/A (sky130_fd_sc_hd__clkbuf_16)
                  0.05    0.18    0.35 ^ clkbuf_0_clk/X (sky130_fd_sc_hd__clkbuf_16)
     2    0.02                           clknet_0_clk (net)
                  0.05    0.00    0.35 ^ clkbuf_1_1__f_clk/A (sky130_fd_sc_hd__clkbuf_16)
                  0.07    0.14    0.49 ^ clkbuf_1_1__f_clk/X (sky130_fd_sc_hd__clkbuf_16)
    14    0.05                           clknet_1_1__leaf_clk (net)
                  0.07    0.01    0.50 ^ _411_/CLK (sky130_fd_sc_hd__dfrtp_4)
                  0.13    0.45    0.95 ^ _411_/Q (sky130_fd_sc_hd__dfrtp_4)
     2    0.04                           net24 (net)
                  0.13    0.00    0.95 ^ _337_/A (sky130_fd_sc_hd__and3_1)
                  0.06    0.16    1.11 ^ _337_/X (sky130_fd_sc_hd__and3_1)
     1    0.00                           _164_ (net)
                  0.06    0.00    1.11 ^ _338_/A (sky130_fd_sc_hd__clkbuf_1)
                  0.04    0.08    1.19 ^ _338_/X (sky130_fd_sc_hd__clkbuf_1)
     1    0.00                           _037_ (net)
                  0.04    0.00    1.19 ^ _411_/D (sky130_fd_sc_hd__dfrtp_4)
                                  1.19   data arrival time

                          0.00    0.00   clock clk (rise edge)
                          0.00    0.00   clock source latency
                  0.24    0.18    0.18 ^ clk (in)
     1    0.05                           clk (net)
                  0.24    0.00    0.18 ^ clkbuf_0_clk/A (sky130_fd_sc_hd__clkbuf_16)
                  0.05    0.20    0.38 ^ clkbuf_0_clk/X (sky130_fd_sc_hd__clkbuf_16)
     2    0.02                           clknet_0_clk (net)
                  0.05    0.00    0.38 ^ clkbuf_1_1__f_clk/A (sky130_fd_sc_hd__clkbuf_16)
                  0.07    0.16    0.54 ^ clkbuf_1_1__f_clk/X (sky130_fd_sc_hd__clkbuf_16)
    14    0.05                           clknet_1_1__leaf_clk (net)
                  0.07    0.01    0.55 ^ _411_/CLK (sky130_fd_sc_hd__dfrtp_4)
                          0.25    0.80   clock uncertainty
                         -0.05    0.75   clock reconvergence pessimism
                         -0.03    0.72   library hold time
                                  0.72   data required time
-----------------------------------------------------------------------------
                                  0.72   data required time
                                 -1.19   data arrival time
-----------------------------------------------------------------------------
                                  0.47   slack (MET)


Startpoint: _401_ (rising edge-triggered flip-flop clocked by clk)
Endpoint: _420_ (rising edge-triggered flip-flop clocked by clk)
Path Group: clk
Path Type: min
Corner: Typical

Fanout     Cap    Slew   Delay    Time   Description
-----------------------------------------------------------------------------
                          0.00    0.00   clock clk (rise edge)
                          0.00    0.00   clock source latency
                  0.24    0.16    0.16 ^ clk (in)
     1    0.05                           clk (net)
                  0.24    0.00    0.16 ^ clkbuf_0_clk/A (sky130_fd_sc_hd__clkbuf_16)
                  0.05    0.18    0.35 ^ clkbuf_0_clk/X (sky130_fd_sc_hd__clkbuf_16)
     2    0.02                           clknet_0_clk (net)
                  0.05    0.00    0.35 ^ clkbuf_1_1__f_clk/A (sky130_fd_sc_hd__clkbuf_16)
                  0.07    0.14    0.49 ^ clkbuf_1_1__f_clk/X (sky130_fd_sc_hd__clkbuf_16)
    14    0.05                           clknet_1_1__leaf_clk (net)
                  0.07    0.00    0.50 ^ _401_/CLK (sky130_fd_sc_hd__dfrtp_4)
                  0.10    0.43    0.93 ^ _401_/Q (sky130_fd_sc_hd__dfrtp_4)
     8    0.03                           U_PC.pc[3] (net)
                  0.10    0.00    0.93 ^ _232_/A (sky130_fd_sc_hd__nor3_2)
                  0.08    0.09    1.03 v _232_/Y (sky130_fd_sc_hd__nor3_2)
     5    0.03                           _073_ (net)
                  0.08    0.00    1.03 v _292_/A1 (sky130_fd_sc_hd__a21bo_1)
                  0.03    0.17    1.20 v _292_/X (sky130_fd_sc_hd__a21bo_1)
     1    0.00                           _046_ (net)
                  0.03    0.00    1.20 v _420_/D (sky130_fd_sc_hd__dfrtp_4)
                                  1.20   data arrival time

                          0.00    0.00   clock clk (rise edge)
                          0.00    0.00   clock source latency
                  0.24    0.18    0.18 ^ clk (in)
     1    0.05                           clk (net)
                  0.24    0.00    0.18 ^ clkbuf_0_clk/A (sky130_fd_sc_hd__clkbuf_16)
                  0.05    0.20    0.38 ^ clkbuf_0_clk/X (sky130_fd_sc_hd__clkbuf_16)
     2    0.02                           clknet_0_clk (net)
                  0.05    0.00    0.38 ^ clkbuf_1_1__f_clk/A (sky130_fd_sc_hd__clkbuf_16)
                  0.07    0.16    0.54 ^ clkbuf_1_1__f_clk/X (sky130_fd_sc_hd__clkbuf_16)
    14    0.05                           clknet_1_1__leaf_clk (net)
                  0.07    0.01    0.55 ^ _420_/CLK (sky130_fd_sc_hd__dfrtp_4)
                          0.25    0.80   clock uncertainty
                         -0.05    0.75   clock reconvergence pessimism
                         -0.03    0.72   library hold time
                                  0.72   data required time
-----------------------------------------------------------------------------
                                  0.72   data required time
                                 -1.20   data arrival time
-----------------------------------------------------------------------------
                                  0.48   slack (MET)


Startpoint: _403_ (rising edge-triggered flip-flop clocked by clk)
Endpoint: _403_ (rising edge-triggered flip-flop clocked by clk)
Path Group: clk
Path Type: min
Corner: Typical

Fanout     Cap    Slew   Delay    Time   Description
-----------------------------------------------------------------------------
                          0.00    0.00   clock clk (rise edge)
                          0.00    0.00   clock source latency
                  0.24    0.16    0.16 ^ clk (in)
     1    0.05                           clk (net)
                  0.24    0.00    0.16 ^ clkbuf_0_clk/A (sky130_fd_sc_hd__clkbuf_16)
                  0.05    0.18    0.35 ^ clkbuf_0_clk/X (sky130_fd_sc_hd__clkbuf_16)
     2    0.02                           clknet_0_clk (net)
                  0.05    0.00    0.35 ^ clkbuf_1_1__f_clk/A (sky130_fd_sc_hd__clkbuf_16)
                  0.07    0.14    0.49 ^ clkbuf_1_1__f_clk/X (sky130_fd_sc_hd__clkbuf_16)
    14    0.05                           clknet_1_1__leaf_clk (net)
                  0.07    0.00    0.50 ^ _403_/CLK (sky130_fd_sc_hd__dfrtp_4)
                  0.16    0.48    0.97 ^ _403_/Q (sky130_fd_sc_hd__dfrtp_4)
     3    0.05                           net3 (net)
                  0.16    0.00    0.97 ^ _353_/A0 (sky130_fd_sc_hd__mux2_1)
                  0.05    0.15    1.12 ^ _353_/X (sky130_fd_sc_hd__mux2_1)
     1    0.00                           _172_ (net)
                  0.05    0.00    1.12 ^ _354_/A (sky130_fd_sc_hd__clkbuf_1)
                  0.04    0.08    1.20 ^ _354_/X (sky130_fd_sc_hd__clkbuf_1)
     1    0.00                           _029_ (net)
                  0.04    0.00    1.20 ^ _403_/D (sky130_fd_sc_hd__dfrtp_4)
                                  1.20   data arrival time

                          0.00    0.00   clock clk (rise edge)
                          0.00    0.00   clock source latency
                  0.24    0.18    0.18 ^ clk (in)
     1    0.05                           clk (net)
                  0.24    0.00    0.18 ^ clkbuf_0_clk/A (sky130_fd_sc_hd__clkbuf_16)
                  0.05    0.20    0.38 ^ clkbuf_0_clk/X (sky130_fd_sc_hd__clkbuf_16)
     2    0.02                           clknet_0_clk (net)
                  0.05    0.00    0.38 ^ clkbuf_1_1__f_clk/A (sky130_fd_sc_hd__clkbuf_16)
                  0.07    0.16    0.54 ^ clkbuf_1_1__f_clk/X (sky130_fd_sc_hd__clkbuf_16)
    14    0.05                           clknet_1_1__leaf_clk (net)
                  0.07    0.00    0.55 ^ _403_/CLK (sky130_fd_sc_hd__dfrtp_4)
                          0.25    0.80   clock uncertainty
                         -0.05    0.75   clock reconvergence pessimism
                         -0.03    0.72   library hold time
                                  0.72   data required time
-----------------------------------------------------------------------------
                                  0.72   data required time
                                 -1.20   data arrival time
-----------------------------------------------------------------------------
                                  0.48   slack (MET)


Startpoint: _407_ (rising edge-triggered flip-flop clocked by clk)
Endpoint: _407_ (rising edge-triggered flip-flop clocked by clk)
Path Group: clk
Path Type: min
Corner: Typical

Fanout     Cap    Slew   Delay    Time   Description
-----------------------------------------------------------------------------
                          0.00    0.00   clock clk (rise edge)
                          0.00    0.00   clock source latency
                  0.24    0.16    0.16 ^ clk (in)
     1    0.05                           clk (net)
                  0.24    0.00    0.16 ^ clkbuf_0_clk/A (sky130_fd_sc_hd__clkbuf_16)
                  0.05    0.18    0.35 ^ clkbuf_0_clk/X (sky130_fd_sc_hd__clkbuf_16)
     2    0.02                           clknet_0_clk (net)
                  0.05    0.00    0.35 ^ clkbuf_1_0__f_clk/A (sky130_fd_sc_hd__clkbuf_16)
                  0.07    0.15    0.49 ^ clkbuf_1_0__f_clk/X (sky130_fd_sc_hd__clkbuf_16)
    14    0.06                           clknet_1_0__leaf_clk (net)
                  0.07    0.00    0.50 ^ _407_/CLK (sky130_fd_sc_hd__dfrtp_4)
                  0.17    0.49    0.99 ^ _407_/Q (sky130_fd_sc_hd__dfrtp_4)
     3    0.05                           net7 (net)
                  0.17    0.00    0.99 ^ _345_/A0 (sky130_fd_sc_hd__mux2_1)
                  0.04    0.14    1.13 ^ _345_/X (sky130_fd_sc_hd__mux2_1)
     1    0.00                           _168_ (net)
                  0.04    0.00    1.13 ^ _346_/A (sky130_fd_sc_hd__clkbuf_1)
                  0.04    0.08    1.21 ^ _346_/X (sky130_fd_sc_hd__clkbuf_1)
     1    0.00                           _033_ (net)
                  0.04    0.00    1.21 ^ _407_/D (sky130_fd_sc_hd__dfrtp_4)
                                  1.21   data arrival time

                          0.00    0.00   clock clk (rise edge)
                          0.00    0.00   clock source latency
                  0.24    0.18    0.18 ^ clk (in)
     1    0.05                           clk (net)
                  0.24    0.00    0.18 ^ clkbuf_0_clk/A (sky130_fd_sc_hd__clkbuf_16)
                  0.05    0.20    0.38 ^ clkbuf_0_clk/X (sky130_fd_sc_hd__clkbuf_16)
     2    0.02                           clknet_0_clk (net)
                  0.05    0.00    0.39 ^ clkbuf_1_0__f_clk/A (sky130_fd_sc_hd__clkbuf_16)
                  0.07    0.16    0.55 ^ clkbuf_1_0__f_clk/X (sky130_fd_sc_hd__clkbuf_16)
    14    0.06                           clknet_1_0__leaf_clk (net)
                  0.07    0.00    0.55 ^ _407_/CLK (sky130_fd_sc_hd__dfrtp_4)
                          0.25    0.80   clock uncertainty
                         -0.05    0.75   clock reconvergence pessimism
                         -0.03    0.72   library hold time
                                  0.72   data required time
-----------------------------------------------------------------------------
                                  0.72   data required time
                                 -1.21   data arrival time
-----------------------------------------------------------------------------
                                  0.49   slack (MET)


Startpoint: _410_ (rising edge-triggered flip-flop clocked by clk)
Endpoint: _410_ (rising edge-triggered flip-flop clocked by clk)
Path Group: clk
Path Type: min
Corner: Typical

Fanout     Cap    Slew   Delay    Time   Description
-----------------------------------------------------------------------------
                          0.00    0.00   clock clk (rise edge)
                          0.00    0.00   clock source latency
                  0.24    0.16    0.16 ^ clk (in)
     1    0.05                           clk (net)
                  0.24    0.00    0.16 ^ clkbuf_0_clk/A (sky130_fd_sc_hd__clkbuf_16)
                  0.05    0.18    0.35 ^ clkbuf_0_clk/X (sky130_fd_sc_hd__clkbuf_16)
     2    0.02                           clknet_0_clk (net)
                  0.05    0.00    0.35 ^ clkbuf_1_0__f_clk/A (sky130_fd_sc_hd__clkbuf_16)
                  0.07    0.15    0.49 ^ clkbuf_1_0__f_clk/X (sky130_fd_sc_hd__clkbuf_16)
    14    0.06                           clknet_1_0__leaf_clk (net)
                  0.07    0.00    0.50 ^ _410_/CLK (sky130_fd_sc_hd__dfrtp_4)
                  0.26    0.55    1.05 ^ _410_/Q (sky130_fd_sc_hd__dfrtp_4)
     3    0.09                           net23 (net)
                  0.26    0.00    1.05 ^ _339_/A1 (sky130_fd_sc_hd__a31o_1)
                  0.04    0.17    1.22 ^ _339_/X (sky130_fd_sc_hd__a31o_1)
     1    0.00                           _036_ (net)
                  0.04    0.00    1.22 ^ _410_/D (sky130_fd_sc_hd__dfrtp_4)
                                  1.22   data arrival time

                          0.00    0.00   clock clk (rise edge)
                          0.00    0.00   clock source latency
                  0.24    0.18    0.18 ^ clk (in)
     1    0.05                           clk (net)
                  0.24    0.00    0.18 ^ clkbuf_0_clk/A (sky130_fd_sc_hd__clkbuf_16)
                  0.05    0.20    0.38 ^ clkbuf_0_clk/X (sky130_fd_sc_hd__clkbuf_16)
     2    0.02                           clknet_0_clk (net)
                  0.05    0.00    0.39 ^ clkbuf_1_0__f_clk/A (sky130_fd_sc_hd__clkbuf_16)
                  0.07    0.16    0.55 ^ clkbuf_1_0__f_clk/X (sky130_fd_sc_hd__clkbuf_16)
    14    0.06                           clknet_1_0__leaf_clk (net)
                  0.07    0.00    0.55 ^ _410_/CLK (sky130_fd_sc_hd__dfrtp_4)
                          0.25    0.80   clock uncertainty
                         -0.05    0.75   clock reconvergence pessimism
                         -0.03    0.72   library hold time
                                  0.72   data required time
-----------------------------------------------------------------------------
                                  0.72   data required time
                                 -1.22   data arrival time
-----------------------------------------------------------------------------
                                  0.50   slack (MET)


Startpoint: _404_ (rising edge-triggered flip-flop clocked by clk)
Endpoint: _404_ (rising edge-triggered flip-flop clocked by clk)
Path Group: clk
Path Type: min
Corner: Typical

Fanout     Cap    Slew   Delay    Time   Description
-----------------------------------------------------------------------------
                          0.00    0.00   clock clk (rise edge)
                          0.00    0.00   clock source latency
                  0.24    0.16    0.16 ^ clk (in)
     1    0.05                           clk (net)
                  0.24    0.00    0.16 ^ clkbuf_0_clk/A (sky130_fd_sc_hd__clkbuf_16)
                  0.05    0.18    0.35 ^ clkbuf_0_clk/X (sky130_fd_sc_hd__clkbuf_16)
     2    0.02                           clknet_0_clk (net)
                  0.05    0.00    0.35 ^ clkbuf_1_1__f_clk/A (sky130_fd_sc_hd__clkbuf_16)
                  0.07    0.14    0.49 ^ clkbuf_1_1__f_clk/X (sky130_fd_sc_hd__clkbuf_16)
    14    0.05                           clknet_1_1__leaf_clk (net)
                  0.07    0.01    0.50 ^ _404_/CLK (sky130_fd_sc_hd__dfrtp_4)
                  0.19    0.50    1.00 ^ _404_/Q (sky130_fd_sc_hd__dfrtp_4)
     4    0.06                           net4 (net)
                  0.19    0.00    1.00 ^ _351_/A0 (sky130_fd_sc_hd__mux2_1)
                  0.04    0.15    1.15 ^ _351_/X (sky130_fd_sc_hd__mux2_1)
     1    0.00                           _171_ (net)
                  0.04    0.00    1.16 ^ _352_/A (sky130_fd_sc_hd__clkbuf_1)
                  0.04    0.08    1.23 ^ _352_/X (sky130_fd_sc_hd__clkbuf_1)
     1    0.00                           _030_ (net)
                  0.04    0.00    1.23 ^ _404_/D (sky130_fd_sc_hd__dfrtp_4)
                                  1.23   data arrival time

                          0.00    0.00   clock clk (rise edge)
                          0.00    0.00   clock source latency
                  0.24    0.18    0.18 ^ clk (in)
     1    0.05                           clk (net)
                  0.24    0.00    0.18 ^ clkbuf_0_clk/A (sky130_fd_sc_hd__clkbuf_16)
                  0.05    0.20    0.38 ^ clkbuf_0_clk/X (sky130_fd_sc_hd__clkbuf_16)
     2    0.02                           clknet_0_clk (net)
                  0.05    0.00    0.38 ^ clkbuf_1_1__f_clk/A (sky130_fd_sc_hd__clkbuf_16)
                  0.07    0.16    0.54 ^ clkbuf_1_1__f_clk/X (sky130_fd_sc_hd__clkbuf_16)
    14    0.05                           clknet_1_1__leaf_clk (net)
                  0.07    0.01    0.55 ^ _404_/CLK (sky130_fd_sc_hd__dfrtp_4)
                          0.25    0.80   clock uncertainty
                         -0.05    0.75   clock reconvergence pessimism
                         -0.03    0.72   library hold time
                                  0.72   data required time
-----------------------------------------------------------------------------
                                  0.72   data required time
                                 -1.23   data arrival time
-----------------------------------------------------------------------------
                                  0.51   slack (MET)


Startpoint: _398_ (rising edge-triggered flip-flop clocked by clk)
Endpoint: _399_ (rising edge-triggered flip-flop clocked by clk)
Path Group: clk
Path Type: min
Corner: Typical

Fanout     Cap    Slew   Delay    Time   Description
-----------------------------------------------------------------------------
                          0.00    0.00   clock clk (rise edge)
                          0.00    0.00   clock source latency
                  0.24    0.16    0.16 ^ clk (in)
     1    0.05                           clk (net)
                  0.24    0.00    0.16 ^ clkbuf_0_clk/A (sky130_fd_sc_hd__clkbuf_16)
                  0.05    0.18    0.35 ^ clkbuf_0_clk/X (sky130_fd_sc_hd__clkbuf_16)
     2    0.02                           clknet_0_clk (net)
                  0.05    0.00    0.35 ^ clkbuf_1_1__f_clk/A (sky130_fd_sc_hd__clkbuf_16)
                  0.07    0.14    0.49 ^ clkbuf_1_1__f_clk/X (sky130_fd_sc_hd__clkbuf_16)
    14    0.05                           clknet_1_1__leaf_clk (net)
                  0.07    0.01    0.50 ^ _398_/CLK (sky130_fd_sc_hd__dfrtp_4)
                  0.13    0.46    0.95 ^ _398_/Q (sky130_fd_sc_hd__dfrtp_4)
    10    0.04                           U_PC.pc[0] (net)
                  0.13    0.00    0.96 ^ _359_/B (sky130_fd_sc_hd__and2b_1)
                  0.05    0.14    1.09 ^ _359_/X (sky130_fd_sc_hd__and2b_1)
     2    0.00                           _175_ (net)
                  0.05    0.00    1.09 ^ _360_/C (sky130_fd_sc_hd__or3_1)
                  0.04    0.09    1.18 ^ _360_/X (sky130_fd_sc_hd__or3_1)
     1    0.00                           _176_ (net)
                  0.04    0.00    1.18 ^ _361_/A (sky130_fd_sc_hd__clkbuf_1)
                  0.04    0.07    1.25 ^ _361_/X (sky130_fd_sc_hd__clkbuf_1)
     1    0.00                           U_PC.next_pc[1] (net)
                  0.04    0.00    1.25 ^ _399_/D (sky130_fd_sc_hd__dfrtp_4)
                                  1.25   data arrival time

                          0.00    0.00   clock clk (rise edge)
                          0.00    0.00   clock source latency
                  0.24    0.18    0.18 ^ clk (in)
     1    0.05                           clk (net)
                  0.24    0.00    0.18 ^ clkbuf_0_clk/A (sky130_fd_sc_hd__clkbuf_16)
                  0.05    0.20    0.38 ^ clkbuf_0_clk/X (sky130_fd_sc_hd__clkbuf_16)
     2    0.02                           clknet_0_clk (net)
                  0.05    0.00    0.38 ^ clkbuf_1_1__f_clk/A (sky130_fd_sc_hd__clkbuf_16)
                  0.07    0.16    0.54 ^ clkbuf_1_1__f_clk/X (sky130_fd_sc_hd__clkbuf_16)
    14    0.05                           clknet_1_1__leaf_clk (net)
                  0.07    0.01    0.55 ^ _399_/CLK (sky130_fd_sc_hd__dfrtp_4)
                          0.25    0.80   clock uncertainty
                         -0.05    0.75   clock reconvergence pessimism
                         -0.03    0.72   library hold time
                                  0.72   data required time
-----------------------------------------------------------------------------
                                  0.72   data required time
                                 -1.25   data arrival time
-----------------------------------------------------------------------------
                                  0.54   slack (MET)


Startpoint: _413_ (rising edge-triggered flip-flop clocked by clk)
Endpoint: _413_ (rising edge-triggered flip-flop clocked by clk)
Path Group: clk
Path Type: min
Corner: Typical

Fanout     Cap    Slew   Delay    Time   Description
-----------------------------------------------------------------------------
                          0.00    0.00   clock clk (rise edge)
                          0.00    0.00   clock source latency
                  0.24    0.16    0.16 ^ clk (in)
     1    0.05                           clk (net)
                  0.24    0.00    0.16 ^ clkbuf_0_clk/A (sky130_fd_sc_hd__clkbuf_16)
                  0.05    0.18    0.35 ^ clkbuf_0_clk/X (sky130_fd_sc_hd__clkbuf_16)
     2    0.02                           clknet_0_clk (net)
                  0.05    0.00    0.35 ^ clkbuf_1_0__f_clk/A (sky130_fd_sc_hd__clkbuf_16)
                  0.07    0.15    0.49 ^ clkbuf_1_0__f_clk/X (sky130_fd_sc_hd__clkbuf_16)
    14    0.06                           clknet_1_0__leaf_clk (net)
                  0.07    0.00    0.50 ^ _413_/CLK (sky130_fd_sc_hd__dfrtp_4)
                  0.22    0.52    1.02 ^ _413_/Q (sky130_fd_sc_hd__dfrtp_4)
     3    0.07                           net27 (net)
                  0.22    0.00    1.02 ^ _334_/A (sky130_fd_sc_hd__and3_1)
                  0.05    0.18    1.20 ^ _334_/X (sky130_fd_sc_hd__and3_1)
     1    0.00                           _163_ (net)
                  0.05    0.00    1.20 ^ _335_/A (sky130_fd_sc_hd__clkbuf_1)
                  0.04    0.08    1.27 ^ _335_/X (sky130_fd_sc_hd__clkbuf_1)
     1    0.00                           _039_ (net)
                  0.04    0.00    1.27 ^ _413_/D (sky130_fd_sc_hd__dfrtp_4)
                                  1.27   data arrival time

                          0.00    0.00   clock clk (rise edge)
                          0.00    0.00   clock source latency
                  0.24    0.18    0.18 ^ clk (in)
     1    0.05                           clk (net)
                  0.24    0.00    0.18 ^ clkbuf_0_clk/A (sky130_fd_sc_hd__clkbuf_16)
                  0.05    0.20    0.38 ^ clkbuf_0_clk/X (sky130_fd_sc_hd__clkbuf_16)
     2    0.02                           clknet_0_clk (net)
                  0.05    0.00    0.39 ^ clkbuf_1_0__f_clk/A (sky130_fd_sc_hd__clkbuf_16)
                  0.07    0.16    0.55 ^ clkbuf_1_0__f_clk/X (sky130_fd_sc_hd__clkbuf_16)
    14    0.06                           clknet_1_0__leaf_clk (net)
                  0.07    0.00    0.55 ^ _413_/CLK (sky130_fd_sc_hd__dfrtp_4)
                          0.25    0.80   clock uncertainty
                         -0.05    0.75   clock reconvergence pessimism
                         -0.03    0.72   library hold time
                                  0.72   data required time
-----------------------------------------------------------------------------
                                  0.72   data required time
                                 -1.27   data arrival time
-----------------------------------------------------------------------------
                                  0.56   slack (MET)


Startpoint: _423_ (rising edge-triggered flip-flop clocked by clk)
Endpoint: _423_ (rising edge-triggered flip-flop clocked by clk)
Path Group: clk
Path Type: min
Corner: Typical

Fanout     Cap    Slew   Delay    Time   Description
-----------------------------------------------------------------------------
                          0.00    0.00   clock clk (rise edge)
                          0.00    0.00   clock source latency
                  0.24    0.16    0.16 ^ clk (in)
     1    0.05                           clk (net)
                  0.24    0.00    0.16 ^ clkbuf_0_clk/A (sky130_fd_sc_hd__clkbuf_16)
                  0.05    0.18    0.35 ^ clkbuf_0_clk/X (sky130_fd_sc_hd__clkbuf_16)
     2    0.02                           clknet_0_clk (net)
                  0.05    0.00    0.35 ^ clkbuf_1_0__f_clk/A (sky130_fd_sc_hd__clkbuf_16)
                  0.07    0.15    0.49 ^ clkbuf_1_0__f_clk/X (sky130_fd_sc_hd__clkbuf_16)
    14    0.06                           clknet_1_0__leaf_clk (net)
                  0.07    0.00    0.50 ^ _423_/CLK (sky130_fd_sc_hd__dfrtp_4)
                  0.15    0.47    0.97 ^ _423_/Q (sky130_fd_sc_hd__dfrtp_4)
     3    0.04                           net15 (net)
                  0.15    0.00    0.97 ^ _210_/A (sky130_fd_sc_hd__and2_1)
                  0.19    0.24    1.21 ^ _210_/X (sky130_fd_sc_hd__and2_1)
     5    0.02                           _196_ (net)
                  0.19    0.00    1.21 ^ _278_/B1 (sky130_fd_sc_hd__a21o_1)
                  0.04    0.10    1.32 ^ _278_/X (sky130_fd_sc_hd__a21o_1)
     1    0.00                           _049_ (net)
                  0.04    0.00    1.32 ^ _423_/D (sky130_fd_sc_hd__dfrtp_4)
                                  1.32   data arrival time

                          0.00    0.00   clock clk (rise edge)
                          0.00    0.00   clock source latency
                  0.24    0.18    0.18 ^ clk (in)
     1    0.05                           clk (net)
                  0.24    0.00    0.18 ^ clkbuf_0_clk/A (sky130_fd_sc_hd__clkbuf_16)
                  0.05    0.20    0.38 ^ clkbuf_0_clk/X (sky130_fd_sc_hd__clkbuf_16)
     2    0.02                           clknet_0_clk (net)
                  0.05    0.00    0.39 ^ clkbuf_1_0__f_clk/A (sky130_fd_sc_hd__clkbuf_16)
                  0.07    0.16    0.55 ^ clkbuf_1_0__f_clk/X (sky130_fd_sc_hd__clkbuf_16)
    14    0.06                           clknet_1_0__leaf_clk (net)
                  0.07    0.00    0.55 ^ _423_/CLK (sky130_fd_sc_hd__dfrtp_4)
                          0.25    0.80   clock uncertainty
                         -0.05    0.75   clock reconvergence pessimism
                         -0.03    0.72   library hold time
                                  0.72   data required time
-----------------------------------------------------------------------------
                                  0.72   data required time
                                 -1.32   data arrival time
-----------------------------------------------------------------------------
                                  0.60   slack (MET)


Startpoint: _425_ (rising edge-triggered flip-flop clocked by clk)
Endpoint: _425_ (rising edge-triggered flip-flop clocked by clk)
Path Group: clk
Path Type: min
Corner: Typical

Fanout     Cap    Slew   Delay    Time   Description
-----------------------------------------------------------------------------
                          0.00    0.00   clock clk (rise edge)
                          0.00    0.00   clock source latency
                  0.24    0.16    0.16 ^ clk (in)
     1    0.05                           clk (net)
                  0.24    0.00    0.16 ^ clkbuf_0_clk/A (sky130_fd_sc_hd__clkbuf_16)
                  0.05    0.18    0.35 ^ clkbuf_0_clk/X (sky130_fd_sc_hd__clkbuf_16)
     2    0.02                           clknet_0_clk (net)
                  0.05    0.00    0.35 ^ clkbuf_1_0__f_clk/A (sky130_fd_sc_hd__clkbuf_16)
                  0.07    0.15    0.49 ^ clkbuf_1_0__f_clk/X (sky130_fd_sc_hd__clkbuf_16)
    14    0.06                           clknet_1_0__leaf_clk (net)
                  0.07    0.00    0.50 ^ _425_/CLK (sky130_fd_sc_hd__dfrtp_4)
                  0.14    0.47    0.97 ^ _425_/Q (sky130_fd_sc_hd__dfrtp_4)
     3    0.04                           net17 (net)
                  0.14    0.00    0.97 ^ _199_/A (sky130_fd_sc_hd__and2_2)
                  0.11    0.21    1.18 ^ _199_/X (sky130_fd_sc_hd__and2_2)
     7    0.02                           _185_ (net)
                  0.11    0.00    1.18 ^ _268_/A (sky130_fd_sc_hd__or2_1)
                  0.05    0.11    1.30 ^ _268_/X (sky130_fd_sc_hd__or2_1)
     1    0.00                           _109_ (net)
                  0.05    0.00    1.30 ^ _269_/A (sky130_fd_sc_hd__clkbuf_1)
                  0.05    0.08    1.37 ^ _269_/X (sky130_fd_sc_hd__clkbuf_1)
     1    0.00                           _051_ (net)
                  0.05    0.00    1.38 ^ _425_/D (sky130_fd_sc_hd__dfrtp_4)
                                  1.38   data arrival time

                          0.00    0.00   clock clk (rise edge)
                          0.00    0.00   clock source latency
                  0.24    0.18    0.18 ^ clk (in)
     1    0.05                           clk (net)
                  0.24    0.00    0.18 ^ clkbuf_0_clk/A (sky130_fd_sc_hd__clkbuf_16)
                  0.05    0.20    0.38 ^ clkbuf_0_clk/X (sky130_fd_sc_hd__clkbuf_16)
     2    0.02                           clknet_0_clk (net)
                  0.05    0.00    0.39 ^ clkbuf_1_0__f_clk/A (sky130_fd_sc_hd__clkbuf_16)
                  0.07    0.16    0.55 ^ clkbuf_1_0__f_clk/X (sky130_fd_sc_hd__clkbuf_16)
    14    0.06                           clknet_1_0__leaf_clk (net)
                  0.07    0.00    0.55 ^ _425_/CLK (sky130_fd_sc_hd__dfrtp_4)
                          0.25    0.80   clock uncertainty
                         -0.05    0.75   clock reconvergence pessimism
                         -0.03    0.72   library hold time
                                  0.72   data required time
-----------------------------------------------------------------------------
                                  0.72   data required time
                                 -1.38   data arrival time
-----------------------------------------------------------------------------
                                  0.66   slack (MET)


Startpoint: _422_ (rising edge-triggered flip-flop clocked by clk)
Endpoint: _422_ (rising edge-triggered flip-flop clocked by clk)
Path Group: clk
Path Type: min
Corner: Typical

Fanout     Cap    Slew   Delay    Time   Description
-----------------------------------------------------------------------------
                          0.00    0.00   clock clk (rise edge)
                          0.00    0.00   clock source latency
                  0.24    0.16    0.16 ^ clk (in)
     1    0.05                           clk (net)
                  0.24    0.00    0.16 ^ clkbuf_0_clk/A (sky130_fd_sc_hd__clkbuf_16)
                  0.05    0.18    0.35 ^ clkbuf_0_clk/X (sky130_fd_sc_hd__clkbuf_16)
     2    0.02                           clknet_0_clk (net)
                  0.05    0.00    0.35 ^ clkbuf_1_0__f_clk/A (sky130_fd_sc_hd__clkbuf_16)
                  0.07    0.15    0.49 ^ clkbuf_1_0__f_clk/X (sky130_fd_sc_hd__clkbuf_16)
    14    0.06                           clknet_1_0__leaf_clk (net)
                  0.07    0.01    0.50 ^ _422_/CLK (sky130_fd_sc_hd__dfrtp_4)
                  0.17    0.49    0.98 ^ _422_/Q (sky130_fd_sc_hd__dfrtp_4)
     5    0.05                           net14 (net)
                  0.17    0.00    0.99 ^ _214_/A (sky130_fd_sc_hd__and2_1)
                  0.11    0.19    1.17 ^ _214_/X (sky130_fd_sc_hd__and2_1)
     3    0.01                           _055_ (net)
                  0.11    0.00    1.17 ^ _280_/A (sky130_fd_sc_hd__or2_1)
                  0.06    0.12    1.29 ^ _280_/X (sky130_fd_sc_hd__or2_1)
     1    0.00                           _118_ (net)
                  0.06    0.00    1.29 ^ _281_/A (sky130_fd_sc_hd__clkbuf_1)
                  0.05    0.08    1.38 ^ _281_/X (sky130_fd_sc_hd__clkbuf_1)
     1    0.00                           _048_ (net)
                  0.05    0.00    1.38 ^ _422_/D (sky130_fd_sc_hd__dfrtp_4)
                                  1.38   data arrival time

                          0.00    0.00   clock clk (rise edge)
                          0.00    0.00   clock source latency
                  0.24    0.18    0.18 ^ clk (in)
     1    0.05                           clk (net)
                  0.24    0.00    0.18 ^ clkbuf_0_clk/A (sky130_fd_sc_hd__clkbuf_16)
                  0.05    0.20    0.38 ^ clkbuf_0_clk/X (sky130_fd_sc_hd__clkbuf_16)
     2    0.02                           clknet_0_clk (net)
                  0.05    0.00    0.39 ^ clkbuf_1_0__f_clk/A (sky130_fd_sc_hd__clkbuf_16)
                  0.07    0.16    0.55 ^ clkbuf_1_0__f_clk/X (sky130_fd_sc_hd__clkbuf_16)
    14    0.06                           clknet_1_0__leaf_clk (net)
                  0.07    0.01    0.55 ^ _422_/CLK (sky130_fd_sc_hd__dfrtp_4)
                          0.25    0.80   clock uncertainty
                         -0.05    0.75   clock reconvergence pessimism
                         -0.03    0.72   library hold time
                                  0.72   data required time
-----------------------------------------------------------------------------
                                  0.72   data required time
                                 -1.38   data arrival time
-----------------------------------------------------------------------------
                                  0.66   slack (MET)


Startpoint: _399_ (rising edge-triggered flip-flop clocked by clk)
Endpoint: _412_ (rising edge-triggered flip-flop clocked by clk)
Path Group: clk
Path Type: min
Corner: Typical

Fanout     Cap    Slew   Delay    Time   Description
-----------------------------------------------------------------------------
                          0.00    0.00   clock clk (rise edge)
                          0.00    0.00   clock source latency
                  0.24    0.16    0.16 ^ clk (in)
     1    0.05                           clk (net)
                  0.24    0.00    0.16 ^ clkbuf_0_clk/A (sky130_fd_sc_hd__clkbuf_16)
                  0.05    0.18    0.35 ^ clkbuf_0_clk/X (sky130_fd_sc_hd__clkbuf_16)
     2    0.02                           clknet_0_clk (net)
                  0.05    0.00    0.35 ^ clkbuf_1_1__f_clk/A (sky130_fd_sc_hd__clkbuf_16)
                  0.07    0.14    0.49 ^ clkbuf_1_1__f_clk/X (sky130_fd_sc_hd__clkbuf_16)
    14    0.05                           clknet_1_1__leaf_clk (net)
                  0.07    0.00    0.50 ^ _399_/CLK (sky130_fd_sc_hd__dfrtp_4)
                  0.14    0.47    0.96 ^ _399_/Q (sky130_fd_sc_hd__dfrtp_4)
     9    0.04                           U_PC.pc[1] (net)
                  0.14    0.00    0.97 ^ _265_/A (sky130_fd_sc_hd__and2_1)
                  0.04    0.13    1.10 ^ _265_/X (sky130_fd_sc_hd__and2_1)
     1    0.00                           _106_ (net)
                  0.04    0.00    1.10 ^ _266_/A (sky130_fd_sc_hd__clkbuf_4)
                  0.15    0.20    1.29 ^ _266_/X (sky130_fd_sc_hd__clkbuf_4)
     9    0.05                           _107_ (net)
                  0.15    0.00    1.30 ^ _336_/B1 (sky130_fd_sc_hd__a21o_1)
                  0.04    0.10    1.39 ^ _336_/X (sky130_fd_sc_hd__a21o_1)
     1    0.00                           _038_ (net)
                  0.04    0.00    1.39 ^ _412_/D (sky130_fd_sc_hd__dfrtp_2)
                                  1.39   data arrival time

                          0.00    0.00   clock clk (rise edge)
                          0.00    0.00   clock source latency
                  0.24    0.18    0.18 ^ clk (in)
     1    0.05                           clk (net)
                  0.24    0.00    0.18 ^ clkbuf_0_clk/A (sky130_fd_sc_hd__clkbuf_16)
                  0.05    0.20    0.38 ^ clkbuf_0_clk/X (sky130_fd_sc_hd__clkbuf_16)
     2    0.02                           clknet_0_clk (net)
                  0.05    0.00    0.38 ^ clkbuf_1_1__f_clk/A (sky130_fd_sc_hd__clkbuf_16)
                  0.07    0.16    0.54 ^ clkbuf_1_1__f_clk/X (sky130_fd_sc_hd__clkbuf_16)
    14    0.05                           clknet_1_1__leaf_clk (net)
                  0.07    0.01    0.55 ^ _412_/CLK (sky130_fd_sc_hd__dfrtp_2)
                          0.25    0.80   clock uncertainty
                         -0.05    0.75   clock reconvergence pessimism
                         -0.03    0.72   library hold time
                                  0.72   data required time
-----------------------------------------------------------------------------
                                  0.72   data required time
                                 -1.39   data arrival time
-----------------------------------------------------------------------------
                                  0.68   slack (MET)


Startpoint: _406_ (rising edge-triggered flip-flop clocked by clk)
Endpoint: _406_ (rising edge-triggered flip-flop clocked by clk)
Path Group: clk
Path Type: min
Corner: Typical

Fanout     Cap    Slew   Delay    Time   Description
-----------------------------------------------------------------------------
                          0.00    0.00   clock clk (rise edge)
                          0.00    0.00   clock source latency
                  0.24    0.16    0.16 ^ clk (in)
     1    0.05                           clk (net)
                  0.24    0.00    0.16 ^ clkbuf_0_clk/A (sky130_fd_sc_hd__clkbuf_16)
                  0.05    0.18    0.35 ^ clkbuf_0_clk/X (sky130_fd_sc_hd__clkbuf_16)
     2    0.02                           clknet_0_clk (net)
                  0.05    0.00    0.35 ^ clkbuf_1_0__f_clk/A (sky130_fd_sc_hd__clkbuf_16)
                  0.07    0.15    0.49 ^ clkbuf_1_0__f_clk/X (sky130_fd_sc_hd__clkbuf_16)
    14    0.06                           clknet_1_0__leaf_clk (net)
                  0.07    0.01    0.50 ^ _406_/CLK (sky130_fd_sc_hd__dfrtp_2)
                  0.14    0.41    0.91 ^ _406_/Q (sky130_fd_sc_hd__dfrtp_2)
     3    0.03                           net6 (net)
                  0.14    0.00    0.91 ^ _212_/A (sky130_fd_sc_hd__and3_1)
                  0.13    0.22    1.13 ^ _212_/X (sky130_fd_sc_hd__and3_1)
     4    0.01                           _053_ (net)
                  0.13    0.00    1.13 ^ _306_/A (sky130_fd_sc_hd__or2_1)
                  0.05    0.12    1.25 ^ _306_/X (sky130_fd_sc_hd__or2_1)
     2    0.00                           _139_ (net)
                  0.05    0.00    1.25 ^ _347_/B (sky130_fd_sc_hd__or3b_1)
                  0.04    0.09    1.34 ^ _347_/X (sky130_fd_sc_hd__or3b_1)
     1    0.00                           _169_ (net)
                  0.04    0.00    1.34 ^ _348_/B1 (sky130_fd_sc_hd__o21a_1)
                  0.04    0.10    1.44 ^ _348_/X (sky130_fd_sc_hd__o21a_1)
     1    0.00                           _032_ (net)
                  0.04    0.00    1.44 ^ _406_/D (sky130_fd_sc_hd__dfrtp_2)
                                  1.44   data arrival time

                          0.00    0.00   clock clk (rise edge)
                          0.00    0.00   clock source latency
                  0.24    0.18    0.18 ^ clk (in)
     1    0.05                           clk (net)
                  0.24    0.00    0.18 ^ clkbuf_0_clk/A (sky130_fd_sc_hd__clkbuf_16)
                  0.05    0.20    0.38 ^ clkbuf_0_clk/X (sky130_fd_sc_hd__clkbuf_16)
     2    0.02                           clknet_0_clk (net)
                  0.05    0.00    0.39 ^ clkbuf_1_0__f_clk/A (sky130_fd_sc_hd__clkbuf_16)
                  0.07    0.16    0.55 ^ clkbuf_1_0__f_clk/X (sky130_fd_sc_hd__clkbuf_16)
    14    0.06                           clknet_1_0__leaf_clk (net)
                  0.07    0.01    0.55 ^ _406_/CLK (sky130_fd_sc_hd__dfrtp_2)
                          0.25    0.80   clock uncertainty
                         -0.05    0.75   clock reconvergence pessimism
                         -0.03    0.72   library hold time
                                  0.72   data required time
-----------------------------------------------------------------------------
                                  0.72   data required time
                                 -1.44   data arrival time
-----------------------------------------------------------------------------
                                  0.72   slack (MET)


Startpoint: rst (input port clocked by clk)
Endpoint: _425_ (removal check against rising-edge clock clk)
Path Group: asynchronous
Path Type: min
Corner: Typical

Fanout     Cap    Slew   Delay    Time   Description
-----------------------------------------------------------------------------
                          0.00    0.00   clock clk (rise edge)
                          0.00    0.00   clock network delay (propagated)
                          4.00    4.00 v input external delay
                  0.01    0.01    4.01 v rst (in)
     1    0.00                           rst (net)
                  0.01    0.00    4.01 v input1/A (sky130_fd_sc_hd__buf_1)
                  0.09    0.12    4.13 v input1/X (sky130_fd_sc_hd__buf_1)
     1    0.01                           net1 (net)
                  0.09    0.00    4.13 v _367_/A (sky130_fd_sc_hd__buf_4)
                  0.08    0.20    4.33 v _367_/X (sky130_fd_sc_hd__buf_4)
    10    0.06                           _180_ (net)
                  0.08    0.00    4.33 v _397_/A (sky130_fd_sc_hd__inv_2)
                  0.03    0.05    4.38 ^ _397_/Y (sky130_fd_sc_hd__inv_2)
     1    0.00                           _027_ (net)
                  0.03    0.00    4.38 ^ _425_/RESET_B (sky130_fd_sc_hd__dfrtp_4)
                                  4.38   data arrival time

                          0.00    0.00   clock clk (rise edge)
                          0.00    0.00   clock source latency
                  0.24    0.18    0.18 ^ clk (in)
     1    0.05                           clk (net)
                  0.24    0.00    0.18 ^ clkbuf_0_clk/A (sky130_fd_sc_hd__clkbuf_16)
                  0.05    0.20    0.38 ^ clkbuf_0_clk/X (sky130_fd_sc_hd__clkbuf_16)
     2    0.02                           clknet_0_clk (net)
                  0.05    0.00    0.39 ^ clkbuf_1_0__f_clk/A (sky130_fd_sc_hd__clkbuf_16)
                  0.07    0.16    0.55 ^ clkbuf_1_0__f_clk/X (sky130_fd_sc_hd__clkbuf_16)
    14    0.06                           clknet_1_0__leaf_clk (net)
                  0.07    0.00    0.55 ^ _425_/CLK (sky130_fd_sc_hd__dfrtp_4)
                          0.25    0.80   clock uncertainty
                          0.00    0.80   clock reconvergence pessimism
                          0.33    1.13   library removal time
                                  1.13   data required time
-----------------------------------------------------------------------------
                                  1.13   data required time
                                 -4.38   data arrival time
-----------------------------------------------------------------------------
                                  3.26   slack (MET)


Startpoint: rst (input port clocked by clk)
Endpoint: _424_ (removal check against rising-edge clock clk)
Path Group: asynchronous
Path Type: min
Corner: Typical

Fanout     Cap    Slew   Delay    Time   Description
-----------------------------------------------------------------------------
                          0.00    0.00   clock clk (rise edge)
                          0.00    0.00   clock network delay (propagated)
                          4.00    4.00 v input external delay
                  0.01    0.01    4.01 v rst (in)
     1    0.00                           rst (net)
                  0.01    0.00    4.01 v input1/A (sky130_fd_sc_hd__buf_1)
                  0.09    0.12    4.13 v input1/X (sky130_fd_sc_hd__buf_1)
     1    0.01                           net1 (net)
                  0.09    0.00    4.13 v _367_/A (sky130_fd_sc_hd__buf_4)
                  0.08    0.20    4.33 v _367_/X (sky130_fd_sc_hd__buf_4)
    10    0.06                           _180_ (net)
                  0.08    0.00    4.33 v _396_/A (sky130_fd_sc_hd__inv_2)
                  0.03    0.06    4.39 ^ _396_/Y (sky130_fd_sc_hd__inv_2)
     1    0.00                           _026_ (net)
                  0.03    0.00    4.39 ^ _424_/RESET_B (sky130_fd_sc_hd__dfrtp_4)
                                  4.39   data arrival time

                          0.00    0.00   clock clk (rise edge)
                          0.00    0.00   clock source latency
                  0.24    0.18    0.18 ^ clk (in)
     1    0.05                           clk (net)
                  0.24    0.00    0.18 ^ clkbuf_0_clk/A (sky130_fd_sc_hd__clkbuf_16)
                  0.05    0.20    0.38 ^ clkbuf_0_clk/X (sky130_fd_sc_hd__clkbuf_16)
     2    0.02                           clknet_0_clk (net)
                  0.05    0.00    0.39 ^ clkbuf_1_0__f_clk/A (sky130_fd_sc_hd__clkbuf_16)
                  0.07    0.16    0.55 ^ clkbuf_1_0__f_clk/X (sky130_fd_sc_hd__clkbuf_16)
    14    0.06                           clknet_1_0__leaf_clk (net)
                  0.07    0.01    0.55 ^ _424_/CLK (sky130_fd_sc_hd__dfrtp_4)
                          0.25    0.80   clock uncertainty
                          0.00    0.80   clock reconvergence pessimism
                          0.33    1.13   library removal time
                                  1.13   data required time
-----------------------------------------------------------------------------
                                  1.13   data required time
                                 -4.39   data arrival time
-----------------------------------------------------------------------------
                                  3.26   slack (MET)


Startpoint: rst (input port clocked by clk)
Endpoint: _422_ (removal check against rising-edge clock clk)
Path Group: asynchronous
Path Type: min
Corner: Typical

Fanout     Cap    Slew   Delay    Time   Description
-----------------------------------------------------------------------------
                          0.00    0.00   clock clk (rise edge)
                          0.00    0.00   clock network delay (propagated)
                          4.00    4.00 v input external delay
                  0.01    0.01    4.01 v rst (in)
     1    0.00                           rst (net)
                  0.01    0.00    4.01 v input1/A (sky130_fd_sc_hd__buf_1)
                  0.09    0.12    4.13 v input1/X (sky130_fd_sc_hd__buf_1)
     1    0.01                           net1 (net)
                  0.09    0.00    4.13 v _367_/A (sky130_fd_sc_hd__buf_4)
                  0.08    0.20    4.33 v _367_/X (sky130_fd_sc_hd__buf_4)
    10    0.06                           _180_ (net)
                  0.08    0.00    4.33 v _394_/A (sky130_fd_sc_hd__inv_2)
                  0.03    0.06    4.39 ^ _394_/Y (sky130_fd_sc_hd__inv_2)
     1    0.00                           _024_ (net)
                  0.03    0.00    4.39 ^ _422_/RESET_B (sky130_fd_sc_hd__dfrtp_4)
                                  4.39   data arrival time

                          0.00    0.00   clock clk (rise edge)
                          0.00    0.00   clock source latency
                  0.24    0.18    0.18 ^ clk (in)
     1    0.05                           clk (net)
                  0.24    0.00    0.18 ^ clkbuf_0_clk/A (sky130_fd_sc_hd__clkbuf_16)
                  0.05    0.20    0.38 ^ clkbuf_0_clk/X (sky130_fd_sc_hd__clkbuf_16)
     2    0.02                           clknet_0_clk (net)
                  0.05    0.00    0.39 ^ clkbuf_1_0__f_clk/A (sky130_fd_sc_hd__clkbuf_16)
                  0.07    0.16    0.55 ^ clkbuf_1_0__f_clk/X (sky130_fd_sc_hd__clkbuf_16)
    14    0.06                           clknet_1_0__leaf_clk (net)
                  0.07    0.01    0.55 ^ _422_/CLK (sky130_fd_sc_hd__dfrtp_4)
                          0.25    0.80   clock uncertainty
                          0.00    0.80   clock reconvergence pessimism
                          0.33    1.13   library removal time
                                  1.13   data required time
-----------------------------------------------------------------------------
                                  1.13   data required time
                                 -4.39   data arrival time
-----------------------------------------------------------------------------
                                  3.26   slack (MET)


Startpoint: rst (input port clocked by clk)
Endpoint: _420_ (removal check against rising-edge clock clk)
Path Group: asynchronous
Path Type: min
Corner: Typical

Fanout     Cap    Slew   Delay    Time   Description
-----------------------------------------------------------------------------
                          0.00    0.00   clock clk (rise edge)
                          0.00    0.00   clock network delay (propagated)
                          4.00    4.00 v input external delay
                  0.01    0.01    4.01 v rst (in)
     1    0.00                           rst (net)
                  0.01    0.00    4.01 v input1/A (sky130_fd_sc_hd__buf_1)
                  0.09    0.12    4.13 v input1/X (sky130_fd_sc_hd__buf_1)
     1    0.01                           net1 (net)
                  0.09    0.00    4.13 v _367_/A (sky130_fd_sc_hd__buf_4)
                  0.08    0.20    4.33 v _367_/X (sky130_fd_sc_hd__buf_4)
    10    0.06                           _180_ (net)
                  0.08    0.01    4.33 v _392_/A (sky130_fd_sc_hd__inv_2)
                  0.03    0.05    4.39 ^ _392_/Y (sky130_fd_sc_hd__inv_2)
     1    0.00                           _022_ (net)
                  0.03    0.00    4.39 ^ _420_/RESET_B (sky130_fd_sc_hd__dfrtp_4)
                                  4.39   data arrival time

                          0.00    0.00   clock clk (rise edge)
                          0.00    0.00   clock source latency
                  0.24    0.18    0.18 ^ clk (in)
     1    0.05                           clk (net)
                  0.24    0.00    0.18 ^ clkbuf_0_clk/A (sky130_fd_sc_hd__clkbuf_16)
                  0.05    0.20    0.38 ^ clkbuf_0_clk/X (sky130_fd_sc_hd__clkbuf_16)
     2    0.02                           clknet_0_clk (net)
                  0.05    0.00    0.38 ^ clkbuf_1_1__f_clk/A (sky130_fd_sc_hd__clkbuf_16)
                  0.07    0.16    0.54 ^ clkbuf_1_1__f_clk/X (sky130_fd_sc_hd__clkbuf_16)
    14    0.05                           clknet_1_1__leaf_clk (net)
                  0.07    0.01    0.55 ^ _420_/CLK (sky130_fd_sc_hd__dfrtp_4)
                          0.25    0.80   clock uncertainty
                          0.00    0.80   clock reconvergence pessimism
                          0.33    1.12   library removal time
                                  1.12   data required time
-----------------------------------------------------------------------------
                                  1.12   data required time
                                 -4.39   data arrival time
-----------------------------------------------------------------------------
                                  3.26   slack (MET)


Startpoint: rst (input port clocked by clk)
Endpoint: _419_ (removal check against rising-edge clock clk)
Path Group: asynchronous
Path Type: min
Corner: Typical

Fanout     Cap    Slew   Delay    Time   Description
-----------------------------------------------------------------------------
                          0.00    0.00   clock clk (rise edge)
                          0.00    0.00   clock network delay (propagated)
                          4.00    4.00 v input external delay
                  0.01    0.01    4.01 v rst (in)
     1    0.00                           rst (net)
                  0.01    0.00    4.01 v input1/A (sky130_fd_sc_hd__buf_1)
                  0.09    0.12    4.13 v input1/X (sky130_fd_sc_hd__buf_1)
     1    0.01                           net1 (net)
                  0.09    0.00    4.13 v _367_/A (sky130_fd_sc_hd__buf_4)
                  0.08    0.20    4.33 v _367_/X (sky130_fd_sc_hd__buf_4)
    10    0.06                           _180_ (net)
                  0.08    0.01    4.33 v _391_/A (sky130_fd_sc_hd__inv_2)
                  0.03    0.06    4.39 ^ _391_/Y (sky130_fd_sc_hd__inv_2)
     1    0.00                           _021_ (net)
                  0.03    0.00    4.39 ^ _419_/RESET_B (sky130_fd_sc_hd__dfrtp_4)
                                  4.39   data arrival time

                          0.00    0.00   clock clk (rise edge)
                          0.00    0.00   clock source latency
                  0.24    0.18    0.18 ^ clk (in)
     1    0.05                           clk (net)
                  0.24    0.00    0.18 ^ clkbuf_0_clk/A (sky130_fd_sc_hd__clkbuf_16)
                  0.05    0.20    0.38 ^ clkbuf_0_clk/X (sky130_fd_sc_hd__clkbuf_16)
     2    0.02                           clknet_0_clk (net)
                  0.05    0.00    0.38 ^ clkbuf_1_1__f_clk/A (sky130_fd_sc_hd__clkbuf_16)
                  0.07    0.16    0.54 ^ clkbuf_1_1__f_clk/X (sky130_fd_sc_hd__clkbuf_16)
    14    0.05                           clknet_1_1__leaf_clk (net)
                  0.07    0.01    0.55 ^ _419_/CLK (sky130_fd_sc_hd__dfrtp_4)
                          0.25    0.80   clock uncertainty
                          0.00    0.80   clock reconvergence pessimism
                          0.33    1.12   library removal time
                                  1.12   data required time
-----------------------------------------------------------------------------
                                  1.12   data required time
                                 -4.39   data arrival time
-----------------------------------------------------------------------------
                                  3.26   slack (MET)


Startpoint: rst (input port clocked by clk)
Endpoint: _418_ (removal check against rising-edge clock clk)
Path Group: asynchronous
Path Type: min
Corner: Typical

Fanout     Cap    Slew   Delay    Time   Description
-----------------------------------------------------------------------------
                          0.00    0.00   clock clk (rise edge)
                          0.00    0.00   clock network delay (propagated)
                          4.00    4.00 v input external delay
                  0.01    0.01    4.01 v rst (in)
     1    0.00                           rst (net)
                  0.01    0.00    4.01 v input1/A (sky130_fd_sc_hd__buf_1)
                  0.09    0.12    4.13 v input1/X (sky130_fd_sc_hd__buf_1)
     1    0.01                           net1 (net)
                  0.09    0.00    4.13 v _367_/A (sky130_fd_sc_hd__buf_4)
                  0.08    0.20    4.33 v _367_/X (sky130_fd_sc_hd__buf_4)
    10    0.06                           _180_ (net)
                  0.08    0.01    4.33 v _390_/A (sky130_fd_sc_hd__inv_2)
                  0.03    0.06    4.39 ^ _390_/Y (sky130_fd_sc_hd__inv_2)
     1    0.00                           _020_ (net)
                  0.03    0.00    4.39 ^ _418_/RESET_B (sky130_fd_sc_hd__dfrtp_4)
                                  4.39   data arrival time

                          0.00    0.00   clock clk (rise edge)
                          0.00    0.00   clock source latency
                  0.24    0.18    0.18 ^ clk (in)
     1    0.05                           clk (net)
                  0.24    0.00    0.18 ^ clkbuf_0_clk/A (sky130_fd_sc_hd__clkbuf_16)
                  0.05    0.20    0.38 ^ clkbuf_0_clk/X (sky130_fd_sc_hd__clkbuf_16)
     2    0.02                           clknet_0_clk (net)
                  0.05    0.00    0.38 ^ clkbuf_1_1__f_clk/A (sky130_fd_sc_hd__clkbuf_16)
                  0.07    0.16    0.54 ^ clkbuf_1_1__f_clk/X (sky130_fd_sc_hd__clkbuf_16)
    14    0.05                           clknet_1_1__leaf_clk (net)
                  0.07    0.01    0.55 ^ _418_/CLK (sky130_fd_sc_hd__dfrtp_4)
                          0.25    0.80   clock uncertainty
                          0.00    0.80   clock reconvergence pessimism
                          0.33    1.12   library removal time
                                  1.12   data required time
-----------------------------------------------------------------------------
                                  1.12   data required time
                                 -4.39   data arrival time
-----------------------------------------------------------------------------
                                  3.26   slack (MET)


Startpoint: rst (input port clocked by clk)
Endpoint: _421_ (removal check against rising-edge clock clk)
Path Group: asynchronous
Path Type: min
Corner: Typical

Fanout     Cap    Slew   Delay    Time   Description
-----------------------------------------------------------------------------
                          0.00    0.00   clock clk (rise edge)
                          0.00    0.00   clock network delay (propagated)
                          4.00    4.00 v input external delay
                  0.01    0.01    4.01 v rst (in)
     1    0.00                           rst (net)
                  0.01    0.00    4.01 v input1/A (sky130_fd_sc_hd__buf_1)
                  0.09    0.12    4.13 v input1/X (sky130_fd_sc_hd__buf_1)
     1    0.01                           net1 (net)
                  0.09    0.00    4.13 v _367_/A (sky130_fd_sc_hd__buf_4)
                  0.08    0.20    4.33 v _367_/X (sky130_fd_sc_hd__buf_4)
    10    0.06                           _180_ (net)
                  0.08    0.01    4.33 v _393_/A (sky130_fd_sc_hd__inv_2)
                  0.03    0.06    4.39 ^ _393_/Y (sky130_fd_sc_hd__inv_2)
     1    0.00                           _023_ (net)
                  0.03    0.00    4.39 ^ _421_/RESET_B (sky130_fd_sc_hd__dfrtp_4)
                                  4.39   data arrival time

                          0.00    0.00   clock clk (rise edge)
                          0.00    0.00   clock source latency
                  0.24    0.18    0.18 ^ clk (in)
     1    0.05                           clk (net)
                  0.24    0.00    0.18 ^ clkbuf_0_clk/A (sky130_fd_sc_hd__clkbuf_16)
                  0.05    0.20    0.38 ^ clkbuf_0_clk/X (sky130_fd_sc_hd__clkbuf_16)
     2    0.02                           clknet_0_clk (net)
                  0.05    0.00    0.38 ^ clkbuf_1_1__f_clk/A (sky130_fd_sc_hd__clkbuf_16)
                  0.07    0.16    0.54 ^ clkbuf_1_1__f_clk/X (sky130_fd_sc_hd__clkbuf_16)
    14    0.05                           clknet_1_1__leaf_clk (net)
                  0.07    0.01    0.55 ^ _421_/CLK (sky130_fd_sc_hd__dfrtp_4)
                          0.25    0.80   clock uncertainty
                          0.00    0.80   clock reconvergence pessimism
                          0.32    1.12   library removal time
                                  1.12   data required time
-----------------------------------------------------------------------------
                                  1.12   data required time
                                 -4.39   data arrival time
-----------------------------------------------------------------------------
                                  3.26   slack (MET)


Startpoint: rst (input port clocked by clk)
Endpoint: _423_ (removal check against rising-edge clock clk)
Path Group: asynchronous
Path Type: min
Corner: Typical

Fanout     Cap    Slew   Delay    Time   Description
-----------------------------------------------------------------------------
                          0.00    0.00   clock clk (rise edge)
                          0.00    0.00   clock network delay (propagated)
                          4.00    4.00 v input external delay
                  0.01    0.01    4.01 v rst (in)
     1    0.00                           rst (net)
                  0.01    0.00    4.01 v input1/A (sky130_fd_sc_hd__buf_1)
                  0.09    0.12    4.13 v input1/X (sky130_fd_sc_hd__buf_1)
     1    0.01                           net1 (net)
                  0.09    0.00    4.13 v _367_/A (sky130_fd_sc_hd__buf_4)
                  0.08    0.20    4.33 v _367_/X (sky130_fd_sc_hd__buf_4)
    10    0.06                           _180_ (net)
                  0.08    0.00    4.33 v _395_/A (sky130_fd_sc_hd__inv_2)
                  0.06    0.07    4.40 ^ _395_/Y (sky130_fd_sc_hd__inv_2)
     1    0.01                           _025_ (net)
                  0.06    0.00    4.40 ^ _423_/RESET_B (sky130_fd_sc_hd__dfrtp_4)
                                  4.40   data arrival time

                          0.00    0.00   clock clk (rise edge)
                          0.00    0.00   clock source latency
                  0.24    0.18    0.18 ^ clk (in)
     1    0.05                           clk (net)
                  0.24    0.00    0.18 ^ clkbuf_0_clk/A (sky130_fd_sc_hd__clkbuf_16)
                  0.05    0.20    0.38 ^ clkbuf_0_clk/X (sky130_fd_sc_hd__clkbuf_16)
     2    0.02                           clknet_0_clk (net)
                  0.05    0.00    0.39 ^ clkbuf_1_0__f_clk/A (sky130_fd_sc_hd__clkbuf_16)
                  0.07    0.16    0.55 ^ clkbuf_1_0__f_clk/X (sky130_fd_sc_hd__clkbuf_16)
    14    0.06                           clknet_1_0__leaf_clk (net)
                  0.07    0.00    0.55 ^ _423_/CLK (sky130_fd_sc_hd__dfrtp_4)
                          0.25    0.80   clock uncertainty
                          0.00    0.80   clock reconvergence pessimism
                          0.33    1.13   library removal time
                                  1.13   data required time
-----------------------------------------------------------------------------
                                  1.13   data required time
                                 -4.40   data arrival time
-----------------------------------------------------------------------------
                                  3.27   slack (MET)


Startpoint: rst (input port clocked by clk)
Endpoint: _408_ (removal check against rising-edge clock clk)
Path Group: asynchronous
Path Type: min
Corner: Typical

Fanout     Cap    Slew   Delay    Time   Description
-----------------------------------------------------------------------------
                          0.00    0.00   clock clk (rise edge)
                          0.00    0.00   clock network delay (propagated)
                          4.00    4.00 v input external delay
                  0.01    0.01    4.01 v rst (in)
     1    0.00                           rst (net)
                  0.01    0.00    4.01 v input1/A (sky130_fd_sc_hd__buf_1)
                  0.09    0.12    4.13 v input1/X (sky130_fd_sc_hd__buf_1)
     1    0.01                           net1 (net)
                  0.09    0.00    4.13 v _367_/A (sky130_fd_sc_hd__buf_4)
                  0.08    0.20    4.33 v _367_/X (sky130_fd_sc_hd__buf_4)
    10    0.06                           _180_ (net)
                  0.08    0.00    4.33 v _379_/A (sky130_fd_sc_hd__buf_4)
                  0.09    0.20    4.53 v _379_/X (sky130_fd_sc_hd__buf_4)
    10    0.07                           _182_ (net)
                  0.09    0.00    4.53 v _380_/A (sky130_fd_sc_hd__inv_2)
                  0.04    0.06    4.59 ^ _380_/Y (sky130_fd_sc_hd__inv_2)
     1    0.00                           _010_ (net)
                  0.04    0.00    4.59 ^ _408_/RESET_B (sky130_fd_sc_hd__dfrtp_4)
                                  4.59   data arrival time

                          0.00    0.00   clock clk (rise edge)
                          0.00    0.00   clock source latency
                  0.24    0.18    0.18 ^ clk (in)
     1    0.05                           clk (net)
                  0.24    0.00    0.18 ^ clkbuf_0_clk/A (sky130_fd_sc_hd__clkbuf_16)
                  0.05    0.20    0.38 ^ clkbuf_0_clk/X (sky130_fd_sc_hd__clkbuf_16)
     2    0.02                           clknet_0_clk (net)
                  0.05    0.00    0.39 ^ clkbuf_1_0__f_clk/A (sky130_fd_sc_hd__clkbuf_16)
                  0.07    0.16    0.55 ^ clkbuf_1_0__f_clk/X (sky130_fd_sc_hd__clkbuf_16)
    14    0.06                           clknet_1_0__leaf_clk (net)
                  0.07    0.01    0.55 ^ _408_/CLK (sky130_fd_sc_hd__dfrtp_4)
                          0.25    0.80   clock uncertainty
                          0.00    0.80   clock reconvergence pessimism
                          0.33    1.13   library removal time
                                  1.13   data required time
-----------------------------------------------------------------------------
                                  1.13   data required time
                                 -4.59   data arrival time
-----------------------------------------------------------------------------
                                  3.46   slack (MET)


Startpoint: rst (input port clocked by clk)
Endpoint: _416_ (removal check against rising-edge clock clk)
Path Group: asynchronous
Path Type: min
Corner: Typical

Fanout     Cap    Slew   Delay    Time   Description
-----------------------------------------------------------------------------
                          0.00    0.00   clock clk (rise edge)
                          0.00    0.00   clock network delay (propagated)
                          4.00    4.00 v input external delay
                  0.01    0.01    4.01 v rst (in)
     1    0.00                           rst (net)
                  0.01    0.00    4.01 v input1/A (sky130_fd_sc_hd__buf_1)
                  0.09    0.12    4.13 v input1/X (sky130_fd_sc_hd__buf_1)
     1    0.01                           net1 (net)
                  0.09    0.00    4.13 v _367_/A (sky130_fd_sc_hd__buf_4)
                  0.08    0.20    4.33 v _367_/X (sky130_fd_sc_hd__buf_4)
    10    0.06                           _180_ (net)
                  0.08    0.00    4.33 v _379_/A (sky130_fd_sc_hd__buf_4)
                  0.09    0.20    4.53 v _379_/X (sky130_fd_sc_hd__buf_4)
    10    0.07                           _182_ (net)
                  0.09    0.00    4.53 v _388_/A (sky130_fd_sc_hd__inv_2)
                  0.04    0.06    4.59 ^ _388_/Y (sky130_fd_sc_hd__inv_2)
     1    0.00                           _018_ (net)
                  0.04    0.00    4.59 ^ _416_/RESET_B (sky130_fd_sc_hd__dfrtp_4)
                                  4.59   data arrival time

                          0.00    0.00   clock clk (rise edge)
                          0.00    0.00   clock source latency
                  0.24    0.18    0.18 ^ clk (in)
     1    0.05                           clk (net)
                  0.24    0.00    0.18 ^ clkbuf_0_clk/A (sky130_fd_sc_hd__clkbuf_16)
                  0.05    0.20    0.38 ^ clkbuf_0_clk/X (sky130_fd_sc_hd__clkbuf_16)
     2    0.02                           clknet_0_clk (net)
                  0.05    0.00    0.39 ^ clkbuf_1_0__f_clk/A (sky130_fd_sc_hd__clkbuf_16)
                  0.07    0.16    0.55 ^ clkbuf_1_0__f_clk/X (sky130_fd_sc_hd__clkbuf_16)
    14    0.06                           clknet_1_0__leaf_clk (net)
                  0.07    0.00    0.55 ^ _416_/CLK (sky130_fd_sc_hd__dfrtp_4)
                          0.25    0.80   clock uncertainty
                          0.00    0.80   clock reconvergence pessimism
                          0.33    1.13   library removal time
                                  1.13   data required time
-----------------------------------------------------------------------------
                                  1.13   data required time
                                 -4.59   data arrival time
-----------------------------------------------------------------------------
                                  3.47   slack (MET)


Startpoint: rst (input port clocked by clk)
Endpoint: _406_ (removal check against rising-edge clock clk)
Path Group: asynchronous
Path Type: min
Corner: Typical

Fanout     Cap    Slew   Delay    Time   Description
-----------------------------------------------------------------------------
                          0.00    0.00   clock clk (rise edge)
                          0.00    0.00   clock network delay (propagated)
                          4.00    4.00 v input external delay
                  0.01    0.01    4.01 v rst (in)
     1    0.00                           rst (net)
                  0.01    0.00    4.01 v input1/A (sky130_fd_sc_hd__buf_1)
                  0.09    0.12    4.13 v input1/X (sky130_fd_sc_hd__buf_1)
     1    0.01                           net1 (net)
                  0.09    0.00    4.13 v _367_/A (sky130_fd_sc_hd__buf_4)
                  0.08    0.20    4.33 v _367_/X (sky130_fd_sc_hd__buf_4)
    10    0.06                           _180_ (net)
                  0.08    0.01    4.33 v _368_/A (sky130_fd_sc_hd__buf_4)
                  0.09    0.20    4.54 v _368_/X (sky130_fd_sc_hd__buf_4)
    10    0.07                           _181_ (net)
                  0.09    0.00    4.54 v _377_/A (sky130_fd_sc_hd__inv_2)
                  0.04    0.06    4.60 ^ _377_/Y (sky130_fd_sc_hd__inv_2)
     1    0.00                           _008_ (net)
                  0.04    0.00    4.60 ^ _406_/RESET_B (sky130_fd_sc_hd__dfrtp_2)
                                  4.60   data arrival time

                          0.00    0.00   clock clk (rise edge)
                          0.00    0.00   clock source latency
                  0.24    0.18    0.18 ^ clk (in)
     1    0.05                           clk (net)
                  0.24    0.00    0.18 ^ clkbuf_0_clk/A (sky130_fd_sc_hd__clkbuf_16)
                  0.05    0.20    0.38 ^ clkbuf_0_clk/X (sky130_fd_sc_hd__clkbuf_16)
     2    0.02                           clknet_0_clk (net)
                  0.05    0.00    0.39 ^ clkbuf_1_0__f_clk/A (sky130_fd_sc_hd__clkbuf_16)
                  0.07    0.16    0.55 ^ clkbuf_1_0__f_clk/X (sky130_fd_sc_hd__clkbuf_16)
    14    0.06                           clknet_1_0__leaf_clk (net)
                  0.07    0.01    0.55 ^ _406_/CLK (sky130_fd_sc_hd__dfrtp_2)
                          0.25    0.80   clock uncertainty
                          0.00    0.80   clock reconvergence pessimism
                          0.33    1.13   library removal time
                                  1.13   data required time
-----------------------------------------------------------------------------
                                  1.13   data required time
                                 -4.60   data arrival time
-----------------------------------------------------------------------------
                                  3.47   slack (MET)


Startpoint: rst (input port clocked by clk)
Endpoint: _415_ (removal check against rising-edge clock clk)
Path Group: asynchronous
Path Type: min
Corner: Typical

Fanout     Cap    Slew   Delay    Time   Description
-----------------------------------------------------------------------------
                          0.00    0.00   clock clk (rise edge)
                          0.00    0.00   clock network delay (propagated)
                          4.00    4.00 v input external delay
                  0.01    0.01    4.01 v rst (in)
     1    0.00                           rst (net)
                  0.01    0.00    4.01 v input1/A (sky130_fd_sc_hd__buf_1)
                  0.09    0.12    4.13 v input1/X (sky130_fd_sc_hd__buf_1)
     1    0.01                           net1 (net)
                  0.09    0.00    4.13 v _367_/A (sky130_fd_sc_hd__buf_4)
                  0.08    0.20    4.33 v _367_/X (sky130_fd_sc_hd__buf_4)
    10    0.06                           _180_ (net)
                  0.08    0.00    4.33 v _379_/A (sky130_fd_sc_hd__buf_4)
                  0.09    0.20    4.53 v _379_/X (sky130_fd_sc_hd__buf_4)
    10    0.07                           _182_ (net)
                  0.09    0.01    4.54 v _387_/A (sky130_fd_sc_hd__inv_2)
                  0.04    0.06    4.60 ^ _387_/Y (sky130_fd_sc_hd__inv_2)
     1    0.00                           _017_ (net)
                  0.04    0.00    4.60 ^ _415_/RESET_B (sky130_fd_sc_hd__dfrtp_4)
                                  4.60   data arrival time

                          0.00    0.00   clock clk (rise edge)
                          0.00    0.00   clock source latency
                  0.24    0.18    0.18 ^ clk (in)
     1    0.05                           clk (net)
                  0.24    0.00    0.18 ^ clkbuf_0_clk/A (sky130_fd_sc_hd__clkbuf_16)
                  0.05    0.20    0.38 ^ clkbuf_0_clk/X (sky130_fd_sc_hd__clkbuf_16)
     2    0.02                           clknet_0_clk (net)
                  0.05    0.00    0.39 ^ clkbuf_1_0__f_clk/A (sky130_fd_sc_hd__clkbuf_16)
                  0.07    0.16    0.55 ^ clkbuf_1_0__f_clk/X (sky130_fd_sc_hd__clkbuf_16)
    14    0.06                           clknet_1_0__leaf_clk (net)
                  0.07    0.00    0.55 ^ _415_/CLK (sky130_fd_sc_hd__dfrtp_4)
                          0.25    0.80   clock uncertainty
                          0.00    0.80   clock reconvergence pessimism
                          0.33    1.12   library removal time
                                  1.12   data required time
-----------------------------------------------------------------------------
                                  1.12   data required time
                                 -4.60   data arrival time
-----------------------------------------------------------------------------
                                  3.47   slack (MET)


Startpoint: rst (input port clocked by clk)
Endpoint: _414_ (removal check against rising-edge clock clk)
Path Group: asynchronous
Path Type: min
Corner: Typical

Fanout     Cap    Slew   Delay    Time   Description
-----------------------------------------------------------------------------
                          0.00    0.00   clock clk (rise edge)
                          0.00    0.00   clock network delay (propagated)
                          4.00    4.00 v input external delay
                  0.01    0.01    4.01 v rst (in)
     1    0.00                           rst (net)
                  0.01    0.00    4.01 v input1/A (sky130_fd_sc_hd__buf_1)
                  0.09    0.12    4.13 v input1/X (sky130_fd_sc_hd__buf_1)
     1    0.01                           net1 (net)
                  0.09    0.00    4.13 v _367_/A (sky130_fd_sc_hd__buf_4)
                  0.08    0.20    4.33 v _367_/X (sky130_fd_sc_hd__buf_4)
    10    0.06                           _180_ (net)
                  0.08    0.00    4.33 v _379_/A (sky130_fd_sc_hd__buf_4)
                  0.09    0.20    4.53 v _379_/X (sky130_fd_sc_hd__buf_4)
    10    0.07                           _182_ (net)
                  0.09    0.01    4.54 v _386_/A (sky130_fd_sc_hd__inv_2)
                  0.04    0.06    4.60 ^ _386_/Y (sky130_fd_sc_hd__inv_2)
     1    0.00                           _016_ (net)
                  0.04    0.00    4.60 ^ _414_/RESET_B (sky130_fd_sc_hd__dfrtp_4)
                                  4.60   data arrival time

                          0.00    0.00   clock clk (rise edge)
                          0.00    0.00   clock source latency
                  0.24    0.18    0.18 ^ clk (in)
     1    0.05                           clk (net)
                  0.24    0.00    0.18 ^ clkbuf_0_clk/A (sky130_fd_sc_hd__clkbuf_16)
                  0.05    0.20    0.38 ^ clkbuf_0_clk/X (sky130_fd_sc_hd__clkbuf_16)
     2    0.02                           clknet_0_clk (net)
                  0.05    0.00    0.39 ^ clkbuf_1_0__f_clk/A (sky130_fd_sc_hd__clkbuf_16)
                  0.07    0.16    0.55 ^ clkbuf_1_0__f_clk/X (sky130_fd_sc_hd__clkbuf_16)
    14    0.06                           clknet_1_0__leaf_clk (net)
                  0.07    0.00    0.55 ^ _414_/CLK (sky130_fd_sc_hd__dfrtp_4)
                          0.25    0.80   clock uncertainty
                          0.00    0.80   clock reconvergence pessimism
                          0.33    1.13   library removal time
                                  1.13   data required time
-----------------------------------------------------------------------------
                                  1.13   data required time
                                 -4.60   data arrival time
-----------------------------------------------------------------------------
                                  3.47   slack (MET)


Startpoint: rst (input port clocked by clk)
Endpoint: _402_ (removal check against rising-edge clock clk)
Path Group: asynchronous
Path Type: min
Corner: Typical

Fanout     Cap    Slew   Delay    Time   Description
-----------------------------------------------------------------------------
                          0.00    0.00   clock clk (rise edge)
                          0.00    0.00   clock network delay (propagated)
                          4.00    4.00 v input external delay
                  0.01    0.01    4.01 v rst (in)
     1    0.00                           rst (net)
                  0.01    0.00    4.01 v input1/A (sky130_fd_sc_hd__buf_1)
                  0.09    0.12    4.13 v input1/X (sky130_fd_sc_hd__buf_1)
     1    0.01                           net1 (net)
                  0.09    0.00    4.13 v _367_/A (sky130_fd_sc_hd__buf_4)
                  0.08    0.20    4.33 v _367_/X (sky130_fd_sc_hd__buf_4)
    10    0.06                           _180_ (net)
                  0.08    0.01    4.33 v _368_/A (sky130_fd_sc_hd__buf_4)
                  0.09    0.20    4.54 v _368_/X (sky130_fd_sc_hd__buf_4)
    10    0.07                           _181_ (net)
                  0.09    0.00    4.54 v _373_/A (sky130_fd_sc_hd__inv_2)
                  0.04    0.06    4.60 ^ _373_/Y (sky130_fd_sc_hd__inv_2)
     1    0.00                           _004_ (net)
                  0.04    0.00    4.60 ^ _402_/RESET_B (sky130_fd_sc_hd__dfrtp_4)
                                  4.60   data arrival time

                          0.00    0.00   clock clk (rise edge)
                          0.00    0.00   clock source latency
                  0.24    0.18    0.18 ^ clk (in)
     1    0.05                           clk (net)
                  0.24    0.00    0.18 ^ clkbuf_0_clk/A (sky130_fd_sc_hd__clkbuf_16)
                  0.05    0.20    0.38 ^ clkbuf_0_clk/X (sky130_fd_sc_hd__clkbuf_16)
     2    0.02                           clknet_0_clk (net)
                  0.05    0.00    0.38 ^ clkbuf_1_1__f_clk/A (sky130_fd_sc_hd__clkbuf_16)
                  0.07    0.16    0.54 ^ clkbuf_1_1__f_clk/X (sky130_fd_sc_hd__clkbuf_16)
    14    0.05                           clknet_1_1__leaf_clk (net)
                  0.07    0.01    0.55 ^ _402_/CLK (sky130_fd_sc_hd__dfrtp_4)
                          0.25    0.80   clock uncertainty
                          0.00    0.80   clock reconvergence pessimism
                          0.33    1.13   library removal time
                                  1.13   data required time
-----------------------------------------------------------------------------
                                  1.13   data required time
                                 -4.60   data arrival time
-----------------------------------------------------------------------------
                                  3.47   slack (MET)


Startpoint: rst (input port clocked by clk)
Endpoint: _410_ (removal check against rising-edge clock clk)
Path Group: asynchronous
Path Type: min
Corner: Typical

Fanout     Cap    Slew   Delay    Time   Description
-----------------------------------------------------------------------------
                          0.00    0.00   clock clk (rise edge)
                          0.00    0.00   clock network delay (propagated)
                          4.00    4.00 v input external delay
                  0.01    0.01    4.01 v rst (in)
     1    0.00                           rst (net)
                  0.01    0.00    4.01 v input1/A (sky130_fd_sc_hd__buf_1)
                  0.09    0.12    4.13 v input1/X (sky130_fd_sc_hd__buf_1)
     1    0.01                           net1 (net)
                  0.09    0.00    4.13 v _367_/A (sky130_fd_sc_hd__buf_4)
                  0.08    0.20    4.33 v _367_/X (sky130_fd_sc_hd__buf_4)
    10    0.06                           _180_ (net)
                  0.08    0.00    4.33 v _379_/A (sky130_fd_sc_hd__buf_4)
                  0.09    0.20    4.53 v _379_/X (sky130_fd_sc_hd__buf_4)
    10    0.07                           _182_ (net)
                  0.10    0.01    4.54 v _382_/A (sky130_fd_sc_hd__inv_2)
                  0.04    0.06    4.60 ^ _382_/Y (sky130_fd_sc_hd__inv_2)
     1    0.00                           _012_ (net)
                  0.04    0.00    4.60 ^ _410_/RESET_B (sky130_fd_sc_hd__dfrtp_4)
                                  4.60   data arrival time

                          0.00    0.00   clock clk (rise edge)
                          0.00    0.00   clock source latency
                  0.24    0.18    0.18 ^ clk (in)
     1    0.05                           clk (net)
                  0.24    0.00    0.18 ^ clkbuf_0_clk/A (sky130_fd_sc_hd__clkbuf_16)
                  0.05    0.20    0.38 ^ clkbuf_0_clk/X (sky130_fd_sc_hd__clkbuf_16)
     2    0.02                           clknet_0_clk (net)
                  0.05    0.00    0.39 ^ clkbuf_1_0__f_clk/A (sky130_fd_sc_hd__clkbuf_16)
                  0.07    0.16    0.55 ^ clkbuf_1_0__f_clk/X (sky130_fd_sc_hd__clkbuf_16)
    14    0.06                           clknet_1_0__leaf_clk (net)
                  0.07    0.00    0.55 ^ _410_/CLK (sky130_fd_sc_hd__dfrtp_4)
                          0.25    0.80   clock uncertainty
                          0.00    0.80   clock reconvergence pessimism
                          0.33    1.13   library removal time
                                  1.13   data required time
-----------------------------------------------------------------------------
                                  1.13   data required time
                                 -4.60   data arrival time
-----------------------------------------------------------------------------
                                  3.47   slack (MET)


Startpoint: rst (input port clocked by clk)
Endpoint: _417_ (removal check against rising-edge clock clk)
Path Group: asynchronous
Path Type: min
Corner: Typical

Fanout     Cap    Slew   Delay    Time   Description
-----------------------------------------------------------------------------
                          0.00    0.00   clock clk (rise edge)
                          0.00    0.00   clock network delay (propagated)
                          4.00    4.00 v input external delay
                  0.01    0.01    4.01 v rst (in)
     1    0.00                           rst (net)
                  0.01    0.00    4.01 v input1/A (sky130_fd_sc_hd__buf_1)
                  0.09    0.12    4.13 v input1/X (sky130_fd_sc_hd__buf_1)
     1    0.01                           net1 (net)
                  0.09    0.00    4.13 v _367_/A (sky130_fd_sc_hd__buf_4)
                  0.08    0.20    4.33 v _367_/X (sky130_fd_sc_hd__buf_4)
    10    0.06                           _180_ (net)
                  0.08    0.00    4.33 v _379_/A (sky130_fd_sc_hd__buf_4)
                  0.09    0.20    4.53 v _379_/X (sky130_fd_sc_hd__buf_4)
    10    0.07                           _182_ (net)
                  0.10    0.01    4.54 v _389_/A (sky130_fd_sc_hd__inv_2)
                  0.04    0.06    4.60 ^ _389_/Y (sky130_fd_sc_hd__inv_2)
     1    0.00                           _019_ (net)
                  0.04    0.00    4.60 ^ _417_/RESET_B (sky130_fd_sc_hd__dfrtp_4)
                                  4.60   data arrival time

                          0.00    0.00   clock clk (rise edge)
                          0.00    0.00   clock source latency
                  0.24    0.18    0.18 ^ clk (in)
     1    0.05                           clk (net)
                  0.24    0.00    0.18 ^ clkbuf_0_clk/A (sky130_fd_sc_hd__clkbuf_16)
                  0.05    0.20    0.38 ^ clkbuf_0_clk/X (sky130_fd_sc_hd__clkbuf_16)
     2    0.02                           clknet_0_clk (net)
                  0.05    0.00    0.39 ^ clkbuf_1_0__f_clk/A (sky130_fd_sc_hd__clkbuf_16)
                  0.07    0.16    0.55 ^ clkbuf_1_0__f_clk/X (sky130_fd_sc_hd__clkbuf_16)
    14    0.06                           clknet_1_0__leaf_clk (net)
                  0.07    0.00    0.55 ^ _417_/CLK (sky130_fd_sc_hd__dfrtp_4)
                          0.25    0.80   clock uncertainty
                          0.00    0.80   clock reconvergence pessimism
                          0.33    1.12   library removal time
                                  1.12   data required time
-----------------------------------------------------------------------------
                                  1.12   data required time
                                 -4.60   data arrival time
-----------------------------------------------------------------------------
                                  3.48   slack (MET)


Startpoint: rst (input port clocked by clk)
Endpoint: _409_ (removal check against rising-edge clock clk)
Path Group: asynchronous
Path Type: min
Corner: Typical

Fanout     Cap    Slew   Delay    Time   Description
-----------------------------------------------------------------------------
                          0.00    0.00   clock clk (rise edge)
                          0.00    0.00   clock network delay (propagated)
                          4.00    4.00 v input external delay
                  0.01    0.01    4.01 v rst (in)
     1    0.00                           rst (net)
                  0.01    0.00    4.01 v input1/A (sky130_fd_sc_hd__buf_1)
                  0.09    0.12    4.13 v input1/X (sky130_fd_sc_hd__buf_1)
     1    0.01                           net1 (net)
                  0.09    0.00    4.13 v _367_/A (sky130_fd_sc_hd__buf_4)
                  0.08    0.20    4.33 v _367_/X (sky130_fd_sc_hd__buf_4)
    10    0.06                           _180_ (net)
                  0.08    0.00    4.33 v _379_/A (sky130_fd_sc_hd__buf_4)
                  0.09    0.20    4.53 v _379_/X (sky130_fd_sc_hd__buf_4)
    10    0.07                           _182_ (net)
                  0.10    0.01    4.54 v _381_/A (sky130_fd_sc_hd__inv_2)
                  0.04    0.06    4.60 ^ _381_/Y (sky130_fd_sc_hd__inv_2)
     1    0.00                           _011_ (net)
                  0.04    0.00    4.60 ^ _409_/RESET_B (sky130_fd_sc_hd__dfrtp_4)
                                  4.60   data arrival time

                          0.00    0.00   clock clk (rise edge)
                          0.00    0.00   clock source latency
                  0.24    0.18    0.18 ^ clk (in)
     1    0.05                           clk (net)
                  0.24    0.00    0.18 ^ clkbuf_0_clk/A (sky130_fd_sc_hd__clkbuf_16)
                  0.05    0.20    0.38 ^ clkbuf_0_clk/X (sky130_fd_sc_hd__clkbuf_16)
     2    0.02                           clknet_0_clk (net)
                  0.05    0.00    0.39 ^ clkbuf_1_0__f_clk/A (sky130_fd_sc_hd__clkbuf_16)
                  0.07    0.16    0.55 ^ clkbuf_1_0__f_clk/X (sky130_fd_sc_hd__clkbuf_16)
    14    0.06                           clknet_1_0__leaf_clk (net)
                  0.07    0.00    0.55 ^ _409_/CLK (sky130_fd_sc_hd__dfrtp_4)
                          0.25    0.80   clock uncertainty
                          0.00    0.80   clock reconvergence pessimism
                          0.33    1.12   library removal time
                                  1.12   data required time
-----------------------------------------------------------------------------
                                  1.12   data required time
                                 -4.60   data arrival time
-----------------------------------------------------------------------------
                                  3.48   slack (MET)


Startpoint: rst (input port clocked by clk)
Endpoint: _413_ (removal check against rising-edge clock clk)
Path Group: asynchronous
Path Type: min
Corner: Typical

Fanout     Cap    Slew   Delay    Time   Description
-----------------------------------------------------------------------------
                          0.00    0.00   clock clk (rise edge)
                          0.00    0.00   clock network delay (propagated)
                          4.00    4.00 v input external delay
                  0.01    0.01    4.01 v rst (in)
     1    0.00                           rst (net)
                  0.01    0.00    4.01 v input1/A (sky130_fd_sc_hd__buf_1)
                  0.09    0.12    4.13 v input1/X (sky130_fd_sc_hd__buf_1)
     1    0.01                           net1 (net)
                  0.09    0.00    4.13 v _367_/A (sky130_fd_sc_hd__buf_4)
                  0.08    0.20    4.33 v _367_/X (sky130_fd_sc_hd__buf_4)
    10    0.06                           _180_ (net)
                  0.08    0.00    4.33 v _379_/A (sky130_fd_sc_hd__buf_4)
                  0.09    0.20    4.53 v _379_/X (sky130_fd_sc_hd__buf_4)
    10    0.07                           _182_ (net)
                  0.10    0.01    4.54 v _385_/A (sky130_fd_sc_hd__inv_2)
                  0.04    0.06    4.60 ^ _385_/Y (sky130_fd_sc_hd__inv_2)
     1    0.00                           _015_ (net)
                  0.04    0.00    4.60 ^ _413_/RESET_B (sky130_fd_sc_hd__dfrtp_4)
                                  4.60   data arrival time

                          0.00    0.00   clock clk (rise edge)
                          0.00    0.00   clock source latency
                  0.24    0.18    0.18 ^ clk (in)
     1    0.05                           clk (net)
                  0.24    0.00    0.18 ^ clkbuf_0_clk/A (sky130_fd_sc_hd__clkbuf_16)
                  0.05    0.20    0.38 ^ clkbuf_0_clk/X (sky130_fd_sc_hd__clkbuf_16)
     2    0.02                           clknet_0_clk (net)
                  0.05    0.00    0.39 ^ clkbuf_1_0__f_clk/A (sky130_fd_sc_hd__clkbuf_16)
                  0.07    0.16    0.55 ^ clkbuf_1_0__f_clk/X (sky130_fd_sc_hd__clkbuf_16)
    14    0.06                           clknet_1_0__leaf_clk (net)
                  0.07    0.00    0.55 ^ _413_/CLK (sky130_fd_sc_hd__dfrtp_4)
                          0.25    0.80   clock uncertainty
                          0.00    0.80   clock reconvergence pessimism
                          0.33    1.13   library removal time
                                  1.13   data required time
-----------------------------------------------------------------------------
                                  1.13   data required time
                                 -4.60   data arrival time
-----------------------------------------------------------------------------
                                  3.48   slack (MET)


Startpoint: rst (input port clocked by clk)
Endpoint: _412_ (removal check against rising-edge clock clk)
Path Group: asynchronous
Path Type: min
Corner: Typical

Fanout     Cap    Slew   Delay    Time   Description
-----------------------------------------------------------------------------
                          0.00    0.00   clock clk (rise edge)
                          0.00    0.00   clock network delay (propagated)
                          4.00    4.00 v input external delay
                  0.01    0.01    4.01 v rst (in)
     1    0.00                           rst (net)
                  0.01    0.00    4.01 v input1/A (sky130_fd_sc_hd__buf_1)
                  0.09    0.12    4.13 v input1/X (sky130_fd_sc_hd__buf_1)
     1    0.01                           net1 (net)
                  0.09    0.00    4.13 v _367_/A (sky130_fd_sc_hd__buf_4)
                  0.08    0.20    4.33 v _367_/X (sky130_fd_sc_hd__buf_4)
    10    0.06                           _180_ (net)
                  0.08    0.00    4.33 v _379_/A (sky130_fd_sc_hd__buf_4)
                  0.09    0.20    4.53 v _379_/X (sky130_fd_sc_hd__buf_4)
    10    0.07                           _182_ (net)
                  0.10    0.01    4.54 v _384_/A (sky130_fd_sc_hd__inv_2)
                  0.04    0.06    4.60 ^ _384_/Y (sky130_fd_sc_hd__inv_2)
     1    0.00                           _014_ (net)
                  0.04    0.00    4.60 ^ _412_/RESET_B (sky130_fd_sc_hd__dfrtp_2)
                                  4.60   data arrival time

                          0.00    0.00   clock clk (rise edge)
                          0.00    0.00   clock source latency
                  0.24    0.18    0.18 ^ clk (in)
     1    0.05                           clk (net)
                  0.24    0.00    0.18 ^ clkbuf_0_clk/A (sky130_fd_sc_hd__clkbuf_16)
                  0.05    0.20    0.38 ^ clkbuf_0_clk/X (sky130_fd_sc_hd__clkbuf_16)
     2    0.02                           clknet_0_clk (net)
                  0.05    0.00    0.38 ^ clkbuf_1_1__f_clk/A (sky130_fd_sc_hd__clkbuf_16)
                  0.07    0.16    0.54 ^ clkbuf_1_1__f_clk/X (sky130_fd_sc_hd__clkbuf_16)
    14    0.05                           clknet_1_1__leaf_clk (net)
                  0.07    0.01    0.55 ^ _412_/CLK (sky130_fd_sc_hd__dfrtp_2)
                          0.25    0.80   clock uncertainty
                          0.00    0.80   clock reconvergence pessimism
                          0.33    1.13   library removal time
                                  1.13   data required time
-----------------------------------------------------------------------------
                                  1.13   data required time
                                 -4.60   data arrival time
-----------------------------------------------------------------------------
                                  3.48   slack (MET)


Startpoint: rst (input port clocked by clk)
Endpoint: _403_ (removal check against rising-edge clock clk)
Path Group: asynchronous
Path Type: min
Corner: Typical

Fanout     Cap    Slew   Delay    Time   Description
-----------------------------------------------------------------------------
                          0.00    0.00   clock clk (rise edge)
                          0.00    0.00   clock network delay (propagated)
                          4.00    4.00 v input external delay
                  0.01    0.01    4.01 v rst (in)
     1    0.00                           rst (net)
                  0.01    0.00    4.01 v input1/A (sky130_fd_sc_hd__buf_1)
                  0.09    0.12    4.13 v input1/X (sky130_fd_sc_hd__buf_1)
     1    0.01                           net1 (net)
                  0.09    0.00    4.13 v _367_/A (sky130_fd_sc_hd__buf_4)
                  0.08    0.20    4.33 v _367_/X (sky130_fd_sc_hd__buf_4)
    10    0.06                           _180_ (net)
                  0.08    0.01    4.33 v _368_/A (sky130_fd_sc_hd__buf_4)
                  0.09    0.20    4.54 v _368_/X (sky130_fd_sc_hd__buf_4)
    10    0.07                           _181_ (net)
                  0.09    0.00    4.54 v _374_/A (sky130_fd_sc_hd__inv_2)
                  0.04    0.06    4.60 ^ _374_/Y (sky130_fd_sc_hd__inv_2)
     1    0.00                           _005_ (net)
                  0.04    0.00    4.60 ^ _403_/RESET_B (sky130_fd_sc_hd__dfrtp_4)
                                  4.60   data arrival time

                          0.00    0.00   clock clk (rise edge)
                          0.00    0.00   clock source latency
                  0.24    0.18    0.18 ^ clk (in)
     1    0.05                           clk (net)
                  0.24    0.00    0.18 ^ clkbuf_0_clk/A (sky130_fd_sc_hd__clkbuf_16)
                  0.05    0.20    0.38 ^ clkbuf_0_clk/X (sky130_fd_sc_hd__clkbuf_16)
     2    0.02                           clknet_0_clk (net)
                  0.05    0.00    0.38 ^ clkbuf_1_1__f_clk/A (sky130_fd_sc_hd__clkbuf_16)
                  0.07    0.16    0.54 ^ clkbuf_1_1__f_clk/X (sky130_fd_sc_hd__clkbuf_16)
    14    0.05                           clknet_1_1__leaf_clk (net)
                  0.07    0.00    0.55 ^ _403_/CLK (sky130_fd_sc_hd__dfrtp_4)
                          0.25    0.80   clock uncertainty
                          0.00    0.80   clock reconvergence pessimism
                          0.33    1.12   library removal time
                                  1.12   data required time
-----------------------------------------------------------------------------
                                  1.12   data required time
                                 -4.60   data arrival time
-----------------------------------------------------------------------------
                                  3.48   slack (MET)


Startpoint: rst (input port clocked by clk)
Endpoint: _411_ (removal check against rising-edge clock clk)
Path Group: asynchronous
Path Type: min
Corner: Typical

Fanout     Cap    Slew   Delay    Time   Description
-----------------------------------------------------------------------------
                          0.00    0.00   clock clk (rise edge)
                          0.00    0.00   clock network delay (propagated)
                          4.00    4.00 v input external delay
                  0.01    0.01    4.01 v rst (in)
     1    0.00                           rst (net)
                  0.01    0.00    4.01 v input1/A (sky130_fd_sc_hd__buf_1)
                  0.09    0.12    4.13 v input1/X (sky130_fd_sc_hd__buf_1)
     1    0.01                           net1 (net)
                  0.09    0.00    4.13 v _367_/A (sky130_fd_sc_hd__buf_4)
                  0.08    0.20    4.33 v _367_/X (sky130_fd_sc_hd__buf_4)
    10    0.06                           _180_ (net)
                  0.08    0.00    4.33 v _379_/A (sky130_fd_sc_hd__buf_4)
                  0.09    0.20    4.53 v _379_/X (sky130_fd_sc_hd__buf_4)
    10    0.07                           _182_ (net)
                  0.10    0.01    4.54 v _383_/A (sky130_fd_sc_hd__inv_2)
                  0.04    0.06    4.60 ^ _383_/Y (sky130_fd_sc_hd__inv_2)
     1    0.00                           _013_ (net)
                  0.04    0.00    4.60 ^ _411_/RESET_B (sky130_fd_sc_hd__dfrtp_4)
                                  4.60   data arrival time

                          0.00    0.00   clock clk (rise edge)
                          0.00    0.00   clock source latency
                  0.24    0.18    0.18 ^ clk (in)
     1    0.05                           clk (net)
                  0.24    0.00    0.18 ^ clkbuf_0_clk/A (sky130_fd_sc_hd__clkbuf_16)
                  0.05    0.20    0.38 ^ clkbuf_0_clk/X (sky130_fd_sc_hd__clkbuf_16)
     2    0.02                           clknet_0_clk (net)
                  0.05    0.00    0.38 ^ clkbuf_1_1__f_clk/A (sky130_fd_sc_hd__clkbuf_16)
                  0.07    0.16    0.54 ^ clkbuf_1_1__f_clk/X (sky130_fd_sc_hd__clkbuf_16)
    14    0.05                           clknet_1_1__leaf_clk (net)
                  0.07    0.01    0.55 ^ _411_/CLK (sky130_fd_sc_hd__dfrtp_4)
                          0.25    0.80   clock uncertainty
                          0.00    0.80   clock reconvergence pessimism
                          0.33    1.13   library removal time
                                  1.13   data required time
-----------------------------------------------------------------------------
                                  1.13   data required time
                                 -4.60   data arrival time
-----------------------------------------------------------------------------
                                  3.48   slack (MET)


Startpoint: rst (input port clocked by clk)
Endpoint: _399_ (removal check against rising-edge clock clk)
Path Group: asynchronous
Path Type: min
Corner: Typical

Fanout     Cap    Slew   Delay    Time   Description
-----------------------------------------------------------------------------
                          0.00    0.00   clock clk (rise edge)
                          0.00    0.00   clock network delay (propagated)
                          4.00    4.00 v input external delay
                  0.01    0.01    4.01 v rst (in)
     1    0.00                           rst (net)
                  0.01    0.00    4.01 v input1/A (sky130_fd_sc_hd__buf_1)
                  0.09    0.12    4.13 v input1/X (sky130_fd_sc_hd__buf_1)
     1    0.01                           net1 (net)
                  0.09    0.00    4.13 v _367_/A (sky130_fd_sc_hd__buf_4)
                  0.08    0.20    4.33 v _367_/X (sky130_fd_sc_hd__buf_4)
    10    0.06                           _180_ (net)
                  0.08    0.01    4.33 v _368_/A (sky130_fd_sc_hd__buf_4)
                  0.09    0.20    4.54 v _368_/X (sky130_fd_sc_hd__buf_4)
    10    0.07                           _181_ (net)
                  0.09    0.01    4.54 v _370_/A (sky130_fd_sc_hd__inv_2)
                  0.04    0.06    4.60 ^ _370_/Y (sky130_fd_sc_hd__inv_2)
     1    0.00                           _001_ (net)
                  0.04    0.00    4.60 ^ _399_/RESET_B (sky130_fd_sc_hd__dfrtp_4)
                                  4.60   data arrival time

                          0.00    0.00   clock clk (rise edge)
                          0.00    0.00   clock source latency
                  0.24    0.18    0.18 ^ clk (in)
     1    0.05                           clk (net)
                  0.24    0.00    0.18 ^ clkbuf_0_clk/A (sky130_fd_sc_hd__clkbuf_16)
                  0.05    0.20    0.38 ^ clkbuf_0_clk/X (sky130_fd_sc_hd__clkbuf_16)
     2    0.02                           clknet_0_clk (net)
                  0.05    0.00    0.38 ^ clkbuf_1_1__f_clk/A (sky130_fd_sc_hd__clkbuf_16)
                  0.07    0.16    0.54 ^ clkbuf_1_1__f_clk/X (sky130_fd_sc_hd__clkbuf_16)
    14    0.05                           clknet_1_1__leaf_clk (net)
                  0.07    0.01    0.55 ^ _399_/CLK (sky130_fd_sc_hd__dfrtp_4)
                          0.25    0.80   clock uncertainty
                          0.00    0.80   clock reconvergence pessimism
                          0.33    1.12   library removal time
                                  1.12   data required time
-----------------------------------------------------------------------------
                                  1.12   data required time
                                 -4.60   data arrival time
-----------------------------------------------------------------------------
                                  3.48   slack (MET)


Startpoint: rst (input port clocked by clk)
Endpoint: _404_ (removal check against rising-edge clock clk)
Path Group: asynchronous
Path Type: min
Corner: Typical

Fanout     Cap    Slew   Delay    Time   Description
-----------------------------------------------------------------------------
                          0.00    0.00   clock clk (rise edge)
                          0.00    0.00   clock network delay (propagated)
                          4.00    4.00 v input external delay
                  0.01    0.01    4.01 v rst (in)
     1    0.00                           rst (net)
                  0.01    0.00    4.01 v input1/A (sky130_fd_sc_hd__buf_1)
                  0.09    0.12    4.13 v input1/X (sky130_fd_sc_hd__buf_1)
     1    0.01                           net1 (net)
                  0.09    0.00    4.13 v _367_/A (sky130_fd_sc_hd__buf_4)
                  0.08    0.20    4.33 v _367_/X (sky130_fd_sc_hd__buf_4)
    10    0.06                           _180_ (net)
                  0.08    0.01    4.33 v _368_/A (sky130_fd_sc_hd__buf_4)
                  0.09    0.20    4.54 v _368_/X (sky130_fd_sc_hd__buf_4)
    10    0.07                           _181_ (net)
                  0.09    0.01    4.54 v _375_/A (sky130_fd_sc_hd__inv_2)
                  0.04    0.06    4.60 ^ _375_/Y (sky130_fd_sc_hd__inv_2)
     1    0.00                           _006_ (net)
                  0.04    0.00    4.60 ^ _404_/RESET_B (sky130_fd_sc_hd__dfrtp_4)
                                  4.60   data arrival time

                          0.00    0.00   clock clk (rise edge)
                          0.00    0.00   clock source latency
                  0.24    0.18    0.18 ^ clk (in)
     1    0.05                           clk (net)
                  0.24    0.00    0.18 ^ clkbuf_0_clk/A (sky130_fd_sc_hd__clkbuf_16)
                  0.05    0.20    0.38 ^ clkbuf_0_clk/X (sky130_fd_sc_hd__clkbuf_16)
     2    0.02                           clknet_0_clk (net)
                  0.05    0.00    0.38 ^ clkbuf_1_1__f_clk/A (sky130_fd_sc_hd__clkbuf_16)
                  0.07    0.16    0.54 ^ clkbuf_1_1__f_clk/X (sky130_fd_sc_hd__clkbuf_16)
    14    0.05                           clknet_1_1__leaf_clk (net)
                  0.07    0.01    0.55 ^ _404_/CLK (sky130_fd_sc_hd__dfrtp_4)
                          0.25    0.80   clock uncertainty
                          0.00    0.80   clock reconvergence pessimism
                          0.33    1.13   library removal time
                                  1.13   data required time
-----------------------------------------------------------------------------
                                  1.13   data required time
                                 -4.60   data arrival time
-----------------------------------------------------------------------------
                                  3.48   slack (MET)


Startpoint: rst (input port clocked by clk)
Endpoint: _407_ (removal check against rising-edge clock clk)
Path Group: asynchronous
Path Type: min
Corner: Typical

Fanout     Cap    Slew   Delay    Time   Description
-----------------------------------------------------------------------------
                          0.00    0.00   clock clk (rise edge)
                          0.00    0.00   clock network delay (propagated)
                          4.00    4.00 v input external delay
                  0.01    0.01    4.01 v rst (in)
     1    0.00                           rst (net)
                  0.01    0.00    4.01 v input1/A (sky130_fd_sc_hd__buf_1)
                  0.09    0.12    4.13 v input1/X (sky130_fd_sc_hd__buf_1)
     1    0.01                           net1 (net)
                  0.09    0.00    4.13 v _367_/A (sky130_fd_sc_hd__buf_4)
                  0.08    0.20    4.33 v _367_/X (sky130_fd_sc_hd__buf_4)
    10    0.06                           _180_ (net)
                  0.08    0.01    4.33 v _368_/A (sky130_fd_sc_hd__buf_4)
                  0.09    0.20    4.54 v _368_/X (sky130_fd_sc_hd__buf_4)
    10    0.07                           _181_ (net)
                  0.09    0.01    4.54 v _378_/A (sky130_fd_sc_hd__inv_2)
                  0.04    0.06    4.60 ^ _378_/Y (sky130_fd_sc_hd__inv_2)
     1    0.00                           _009_ (net)
                  0.04    0.00    4.60 ^ _407_/RESET_B (sky130_fd_sc_hd__dfrtp_4)
                                  4.60   data arrival time

                          0.00    0.00   clock clk (rise edge)
                          0.00    0.00   clock source latency
                  0.24    0.18    0.18 ^ clk (in)
     1    0.05                           clk (net)
                  0.24    0.00    0.18 ^ clkbuf_0_clk/A (sky130_fd_sc_hd__clkbuf_16)
                  0.05    0.20    0.38 ^ clkbuf_0_clk/X (sky130_fd_sc_hd__clkbuf_16)
     2    0.02                           clknet_0_clk (net)
                  0.05    0.00    0.39 ^ clkbuf_1_0__f_clk/A (sky130_fd_sc_hd__clkbuf_16)
                  0.07    0.16    0.55 ^ clkbuf_1_0__f_clk/X (sky130_fd_sc_hd__clkbuf_16)
    14    0.06                           clknet_1_0__leaf_clk (net)
                  0.07    0.00    0.55 ^ _407_/CLK (sky130_fd_sc_hd__dfrtp_4)
                          0.25    0.80   clock uncertainty
                          0.00    0.80   clock reconvergence pessimism
                          0.33    1.13   library removal time
                                  1.13   data required time
-----------------------------------------------------------------------------
                                  1.13   data required time
                                 -4.60   data arrival time
-----------------------------------------------------------------------------
                                  3.48   slack (MET)


Startpoint: rst (input port clocked by clk)
Endpoint: _401_ (removal check against rising-edge clock clk)
Path Group: asynchronous
Path Type: min
Corner: Typical

Fanout     Cap    Slew   Delay    Time   Description
-----------------------------------------------------------------------------
                          0.00    0.00   clock clk (rise edge)
                          0.00    0.00   clock network delay (propagated)
                          4.00    4.00 v input external delay
                  0.01    0.01    4.01 v rst (in)
     1    0.00                           rst (net)
                  0.01    0.00    4.01 v input1/A (sky130_fd_sc_hd__buf_1)
                  0.09    0.12    4.13 v input1/X (sky130_fd_sc_hd__buf_1)
     1    0.01                           net1 (net)
                  0.09    0.00    4.13 v _367_/A (sky130_fd_sc_hd__buf_4)
                  0.08    0.20    4.33 v _367_/X (sky130_fd_sc_hd__buf_4)
    10    0.06                           _180_ (net)
                  0.08    0.01    4.33 v _368_/A (sky130_fd_sc_hd__buf_4)
                  0.09    0.20    4.54 v _368_/X (sky130_fd_sc_hd__buf_4)
    10    0.07                           _181_ (net)
                  0.09    0.01    4.54 v _372_/A (sky130_fd_sc_hd__inv_2)
                  0.04    0.06    4.60 ^ _372_/Y (sky130_fd_sc_hd__inv_2)
     1    0.00                           _003_ (net)
                  0.04    0.00    4.60 ^ _401_/RESET_B (sky130_fd_sc_hd__dfrtp_4)
                                  4.60   data arrival time

                          0.00    0.00   clock clk (rise edge)
                          0.00    0.00   clock source latency
                  0.24    0.18    0.18 ^ clk (in)
     1    0.05                           clk (net)
                  0.24    0.00    0.18 ^ clkbuf_0_clk/A (sky130_fd_sc_hd__clkbuf_16)
                  0.05    0.20    0.38 ^ clkbuf_0_clk/X (sky130_fd_sc_hd__clkbuf_16)
     2    0.02                           clknet_0_clk (net)
                  0.05    0.00    0.38 ^ clkbuf_1_1__f_clk/A (sky130_fd_sc_hd__clkbuf_16)
                  0.07    0.16    0.54 ^ clkbuf_1_1__f_clk/X (sky130_fd_sc_hd__clkbuf_16)
    14    0.05                           clknet_1_1__leaf_clk (net)
                  0.07    0.00    0.55 ^ _401_/CLK (sky130_fd_sc_hd__dfrtp_4)
                          0.25    0.80   clock uncertainty
                          0.00    0.80   clock reconvergence pessimism
                          0.33    1.12   library removal time
                                  1.12   data required time
-----------------------------------------------------------------------------
                                  1.12   data required time
                                 -4.60   data arrival time
-----------------------------------------------------------------------------
                                  3.48   slack (MET)


Startpoint: rst (input port clocked by clk)
Endpoint: _400_ (removal check against rising-edge clock clk)
Path Group: asynchronous
Path Type: min
Corner: Typical

Fanout     Cap    Slew   Delay    Time   Description
-----------------------------------------------------------------------------
                          0.00    0.00   clock clk (rise edge)
                          0.00    0.00   clock network delay (propagated)
                          4.00    4.00 v input external delay
                  0.01    0.01    4.01 v rst (in)
     1    0.00                           rst (net)
                  0.01    0.00    4.01 v input1/A (sky130_fd_sc_hd__buf_1)
                  0.09    0.12    4.13 v input1/X (sky130_fd_sc_hd__buf_1)
     1    0.01                           net1 (net)
                  0.09    0.00    4.13 v _367_/A (sky130_fd_sc_hd__buf_4)
                  0.08    0.20    4.33 v _367_/X (sky130_fd_sc_hd__buf_4)
    10    0.06                           _180_ (net)
                  0.08    0.01    4.33 v _368_/A (sky130_fd_sc_hd__buf_4)
                  0.09    0.20    4.54 v _368_/X (sky130_fd_sc_hd__buf_4)
    10    0.07                           _181_ (net)
                  0.09    0.01    4.54 v _371_/A (sky130_fd_sc_hd__inv_2)
                  0.04    0.06    4.60 ^ _371_/Y (sky130_fd_sc_hd__inv_2)
     1    0.00                           _002_ (net)
                  0.04    0.00    4.60 ^ _400_/RESET_B (sky130_fd_sc_hd__dfrtp_4)
                                  4.60   data arrival time

                          0.00    0.00   clock clk (rise edge)
                          0.00    0.00   clock source latency
                  0.24    0.18    0.18 ^ clk (in)
     1    0.05                           clk (net)
                  0.24    0.00    0.18 ^ clkbuf_0_clk/A (sky130_fd_sc_hd__clkbuf_16)
                  0.05    0.20    0.38 ^ clkbuf_0_clk/X (sky130_fd_sc_hd__clkbuf_16)
     2    0.02                           clknet_0_clk (net)
                  0.05    0.00    0.38 ^ clkbuf_1_1__f_clk/A (sky130_fd_sc_hd__clkbuf_16)
                  0.07    0.16    0.54 ^ clkbuf_1_1__f_clk/X (sky130_fd_sc_hd__clkbuf_16)
    14    0.05                           clknet_1_1__leaf_clk (net)
                  0.07    0.00    0.55 ^ _400_/CLK (sky130_fd_sc_hd__dfrtp_4)
                          0.25    0.80   clock uncertainty
                          0.00    0.80   clock reconvergence pessimism
                          0.33    1.12   library removal time
                                  1.12   data required time
-----------------------------------------------------------------------------
                                  1.12   data required time
                                 -4.60   data arrival time
-----------------------------------------------------------------------------
                                  3.48   slack (MET)


Startpoint: rst (input port clocked by clk)
Endpoint: _398_ (removal check against rising-edge clock clk)
Path Group: asynchronous
Path Type: min
Corner: Typical

Fanout     Cap    Slew   Delay    Time   Description
-----------------------------------------------------------------------------
                          0.00    0.00   clock clk (rise edge)
                          0.00    0.00   clock network delay (propagated)
                          4.00    4.00 v input external delay
                  0.01    0.01    4.01 v rst (in)
     1    0.00                           rst (net)
                  0.01    0.00    4.01 v input1/A (sky130_fd_sc_hd__buf_1)
                  0.09    0.12    4.13 v input1/X (sky130_fd_sc_hd__buf_1)
     1    0.01                           net1 (net)
                  0.09    0.00    4.13 v _367_/A (sky130_fd_sc_hd__buf_4)
                  0.08    0.20    4.33 v _367_/X (sky130_fd_sc_hd__buf_4)
    10    0.06                           _180_ (net)
                  0.08    0.01    4.33 v _368_/A (sky130_fd_sc_hd__buf_4)
                  0.09    0.20    4.54 v _368_/X (sky130_fd_sc_hd__buf_4)
    10    0.07                           _181_ (net)
                  0.09    0.01    4.54 v _369_/A (sky130_fd_sc_hd__inv_2)
                  0.04    0.06    4.60 ^ _369_/Y (sky130_fd_sc_hd__inv_2)
     1    0.00                           _000_ (net)
                  0.04    0.00    4.61 ^ _398_/RESET_B (sky130_fd_sc_hd__dfrtp_4)
                                  4.61   data arrival time

                          0.00    0.00   clock clk (rise edge)
                          0.00    0.00   clock source latency
                  0.24    0.18    0.18 ^ clk (in)
     1    0.05                           clk (net)
                  0.24    0.00    0.18 ^ clkbuf_0_clk/A (sky130_fd_sc_hd__clkbuf_16)
                  0.05    0.20    0.38 ^ clkbuf_0_clk/X (sky130_fd_sc_hd__clkbuf_16)
     2    0.02                           clknet_0_clk (net)
                  0.05    0.00    0.38 ^ clkbuf_1_1__f_clk/A (sky130_fd_sc_hd__clkbuf_16)
                  0.07    0.16    0.54 ^ clkbuf_1_1__f_clk/X (sky130_fd_sc_hd__clkbuf_16)
    14    0.05                           clknet_1_1__leaf_clk (net)
                  0.07    0.01    0.55 ^ _398_/CLK (sky130_fd_sc_hd__dfrtp_4)
                          0.25    0.80   clock uncertainty
                          0.00    0.80   clock reconvergence pessimism
                          0.33    1.13   library removal time
                                  1.13   data required time
-----------------------------------------------------------------------------
                                  1.13   data required time
                                 -4.61   data arrival time
-----------------------------------------------------------------------------
                                  3.48   slack (MET)


Startpoint: rst (input port clocked by clk)
Endpoint: _405_ (removal check against rising-edge clock clk)
Path Group: asynchronous
Path Type: min
Corner: Typical

Fanout     Cap    Slew   Delay    Time   Description
-----------------------------------------------------------------------------
                          0.00    0.00   clock clk (rise edge)
                          0.00    0.00   clock network delay (propagated)
                          4.00    4.00 v input external delay
                  0.01    0.01    4.01 v rst (in)
     1    0.00                           rst (net)
                  0.01    0.00    4.01 v input1/A (sky130_fd_sc_hd__buf_1)
                  0.09    0.12    4.13 v input1/X (sky130_fd_sc_hd__buf_1)
     1    0.01                           net1 (net)
                  0.09    0.00    4.13 v _367_/A (sky130_fd_sc_hd__buf_4)
                  0.08    0.20    4.33 v _367_/X (sky130_fd_sc_hd__buf_4)
    10    0.06                           _180_ (net)
                  0.08    0.01    4.33 v _368_/A (sky130_fd_sc_hd__buf_4)
                  0.09    0.20    4.54 v _368_/X (sky130_fd_sc_hd__buf_4)
    10    0.07                           _181_ (net)
                  0.09    0.01    4.54 v _376_/A (sky130_fd_sc_hd__inv_2)
                  0.04    0.06    4.60 ^ _376_/Y (sky130_fd_sc_hd__inv_2)
     1    0.00                           _007_ (net)
                  0.04    0.00    4.60 ^ _405_/RESET_B (sky130_fd_sc_hd__dfrtp_4)
                                  4.60   data arrival time

                          0.00    0.00   clock clk (rise edge)
                          0.00    0.00   clock source latency
                  0.24    0.18    0.18 ^ clk (in)
     1    0.05                           clk (net)
                  0.24    0.00    0.18 ^ clkbuf_0_clk/A (sky130_fd_sc_hd__clkbuf_16)
                  0.05    0.20    0.38 ^ clkbuf_0_clk/X (sky130_fd_sc_hd__clkbuf_16)
     2    0.02                           clknet_0_clk (net)
                  0.05    0.00    0.38 ^ clkbuf_1_1__f_clk/A (sky130_fd_sc_hd__clkbuf_16)
                  0.07    0.16    0.54 ^ clkbuf_1_1__f_clk/X (sky130_fd_sc_hd__clkbuf_16)
    14    0.05                           clknet_1_1__leaf_clk (net)
                  0.07    0.00    0.55 ^ _405_/CLK (sky130_fd_sc_hd__dfrtp_4)
                          0.25    0.80   clock uncertainty
                          0.00    0.80   clock reconvergence pessimism
                          0.33    1.12   library removal time
                                  1.12   data required time
-----------------------------------------------------------------------------
                                  1.12   data required time
                                 -4.60   data arrival time
-----------------------------------------------------------------------------
                                  3.48   slack (MET)


Startpoint: _406_ (rising edge-triggered flip-flop clocked by clk)
Endpoint: A_out[4] (output port clocked by clk)
Path Group: clk
Path Type: min
Corner: Typical

Fanout     Cap    Slew   Delay    Time   Description
-----------------------------------------------------------------------------
                          0.00    0.00   clock clk (rise edge)
                          0.00    0.00   clock source latency
                  0.24    0.16    0.16 ^ clk (in)
     1    0.05                           clk (net)
                  0.24    0.00    0.16 ^ clkbuf_0_clk/A (sky130_fd_sc_hd__clkbuf_16)
                  0.05    0.18    0.35 ^ clkbuf_0_clk/X (sky130_fd_sc_hd__clkbuf_16)
     2    0.02                           clknet_0_clk (net)
                  0.05    0.00    0.35 ^ clkbuf_1_0__f_clk/A (sky130_fd_sc_hd__clkbuf_16)
                  0.07    0.15    0.49 ^ clkbuf_1_0__f_clk/X (sky130_fd_sc_hd__clkbuf_16)
    14    0.06                           clknet_1_0__leaf_clk (net)
                  0.07    0.01    0.50 ^ _406_/CLK (sky130_fd_sc_hd__dfrtp_2)
                  0.14    0.41    0.91 ^ _406_/Q (sky130_fd_sc_hd__dfrtp_2)
     3    0.03                           net6 (net)
                  0.14    0.00    0.91 ^ output6/A (sky130_fd_sc_hd__clkbuf_4)
                  0.11    0.21    1.12 ^ output6/X (sky130_fd_sc_hd__clkbuf_4)
     1    0.03                           A_out[4] (net)
                  0.11    0.00    1.12 ^ A_out[4] (out)
                                  1.12   data arrival time

                          0.00    0.00   clock clk (rise edge)
                          0.00    0.00   clock network delay (propagated)
                          0.25    0.25   clock uncertainty
                          0.00    0.25   clock reconvergence pessimism
                         -4.00   -3.75   output external delay
                                 -3.75   data required time
-----------------------------------------------------------------------------
                                 -3.75   data required time
                                 -1.12   data arrival time
-----------------------------------------------------------------------------
                                  4.87   slack (MET)


Startpoint: _412_ (rising edge-triggered flip-flop clocked by clk)
Endpoint: last_opcode_out[3] (output port clocked by clk)
Path Group: clk
Path Type: min
Corner: Typical

Fanout     Cap    Slew   Delay    Time   Description
-----------------------------------------------------------------------------
                          0.00    0.00   clock clk (rise edge)
                          0.00    0.00   clock source latency
                  0.24    0.16    0.16 ^ clk (in)
     1    0.05                           clk (net)
                  0.24    0.00    0.16 ^ clkbuf_0_clk/A (sky130_fd_sc_hd__clkbuf_16)
                  0.05    0.18    0.35 ^ clkbuf_0_clk/X (sky130_fd_sc_hd__clkbuf_16)
     2    0.02                           clknet_0_clk (net)
                  0.05    0.00    0.35 ^ clkbuf_1_1__f_clk/A (sky130_fd_sc_hd__clkbuf_16)
                  0.07    0.14    0.49 ^ clkbuf_1_1__f_clk/X (sky130_fd_sc_hd__clkbuf_16)
    14    0.05                           clknet_1_1__leaf_clk (net)
                  0.07    0.01    0.50 ^ _412_/CLK (sky130_fd_sc_hd__dfrtp_2)
                  0.14    0.41    0.91 ^ _412_/Q (sky130_fd_sc_hd__dfrtp_2)
     2    0.03                           net25 (net)
                  0.14    0.00    0.91 ^ output25/A (sky130_fd_sc_hd__clkbuf_4)
                  0.11    0.21    1.12 ^ output25/X (sky130_fd_sc_hd__clkbuf_4)
     1    0.03                           last_opcode_out[3] (net)
                  0.11    0.00    1.12 ^ last_opcode_out[3] (out)
                                  1.12   data arrival time

                          0.00    0.00   clock clk (rise edge)
                          0.00    0.00   clock network delay (propagated)
                          0.25    0.25   clock uncertainty
                          0.00    0.25   clock reconvergence pessimism
                         -4.00   -3.75   output external delay
                                 -3.75   data required time
-----------------------------------------------------------------------------
                                 -3.75   data required time
                                 -1.12   data arrival time
-----------------------------------------------------------------------------
                                  4.87   slack (MET)


Startpoint: _402_ (rising edge-triggered flip-flop clocked by clk)
Endpoint: A_out[0] (output port clocked by clk)
Path Group: clk
Path Type: min
Corner: Typical

Fanout     Cap    Slew   Delay    Time   Description
-----------------------------------------------------------------------------
                          0.00    0.00   clock clk (rise edge)
                          0.00    0.00   clock source latency
                  0.24    0.16    0.16 ^ clk (in)
     1    0.05                           clk (net)
                  0.24    0.00    0.16 ^ clkbuf_0_clk/A (sky130_fd_sc_hd__clkbuf_16)
                  0.05    0.18    0.35 ^ clkbuf_0_clk/X (sky130_fd_sc_hd__clkbuf_16)
     2    0.02                           clknet_0_clk (net)
                  0.05    0.00    0.35 ^ clkbuf_1_1__f_clk/A (sky130_fd_sc_hd__clkbuf_16)
                  0.07    0.14    0.49 ^ clkbuf_1_1__f_clk/X (sky130_fd_sc_hd__clkbuf_16)
    14    0.05                           clknet_1_1__leaf_clk (net)
                  0.07    0.01    0.50 ^ _402_/CLK (sky130_fd_sc_hd__dfrtp_4)
                  0.12    0.45    0.95 ^ _402_/Q (sky130_fd_sc_hd__dfrtp_4)
     4    0.03                           net2 (net)
                  0.12    0.00    0.95 ^ output2/A (sky130_fd_sc_hd__clkbuf_4)
                  0.11    0.20    1.15 ^ output2/X (sky130_fd_sc_hd__clkbuf_4)
     1    0.03                           A_out[0] (net)
                  0.11    0.00    1.15 ^ A_out[0] (out)
                                  1.15   data arrival time

                          0.00    0.00   clock clk (rise edge)
                          0.00    0.00   clock network delay (propagated)
                          0.25    0.25   clock uncertainty
                          0.00    0.25   clock reconvergence pessimism
                         -4.00   -3.75   output external delay
                                 -3.75   data required time
-----------------------------------------------------------------------------
                                 -3.75   data required time
                                 -1.15   data arrival time
-----------------------------------------------------------------------------
                                  4.90   slack (MET)


Startpoint: _415_ (rising edge-triggered flip-flop clocked by clk)
Endpoint: flags_out[1] (output port clocked by clk)
Path Group: clk
Path Type: min
Corner: Typical

Fanout     Cap    Slew   Delay    Time   Description
-----------------------------------------------------------------------------
                          0.00    0.00   clock clk (rise edge)
                          0.00    0.00   clock source latency
                  0.24    0.16    0.16 ^ clk (in)
     1    0.05                           clk (net)
                  0.24    0.00    0.16 ^ clkbuf_0_clk/A (sky130_fd_sc_hd__clkbuf_16)
                  0.05    0.18    0.35 ^ clkbuf_0_clk/X (sky130_fd_sc_hd__clkbuf_16)
     2    0.02                           clknet_0_clk (net)
                  0.05    0.00    0.35 ^ clkbuf_1_0__f_clk/A (sky130_fd_sc_hd__clkbuf_16)
                  0.07    0.15    0.49 ^ clkbuf_1_0__f_clk/X (sky130_fd_sc_hd__clkbuf_16)
    14    0.06                           clknet_1_0__leaf_clk (net)
                  0.07    0.00    0.50 ^ _415_/CLK (sky130_fd_sc_hd__dfrtp_4)
                  0.12    0.45    0.95 ^ _415_/Q (sky130_fd_sc_hd__dfrtp_4)
     2    0.03                           net19 (net)
                  0.12    0.01    0.95 ^ output19/A (sky130_fd_sc_hd__clkbuf_4)
                  0.11    0.20    1.15 ^ output19/X (sky130_fd_sc_hd__clkbuf_4)
     1    0.03                           flags_out[1] (net)
                  0.11    0.00    1.16 ^ flags_out[1] (out)
                                  1.16   data arrival time

                          0.00    0.00   clock clk (rise edge)
                          0.00    0.00   clock network delay (propagated)
                          0.25    0.25   clock uncertainty
                          0.00    0.25   clock reconvergence pessimism
                         -4.00   -3.75   output external delay
                                 -3.75   data required time
-----------------------------------------------------------------------------
                                 -3.75   data required time
                                 -1.16   data arrival time
-----------------------------------------------------------------------------
                                  4.91   slack (MET)


Startpoint: _411_ (rising edge-triggered flip-flop clocked by clk)
Endpoint: last_opcode_out[2] (output port clocked by clk)
Path Group: clk
Path Type: min
Corner: Typical

Fanout     Cap    Slew   Delay    Time   Description
-----------------------------------------------------------------------------
                          0.00    0.00   clock clk (rise edge)
                          0.00    0.00   clock source latency
                  0.24    0.16    0.16 ^ clk (in)
     1    0.05                           clk (net)
                  0.24    0.00    0.16 ^ clkbuf_0_clk/A (sky130_fd_sc_hd__clkbuf_16)
                  0.05    0.18    0.35 ^ clkbuf_0_clk/X (sky130_fd_sc_hd__clkbuf_16)
     2    0.02                           clknet_0_clk (net)
                  0.05    0.00    0.35 ^ clkbuf_1_1__f_clk/A (sky130_fd_sc_hd__clkbuf_16)
                  0.07    0.14    0.49 ^ clkbuf_1_1__f_clk/X (sky130_fd_sc_hd__clkbuf_16)
    14    0.05                           clknet_1_1__leaf_clk (net)
                  0.07    0.01    0.50 ^ _411_/CLK (sky130_fd_sc_hd__dfrtp_4)
                  0.13    0.45    0.95 ^ _411_/Q (sky130_fd_sc_hd__dfrtp_4)
     2    0.04                           net24 (net)
                  0.13    0.01    0.96 ^ output24/A (sky130_fd_sc_hd__clkbuf_4)
                  0.11    0.20    1.16 ^ output24/X (sky130_fd_sc_hd__clkbuf_4)
     1    0.03                           last_opcode_out[2] (net)
                  0.11    0.00    1.16 ^ last_opcode_out[2] (out)
                                  1.16   data arrival time

                          0.00    0.00   clock clk (rise edge)
                          0.00    0.00   clock network delay (propagated)
                          0.25    0.25   clock uncertainty
                          0.00    0.25   clock reconvergence pessimism
                         -4.00   -3.75   output external delay
                                 -3.75   data required time
-----------------------------------------------------------------------------
                                 -3.75   data required time
                                 -1.16   data arrival time
-----------------------------------------------------------------------------
                                  4.91   slack (MET)


Startpoint: _417_ (rising edge-triggered flip-flop clocked by clk)
Endpoint: flags_out[3] (output port clocked by clk)
Path Group: clk
Path Type: min
Corner: Typical

Fanout     Cap    Slew   Delay    Time   Description
-----------------------------------------------------------------------------
                          0.00    0.00   clock clk (rise edge)
                          0.00    0.00   clock source latency
                  0.24    0.16    0.16 ^ clk (in)
     1    0.05                           clk (net)
                  0.24    0.00    0.16 ^ clkbuf_0_clk/A (sky130_fd_sc_hd__clkbuf_16)
                  0.05    0.18    0.35 ^ clkbuf_0_clk/X (sky130_fd_sc_hd__clkbuf_16)
     2    0.02                           clknet_0_clk (net)
                  0.05    0.00    0.35 ^ clkbuf_1_0__f_clk/A (sky130_fd_sc_hd__clkbuf_16)
                  0.07    0.15    0.49 ^ clkbuf_1_0__f_clk/X (sky130_fd_sc_hd__clkbuf_16)
    14    0.06                           clknet_1_0__leaf_clk (net)
                  0.07    0.00    0.50 ^ _417_/CLK (sky130_fd_sc_hd__dfrtp_4)
                  0.13    0.46    0.95 ^ _417_/Q (sky130_fd_sc_hd__dfrtp_4)
     3    0.04                           net21 (net)
                  0.13    0.00    0.96 ^ output21/A (sky130_fd_sc_hd__clkbuf_4)
                  0.11    0.20    1.16 ^ output21/X (sky130_fd_sc_hd__clkbuf_4)
     1    0.03                           flags_out[3] (net)
                  0.11    0.00    1.16 ^ flags_out[3] (out)
                                  1.16   data arrival time

                          0.00    0.00   clock clk (rise edge)
                          0.00    0.00   clock network delay (propagated)
                          0.25    0.25   clock uncertainty
                          0.00    0.25   clock reconvergence pessimism
                         -4.00   -3.75   output external delay
                                 -3.75   data required time
-----------------------------------------------------------------------------
                                 -3.75   data required time
                                 -1.16   data arrival time
-----------------------------------------------------------------------------
                                  4.91   slack (MET)


Startpoint: _421_ (rising edge-triggered flip-flop clocked by clk)
Endpoint: B_out[3] (output port clocked by clk)
Path Group: clk
Path Type: min
Corner: Typical

Fanout     Cap    Slew   Delay    Time   Description
-----------------------------------------------------------------------------
                          0.00    0.00   clock clk (rise edge)
                          0.00    0.00   clock source latency
                  0.24    0.16    0.16 ^ clk (in)
     1    0.05                           clk (net)
                  0.24    0.00    0.16 ^ clkbuf_0_clk/A (sky130_fd_sc_hd__clkbuf_16)
                  0.05    0.18    0.35 ^ clkbuf_0_clk/X (sky130_fd_sc_hd__clkbuf_16)
     2    0.02                           clknet_0_clk (net)
                  0.05    0.00    0.35 ^ clkbuf_1_1__f_clk/A (sky130_fd_sc_hd__clkbuf_16)
                  0.07    0.14    0.49 ^ clkbuf_1_1__f_clk/X (sky130_fd_sc_hd__clkbuf_16)
    14    0.05                           clknet_1_1__leaf_clk (net)
                  0.07    0.01    0.50 ^ _421_/CLK (sky130_fd_sc_hd__dfrtp_4)
                  0.13    0.46    0.95 ^ _421_/Q (sky130_fd_sc_hd__dfrtp_4)
     4    0.04                           net13 (net)
                  0.13    0.00    0.96 ^ output13/A (sky130_fd_sc_hd__clkbuf_4)
                  0.11    0.21    1.16 ^ output13/X (sky130_fd_sc_hd__clkbuf_4)
     1    0.03                           B_out[3] (net)
                  0.11    0.00    1.16 ^ B_out[3] (out)
                                  1.16   data arrival time

                          0.00    0.00   clock clk (rise edge)
                          0.00    0.00   clock network delay (propagated)
                          0.25    0.25   clock uncertainty
                          0.00    0.25   clock reconvergence pessimism
                         -4.00   -3.75   output external delay
                                 -3.75   data required time
-----------------------------------------------------------------------------
                                 -3.75   data required time
                                 -1.16   data arrival time
-----------------------------------------------------------------------------
                                  4.91   slack (MET)


Startpoint: _408_ (rising edge-triggered flip-flop clocked by clk)
Endpoint: A_out[6] (output port clocked by clk)
Path Group: clk
Path Type: min
Corner: Typical

Fanout     Cap    Slew   Delay    Time   Description
-----------------------------------------------------------------------------
                          0.00    0.00   clock clk (rise edge)
                          0.00    0.00   clock source latency
                  0.24    0.16    0.16 ^ clk (in)
     1    0.05                           clk (net)
                  0.24    0.00    0.16 ^ clkbuf_0_clk/A (sky130_fd_sc_hd__clkbuf_16)
                  0.05    0.18    0.35 ^ clkbuf_0_clk/X (sky130_fd_sc_hd__clkbuf_16)
     2    0.02                           clknet_0_clk (net)
                  0.05    0.00    0.35 ^ clkbuf_1_0__f_clk/A (sky130_fd_sc_hd__clkbuf_16)
                  0.07    0.15    0.49 ^ clkbuf_1_0__f_clk/X (sky130_fd_sc_hd__clkbuf_16)
    14    0.06                           clknet_1_0__leaf_clk (net)
                  0.07    0.00    0.50 ^ _408_/CLK (sky130_fd_sc_hd__dfrtp_4)
                  0.12    0.45    0.95 ^ _408_/Q (sky130_fd_sc_hd__dfrtp_4)
     3    0.03                           net8 (net)
                  0.12    0.00    0.95 ^ output8/A (sky130_fd_sc_hd__buf_2)
                  0.17    0.21    1.16 ^ output8/X (sky130_fd_sc_hd__buf_2)
     1    0.03                           A_out[6] (net)
                  0.17    0.00    1.16 ^ A_out[6] (out)
                                  1.16   data arrival time

                          0.00    0.00   clock clk (rise edge)
                          0.00    0.00   clock network delay (propagated)
                          0.25    0.25   clock uncertainty
                          0.00    0.25   clock reconvergence pessimism
                         -4.00   -3.75   output external delay
                                 -3.75   data required time
-----------------------------------------------------------------------------
                                 -3.75   data required time
                                 -1.16   data arrival time
-----------------------------------------------------------------------------
                                  4.91   slack (MET)


Startpoint: _409_ (rising edge-triggered flip-flop clocked by clk)
Endpoint: A_out[7] (output port clocked by clk)
Path Group: clk
Path Type: min
Corner: Typical

Fanout     Cap    Slew   Delay    Time   Description
-----------------------------------------------------------------------------
                          0.00    0.00   clock clk (rise edge)
                          0.00    0.00   clock source latency
                  0.24    0.16    0.16 ^ clk (in)
     1    0.05                           clk (net)
                  0.24    0.00    0.16 ^ clkbuf_0_clk/A (sky130_fd_sc_hd__clkbuf_16)
                  0.05    0.18    0.35 ^ clkbuf_0_clk/X (sky130_fd_sc_hd__clkbuf_16)
     2    0.02                           clknet_0_clk (net)
                  0.05    0.00    0.35 ^ clkbuf_1_0__f_clk/A (sky130_fd_sc_hd__clkbuf_16)
                  0.07    0.15    0.49 ^ clkbuf_1_0__f_clk/X (sky130_fd_sc_hd__clkbuf_16)
    14    0.06                           clknet_1_0__leaf_clk (net)
                  0.07    0.00    0.50 ^ _409_/CLK (sky130_fd_sc_hd__dfrtp_4)
                  0.13    0.46    0.95 ^ _409_/Q (sky130_fd_sc_hd__dfrtp_4)
     3    0.04                           net9 (net)
                  0.13    0.01    0.96 ^ output9/A (sky130_fd_sc_hd__clkbuf_4)
                  0.11    0.21    1.17 ^ output9/X (sky130_fd_sc_hd__clkbuf_4)
     1    0.03                           A_out[7] (net)
                  0.11    0.00    1.17 ^ A_out[7] (out)
                                  1.17   data arrival time

                          0.00    0.00   clock clk (rise edge)
                          0.00    0.00   clock network delay (propagated)
                          0.25    0.25   clock uncertainty
                          0.00    0.25   clock reconvergence pessimism
                         -4.00   -3.75   output external delay
                                 -3.75   data required time
-----------------------------------------------------------------------------
                                 -3.75   data required time
                                 -1.17   data arrival time
-----------------------------------------------------------------------------
                                  4.92   slack (MET)


Startpoint: _416_ (rising edge-triggered flip-flop clocked by clk)
Endpoint: flags_out[2] (output port clocked by clk)
Path Group: clk
Path Type: min
Corner: Typical

Fanout     Cap    Slew   Delay    Time   Description
-----------------------------------------------------------------------------
                          0.00    0.00   clock clk (rise edge)
                          0.00    0.00   clock source latency
                  0.24    0.16    0.16 ^ clk (in)
     1    0.05                           clk (net)
                  0.24    0.00    0.16 ^ clkbuf_0_clk/A (sky130_fd_sc_hd__clkbuf_16)
                  0.05    0.18    0.35 ^ clkbuf_0_clk/X (sky130_fd_sc_hd__clkbuf_16)
     2    0.02                           clknet_0_clk (net)
                  0.05    0.00    0.35 ^ clkbuf_1_0__f_clk/A (sky130_fd_sc_hd__clkbuf_16)
                  0.07    0.15    0.49 ^ clkbuf_1_0__f_clk/X (sky130_fd_sc_hd__clkbuf_16)
    14    0.06                           clknet_1_0__leaf_clk (net)
                  0.07    0.00    0.50 ^ _416_/CLK (sky130_fd_sc_hd__dfrtp_4)
                  0.12    0.45    0.95 ^ _416_/Q (sky130_fd_sc_hd__dfrtp_4)
     2    0.03                           net20 (net)
                  0.12    0.00    0.95 ^ output20/A (sky130_fd_sc_hd__buf_2)
                  0.17    0.22    1.17 ^ output20/X (sky130_fd_sc_hd__buf_2)
     1    0.03                           flags_out[2] (net)
                  0.17    0.00    1.17 ^ flags_out[2] (out)
                                  1.17   data arrival time

                          0.00    0.00   clock clk (rise edge)
                          0.00    0.00   clock network delay (propagated)
                          0.25    0.25   clock uncertainty
                          0.00    0.25   clock reconvergence pessimism
                         -4.00   -3.75   output external delay
                                 -3.75   data required time
-----------------------------------------------------------------------------
                                 -3.75   data required time
                                 -1.17   data arrival time
-----------------------------------------------------------------------------
                                  4.92   slack (MET)


Startpoint: _425_ (rising edge-triggered flip-flop clocked by clk)
Endpoint: B_out[7] (output port clocked by clk)
Path Group: clk
Path Type: min
Corner: Typical

Fanout     Cap    Slew   Delay    Time   Description
-----------------------------------------------------------------------------
                          0.00    0.00   clock clk (rise edge)
                          0.00    0.00   clock source latency
                  0.24    0.16    0.16 ^ clk (in)
     1    0.05                           clk (net)
                  0.24    0.00    0.16 ^ clkbuf_0_clk/A (sky130_fd_sc_hd__clkbuf_16)
                  0.05    0.18    0.35 ^ clkbuf_0_clk/X (sky130_fd_sc_hd__clkbuf_16)
     2    0.02                           clknet_0_clk (net)
                  0.05    0.00    0.35 ^ clkbuf_1_0__f_clk/A (sky130_fd_sc_hd__clkbuf_16)
                  0.07    0.15    0.49 ^ clkbuf_1_0__f_clk/X (sky130_fd_sc_hd__clkbuf_16)
    14    0.06                           clknet_1_0__leaf_clk (net)
                  0.07    0.00    0.50 ^ _425_/CLK (sky130_fd_sc_hd__dfrtp_4)
                  0.14    0.47    0.97 ^ _425_/Q (sky130_fd_sc_hd__dfrtp_4)
     3    0.04                           net17 (net)
                  0.14    0.00    0.97 ^ output17/A (sky130_fd_sc_hd__clkbuf_4)
                  0.11    0.21    1.18 ^ output17/X (sky130_fd_sc_hd__clkbuf_4)
     1    0.03                           B_out[7] (net)
                  0.11    0.00    1.18 ^ B_out[7] (out)
                                  1.18   data arrival time

                          0.00    0.00   clock clk (rise edge)
                          0.00    0.00   clock network delay (propagated)
                          0.25    0.25   clock uncertainty
                          0.00    0.25   clock reconvergence pessimism
                         -4.00   -3.75   output external delay
                                 -3.75   data required time
-----------------------------------------------------------------------------
                                 -3.75   data required time
                                 -1.18   data arrival time
-----------------------------------------------------------------------------
                                  4.93   slack (MET)


Startpoint: _405_ (rising edge-triggered flip-flop clocked by clk)
Endpoint: A_out[3] (output port clocked by clk)
Path Group: clk
Path Type: min
Corner: Typical

Fanout     Cap    Slew   Delay    Time   Description
-----------------------------------------------------------------------------
                          0.00    0.00   clock clk (rise edge)
                          0.00    0.00   clock source latency
                  0.24    0.16    0.16 ^ clk (in)
     1    0.05                           clk (net)
                  0.24    0.00    0.16 ^ clkbuf_0_clk/A (sky130_fd_sc_hd__clkbuf_16)
                  0.05    0.18    0.35 ^ clkbuf_0_clk/X (sky130_fd_sc_hd__clkbuf_16)
     2    0.02                           clknet_0_clk (net)
                  0.05    0.00    0.35 ^ clkbuf_1_1__f_clk/A (sky130_fd_sc_hd__clkbuf_16)
                  0.07    0.14    0.49 ^ clkbuf_1_1__f_clk/X (sky130_fd_sc_hd__clkbuf_16)
    14    0.05                           clknet_1_1__leaf_clk (net)
                  0.07    0.00    0.50 ^ _405_/CLK (sky130_fd_sc_hd__dfrtp_4)
                  0.15    0.47    0.97 ^ _405_/Q (sky130_fd_sc_hd__dfrtp_4)
     3    0.04                           net5 (net)
                  0.15    0.01    0.97 ^ output5/A (sky130_fd_sc_hd__clkbuf_4)
                  0.11    0.21    1.19 ^ output5/X (sky130_fd_sc_hd__clkbuf_4)
     1    0.03                           A_out[3] (net)
                  0.11    0.00    1.19 ^ A_out[3] (out)
                                  1.19   data arrival time

                          0.00    0.00   clock clk (rise edge)
                          0.00    0.00   clock network delay (propagated)
                          0.25    0.25   clock uncertainty
                          0.00    0.25   clock reconvergence pessimism
                         -4.00   -3.75   output external delay
                                 -3.75   data required time
-----------------------------------------------------------------------------
                                 -3.75   data required time
                                 -1.19   data arrival time
-----------------------------------------------------------------------------
                                  4.94   slack (MET)


Startpoint: _423_ (rising edge-triggered flip-flop clocked by clk)
Endpoint: B_out[5] (output port clocked by clk)
Path Group: clk
Path Type: min
Corner: Typical

Fanout     Cap    Slew   Delay    Time   Description
-----------------------------------------------------------------------------
                          0.00    0.00   clock clk (rise edge)
                          0.00    0.00   clock source latency
                  0.24    0.16    0.16 ^ clk (in)
     1    0.05                           clk (net)
                  0.24    0.00    0.16 ^ clkbuf_0_clk/A (sky130_fd_sc_hd__clkbuf_16)
                  0.05    0.18    0.35 ^ clkbuf_0_clk/X (sky130_fd_sc_hd__clkbuf_16)
     2    0.02                           clknet_0_clk (net)
                  0.05    0.00    0.35 ^ clkbuf_1_0__f_clk/A (sky130_fd_sc_hd__clkbuf_16)
                  0.07    0.15    0.49 ^ clkbuf_1_0__f_clk/X (sky130_fd_sc_hd__clkbuf_16)
    14    0.06                           clknet_1_0__leaf_clk (net)
                  0.07    0.00    0.50 ^ _423_/CLK (sky130_fd_sc_hd__dfrtp_4)
                  0.15    0.47    0.97 ^ _423_/Q (sky130_fd_sc_hd__dfrtp_4)
     3    0.04                           net15 (net)
                  0.15    0.01    0.98 ^ output15/A (sky130_fd_sc_hd__clkbuf_4)
                  0.11    0.21    1.19 ^ output15/X (sky130_fd_sc_hd__clkbuf_4)
     1    0.03                           B_out[5] (net)
                  0.11    0.00    1.19 ^ B_out[5] (out)
                                  1.19   data arrival time

                          0.00    0.00   clock clk (rise edge)
                          0.00    0.00   clock network delay (propagated)
                          0.25    0.25   clock uncertainty
                          0.00    0.25   clock reconvergence pessimism
                         -4.00   -3.75   output external delay
                                 -3.75   data required time
-----------------------------------------------------------------------------
                                 -3.75   data required time
                                 -1.19   data arrival time
-----------------------------------------------------------------------------
                                  4.94   slack (MET)


Startpoint: _414_ (rising edge-triggered flip-flop clocked by clk)
Endpoint: flags_out[0] (output port clocked by clk)
Path Group: clk
Path Type: min
Corner: Typical

Fanout     Cap    Slew   Delay    Time   Description
-----------------------------------------------------------------------------
                          0.00    0.00   clock clk (rise edge)
                          0.00    0.00   clock source latency
                  0.24    0.16    0.16 ^ clk (in)
     1    0.05                           clk (net)
                  0.24    0.00    0.16 ^ clkbuf_0_clk/A (sky130_fd_sc_hd__clkbuf_16)
                  0.05    0.18    0.35 ^ clkbuf_0_clk/X (sky130_fd_sc_hd__clkbuf_16)
     2    0.02                           clknet_0_clk (net)
                  0.05    0.00    0.35 ^ clkbuf_1_0__f_clk/A (sky130_fd_sc_hd__clkbuf_16)
                  0.07    0.15    0.49 ^ clkbuf_1_0__f_clk/X (sky130_fd_sc_hd__clkbuf_16)
    14    0.06                           clknet_1_0__leaf_clk (net)
                  0.07    0.00    0.50 ^ _414_/CLK (sky130_fd_sc_hd__dfrtp_4)
                  0.16    0.47    0.97 ^ _414_/Q (sky130_fd_sc_hd__dfrtp_4)
     2    0.05                           net18 (net)
                  0.16    0.01    0.98 ^ output18/A (sky130_fd_sc_hd__clkbuf_4)
                  0.11    0.21    1.19 ^ output18/X (sky130_fd_sc_hd__clkbuf_4)
     1    0.03                           flags_out[0] (net)
                  0.11    0.00    1.20 ^ flags_out[0] (out)
                                  1.20   data arrival time

                          0.00    0.00   clock clk (rise edge)
                          0.00    0.00   clock network delay (propagated)
                          0.25    0.25   clock uncertainty
                          0.00    0.25   clock reconvergence pessimism
                         -4.00   -3.75   output external delay
                                 -3.75   data required time
-----------------------------------------------------------------------------
                                 -3.75   data required time
                                 -1.20   data arrival time
-----------------------------------------------------------------------------
                                  4.95   slack (MET)


Startpoint: _418_ (rising edge-triggered flip-flop clocked by clk)
Endpoint: B_out[0] (output port clocked by clk)
Path Group: clk
Path Type: min
Corner: Typical

Fanout     Cap    Slew   Delay    Time   Description
-----------------------------------------------------------------------------
                          0.00    0.00   clock clk (rise edge)
                          0.00    0.00   clock source latency
                  0.24    0.16    0.16 ^ clk (in)
     1    0.05                           clk (net)
                  0.24    0.00    0.16 ^ clkbuf_0_clk/A (sky130_fd_sc_hd__clkbuf_16)
                  0.05    0.18    0.35 ^ clkbuf_0_clk/X (sky130_fd_sc_hd__clkbuf_16)
     2    0.02                           clknet_0_clk (net)
                  0.05    0.00    0.35 ^ clkbuf_1_1__f_clk/A (sky130_fd_sc_hd__clkbuf_16)
                  0.07    0.14    0.49 ^ clkbuf_1_1__f_clk/X (sky130_fd_sc_hd__clkbuf_16)
    14    0.05                           clknet_1_1__leaf_clk (net)
                  0.07    0.01    0.50 ^ _418_/CLK (sky130_fd_sc_hd__dfrtp_4)
                  0.16    0.48    0.98 ^ _418_/Q (sky130_fd_sc_hd__dfrtp_4)
     5    0.05                           net10 (net)
                  0.16    0.00    0.98 ^ output10/A (sky130_fd_sc_hd__clkbuf_4)
                  0.11    0.21    1.20 ^ output10/X (sky130_fd_sc_hd__clkbuf_4)
     1    0.03                           B_out[0] (net)
                  0.11    0.00    1.20 ^ B_out[0] (out)
                                  1.20   data arrival time

                          0.00    0.00   clock clk (rise edge)
                          0.00    0.00   clock network delay (propagated)
                          0.25    0.25   clock uncertainty
                          0.00    0.25   clock reconvergence pessimism
                         -4.00   -3.75   output external delay
                                 -3.75   data required time
-----------------------------------------------------------------------------
                                 -3.75   data required time
                                 -1.20   data arrival time
-----------------------------------------------------------------------------
                                  4.95   slack (MET)


Startpoint: _403_ (rising edge-triggered flip-flop clocked by clk)
Endpoint: A_out[1] (output port clocked by clk)
Path Group: clk
Path Type: min
Corner: Typical

Fanout     Cap    Slew   Delay    Time   Description
-----------------------------------------------------------------------------
                          0.00    0.00   clock clk (rise edge)
                          0.00    0.00   clock source latency
                  0.24    0.16    0.16 ^ clk (in)
     1    0.05                           clk (net)
                  0.24    0.00    0.16 ^ clkbuf_0_clk/A (sky130_fd_sc_hd__clkbuf_16)
                  0.05    0.18    0.35 ^ clkbuf_0_clk/X (sky130_fd_sc_hd__clkbuf_16)
     2    0.02                           clknet_0_clk (net)
                  0.05    0.00    0.35 ^ clkbuf_1_1__f_clk/A (sky130_fd_sc_hd__clkbuf_16)
                  0.07    0.14    0.49 ^ clkbuf_1_1__f_clk/X (sky130_fd_sc_hd__clkbuf_16)
    14    0.05                           clknet_1_1__leaf_clk (net)
                  0.07    0.00    0.50 ^ _403_/CLK (sky130_fd_sc_hd__dfrtp_4)
                  0.16    0.48    0.97 ^ _403_/Q (sky130_fd_sc_hd__dfrtp_4)
     3    0.05                           net3 (net)
                  0.16    0.01    0.98 ^ output3/A (sky130_fd_sc_hd__clkbuf_4)
                  0.11    0.21    1.20 ^ output3/X (sky130_fd_sc_hd__clkbuf_4)
     1    0.03                           A_out[1] (net)
                  0.11    0.00    1.20 ^ A_out[1] (out)
                                  1.20   data arrival time

                          0.00    0.00   clock clk (rise edge)
                          0.00    0.00   clock network delay (propagated)
                          0.25    0.25   clock uncertainty
                          0.00    0.25   clock reconvergence pessimism
                         -4.00   -3.75   output external delay
                                 -3.75   data required time
-----------------------------------------------------------------------------
                                 -3.75   data required time
                                 -1.20   data arrival time
-----------------------------------------------------------------------------
                                  4.95   slack (MET)


Startpoint: _419_ (rising edge-triggered flip-flop clocked by clk)
Endpoint: B_out[1] (output port clocked by clk)
Path Group: clk
Path Type: min
Corner: Typical

Fanout     Cap    Slew   Delay    Time   Description
-----------------------------------------------------------------------------
                          0.00    0.00   clock clk (rise edge)
                          0.00    0.00   clock source latency
                  0.24    0.16    0.16 ^ clk (in)
     1    0.05                           clk (net)
                  0.24    0.00    0.16 ^ clkbuf_0_clk/A (sky130_fd_sc_hd__clkbuf_16)
                  0.05    0.18    0.35 ^ clkbuf_0_clk/X (sky130_fd_sc_hd__clkbuf_16)
     2    0.02                           clknet_0_clk (net)
                  0.05    0.00    0.35 ^ clkbuf_1_1__f_clk/A (sky130_fd_sc_hd__clkbuf_16)
                  0.07    0.14    0.49 ^ clkbuf_1_1__f_clk/X (sky130_fd_sc_hd__clkbuf_16)
    14    0.05                           clknet_1_1__leaf_clk (net)
                  0.07    0.01    0.50 ^ _419_/CLK (sky130_fd_sc_hd__dfrtp_4)
                  0.16    0.48    0.98 ^ _419_/Q (sky130_fd_sc_hd__dfrtp_4)
     4    0.05                           net11 (net)
                  0.16    0.01    0.99 ^ output11/A (sky130_fd_sc_hd__clkbuf_4)
                  0.11    0.22    1.20 ^ output11/X (sky130_fd_sc_hd__clkbuf_4)
     1    0.03                           B_out[1] (net)
                  0.11    0.00    1.20 ^ B_out[1] (out)
                                  1.20   data arrival time

                          0.00    0.00   clock clk (rise edge)
                          0.00    0.00   clock network delay (propagated)
                          0.25    0.25   clock uncertainty
                          0.00    0.25   clock reconvergence pessimism
                         -4.00   -3.75   output external delay
                                 -3.75   data required time
-----------------------------------------------------------------------------
                                 -3.75   data required time
                                 -1.20   data arrival time
-----------------------------------------------------------------------------
                                  4.95   slack (MET)


Startpoint: _424_ (rising edge-triggered flip-flop clocked by clk)
Endpoint: B_out[6] (output port clocked by clk)
Path Group: clk
Path Type: min
Corner: Typical

Fanout     Cap    Slew   Delay    Time   Description
-----------------------------------------------------------------------------
                          0.00    0.00   clock clk (rise edge)
                          0.00    0.00   clock source latency
                  0.24    0.16    0.16 ^ clk (in)
     1    0.05                           clk (net)
                  0.24    0.00    0.16 ^ clkbuf_0_clk/A (sky130_fd_sc_hd__clkbuf_16)
                  0.05    0.18    0.35 ^ clkbuf_0_clk/X (sky130_fd_sc_hd__clkbuf_16)
     2    0.02                           clknet_0_clk (net)
                  0.05    0.00    0.35 ^ clkbuf_1_0__f_clk/A (sky130_fd_sc_hd__clkbuf_16)
                  0.07    0.15    0.49 ^ clkbuf_1_0__f_clk/X (sky130_fd_sc_hd__clkbuf_16)
    14    0.06                           clknet_1_0__leaf_clk (net)
                  0.07    0.01    0.50 ^ _424_/CLK (sky130_fd_sc_hd__dfrtp_4)
                  0.16    0.48    0.98 ^ _424_/Q (sky130_fd_sc_hd__dfrtp_4)
     6    0.05                           net16 (net)
                  0.16    0.00    0.98 ^ output16/A (sky130_fd_sc_hd__buf_2)
                  0.17    0.22    1.21 ^ output16/X (sky130_fd_sc_hd__buf_2)
     1    0.03                           B_out[6] (net)
                  0.17    0.00    1.21 ^ B_out[6] (out)
                                  1.21   data arrival time

                          0.00    0.00   clock clk (rise edge)
                          0.00    0.00   clock network delay (propagated)
                          0.25    0.25   clock uncertainty
                          0.00    0.25   clock reconvergence pessimism
                         -4.00   -3.75   output external delay
                                 -3.75   data required time
-----------------------------------------------------------------------------
                                 -3.75   data required time
                                 -1.21   data arrival time
-----------------------------------------------------------------------------
                                  4.96   slack (MET)


Startpoint: _422_ (rising edge-triggered flip-flop clocked by clk)
Endpoint: B_out[4] (output port clocked by clk)
Path Group: clk
Path Type: min
Corner: Typical

Fanout     Cap    Slew   Delay    Time   Description
-----------------------------------------------------------------------------
                          0.00    0.00   clock clk (rise edge)
                          0.00    0.00   clock source latency
                  0.24    0.16    0.16 ^ clk (in)
     1    0.05                           clk (net)
                  0.24    0.00    0.16 ^ clkbuf_0_clk/A (sky130_fd_sc_hd__clkbuf_16)
                  0.05    0.18    0.35 ^ clkbuf_0_clk/X (sky130_fd_sc_hd__clkbuf_16)
     2    0.02                           clknet_0_clk (net)
                  0.05    0.00    0.35 ^ clkbuf_1_0__f_clk/A (sky130_fd_sc_hd__clkbuf_16)
                  0.07    0.15    0.49 ^ clkbuf_1_0__f_clk/X (sky130_fd_sc_hd__clkbuf_16)
    14    0.06                           clknet_1_0__leaf_clk (net)
                  0.07    0.01    0.50 ^ _422_/CLK (sky130_fd_sc_hd__dfrtp_4)
                  0.17    0.49    0.98 ^ _422_/Q (sky130_fd_sc_hd__dfrtp_4)
     5    0.05                           net14 (net)
                  0.17    0.01    0.99 ^ output14/A (sky130_fd_sc_hd__clkbuf_4)
                  0.11    0.22    1.21 ^ output14/X (sky130_fd_sc_hd__clkbuf_4)
     1    0.03                           B_out[4] (net)
                  0.11    0.00    1.21 ^ B_out[4] (out)
                                  1.21   data arrival time

                          0.00    0.00   clock clk (rise edge)
                          0.00    0.00   clock network delay (propagated)
                          0.25    0.25   clock uncertainty
                          0.00    0.25   clock reconvergence pessimism
                         -4.00   -3.75   output external delay
                                 -3.75   data required time
-----------------------------------------------------------------------------
                                 -3.75   data required time
                                 -1.21   data arrival time
-----------------------------------------------------------------------------
                                  4.96   slack (MET)


Startpoint: _407_ (rising edge-triggered flip-flop clocked by clk)
Endpoint: A_out[5] (output port clocked by clk)
Path Group: clk
Path Type: min
Corner: Typical

Fanout     Cap    Slew   Delay    Time   Description
-----------------------------------------------------------------------------
                          0.00    0.00   clock clk (rise edge)
                          0.00    0.00   clock source latency
                  0.24    0.16    0.16 ^ clk (in)
     1    0.05                           clk (net)
                  0.24    0.00    0.16 ^ clkbuf_0_clk/A (sky130_fd_sc_hd__clkbuf_16)
                  0.05    0.18    0.35 ^ clkbuf_0_clk/X (sky130_fd_sc_hd__clkbuf_16)
     2    0.02                           clknet_0_clk (net)
                  0.05    0.00    0.35 ^ clkbuf_1_0__f_clk/A (sky130_fd_sc_hd__clkbuf_16)
                  0.07    0.15    0.49 ^ clkbuf_1_0__f_clk/X (sky130_fd_sc_hd__clkbuf_16)
    14    0.06                           clknet_1_0__leaf_clk (net)
                  0.07    0.00    0.50 ^ _407_/CLK (sky130_fd_sc_hd__dfrtp_4)
                  0.17    0.49    0.99 ^ _407_/Q (sky130_fd_sc_hd__dfrtp_4)
     3    0.05                           net7 (net)
                  0.17    0.01    1.00 ^ output7/A (sky130_fd_sc_hd__buf_2)
                  0.17    0.23    1.22 ^ output7/X (sky130_fd_sc_hd__buf_2)
     1    0.03                           A_out[5] (net)
                  0.17    0.00    1.23 ^ A_out[5] (out)
                                  1.23   data arrival time

                          0.00    0.00   clock clk (rise edge)
                          0.00    0.00   clock network delay (propagated)
                          0.25    0.25   clock uncertainty
                          0.00    0.25   clock reconvergence pessimism
                         -4.00   -3.75   output external delay
                                 -3.75   data required time
-----------------------------------------------------------------------------
                                 -3.75   data required time
                                 -1.23   data arrival time
-----------------------------------------------------------------------------
                                  4.98   slack (MET)


Startpoint: _420_ (rising edge-triggered flip-flop clocked by clk)
Endpoint: B_out[2] (output port clocked by clk)
Path Group: clk
Path Type: min
Corner: Typical

Fanout     Cap    Slew   Delay    Time   Description
-----------------------------------------------------------------------------
                          0.00    0.00   clock clk (rise edge)
                          0.00    0.00   clock source latency
                  0.24    0.16    0.16 ^ clk (in)
     1    0.05                           clk (net)
                  0.24    0.00    0.16 ^ clkbuf_0_clk/A (sky130_fd_sc_hd__clkbuf_16)
                  0.05    0.18    0.35 ^ clkbuf_0_clk/X (sky130_fd_sc_hd__clkbuf_16)
     2    0.02                           clknet_0_clk (net)
                  0.05    0.00    0.35 ^ clkbuf_1_1__f_clk/A (sky130_fd_sc_hd__clkbuf_16)
                  0.07    0.14    0.49 ^ clkbuf_1_1__f_clk/X (sky130_fd_sc_hd__clkbuf_16)
    14    0.05                           clknet_1_1__leaf_clk (net)
                  0.07    0.01    0.50 ^ _420_/CLK (sky130_fd_sc_hd__dfrtp_4)
                  0.18    0.50    1.00 ^ _420_/Q (sky130_fd_sc_hd__dfrtp_4)
     4    0.06                           net12 (net)
                  0.18    0.01    1.00 ^ output12/A (sky130_fd_sc_hd__buf_2)
                  0.17    0.23    1.23 ^ output12/X (sky130_fd_sc_hd__buf_2)
     1    0.03                           B_out[2] (net)
                  0.17    0.00    1.24 ^ B_out[2] (out)
                                  1.24   data arrival time

                          0.00    0.00   clock clk (rise edge)
                          0.00    0.00   clock network delay (propagated)
                          0.25    0.25   clock uncertainty
                          0.00    0.25   clock reconvergence pessimism
                         -4.00   -3.75   output external delay
                                 -3.75   data required time
-----------------------------------------------------------------------------
                                 -3.75   data required time
                                 -1.24   data arrival time
-----------------------------------------------------------------------------
                                  4.99   slack (MET)


Startpoint: _404_ (rising edge-triggered flip-flop clocked by clk)
Endpoint: A_out[2] (output port clocked by clk)
Path Group: clk
Path Type: min
Corner: Typical

Fanout     Cap    Slew   Delay    Time   Description
-----------------------------------------------------------------------------
                          0.00    0.00   clock clk (rise edge)
                          0.00    0.00   clock source latency
                  0.24    0.16    0.16 ^ clk (in)
     1    0.05                           clk (net)
                  0.24    0.00    0.16 ^ clkbuf_0_clk/A (sky130_fd_sc_hd__clkbuf_16)
                  0.05    0.18    0.35 ^ clkbuf_0_clk/X (sky130_fd_sc_hd__clkbuf_16)
     2    0.02                           clknet_0_clk (net)
                  0.05    0.00    0.35 ^ clkbuf_1_1__f_clk/A (sky130_fd_sc_hd__clkbuf_16)
                  0.07    0.14    0.49 ^ clkbuf_1_1__f_clk/X (sky130_fd_sc_hd__clkbuf_16)
    14    0.05                           clknet_1_1__leaf_clk (net)
                  0.07    0.01    0.50 ^ _404_/CLK (sky130_fd_sc_hd__dfrtp_4)
                  0.19    0.50    1.00 ^ _404_/Q (sky130_fd_sc_hd__dfrtp_4)
     4    0.06                           net4 (net)
                  0.19    0.01    1.01 ^ output4/A (sky130_fd_sc_hd__clkbuf_4)
                  0.11    0.22    1.23 ^ output4/X (sky130_fd_sc_hd__clkbuf_4)
     1    0.03                           A_out[2] (net)
                  0.11    0.00    1.24 ^ A_out[2] (out)
                                  1.24   data arrival time

                          0.00    0.00   clock clk (rise edge)
                          0.00    0.00   clock network delay (propagated)
                          0.25    0.25   clock uncertainty
                          0.00    0.25   clock reconvergence pessimism
                         -4.00   -3.75   output external delay
                                 -3.75   data required time
-----------------------------------------------------------------------------
                                 -3.75   data required time
                                 -1.24   data arrival time
-----------------------------------------------------------------------------
                                  4.99   slack (MET)


Startpoint: _413_ (rising edge-triggered flip-flop clocked by clk)
Endpoint: last_opcode_out[6] (output port clocked by clk)
Path Group: clk
Path Type: min
Corner: Typical

Fanout     Cap    Slew   Delay    Time   Description
-----------------------------------------------------------------------------
                          0.00    0.00   clock clk (rise edge)
                          0.00    0.00   clock source latency
                  0.24    0.16    0.16 ^ clk (in)
     1    0.05                           clk (net)
                  0.24    0.00    0.16 ^ clkbuf_0_clk/A (sky130_fd_sc_hd__clkbuf_16)
                  0.05    0.18    0.35 ^ clkbuf_0_clk/X (sky130_fd_sc_hd__clkbuf_16)
     2    0.02                           clknet_0_clk (net)
                  0.05    0.00    0.35 ^ clkbuf_1_0__f_clk/A (sky130_fd_sc_hd__clkbuf_16)
                  0.07    0.15    0.49 ^ clkbuf_1_0__f_clk/X (sky130_fd_sc_hd__clkbuf_16)
    14    0.06                           clknet_1_0__leaf_clk (net)
                  0.07    0.00    0.50 ^ _413_/CLK (sky130_fd_sc_hd__dfrtp_4)
                  0.22    0.52    1.02 ^ _413_/Q (sky130_fd_sc_hd__dfrtp_4)
     3    0.07                           net27 (net)
                  0.22    0.01    1.03 ^ output27/A (sky130_fd_sc_hd__clkbuf_4)
                  0.12    0.23    1.27 ^ output27/X (sky130_fd_sc_hd__clkbuf_4)
     1    0.04                           last_opcode_out[6] (net)
                  0.12    0.00    1.27 ^ last_opcode_out[6] (out)
                                  1.27   data arrival time

                          0.00    0.00   clock clk (rise edge)
                          0.00    0.00   clock network delay (propagated)
                          0.25    0.25   clock uncertainty
                          0.00    0.25   clock reconvergence pessimism
                         -4.00   -3.75   output external delay
                                 -3.75   data required time
-----------------------------------------------------------------------------
                                 -3.75   data required time
                                 -1.27   data arrival time
-----------------------------------------------------------------------------
                                  5.02   slack (MET)


Startpoint: _410_ (rising edge-triggered flip-flop clocked by clk)
Endpoint: last_opcode_out[1] (output port clocked by clk)
Path Group: clk
Path Type: min
Corner: Typical

Fanout     Cap    Slew   Delay    Time   Description
-----------------------------------------------------------------------------
                          0.00    0.00   clock clk (rise edge)
                          0.00    0.00   clock source latency
                  0.24    0.16    0.16 ^ clk (in)
     1    0.05                           clk (net)
                  0.24    0.00    0.16 ^ clkbuf_0_clk/A (sky130_fd_sc_hd__clkbuf_16)
                  0.05    0.18    0.35 ^ clkbuf_0_clk/X (sky130_fd_sc_hd__clkbuf_16)
     2    0.02                           clknet_0_clk (net)
                  0.05    0.00    0.35 ^ clkbuf_1_0__f_clk/A (sky130_fd_sc_hd__clkbuf_16)
                  0.07    0.15    0.49 ^ clkbuf_1_0__f_clk/X (sky130_fd_sc_hd__clkbuf_16)
    14    0.06                           clknet_1_0__leaf_clk (net)
                  0.07    0.00    0.50 ^ _410_/CLK (sky130_fd_sc_hd__dfrtp_4)
                  0.16    0.57    1.07 v _410_/Q (sky130_fd_sc_hd__dfrtp_4)
     3    0.09                           net23 (net)
                  0.16    0.02    1.08 v output23/A (sky130_fd_sc_hd__buf_2)
                  0.09    0.22    1.31 v output23/X (sky130_fd_sc_hd__buf_2)
     1    0.03                           last_opcode_out[1] (net)
                  0.09    0.00    1.31 v last_opcode_out[1] (out)
                                  1.31   data arrival time

                          0.00    0.00   clock clk (rise edge)
                          0.00    0.00   clock network delay (propagated)
                          0.25    0.25   clock uncertainty
                          0.00    0.25   clock reconvergence pessimism
                         -4.00   -3.75   output external delay
                                 -3.75   data required time
-----------------------------------------------------------------------------
                                 -3.75   data required time
                                 -1.31   data arrival time
-----------------------------------------------------------------------------
                                  5.06   slack (MET)


Startpoint: _413_ (rising edge-triggered flip-flop clocked by clk)
Endpoint: last_opcode_out[4] (output port clocked by clk)
Path Group: clk
Path Type: min
Corner: Typical

Fanout     Cap    Slew   Delay    Time   Description
-----------------------------------------------------------------------------
                          0.00    0.00   clock clk (rise edge)
                          0.00    0.00   clock source latency
                  0.24    0.16    0.16 ^ clk (in)
     1    0.05                           clk (net)
                  0.24    0.00    0.16 ^ clkbuf_0_clk/A (sky130_fd_sc_hd__clkbuf_16)
                  0.05    0.18    0.35 ^ clkbuf_0_clk/X (sky130_fd_sc_hd__clkbuf_16)
     2    0.02                           clknet_0_clk (net)
                  0.05    0.00    0.35 ^ clkbuf_1_0__f_clk/A (sky130_fd_sc_hd__clkbuf_16)
                  0.07    0.15    0.49 ^ clkbuf_1_0__f_clk/X (sky130_fd_sc_hd__clkbuf_16)
    14    0.06                           clknet_1_0__leaf_clk (net)
                  0.07    0.00    0.50 ^ _413_/CLK (sky130_fd_sc_hd__dfrtp_4)
                  0.22    0.52    1.02 ^ _413_/Q (sky130_fd_sc_hd__dfrtp_4)
     3    0.07                           net27 (net)
                  0.22    0.00    1.02 ^ _428_/A (sky130_fd_sc_hd__clkbuf_1)
                  0.06    0.12    1.14 ^ _428_/X (sky130_fd_sc_hd__clkbuf_1)
     1    0.00                           net26 (net)
                  0.06    0.00    1.14 ^ output26/A (sky130_fd_sc_hd__clkbuf_4)
                  0.11    0.18    1.33 ^ output26/X (sky130_fd_sc_hd__clkbuf_4)
     1    0.03                           last_opcode_out[4] (net)
                  0.11    0.00    1.33 ^ last_opcode_out[4] (out)
                                  1.33   data arrival time

                          0.00    0.00   clock clk (rise edge)
                          0.00    0.00   clock network delay (propagated)
                          0.25    0.25   clock uncertainty
                          0.00    0.25   clock reconvergence pessimism
                         -4.00   -3.75   output external delay
                                 -3.75   data required time
-----------------------------------------------------------------------------
                                 -3.75   data required time
                                 -1.33   data arrival time
-----------------------------------------------------------------------------
                                  5.08   slack (MET)


Startpoint: _410_ (rising edge-triggered flip-flop clocked by clk)
Endpoint: last_opcode_out[0] (output port clocked by clk)
Path Group: clk
Path Type: min
Corner: Typical

Fanout     Cap    Slew   Delay    Time   Description
-----------------------------------------------------------------------------
                          0.00    0.00   clock clk (rise edge)
                          0.00    0.00   clock source latency
                  0.24    0.16    0.16 ^ clk (in)
     1    0.05                           clk (net)
                  0.24    0.00    0.16 ^ clkbuf_0_clk/A (sky130_fd_sc_hd__clkbuf_16)
                  0.05    0.18    0.35 ^ clkbuf_0_clk/X (sky130_fd_sc_hd__clkbuf_16)
     2    0.02                           clknet_0_clk (net)
                  0.05    0.00    0.35 ^ clkbuf_1_0__f_clk/A (sky130_fd_sc_hd__clkbuf_16)
                  0.07    0.15    0.49 ^ clkbuf_1_0__f_clk/X (sky130_fd_sc_hd__clkbuf_16)
    14    0.06                           clknet_1_0__leaf_clk (net)
                  0.07    0.00    0.50 ^ _410_/CLK (sky130_fd_sc_hd__dfrtp_4)
                  0.26    0.55    1.05 ^ _410_/Q (sky130_fd_sc_hd__dfrtp_4)
     3    0.09                           net23 (net)
                  0.26    0.01    1.05 ^ _427_/A (sky130_fd_sc_hd__clkbuf_1)
                  0.05    0.12    1.17 ^ _427_/X (sky130_fd_sc_hd__clkbuf_1)
     1    0.00                           net22 (net)
                  0.05    0.00    1.17 ^ output22/A (sky130_fd_sc_hd__clkbuf_4)
                  0.11    0.18    1.35 ^ output22/X (sky130_fd_sc_hd__clkbuf_4)
     1    0.03                           last_opcode_out[0] (net)
                  0.11    0.00    1.35 ^ last_opcode_out[0] (out)
                                  1.35   data arrival time

                          0.00    0.00   clock clk (rise edge)
                          0.00    0.00   clock network delay (propagated)
                          0.25    0.25   clock uncertainty
                          0.00    0.25   clock reconvergence pessimism
                         -4.00   -3.75   output external delay
                                 -3.75   data required time
-----------------------------------------------------------------------------
                                 -3.75   data required time
                                 -1.35   data arrival time
-----------------------------------------------------------------------------
                                  5.10   slack (MET)



