
===========================================================================
report_checks -path_delay min (Hold)
============================================================================
======================= Fastest Corner ===================================

Startpoint: _408_ (rising edge-triggered flip-flop clocked by clk)
Endpoint: _408_ (rising edge-triggered flip-flop clocked by clk)
Path Group: clk
Path Type: min
Corner: Fastest

Fanout     Cap    Slew   Delay    Time   Description
-----------------------------------------------------------------------------
                          0.00    0.00   clock clk (rise edge)
                          0.00    0.00   clock source latency
                  0.17    0.12    0.12 ^ clk (in)
     1    0.05                           clk (net)
                  0.17    0.00    0.12 ^ clkbuf_0_clk/A (sky130_fd_sc_hd__clkbuf_16)
                  0.04    0.11    0.23 ^ clkbuf_0_clk/X (sky130_fd_sc_hd__clkbuf_16)
     2    0.02                           clknet_0_clk (net)
                  0.04    0.00    0.23 ^ clkbuf_1_0__f_clk/A (sky130_fd_sc_hd__clkbuf_16)
                  0.06    0.10    0.33 ^ clkbuf_1_0__f_clk/X (sky130_fd_sc_hd__clkbuf_16)
    14    0.05                           clknet_1_0__leaf_clk (net)
                  0.06    0.00    0.33 ^ _408_/CLK (sky130_fd_sc_hd__dfrtp_4)
                  0.08    0.28    0.61 ^ _408_/Q (sky130_fd_sc_hd__dfrtp_4)
     3    0.03                           net8 (net)
                  0.08    0.00    0.62 ^ _344_/A1 (sky130_fd_sc_hd__o21a_1)
                  0.03    0.07    0.69 ^ _344_/X (sky130_fd_sc_hd__o21a_1)
     1    0.00                           _034_ (net)
                  0.03    0.00    0.69 ^ _408_/D (sky130_fd_sc_hd__dfrtp_4)
                                  0.69   data arrival time

                          0.00    0.00   clock clk (rise edge)
                          0.00    0.00   clock source latency
                  0.17    0.13    0.13 ^ clk (in)
     1    0.05                           clk (net)
                  0.17    0.00    0.13 ^ clkbuf_0_clk/A (sky130_fd_sc_hd__clkbuf_16)
                  0.04    0.12    0.25 ^ clkbuf_0_clk/X (sky130_fd_sc_hd__clkbuf_16)
     2    0.02                           clknet_0_clk (net)
                  0.04    0.00    0.26 ^ clkbuf_1_0__f_clk/A (sky130_fd_sc_hd__clkbuf_16)
                  0.06    0.11    0.37 ^ clkbuf_1_0__f_clk/X (sky130_fd_sc_hd__clkbuf_16)
    14    0.05                           clknet_1_0__leaf_clk (net)
                  0.06    0.00    0.37 ^ _408_/CLK (sky130_fd_sc_hd__dfrtp_4)
                          0.25    0.62   clock uncertainty
                         -0.03    0.58   clock reconvergence pessimism
                         -0.02    0.57   library hold time
                                  0.57   data required time
-----------------------------------------------------------------------------
                                  0.57   data required time
                                 -0.69   data arrival time
-----------------------------------------------------------------------------
                                  0.12   slack (MET)


Startpoint: _418_ (rising edge-triggered flip-flop clocked by clk)
Endpoint: _418_ (rising edge-triggered flip-flop clocked by clk)
Path Group: clk
Path Type: min
Corner: Fastest

Fanout     Cap    Slew   Delay    Time   Description
-----------------------------------------------------------------------------
                          0.00    0.00   clock clk (rise edge)
                          0.00    0.00   clock source latency
                  0.17    0.12    0.12 ^ clk (in)
     1    0.05                           clk (net)
                  0.17    0.00    0.12 ^ clkbuf_0_clk/A (sky130_fd_sc_hd__clkbuf_16)
                  0.04    0.11    0.23 ^ clkbuf_0_clk/X (sky130_fd_sc_hd__clkbuf_16)
     2    0.02                           clknet_0_clk (net)
                  0.04    0.00    0.23 ^ clkbuf_1_1__f_clk/A (sky130_fd_sc_hd__clkbuf_16)
                  0.05    0.10    0.33 ^ clkbuf_1_1__f_clk/X (sky130_fd_sc_hd__clkbuf_16)
    14    0.05                           clknet_1_1__leaf_clk (net)
                  0.05    0.00    0.33 ^ _418_/CLK (sky130_fd_sc_hd__dfrtp_4)
                  0.11    0.30    0.64 ^ _418_/Q (sky130_fd_sc_hd__dfrtp_4)
     5    0.05                           net10 (net)
                  0.11    0.00    0.64 ^ _301_/A1 (sky130_fd_sc_hd__a21oi_1)
                  0.04    0.04    0.68 v _301_/Y (sky130_fd_sc_hd__a21oi_1)
     1    0.00                           _044_ (net)
                  0.04    0.00    0.68 v _418_/D (sky130_fd_sc_hd__dfrtp_4)
                                  0.68   data arrival time

                          0.00    0.00   clock clk (rise edge)
                          0.00    0.00   clock source latency
                  0.17    0.13    0.13 ^ clk (in)
     1    0.05                           clk (net)
                  0.17    0.00    0.13 ^ clkbuf_0_clk/A (sky130_fd_sc_hd__clkbuf_16)
                  0.04    0.12    0.25 ^ clkbuf_0_clk/X (sky130_fd_sc_hd__clkbuf_16)
     2    0.02                           clknet_0_clk (net)
                  0.04    0.00    0.26 ^ clkbuf_1_1__f_clk/A (sky130_fd_sc_hd__clkbuf_16)
                  0.05    0.11    0.37 ^ clkbuf_1_1__f_clk/X (sky130_fd_sc_hd__clkbuf_16)
    14    0.05                           clknet_1_1__leaf_clk (net)
                  0.05    0.00    0.37 ^ _418_/CLK (sky130_fd_sc_hd__dfrtp_4)
                          0.25    0.62   clock uncertainty
                         -0.03    0.58   clock reconvergence pessimism
                         -0.03    0.56   library hold time
                                  0.56   data required time
-----------------------------------------------------------------------------
                                  0.56   data required time
                                 -0.68   data arrival time
-----------------------------------------------------------------------------
                                  0.12   slack (MET)


Startpoint: _417_ (rising edge-triggered flip-flop clocked by clk)
Endpoint: _417_ (rising edge-triggered flip-flop clocked by clk)
Path Group: clk
Path Type: min
Corner: Fastest

Fanout     Cap    Slew   Delay    Time   Description
-----------------------------------------------------------------------------
                          0.00    0.00   clock clk (rise edge)
                          0.00    0.00   clock source latency
                  0.17    0.12    0.12 ^ clk (in)
     1    0.05                           clk (net)
                  0.17    0.00    0.12 ^ clkbuf_0_clk/A (sky130_fd_sc_hd__clkbuf_16)
                  0.04    0.11    0.23 ^ clkbuf_0_clk/X (sky130_fd_sc_hd__clkbuf_16)
     2    0.02                           clknet_0_clk (net)
                  0.04    0.00    0.23 ^ clkbuf_1_0__f_clk/A (sky130_fd_sc_hd__clkbuf_16)
                  0.06    0.10    0.33 ^ clkbuf_1_0__f_clk/X (sky130_fd_sc_hd__clkbuf_16)
    14    0.05                           clknet_1_0__leaf_clk (net)
                  0.06    0.00    0.33 ^ _417_/CLK (sky130_fd_sc_hd__dfrtp_4)
                  0.09    0.29    0.62 ^ _417_/Q (sky130_fd_sc_hd__dfrtp_4)
     3    0.03                           net21 (net)
                  0.09    0.00    0.62 ^ _313_/A (sky130_fd_sc_hd__nand2_1)
                  0.03    0.03    0.65 v _313_/Y (sky130_fd_sc_hd__nand2_1)
     1    0.00                           _146_ (net)
                  0.03    0.00    0.65 v _314_/B1 (sky130_fd_sc_hd__o41ai_1)
                  0.03    0.04    0.69 ^ _314_/Y (sky130_fd_sc_hd__o41ai_1)
     1    0.00                           _043_ (net)
                  0.03    0.00    0.69 ^ _417_/D (sky130_fd_sc_hd__dfrtp_4)
                                  0.69   data arrival time

                          0.00    0.00   clock clk (rise edge)
                          0.00    0.00   clock source latency
                  0.17    0.13    0.13 ^ clk (in)
     1    0.05                           clk (net)
                  0.17    0.00    0.13 ^ clkbuf_0_clk/A (sky130_fd_sc_hd__clkbuf_16)
                  0.04    0.12    0.25 ^ clkbuf_0_clk/X (sky130_fd_sc_hd__clkbuf_16)
     2    0.02                           clknet_0_clk (net)
                  0.04    0.00    0.26 ^ clkbuf_1_0__f_clk/A (sky130_fd_sc_hd__clkbuf_16)
                  0.06    0.11    0.37 ^ clkbuf_1_0__f_clk/X (sky130_fd_sc_hd__clkbuf_16)
    14    0.05                           clknet_1_0__leaf_clk (net)
                  0.06    0.00    0.37 ^ _417_/CLK (sky130_fd_sc_hd__dfrtp_4)
                          0.25    0.62   clock uncertainty
                         -0.03    0.58   clock reconvergence pessimism
                         -0.02    0.56   library hold time
                                  0.56   data required time
-----------------------------------------------------------------------------
                                  0.56   data required time
                                 -0.69   data arrival time
-----------------------------------------------------------------------------
                                  0.13   slack (MET)


Startpoint: _415_ (rising edge-triggered flip-flop clocked by clk)
Endpoint: _415_ (rising edge-triggered flip-flop clocked by clk)
Path Group: clk
Path Type: min
Corner: Fastest

Fanout     Cap    Slew   Delay    Time   Description
-----------------------------------------------------------------------------
                          0.00    0.00   clock clk (rise edge)
                          0.00    0.00   clock source latency
                  0.17    0.12    0.12 ^ clk (in)
     1    0.05                           clk (net)
                  0.17    0.00    0.12 ^ clkbuf_0_clk/A (sky130_fd_sc_hd__clkbuf_16)
                  0.04    0.11    0.23 ^ clkbuf_0_clk/X (sky130_fd_sc_hd__clkbuf_16)
     2    0.02                           clknet_0_clk (net)
                  0.04    0.00    0.23 ^ clkbuf_1_0__f_clk/A (sky130_fd_sc_hd__clkbuf_16)
                  0.06    0.10    0.33 ^ clkbuf_1_0__f_clk/X (sky130_fd_sc_hd__clkbuf_16)
    14    0.05                           clknet_1_0__leaf_clk (net)
                  0.06    0.00    0.33 ^ _415_/CLK (sky130_fd_sc_hd__dfrtp_4)
                  0.08    0.28    0.62 ^ _415_/Q (sky130_fd_sc_hd__dfrtp_4)
     2    0.03                           net19 (net)
                  0.08    0.00    0.62 ^ _327_/B2 (sky130_fd_sc_hd__a2bb2o_1)
                  0.03    0.08    0.70 ^ _327_/X (sky130_fd_sc_hd__a2bb2o_1)
     1    0.00                           _041_ (net)
                  0.03    0.00    0.70 ^ _415_/D (sky130_fd_sc_hd__dfrtp_4)
                                  0.70   data arrival time

                          0.00    0.00   clock clk (rise edge)
                          0.00    0.00   clock source latency
                  0.17    0.13    0.13 ^ clk (in)
     1    0.05                           clk (net)
                  0.17    0.00    0.13 ^ clkbuf_0_clk/A (sky130_fd_sc_hd__clkbuf_16)
                  0.04    0.12    0.25 ^ clkbuf_0_clk/X (sky130_fd_sc_hd__clkbuf_16)
     2    0.02                           clknet_0_clk (net)
                  0.04    0.00    0.26 ^ clkbuf_1_0__f_clk/A (sky130_fd_sc_hd__clkbuf_16)
                  0.06    0.11    0.37 ^ clkbuf_1_0__f_clk/X (sky130_fd_sc_hd__clkbuf_16)
    14    0.05                           clknet_1_0__leaf_clk (net)
                  0.06    0.00    0.37 ^ _415_/CLK (sky130_fd_sc_hd__dfrtp_4)
                          0.25    0.62   clock uncertainty
                         -0.03    0.58   clock reconvergence pessimism
                         -0.02    0.56   library hold time
                                  0.56   data required time
-----------------------------------------------------------------------------
                                  0.56   data required time
                                 -0.70   data arrival time
-----------------------------------------------------------------------------
                                  0.13   slack (MET)


Startpoint: _399_ (rising edge-triggered flip-flop clocked by clk)
Endpoint: _398_ (rising edge-triggered flip-flop clocked by clk)
Path Group: clk
Path Type: min
Corner: Fastest

Fanout     Cap    Slew   Delay    Time   Description
-----------------------------------------------------------------------------
                          0.00    0.00   clock clk (rise edge)
                          0.00    0.00   clock source latency
                  0.17    0.12    0.12 ^ clk (in)
     1    0.05                           clk (net)
                  0.17    0.00    0.12 ^ clkbuf_0_clk/A (sky130_fd_sc_hd__clkbuf_16)
                  0.04    0.11    0.23 ^ clkbuf_0_clk/X (sky130_fd_sc_hd__clkbuf_16)
     2    0.02                           clknet_0_clk (net)
                  0.04    0.00    0.23 ^ clkbuf_1_1__f_clk/A (sky130_fd_sc_hd__clkbuf_16)
                  0.05    0.10    0.33 ^ clkbuf_1_1__f_clk/X (sky130_fd_sc_hd__clkbuf_16)
    14    0.05                           clknet_1_1__leaf_clk (net)
                  0.05    0.00    0.33 ^ _399_/CLK (sky130_fd_sc_hd__dfrtp_4)
                  0.10    0.30    0.63 ^ _399_/Q (sky130_fd_sc_hd__dfrtp_4)
     9    0.04                           U_PC.pc[1] (net)
                  0.10    0.00    0.63 ^ _357_/A1 (sky130_fd_sc_hd__a21bo_1)
                  0.03    0.07    0.70 ^ _357_/X (sky130_fd_sc_hd__a21bo_1)
     1    0.00                           U_PC.next_pc[0] (net)
                  0.03    0.00    0.70 ^ _398_/D (sky130_fd_sc_hd__dfrtp_4)
                                  0.70   data arrival time

                          0.00    0.00   clock clk (rise edge)
                          0.00    0.00   clock source latency
                  0.17    0.13    0.13 ^ clk (in)
     1    0.05                           clk (net)
                  0.17    0.00    0.13 ^ clkbuf_0_clk/A (sky130_fd_sc_hd__clkbuf_16)
                  0.04    0.12    0.25 ^ clkbuf_0_clk/X (sky130_fd_sc_hd__clkbuf_16)
     2    0.02                           clknet_0_clk (net)
                  0.04    0.00    0.26 ^ clkbuf_1_1__f_clk/A (sky130_fd_sc_hd__clkbuf_16)
                  0.05    0.11    0.37 ^ clkbuf_1_1__f_clk/X (sky130_fd_sc_hd__clkbuf_16)
    14    0.05                           clknet_1_1__leaf_clk (net)
                  0.05    0.00    0.37 ^ _398_/CLK (sky130_fd_sc_hd__dfrtp_4)
                          0.25    0.62   clock uncertainty
                         -0.03    0.58   clock reconvergence pessimism
                         -0.02    0.56   library hold time
                                  0.56   data required time
-----------------------------------------------------------------------------
                                  0.56   data required time
                                 -0.70   data arrival time
-----------------------------------------------------------------------------
                                  0.13   slack (MET)


Startpoint: _424_ (rising edge-triggered flip-flop clocked by clk)
Endpoint: _424_ (rising edge-triggered flip-flop clocked by clk)
Path Group: clk
Path Type: min
Corner: Fastest

Fanout     Cap    Slew   Delay    Time   Description
-----------------------------------------------------------------------------
                          0.00    0.00   clock clk (rise edge)
                          0.00    0.00   clock source latency
                  0.17    0.12    0.12 ^ clk (in)
     1    0.05                           clk (net)
                  0.17    0.00    0.12 ^ clkbuf_0_clk/A (sky130_fd_sc_hd__clkbuf_16)
                  0.04    0.11    0.23 ^ clkbuf_0_clk/X (sky130_fd_sc_hd__clkbuf_16)
     2    0.02                           clknet_0_clk (net)
                  0.04    0.00    0.23 ^ clkbuf_1_0__f_clk/A (sky130_fd_sc_hd__clkbuf_16)
                  0.06    0.10    0.33 ^ clkbuf_1_0__f_clk/X (sky130_fd_sc_hd__clkbuf_16)
    14    0.05                           clknet_1_0__leaf_clk (net)
                  0.06    0.00    0.33 ^ _424_/CLK (sky130_fd_sc_hd__dfrtp_4)
                  0.11    0.30    0.64 ^ _424_/Q (sky130_fd_sc_hd__dfrtp_4)
     6    0.04                           net16 (net)
                  0.11    0.00    0.64 ^ _272_/A1 (sky130_fd_sc_hd__a21o_1)
                  0.03    0.07    0.71 ^ _272_/X (sky130_fd_sc_hd__a21o_1)
     1    0.00                           _050_ (net)
                  0.03    0.00    0.71 ^ _424_/D (sky130_fd_sc_hd__dfrtp_4)
                                  0.71   data arrival time

                          0.00    0.00   clock clk (rise edge)
                          0.00    0.00   clock source latency
                  0.17    0.13    0.13 ^ clk (in)
     1    0.05                           clk (net)
                  0.17    0.00    0.13 ^ clkbuf_0_clk/A (sky130_fd_sc_hd__clkbuf_16)
                  0.04    0.12    0.25 ^ clkbuf_0_clk/X (sky130_fd_sc_hd__clkbuf_16)
     2    0.02                           clknet_0_clk (net)
                  0.04    0.00    0.26 ^ clkbuf_1_0__f_clk/A (sky130_fd_sc_hd__clkbuf_16)
                  0.06    0.11    0.37 ^ clkbuf_1_0__f_clk/X (sky130_fd_sc_hd__clkbuf_16)
    14    0.05                           clknet_1_0__leaf_clk (net)
                  0.06    0.00    0.37 ^ _424_/CLK (sky130_fd_sc_hd__dfrtp_4)
                          0.25    0.62   clock uncertainty
                         -0.03    0.58   clock reconvergence pessimism
                         -0.02    0.57   library hold time
                                  0.57   data required time
-----------------------------------------------------------------------------
                                  0.57   data required time
                                 -0.71   data arrival time
-----------------------------------------------------------------------------
                                  0.14   slack (MET)


Startpoint: _414_ (rising edge-triggered flip-flop clocked by clk)
Endpoint: _414_ (rising edge-triggered flip-flop clocked by clk)
Path Group: clk
Path Type: min
Corner: Fastest

Fanout     Cap    Slew   Delay    Time   Description
-----------------------------------------------------------------------------
                          0.00    0.00   clock clk (rise edge)
                          0.00    0.00   clock source latency
                  0.17    0.12    0.12 ^ clk (in)
     1    0.05                           clk (net)
                  0.17    0.00    0.12 ^ clkbuf_0_clk/A (sky130_fd_sc_hd__clkbuf_16)
                  0.04    0.11    0.23 ^ clkbuf_0_clk/X (sky130_fd_sc_hd__clkbuf_16)
     2    0.02                           clknet_0_clk (net)
                  0.04    0.00    0.23 ^ clkbuf_1_0__f_clk/A (sky130_fd_sc_hd__clkbuf_16)
                  0.06    0.10    0.33 ^ clkbuf_1_0__f_clk/X (sky130_fd_sc_hd__clkbuf_16)
    14    0.05                           clknet_1_0__leaf_clk (net)
                  0.06    0.00    0.33 ^ _414_/CLK (sky130_fd_sc_hd__dfrtp_4)
                  0.11    0.30    0.63 ^ _414_/Q (sky130_fd_sc_hd__dfrtp_4)
     2    0.04                           net18 (net)
                  0.11    0.00    0.63 ^ _333_/B2 (sky130_fd_sc_hd__a2bb2o_1)
                  0.03    0.09    0.72 ^ _333_/X (sky130_fd_sc_hd__a2bb2o_1)
     1    0.00                           _040_ (net)
                  0.03    0.00    0.72 ^ _414_/D (sky130_fd_sc_hd__dfrtp_4)
                                  0.72   data arrival time

                          0.00    0.00   clock clk (rise edge)
                          0.00    0.00   clock source latency
                  0.17    0.13    0.13 ^ clk (in)
     1    0.05                           clk (net)
                  0.17    0.00    0.13 ^ clkbuf_0_clk/A (sky130_fd_sc_hd__clkbuf_16)
                  0.04    0.12    0.25 ^ clkbuf_0_clk/X (sky130_fd_sc_hd__clkbuf_16)
     2    0.02                           clknet_0_clk (net)
                  0.04    0.00    0.26 ^ clkbuf_1_0__f_clk/A (sky130_fd_sc_hd__clkbuf_16)
                  0.06    0.11    0.37 ^ clkbuf_1_0__f_clk/X (sky130_fd_sc_hd__clkbuf_16)
    14    0.05                           clknet_1_0__leaf_clk (net)
                  0.06    0.00    0.37 ^ _414_/CLK (sky130_fd_sc_hd__dfrtp_4)
                          0.25    0.62   clock uncertainty
                         -0.03    0.58   clock reconvergence pessimism
                         -0.02    0.56   library hold time
                                  0.56   data required time
-----------------------------------------------------------------------------
                                  0.56   data required time
                                 -0.72   data arrival time
-----------------------------------------------------------------------------
                                  0.16   slack (MET)


Startpoint: _400_ (rising edge-triggered flip-flop clocked by clk)
Endpoint: _401_ (rising edge-triggered flip-flop clocked by clk)
Path Group: clk
Path Type: min
Corner: Fastest

Fanout     Cap    Slew   Delay    Time   Description
-----------------------------------------------------------------------------
                          0.00    0.00   clock clk (rise edge)
                          0.00    0.00   clock source latency
                  0.17    0.12    0.12 ^ clk (in)
     1    0.05                           clk (net)
                  0.17    0.00    0.12 ^ clkbuf_0_clk/A (sky130_fd_sc_hd__clkbuf_16)
                  0.04    0.11    0.23 ^ clkbuf_0_clk/X (sky130_fd_sc_hd__clkbuf_16)
     2    0.02                           clknet_0_clk (net)
                  0.04    0.00    0.23 ^ clkbuf_1_1__f_clk/A (sky130_fd_sc_hd__clkbuf_16)
                  0.05    0.10    0.33 ^ clkbuf_1_1__f_clk/X (sky130_fd_sc_hd__clkbuf_16)
    14    0.05                           clknet_1_1__leaf_clk (net)
                  0.05    0.00    0.33 ^ _400_/CLK (sky130_fd_sc_hd__dfrtp_4)
                  0.08    0.28    0.61 ^ _400_/Q (sky130_fd_sc_hd__dfrtp_4)
     7    0.03                           U_PC.pc[2] (net)
                  0.08    0.00    0.61 ^ _365_/A (sky130_fd_sc_hd__inv_2)
                  0.02    0.01    0.63 v _365_/Y (sky130_fd_sc_hd__inv_2)
     1    0.00                           _179_ (net)
                  0.02    0.00    0.63 v _366_/A1 (sky130_fd_sc_hd__o21a_1)
                  0.02    0.10    0.73 v _366_/X (sky130_fd_sc_hd__o21a_1)
     1    0.00                           U_PC.next_pc[3] (net)
                  0.02    0.00    0.73 v _401_/D (sky130_fd_sc_hd__dfrtp_4)
                                  0.73   data arrival time

                          0.00    0.00   clock clk (rise edge)
                          0.00    0.00   clock source latency
                  0.17    0.13    0.13 ^ clk (in)
     1    0.05                           clk (net)
                  0.17    0.00    0.13 ^ clkbuf_0_clk/A (sky130_fd_sc_hd__clkbuf_16)
                  0.04    0.12    0.25 ^ clkbuf_0_clk/X (sky130_fd_sc_hd__clkbuf_16)
     2    0.02                           clknet_0_clk (net)
                  0.04    0.00    0.26 ^ clkbuf_1_1__f_clk/A (sky130_fd_sc_hd__clkbuf_16)
                  0.05    0.11    0.37 ^ clkbuf_1_1__f_clk/X (sky130_fd_sc_hd__clkbuf_16)
    14    0.05                           clknet_1_1__leaf_clk (net)
                  0.05    0.00    0.37 ^ _401_/CLK (sky130_fd_sc_hd__dfrtp_4)
                          0.25    0.62   clock uncertainty
                         -0.03    0.58   clock reconvergence pessimism
                         -0.02    0.56   library hold time
                                  0.56   data required time
-----------------------------------------------------------------------------
                                  0.56   data required time
                                 -0.73   data arrival time
-----------------------------------------------------------------------------
                                  0.17   slack (MET)


Startpoint: _416_ (rising edge-triggered flip-flop clocked by clk)
Endpoint: _416_ (rising edge-triggered flip-flop clocked by clk)
Path Group: clk
Path Type: min
Corner: Fastest

Fanout     Cap    Slew   Delay    Time   Description
-----------------------------------------------------------------------------
                          0.00    0.00   clock clk (rise edge)
                          0.00    0.00   clock source latency
                  0.17    0.12    0.12 ^ clk (in)
     1    0.05                           clk (net)
                  0.17    0.00    0.12 ^ clkbuf_0_clk/A (sky130_fd_sc_hd__clkbuf_16)
                  0.04    0.11    0.23 ^ clkbuf_0_clk/X (sky130_fd_sc_hd__clkbuf_16)
     2    0.02                           clknet_0_clk (net)
                  0.04    0.00    0.23 ^ clkbuf_1_0__f_clk/A (sky130_fd_sc_hd__clkbuf_16)
                  0.06    0.10    0.33 ^ clkbuf_1_0__f_clk/X (sky130_fd_sc_hd__clkbuf_16)
    14    0.05                           clknet_1_0__leaf_clk (net)
                  0.06    0.00    0.33 ^ _416_/CLK (sky130_fd_sc_hd__dfrtp_4)
                  0.08    0.28    0.62 ^ _416_/Q (sky130_fd_sc_hd__dfrtp_4)
     2    0.03                           net20 (net)
                  0.08    0.00    0.62 ^ _316_/A (sky130_fd_sc_hd__or2_1)
                  0.03    0.07    0.69 ^ _316_/X (sky130_fd_sc_hd__or2_1)
     1    0.00                           _148_ (net)
                  0.03    0.00    0.69 ^ _317_/B1 (sky130_fd_sc_hd__o31a_1)
                  0.03    0.06    0.74 ^ _317_/X (sky130_fd_sc_hd__o31a_1)
     1    0.00                           _042_ (net)
                  0.03    0.00    0.74 ^ _416_/D (sky130_fd_sc_hd__dfrtp_4)
                                  0.74   data arrival time

                          0.00    0.00   clock clk (rise edge)
                          0.00    0.00   clock source latency
                  0.17    0.13    0.13 ^ clk (in)
     1    0.05                           clk (net)
                  0.17    0.00    0.13 ^ clkbuf_0_clk/A (sky130_fd_sc_hd__clkbuf_16)
                  0.04    0.12    0.25 ^ clkbuf_0_clk/X (sky130_fd_sc_hd__clkbuf_16)
     2    0.02                           clknet_0_clk (net)
                  0.04    0.00    0.26 ^ clkbuf_1_0__f_clk/A (sky130_fd_sc_hd__clkbuf_16)
                  0.06    0.11    0.37 ^ clkbuf_1_0__f_clk/X (sky130_fd_sc_hd__clkbuf_16)
    14    0.05                           clknet_1_0__leaf_clk (net)
                  0.06    0.00    0.37 ^ _416_/CLK (sky130_fd_sc_hd__dfrtp_4)
                          0.25    0.62   clock uncertainty
                         -0.03    0.58   clock reconvergence pessimism
                         -0.02    0.56   library hold time
                                  0.56   data required time
-----------------------------------------------------------------------------
                                  0.56   data required time
                                 -0.74   data arrival time
-----------------------------------------------------------------------------
                                  0.18   slack (MET)


Startpoint: _409_ (rising edge-triggered flip-flop clocked by clk)
Endpoint: _409_ (rising edge-triggered flip-flop clocked by clk)
Path Group: clk
Path Type: min
Corner: Fastest

Fanout     Cap    Slew   Delay    Time   Description
-----------------------------------------------------------------------------
                          0.00    0.00   clock clk (rise edge)
                          0.00    0.00   clock source latency
                  0.17    0.12    0.12 ^ clk (in)
     1    0.05                           clk (net)
                  0.17    0.00    0.12 ^ clkbuf_0_clk/A (sky130_fd_sc_hd__clkbuf_16)
                  0.04    0.11    0.23 ^ clkbuf_0_clk/X (sky130_fd_sc_hd__clkbuf_16)
     2    0.02                           clknet_0_clk (net)
                  0.04    0.00    0.23 ^ clkbuf_1_0__f_clk/A (sky130_fd_sc_hd__clkbuf_16)
                  0.06    0.10    0.33 ^ clkbuf_1_0__f_clk/X (sky130_fd_sc_hd__clkbuf_16)
    14    0.05                           clknet_1_0__leaf_clk (net)
                  0.06    0.00    0.33 ^ _409_/CLK (sky130_fd_sc_hd__dfrtp_4)
                  0.09    0.29    0.62 ^ _409_/Q (sky130_fd_sc_hd__dfrtp_4)
     3    0.04                           net9 (net)
                  0.09    0.00    0.62 ^ _341_/A (sky130_fd_sc_hd__or2_1)
                  0.03    0.07    0.69 ^ _341_/X (sky130_fd_sc_hd__or2_1)
     1    0.00                           _166_ (net)
                  0.03    0.00    0.69 ^ _342_/B1 (sky130_fd_sc_hd__o41a_1)
                  0.03    0.05    0.75 ^ _342_/X (sky130_fd_sc_hd__o41a_1)
     1    0.00                           _035_ (net)
                  0.03    0.00    0.75 ^ _409_/D (sky130_fd_sc_hd__dfrtp_4)
                                  0.75   data arrival time

                          0.00    0.00   clock clk (rise edge)
                          0.00    0.00   clock source latency
                  0.17    0.13    0.13 ^ clk (in)
     1    0.05                           clk (net)
                  0.17    0.00    0.13 ^ clkbuf_0_clk/A (sky130_fd_sc_hd__clkbuf_16)
                  0.04    0.12    0.25 ^ clkbuf_0_clk/X (sky130_fd_sc_hd__clkbuf_16)
     2    0.02                           clknet_0_clk (net)
                  0.04    0.00    0.26 ^ clkbuf_1_0__f_clk/A (sky130_fd_sc_hd__clkbuf_16)
                  0.06    0.11    0.37 ^ clkbuf_1_0__f_clk/X (sky130_fd_sc_hd__clkbuf_16)
    14    0.05                           clknet_1_0__leaf_clk (net)
                  0.06    0.00    0.37 ^ _409_/CLK (sky130_fd_sc_hd__dfrtp_4)
                          0.25    0.62   clock uncertainty
                         -0.03    0.58   clock reconvergence pessimism
                         -0.02    0.56   library hold time
                                  0.56   data required time
-----------------------------------------------------------------------------
                                  0.56   data required time
                                 -0.75   data arrival time
-----------------------------------------------------------------------------
                                  0.18   slack (MET)


Startpoint: _402_ (rising edge-triggered flip-flop clocked by clk)
Endpoint: _402_ (rising edge-triggered flip-flop clocked by clk)
Path Group: clk
Path Type: min
Corner: Fastest

Fanout     Cap    Slew   Delay    Time   Description
-----------------------------------------------------------------------------
                          0.00    0.00   clock clk (rise edge)
                          0.00    0.00   clock source latency
                  0.17    0.12    0.12 ^ clk (in)
     1    0.05                           clk (net)
                  0.17    0.00    0.12 ^ clkbuf_0_clk/A (sky130_fd_sc_hd__clkbuf_16)
                  0.04    0.11    0.23 ^ clkbuf_0_clk/X (sky130_fd_sc_hd__clkbuf_16)
     2    0.02                           clknet_0_clk (net)
                  0.04    0.00    0.23 ^ clkbuf_1_1__f_clk/A (sky130_fd_sc_hd__clkbuf_16)
                  0.05    0.10    0.33 ^ clkbuf_1_1__f_clk/X (sky130_fd_sc_hd__clkbuf_16)
    14    0.05                           clknet_1_1__leaf_clk (net)
                  0.05    0.00    0.33 ^ _402_/CLK (sky130_fd_sc_hd__dfrtp_4)
                  0.08    0.28    0.62 ^ _402_/Q (sky130_fd_sc_hd__dfrtp_4)
     4    0.03                           net2 (net)
                  0.08    0.00    0.62 ^ _355_/A0 (sky130_fd_sc_hd__mux2_1)
                  0.03    0.08    0.70 ^ _355_/X (sky130_fd_sc_hd__mux2_1)
     1    0.00                           _173_ (net)
                  0.03    0.00    0.70 ^ _356_/A (sky130_fd_sc_hd__clkbuf_1)
                  0.03    0.05    0.75 ^ _356_/X (sky130_fd_sc_hd__clkbuf_1)
     1    0.00                           _028_ (net)
                  0.03    0.00    0.75 ^ _402_/D (sky130_fd_sc_hd__dfrtp_4)
                                  0.75   data arrival time

                          0.00    0.00   clock clk (rise edge)
                          0.00    0.00   clock source latency
                  0.17    0.13    0.13 ^ clk (in)
     1    0.05                           clk (net)
                  0.17    0.00    0.13 ^ clkbuf_0_clk/A (sky130_fd_sc_hd__clkbuf_16)
                  0.04    0.12    0.25 ^ clkbuf_0_clk/X (sky130_fd_sc_hd__clkbuf_16)
     2    0.02                           clknet_0_clk (net)
                  0.04    0.00    0.26 ^ clkbuf_1_1__f_clk/A (sky130_fd_sc_hd__clkbuf_16)
                  0.05    0.11    0.37 ^ clkbuf_1_1__f_clk/X (sky130_fd_sc_hd__clkbuf_16)
    14    0.05                           clknet_1_1__leaf_clk (net)
                  0.05    0.00    0.37 ^ _402_/CLK (sky130_fd_sc_hd__dfrtp_4)
                          0.25    0.62   clock uncertainty
                         -0.03    0.58   clock reconvergence pessimism
                         -0.02    0.56   library hold time
                                  0.56   data required time
-----------------------------------------------------------------------------
                                  0.56   data required time
                                 -0.75   data arrival time
-----------------------------------------------------------------------------
                                  0.18   slack (MET)


Startpoint: _421_ (rising edge-triggered flip-flop clocked by clk)
Endpoint: _421_ (rising edge-triggered flip-flop clocked by clk)
Path Group: clk
Path Type: min
Corner: Fastest

Fanout     Cap    Slew   Delay    Time   Description
-----------------------------------------------------------------------------
                          0.00    0.00   clock clk (rise edge)
                          0.00    0.00   clock source latency
                  0.17    0.12    0.12 ^ clk (in)
     1    0.05                           clk (net)
                  0.17    0.00    0.12 ^ clkbuf_0_clk/A (sky130_fd_sc_hd__clkbuf_16)
                  0.04    0.11    0.23 ^ clkbuf_0_clk/X (sky130_fd_sc_hd__clkbuf_16)
     2    0.02                           clknet_0_clk (net)
                  0.04    0.00    0.23 ^ clkbuf_1_1__f_clk/A (sky130_fd_sc_hd__clkbuf_16)
                  0.05    0.10    0.33 ^ clkbuf_1_1__f_clk/X (sky130_fd_sc_hd__clkbuf_16)
    14    0.05                           clknet_1_1__leaf_clk (net)
                  0.05    0.00    0.33 ^ _421_/CLK (sky130_fd_sc_hd__dfrtp_4)
                  0.09    0.29    0.62 ^ _421_/Q (sky130_fd_sc_hd__dfrtp_4)
     4    0.03                           net13 (net)
                  0.09    0.00    0.62 ^ _285_/A0 (sky130_fd_sc_hd__mux2_1)
                  0.03    0.08    0.70 ^ _285_/X (sky130_fd_sc_hd__mux2_1)
     1    0.00                           _122_ (net)
                  0.03    0.00    0.70 ^ _286_/A (sky130_fd_sc_hd__clkbuf_1)
                  0.03    0.05    0.75 ^ _286_/X (sky130_fd_sc_hd__clkbuf_1)
     1    0.00                           _047_ (net)
                  0.03    0.00    0.75 ^ _421_/D (sky130_fd_sc_hd__dfrtp_4)
                                  0.75   data arrival time

                          0.00    0.00   clock clk (rise edge)
                          0.00    0.00   clock source latency
                  0.17    0.13    0.13 ^ clk (in)
     1    0.05                           clk (net)
                  0.17    0.00    0.13 ^ clkbuf_0_clk/A (sky130_fd_sc_hd__clkbuf_16)
                  0.04    0.12    0.25 ^ clkbuf_0_clk/X (sky130_fd_sc_hd__clkbuf_16)
     2    0.02                           clknet_0_clk (net)
                  0.04    0.00    0.26 ^ clkbuf_1_1__f_clk/A (sky130_fd_sc_hd__clkbuf_16)
                  0.05    0.11    0.37 ^ clkbuf_1_1__f_clk/X (sky130_fd_sc_hd__clkbuf_16)
    14    0.05                           clknet_1_1__leaf_clk (net)
                  0.05    0.00    0.37 ^ _421_/CLK (sky130_fd_sc_hd__dfrtp_4)
                          0.25    0.62   clock uncertainty
                         -0.03    0.58   clock reconvergence pessimism
                         -0.02    0.56   library hold time
                                  0.56   data required time
-----------------------------------------------------------------------------
                                  0.56   data required time
                                 -0.75   data arrival time
-----------------------------------------------------------------------------
                                  0.19   slack (MET)


Startpoint: _405_ (rising edge-triggered flip-flop clocked by clk)
Endpoint: _405_ (rising edge-triggered flip-flop clocked by clk)
Path Group: clk
Path Type: min
Corner: Fastest

Fanout     Cap    Slew   Delay    Time   Description
-----------------------------------------------------------------------------
                          0.00    0.00   clock clk (rise edge)
                          0.00    0.00   clock source latency
                  0.17    0.12    0.12 ^ clk (in)
     1    0.05                           clk (net)
                  0.17    0.00    0.12 ^ clkbuf_0_clk/A (sky130_fd_sc_hd__clkbuf_16)
                  0.04    0.11    0.23 ^ clkbuf_0_clk/X (sky130_fd_sc_hd__clkbuf_16)
     2    0.02                           clknet_0_clk (net)
                  0.04    0.00    0.23 ^ clkbuf_1_1__f_clk/A (sky130_fd_sc_hd__clkbuf_16)
                  0.05    0.10    0.33 ^ clkbuf_1_1__f_clk/X (sky130_fd_sc_hd__clkbuf_16)
    14    0.05                           clknet_1_1__leaf_clk (net)
                  0.05    0.00    0.33 ^ _405_/CLK (sky130_fd_sc_hd__dfrtp_4)
                  0.10    0.30    0.63 ^ _405_/Q (sky130_fd_sc_hd__dfrtp_4)
     3    0.04                           net5 (net)
                  0.10    0.00    0.63 ^ _349_/A0 (sky130_fd_sc_hd__mux2_1)
                  0.03    0.08    0.71 ^ _349_/X (sky130_fd_sc_hd__mux2_1)
     1    0.00                           _170_ (net)
                  0.03    0.00    0.71 ^ _350_/A (sky130_fd_sc_hd__clkbuf_1)
                  0.03    0.05    0.76 ^ _350_/X (sky130_fd_sc_hd__clkbuf_1)
     1    0.00                           _031_ (net)
                  0.03    0.00    0.76 ^ _405_/D (sky130_fd_sc_hd__dfrtp_4)
                                  0.76   data arrival time

                          0.00    0.00   clock clk (rise edge)
                          0.00    0.00   clock source latency
                  0.17    0.13    0.13 ^ clk (in)
     1    0.05                           clk (net)
                  0.17    0.00    0.13 ^ clkbuf_0_clk/A (sky130_fd_sc_hd__clkbuf_16)
                  0.04    0.12    0.25 ^ clkbuf_0_clk/X (sky130_fd_sc_hd__clkbuf_16)
     2    0.02                           clknet_0_clk (net)
                  0.04    0.00    0.26 ^ clkbuf_1_1__f_clk/A (sky130_fd_sc_hd__clkbuf_16)
                  0.05    0.11    0.37 ^ clkbuf_1_1__f_clk/X (sky130_fd_sc_hd__clkbuf_16)
    14    0.05                           clknet_1_1__leaf_clk (net)
                  0.05    0.00    0.37 ^ _405_/CLK (sky130_fd_sc_hd__dfrtp_4)
                          0.25    0.62   clock uncertainty
                         -0.03    0.58   clock reconvergence pessimism
                         -0.02    0.56   library hold time
                                  0.56   data required time
-----------------------------------------------------------------------------
                                  0.56   data required time
                                 -0.76   data arrival time
-----------------------------------------------------------------------------
                                  0.20   slack (MET)


Startpoint: _411_ (rising edge-triggered flip-flop clocked by clk)
Endpoint: _411_ (rising edge-triggered flip-flop clocked by clk)
Path Group: clk
Path Type: min
Corner: Fastest

Fanout     Cap    Slew   Delay    Time   Description
-----------------------------------------------------------------------------
                          0.00    0.00   clock clk (rise edge)
                          0.00    0.00   clock source latency
                  0.17    0.12    0.12 ^ clk (in)
     1    0.05                           clk (net)
                  0.17    0.00    0.12 ^ clkbuf_0_clk/A (sky130_fd_sc_hd__clkbuf_16)
                  0.04    0.11    0.23 ^ clkbuf_0_clk/X (sky130_fd_sc_hd__clkbuf_16)
     2    0.02                           clknet_0_clk (net)
                  0.04    0.00    0.23 ^ clkbuf_1_1__f_clk/A (sky130_fd_sc_hd__clkbuf_16)
                  0.05    0.10    0.33 ^ clkbuf_1_1__f_clk/X (sky130_fd_sc_hd__clkbuf_16)
    14    0.05                           clknet_1_1__leaf_clk (net)
                  0.05    0.00    0.33 ^ _411_/CLK (sky130_fd_sc_hd__dfrtp_4)
                  0.09    0.28    0.62 ^ _411_/Q (sky130_fd_sc_hd__dfrtp_4)
     2    0.03                           net24 (net)
                  0.09    0.00    0.62 ^ _337_/A (sky130_fd_sc_hd__and3_1)
                  0.04    0.09    0.71 ^ _337_/X (sky130_fd_sc_hd__and3_1)
     1    0.00                           _164_ (net)
                  0.04    0.00    0.71 ^ _338_/A (sky130_fd_sc_hd__clkbuf_1)
                  0.03    0.05    0.76 ^ _338_/X (sky130_fd_sc_hd__clkbuf_1)
     1    0.00                           _037_ (net)
                  0.03    0.00    0.76 ^ _411_/D (sky130_fd_sc_hd__dfrtp_4)
                                  0.76   data arrival time

                          0.00    0.00   clock clk (rise edge)
                          0.00    0.00   clock source latency
                  0.17    0.13    0.13 ^ clk (in)
     1    0.05                           clk (net)
                  0.17    0.00    0.13 ^ clkbuf_0_clk/A (sky130_fd_sc_hd__clkbuf_16)
                  0.04    0.12    0.25 ^ clkbuf_0_clk/X (sky130_fd_sc_hd__clkbuf_16)
     2    0.02                           clknet_0_clk (net)
                  0.04    0.00    0.26 ^ clkbuf_1_1__f_clk/A (sky130_fd_sc_hd__clkbuf_16)
                  0.05    0.11    0.37 ^ clkbuf_1_1__f_clk/X (sky130_fd_sc_hd__clkbuf_16)
    14    0.05                           clknet_1_1__leaf_clk (net)
                  0.05    0.00    0.37 ^ _411_/CLK (sky130_fd_sc_hd__dfrtp_4)
                          0.25    0.62   clock uncertainty
                         -0.03    0.58   clock reconvergence pessimism
                         -0.02    0.56   library hold time
                                  0.56   data required time
-----------------------------------------------------------------------------
                                  0.56   data required time
                                 -0.76   data arrival time
-----------------------------------------------------------------------------
                                  0.20   slack (MET)


Startpoint: _400_ (rising edge-triggered flip-flop clocked by clk)
Endpoint: _400_ (rising edge-triggered flip-flop clocked by clk)
Path Group: clk
Path Type: min
Corner: Fastest

Fanout     Cap    Slew   Delay    Time   Description
-----------------------------------------------------------------------------
                          0.00    0.00   clock clk (rise edge)
                          0.00    0.00   clock source latency
                  0.17    0.12    0.12 ^ clk (in)
     1    0.05                           clk (net)
                  0.17    0.00    0.12 ^ clkbuf_0_clk/A (sky130_fd_sc_hd__clkbuf_16)
                  0.04    0.11    0.23 ^ clkbuf_0_clk/X (sky130_fd_sc_hd__clkbuf_16)
     2    0.02                           clknet_0_clk (net)
                  0.04    0.00    0.23 ^ clkbuf_1_1__f_clk/A (sky130_fd_sc_hd__clkbuf_16)
                  0.05    0.10    0.33 ^ clkbuf_1_1__f_clk/X (sky130_fd_sc_hd__clkbuf_16)
    14    0.05                           clknet_1_1__leaf_clk (net)
                  0.05    0.00    0.33 ^ _400_/CLK (sky130_fd_sc_hd__dfrtp_4)
                  0.08    0.28    0.61 ^ _400_/Q (sky130_fd_sc_hd__dfrtp_4)
     7    0.03                           U_PC.pc[2] (net)
                  0.08    0.00    0.61 ^ _363_/A (sky130_fd_sc_hd__xnor2_1)
                  0.03    0.07    0.68 ^ _363_/Y (sky130_fd_sc_hd__xnor2_1)
     1    0.00                           _178_ (net)
                  0.03    0.00    0.68 ^ _364_/B1 (sky130_fd_sc_hd__o2bb2a_1)
                  0.04    0.08    0.76 ^ _364_/X (sky130_fd_sc_hd__o2bb2a_1)
     1    0.00                           U_PC.next_pc[2] (net)
                  0.04    0.00    0.76 ^ _400_/D (sky130_fd_sc_hd__dfrtp_4)
                                  0.76   data arrival time

                          0.00    0.00   clock clk (rise edge)
                          0.00    0.00   clock source latency
                  0.17    0.13    0.13 ^ clk (in)
     1    0.05                           clk (net)
                  0.17    0.00    0.13 ^ clkbuf_0_clk/A (sky130_fd_sc_hd__clkbuf_16)
                  0.04    0.12    0.25 ^ clkbuf_0_clk/X (sky130_fd_sc_hd__clkbuf_16)
     2    0.02                           clknet_0_clk (net)
                  0.04    0.00    0.26 ^ clkbuf_1_1__f_clk/A (sky130_fd_sc_hd__clkbuf_16)
                  0.05    0.11    0.37 ^ clkbuf_1_1__f_clk/X (sky130_fd_sc_hd__clkbuf_16)
    14    0.05                           clknet_1_1__leaf_clk (net)
                  0.05    0.00    0.37 ^ _400_/CLK (sky130_fd_sc_hd__dfrtp_4)
                          0.25    0.62   clock uncertainty
                         -0.03    0.58   clock reconvergence pessimism
                         -0.02    0.56   library hold time
                                  0.56   data required time
-----------------------------------------------------------------------------
                                  0.56   data required time
                                 -0.76   data arrival time
-----------------------------------------------------------------------------
                                  0.20   slack (MET)


Startpoint: _403_ (rising edge-triggered flip-flop clocked by clk)
Endpoint: _403_ (rising edge-triggered flip-flop clocked by clk)
Path Group: clk
Path Type: min
Corner: Fastest

Fanout     Cap    Slew   Delay    Time   Description
-----------------------------------------------------------------------------
                          0.00    0.00   clock clk (rise edge)
                          0.00    0.00   clock source latency
                  0.17    0.12    0.12 ^ clk (in)
     1    0.05                           clk (net)
                  0.17    0.00    0.12 ^ clkbuf_0_clk/A (sky130_fd_sc_hd__clkbuf_16)
                  0.04    0.11    0.23 ^ clkbuf_0_clk/X (sky130_fd_sc_hd__clkbuf_16)
     2    0.02                           clknet_0_clk (net)
                  0.04    0.00    0.23 ^ clkbuf_1_1__f_clk/A (sky130_fd_sc_hd__clkbuf_16)
                  0.05    0.10    0.33 ^ clkbuf_1_1__f_clk/X (sky130_fd_sc_hd__clkbuf_16)
    14    0.05                           clknet_1_1__leaf_clk (net)
                  0.05    0.00    0.33 ^ _403_/CLK (sky130_fd_sc_hd__dfrtp_4)
                  0.11    0.30    0.63 ^ _403_/Q (sky130_fd_sc_hd__dfrtp_4)
     3    0.04                           net3 (net)
                  0.11    0.00    0.63 ^ _353_/A0 (sky130_fd_sc_hd__mux2_1)
                  0.03    0.09    0.72 ^ _353_/X (sky130_fd_sc_hd__mux2_1)
     1    0.00                           _172_ (net)
                  0.03    0.00    0.72 ^ _354_/A (sky130_fd_sc_hd__clkbuf_1)
                  0.03    0.05    0.77 ^ _354_/X (sky130_fd_sc_hd__clkbuf_1)
     1    0.00                           _029_ (net)
                  0.03    0.00    0.77 ^ _403_/D (sky130_fd_sc_hd__dfrtp_4)
                                  0.77   data arrival time

                          0.00    0.00   clock clk (rise edge)
                          0.00    0.00   clock source latency
                  0.17    0.13    0.13 ^ clk (in)
     1    0.05                           clk (net)
                  0.17    0.00    0.13 ^ clkbuf_0_clk/A (sky130_fd_sc_hd__clkbuf_16)
                  0.04    0.12    0.25 ^ clkbuf_0_clk/X (sky130_fd_sc_hd__clkbuf_16)
     2    0.02                           clknet_0_clk (net)
                  0.04    0.00    0.26 ^ clkbuf_1_1__f_clk/A (sky130_fd_sc_hd__clkbuf_16)
                  0.05    0.11    0.37 ^ clkbuf_1_1__f_clk/X (sky130_fd_sc_hd__clkbuf_16)
    14    0.05                           clknet_1_1__leaf_clk (net)
                  0.05    0.00    0.37 ^ _403_/CLK (sky130_fd_sc_hd__dfrtp_4)
                          0.25    0.62   clock uncertainty
                         -0.03    0.58   clock reconvergence pessimism
                         -0.02    0.56   library hold time
                                  0.56   data required time
-----------------------------------------------------------------------------
                                  0.56   data required time
                                 -0.77   data arrival time
-----------------------------------------------------------------------------
                                  0.21   slack (MET)


Startpoint: _401_ (rising edge-triggered flip-flop clocked by clk)
Endpoint: _419_ (rising edge-triggered flip-flop clocked by clk)
Path Group: clk
Path Type: min
Corner: Fastest

Fanout     Cap    Slew   Delay    Time   Description
-----------------------------------------------------------------------------
                          0.00    0.00   clock clk (rise edge)
                          0.00    0.00   clock source latency
                  0.17    0.12    0.12 ^ clk (in)
     1    0.05                           clk (net)
                  0.17    0.00    0.12 ^ clkbuf_0_clk/A (sky130_fd_sc_hd__clkbuf_16)
                  0.04    0.11    0.23 ^ clkbuf_0_clk/X (sky130_fd_sc_hd__clkbuf_16)
     2    0.02                           clknet_0_clk (net)
                  0.04    0.00    0.23 ^ clkbuf_1_1__f_clk/A (sky130_fd_sc_hd__clkbuf_16)
                  0.05    0.10    0.33 ^ clkbuf_1_1__f_clk/X (sky130_fd_sc_hd__clkbuf_16)
    14    0.05                           clknet_1_1__leaf_clk (net)
                  0.05    0.00    0.33 ^ _401_/CLK (sky130_fd_sc_hd__dfrtp_4)
                  0.07    0.27    0.61 ^ _401_/Q (sky130_fd_sc_hd__dfrtp_4)
     8    0.03                           U_PC.pc[3] (net)
                  0.07    0.00    0.61 ^ _232_/A (sky130_fd_sc_hd__nor3_2)
                  0.06    0.06    0.67 v _232_/Y (sky130_fd_sc_hd__nor3_2)
     5    0.03                           _073_ (net)
                  0.06    0.00    0.67 v _300_/A1 (sky130_fd_sc_hd__a21o_1)
                  0.02    0.10    0.77 v _300_/X (sky130_fd_sc_hd__a21o_1)
     1    0.00                           _045_ (net)
                  0.02    0.00    0.77 v _419_/D (sky130_fd_sc_hd__dfrtp_4)
                                  0.77   data arrival time

                          0.00    0.00   clock clk (rise edge)
                          0.00    0.00   clock source latency
                  0.17    0.13    0.13 ^ clk (in)
     1    0.05                           clk (net)
                  0.17    0.00    0.13 ^ clkbuf_0_clk/A (sky130_fd_sc_hd__clkbuf_16)
                  0.04    0.12    0.25 ^ clkbuf_0_clk/X (sky130_fd_sc_hd__clkbuf_16)
     2    0.02                           clknet_0_clk (net)
                  0.04    0.00    0.26 ^ clkbuf_1_1__f_clk/A (sky130_fd_sc_hd__clkbuf_16)
                  0.05    0.11    0.37 ^ clkbuf_1_1__f_clk/X (sky130_fd_sc_hd__clkbuf_16)
    14    0.05                           clknet_1_1__leaf_clk (net)
                  0.05    0.00    0.37 ^ _419_/CLK (sky130_fd_sc_hd__dfrtp_4)
                          0.25    0.62   clock uncertainty
                         -0.03    0.58   clock reconvergence pessimism
                         -0.02    0.56   library hold time
                                  0.56   data required time
-----------------------------------------------------------------------------
                                  0.56   data required time
                                 -0.77   data arrival time
-----------------------------------------------------------------------------
                                  0.21   slack (MET)


Startpoint: _410_ (rising edge-triggered flip-flop clocked by clk)
Endpoint: _410_ (rising edge-triggered flip-flop clocked by clk)
Path Group: clk
Path Type: min
Corner: Fastest

Fanout     Cap    Slew   Delay    Time   Description
-----------------------------------------------------------------------------
                          0.00    0.00   clock clk (rise edge)
                          0.00    0.00   clock source latency
                  0.17    0.12    0.12 ^ clk (in)
     1    0.05                           clk (net)
                  0.17    0.00    0.12 ^ clkbuf_0_clk/A (sky130_fd_sc_hd__clkbuf_16)
                  0.04    0.11    0.23 ^ clkbuf_0_clk/X (sky130_fd_sc_hd__clkbuf_16)
     2    0.02                           clknet_0_clk (net)
                  0.04    0.00    0.23 ^ clkbuf_1_0__f_clk/A (sky130_fd_sc_hd__clkbuf_16)
                  0.06    0.10    0.33 ^ clkbuf_1_0__f_clk/X (sky130_fd_sc_hd__clkbuf_16)
    14    0.05                           clknet_1_0__leaf_clk (net)
                  0.06    0.00    0.33 ^ _410_/CLK (sky130_fd_sc_hd__dfrtp_4)
                  0.18    0.35    0.69 ^ _410_/Q (sky130_fd_sc_hd__dfrtp_4)
     3    0.08                           net23 (net)
                  0.18    0.00    0.69 ^ _339_/A1 (sky130_fd_sc_hd__a31o_1)
                  0.03    0.09    0.77 ^ _339_/X (sky130_fd_sc_hd__a31o_1)
     1    0.00                           _036_ (net)
                  0.03    0.00    0.77 ^ _410_/D (sky130_fd_sc_hd__dfrtp_4)
                                  0.77   data arrival time

                          0.00    0.00   clock clk (rise edge)
                          0.00    0.00   clock source latency
                  0.17    0.13    0.13 ^ clk (in)
     1    0.05                           clk (net)
                  0.17    0.00    0.13 ^ clkbuf_0_clk/A (sky130_fd_sc_hd__clkbuf_16)
                  0.04    0.12    0.25 ^ clkbuf_0_clk/X (sky130_fd_sc_hd__clkbuf_16)
     2    0.02                           clknet_0_clk (net)
                  0.04    0.00    0.26 ^ clkbuf_1_0__f_clk/A (sky130_fd_sc_hd__clkbuf_16)
                  0.06    0.11    0.37 ^ clkbuf_1_0__f_clk/X (sky130_fd_sc_hd__clkbuf_16)
    14    0.05                           clknet_1_0__leaf_clk (net)
                  0.06    0.00    0.37 ^ _410_/CLK (sky130_fd_sc_hd__dfrtp_4)
                          0.25    0.62   clock uncertainty
                         -0.03    0.58   clock reconvergence pessimism
                         -0.02    0.56   library hold time
                                  0.56   data required time
-----------------------------------------------------------------------------
                                  0.56   data required time
                                 -0.77   data arrival time
-----------------------------------------------------------------------------
                                  0.21   slack (MET)


Startpoint: _401_ (rising edge-triggered flip-flop clocked by clk)
Endpoint: _420_ (rising edge-triggered flip-flop clocked by clk)
Path Group: clk
Path Type: min
Corner: Fastest

Fanout     Cap    Slew   Delay    Time   Description
-----------------------------------------------------------------------------
                          0.00    0.00   clock clk (rise edge)
                          0.00    0.00   clock source latency
                  0.17    0.12    0.12 ^ clk (in)
     1    0.05                           clk (net)
                  0.17    0.00    0.12 ^ clkbuf_0_clk/A (sky130_fd_sc_hd__clkbuf_16)
                  0.04    0.11    0.23 ^ clkbuf_0_clk/X (sky130_fd_sc_hd__clkbuf_16)
     2    0.02                           clknet_0_clk (net)
                  0.04    0.00    0.23 ^ clkbuf_1_1__f_clk/A (sky130_fd_sc_hd__clkbuf_16)
                  0.05    0.10    0.33 ^ clkbuf_1_1__f_clk/X (sky130_fd_sc_hd__clkbuf_16)
    14    0.05                           clknet_1_1__leaf_clk (net)
                  0.05    0.00    0.33 ^ _401_/CLK (sky130_fd_sc_hd__dfrtp_4)
                  0.07    0.27    0.61 ^ _401_/Q (sky130_fd_sc_hd__dfrtp_4)
     8    0.03                           U_PC.pc[3] (net)
                  0.07    0.00    0.61 ^ _232_/A (sky130_fd_sc_hd__nor3_2)
                  0.06    0.06    0.67 v _232_/Y (sky130_fd_sc_hd__nor3_2)
     5    0.03                           _073_ (net)
                  0.06    0.00    0.67 v _292_/A1 (sky130_fd_sc_hd__a21bo_1)
                  0.02    0.11    0.77 v _292_/X (sky130_fd_sc_hd__a21bo_1)
     1    0.00                           _046_ (net)
                  0.02    0.00    0.77 v _420_/D (sky130_fd_sc_hd__dfrtp_4)
                                  0.77   data arrival time

                          0.00    0.00   clock clk (rise edge)
                          0.00    0.00   clock source latency
                  0.17    0.13    0.13 ^ clk (in)
     1    0.05                           clk (net)
                  0.17    0.00    0.13 ^ clkbuf_0_clk/A (sky130_fd_sc_hd__clkbuf_16)
                  0.04    0.12    0.25 ^ clkbuf_0_clk/X (sky130_fd_sc_hd__clkbuf_16)
     2    0.02                           clknet_0_clk (net)
                  0.04    0.00    0.26 ^ clkbuf_1_1__f_clk/A (sky130_fd_sc_hd__clkbuf_16)
                  0.05    0.11    0.37 ^ clkbuf_1_1__f_clk/X (sky130_fd_sc_hd__clkbuf_16)
    14    0.05                           clknet_1_1__leaf_clk (net)
                  0.05    0.00    0.37 ^ _420_/CLK (sky130_fd_sc_hd__dfrtp_4)
                          0.25    0.62   clock uncertainty
                         -0.03    0.58   clock reconvergence pessimism
                         -0.02    0.56   library hold time
                                  0.56   data required time
-----------------------------------------------------------------------------
                                  0.56   data required time
                                 -0.77   data arrival time
-----------------------------------------------------------------------------
                                  0.21   slack (MET)


Startpoint: _407_ (rising edge-triggered flip-flop clocked by clk)
Endpoint: _407_ (rising edge-triggered flip-flop clocked by clk)
Path Group: clk
Path Type: min
Corner: Fastest

Fanout     Cap    Slew   Delay    Time   Description
-----------------------------------------------------------------------------
                          0.00    0.00   clock clk (rise edge)
                          0.00    0.00   clock source latency
                  0.17    0.12    0.12 ^ clk (in)
     1    0.05                           clk (net)
                  0.17    0.00    0.12 ^ clkbuf_0_clk/A (sky130_fd_sc_hd__clkbuf_16)
                  0.04    0.11    0.23 ^ clkbuf_0_clk/X (sky130_fd_sc_hd__clkbuf_16)
     2    0.02                           clknet_0_clk (net)
                  0.04    0.00    0.23 ^ clkbuf_1_0__f_clk/A (sky130_fd_sc_hd__clkbuf_16)
                  0.06    0.10    0.33 ^ clkbuf_1_0__f_clk/X (sky130_fd_sc_hd__clkbuf_16)
    14    0.05                           clknet_1_0__leaf_clk (net)
                  0.06    0.00    0.33 ^ _407_/CLK (sky130_fd_sc_hd__dfrtp_4)
                  0.12    0.31    0.64 ^ _407_/Q (sky130_fd_sc_hd__dfrtp_4)
     3    0.05                           net7 (net)
                  0.12    0.00    0.64 ^ _345_/A0 (sky130_fd_sc_hd__mux2_1)
                  0.03    0.09    0.73 ^ _345_/X (sky130_fd_sc_hd__mux2_1)
     1    0.00                           _168_ (net)
                  0.03    0.00    0.73 ^ _346_/A (sky130_fd_sc_hd__clkbuf_1)
                  0.03    0.05    0.78 ^ _346_/X (sky130_fd_sc_hd__clkbuf_1)
     1    0.00                           _033_ (net)
                  0.03    0.00    0.78 ^ _407_/D (sky130_fd_sc_hd__dfrtp_4)
                                  0.78   data arrival time

                          0.00    0.00   clock clk (rise edge)
                          0.00    0.00   clock source latency
                  0.17    0.13    0.13 ^ clk (in)
     1    0.05                           clk (net)
                  0.17    0.00    0.13 ^ clkbuf_0_clk/A (sky130_fd_sc_hd__clkbuf_16)
                  0.04    0.12    0.25 ^ clkbuf_0_clk/X (sky130_fd_sc_hd__clkbuf_16)
     2    0.02                           clknet_0_clk (net)
                  0.04    0.00    0.26 ^ clkbuf_1_0__f_clk/A (sky130_fd_sc_hd__clkbuf_16)
                  0.06    0.11    0.37 ^ clkbuf_1_0__f_clk/X (sky130_fd_sc_hd__clkbuf_16)
    14    0.05                           clknet_1_0__leaf_clk (net)
                  0.06    0.00    0.37 ^ _407_/CLK (sky130_fd_sc_hd__dfrtp_4)
                          0.25    0.62   clock uncertainty
                         -0.03    0.58   clock reconvergence pessimism
                         -0.02    0.56   library hold time
                                  0.56   data required time
-----------------------------------------------------------------------------
                                  0.56   data required time
                                 -0.78   data arrival time
-----------------------------------------------------------------------------
                                  0.21   slack (MET)


Startpoint: _404_ (rising edge-triggered flip-flop clocked by clk)
Endpoint: _404_ (rising edge-triggered flip-flop clocked by clk)
Path Group: clk
Path Type: min
Corner: Fastest

Fanout     Cap    Slew   Delay    Time   Description
-----------------------------------------------------------------------------
                          0.00    0.00   clock clk (rise edge)
                          0.00    0.00   clock source latency
                  0.17    0.12    0.12 ^ clk (in)
     1    0.05                           clk (net)
                  0.17    0.00    0.12 ^ clkbuf_0_clk/A (sky130_fd_sc_hd__clkbuf_16)
                  0.04    0.11    0.23 ^ clkbuf_0_clk/X (sky130_fd_sc_hd__clkbuf_16)
     2    0.02                           clknet_0_clk (net)
                  0.04    0.00    0.23 ^ clkbuf_1_1__f_clk/A (sky130_fd_sc_hd__clkbuf_16)
                  0.05    0.10    0.33 ^ clkbuf_1_1__f_clk/X (sky130_fd_sc_hd__clkbuf_16)
    14    0.05                           clknet_1_1__leaf_clk (net)
                  0.05    0.00    0.33 ^ _404_/CLK (sky130_fd_sc_hd__dfrtp_4)
                  0.13    0.32    0.65 ^ _404_/Q (sky130_fd_sc_hd__dfrtp_4)
     4    0.06                           net4 (net)
                  0.13    0.00    0.65 ^ _351_/A0 (sky130_fd_sc_hd__mux2_1)
                  0.03    0.09    0.74 ^ _351_/X (sky130_fd_sc_hd__mux2_1)
     1    0.00                           _171_ (net)
                  0.03    0.00    0.74 ^ _352_/A (sky130_fd_sc_hd__clkbuf_1)
                  0.03    0.05    0.79 ^ _352_/X (sky130_fd_sc_hd__clkbuf_1)
     1    0.00                           _030_ (net)
                  0.03    0.00    0.79 ^ _404_/D (sky130_fd_sc_hd__dfrtp_4)
                                  0.79   data arrival time

                          0.00    0.00   clock clk (rise edge)
                          0.00    0.00   clock source latency
                  0.17    0.13    0.13 ^ clk (in)
     1    0.05                           clk (net)
                  0.17    0.00    0.13 ^ clkbuf_0_clk/A (sky130_fd_sc_hd__clkbuf_16)
                  0.04    0.12    0.25 ^ clkbuf_0_clk/X (sky130_fd_sc_hd__clkbuf_16)
     2    0.02                           clknet_0_clk (net)
                  0.04    0.00    0.26 ^ clkbuf_1_1__f_clk/A (sky130_fd_sc_hd__clkbuf_16)
                  0.05    0.11    0.37 ^ clkbuf_1_1__f_clk/X (sky130_fd_sc_hd__clkbuf_16)
    14    0.05                           clknet_1_1__leaf_clk (net)
                  0.05    0.00    0.37 ^ _404_/CLK (sky130_fd_sc_hd__dfrtp_4)
                          0.25    0.62   clock uncertainty
                         -0.03    0.58   clock reconvergence pessimism
                         -0.02    0.56   library hold time
                                  0.56   data required time
-----------------------------------------------------------------------------
                                  0.56   data required time
                                 -0.79   data arrival time
-----------------------------------------------------------------------------
                                  0.23   slack (MET)


Startpoint: _417_ (rising edge-triggered flip-flop clocked by clk)
Endpoint: _399_ (rising edge-triggered flip-flop clocked by clk)
Path Group: clk
Path Type: min
Corner: Fastest

Fanout     Cap    Slew   Delay    Time   Description
-----------------------------------------------------------------------------
                          0.00    0.00   clock clk (rise edge)
                          0.00    0.00   clock source latency
                  0.17    0.12    0.12 ^ clk (in)
     1    0.05                           clk (net)
                  0.17    0.00    0.12 ^ clkbuf_0_clk/A (sky130_fd_sc_hd__clkbuf_16)
                  0.04    0.11    0.23 ^ clkbuf_0_clk/X (sky130_fd_sc_hd__clkbuf_16)
     2    0.02                           clknet_0_clk (net)
                  0.04    0.00    0.23 ^ clkbuf_1_0__f_clk/A (sky130_fd_sc_hd__clkbuf_16)
                  0.06    0.10    0.33 ^ clkbuf_1_0__f_clk/X (sky130_fd_sc_hd__clkbuf_16)
    14    0.05                           clknet_1_0__leaf_clk (net)
                  0.06    0.00    0.33 ^ _417_/CLK (sky130_fd_sc_hd__dfrtp_4)
                  0.09    0.29    0.62 ^ _417_/Q (sky130_fd_sc_hd__dfrtp_4)
     3    0.03                           net21 (net)
                  0.09    0.00    0.62 ^ _358_/A1 (sky130_fd_sc_hd__o21a_1)
                  0.05    0.09    0.71 ^ _358_/X (sky130_fd_sc_hd__o21a_1)
     2    0.01                           _174_ (net)
                  0.05    0.00    0.71 ^ _360_/B (sky130_fd_sc_hd__or3_1)
                  0.03    0.06    0.78 ^ _360_/X (sky130_fd_sc_hd__or3_1)
     1    0.00                           _176_ (net)
                  0.03    0.00    0.78 ^ _361_/A (sky130_fd_sc_hd__clkbuf_1)
                  0.03    0.05    0.82 ^ _361_/X (sky130_fd_sc_hd__clkbuf_1)
     1    0.00                           U_PC.next_pc[1] (net)
                  0.03    0.00    0.82 ^ _399_/D (sky130_fd_sc_hd__dfrtp_4)
                                  0.82   data arrival time

                          0.00    0.00   clock clk (rise edge)
                          0.00    0.00   clock source latency
                  0.17    0.13    0.13 ^ clk (in)
     1    0.05                           clk (net)
                  0.17    0.00    0.13 ^ clkbuf_0_clk/A (sky130_fd_sc_hd__clkbuf_16)
                  0.04    0.12    0.25 ^ clkbuf_0_clk/X (sky130_fd_sc_hd__clkbuf_16)
     2    0.02                           clknet_0_clk (net)
                  0.04    0.00    0.26 ^ clkbuf_1_1__f_clk/A (sky130_fd_sc_hd__clkbuf_16)
                  0.05    0.11    0.37 ^ clkbuf_1_1__f_clk/X (sky130_fd_sc_hd__clkbuf_16)
    14    0.05                           clknet_1_1__leaf_clk (net)
                  0.05    0.00    0.37 ^ _399_/CLK (sky130_fd_sc_hd__dfrtp_4)
                          0.25    0.62   clock uncertainty
                         -0.02    0.59   clock reconvergence pessimism
                         -0.02    0.57   library hold time
                                  0.57   data required time
-----------------------------------------------------------------------------
                                  0.57   data required time
                                 -0.82   data arrival time
-----------------------------------------------------------------------------
                                  0.25   slack (MET)


Startpoint: _413_ (rising edge-triggered flip-flop clocked by clk)
Endpoint: _413_ (rising edge-triggered flip-flop clocked by clk)
Path Group: clk
Path Type: min
Corner: Fastest

Fanout     Cap    Slew   Delay    Time   Description
-----------------------------------------------------------------------------
                          0.00    0.00   clock clk (rise edge)
                          0.00    0.00   clock source latency
                  0.17    0.12    0.12 ^ clk (in)
     1    0.05                           clk (net)
                  0.17    0.00    0.12 ^ clkbuf_0_clk/A (sky130_fd_sc_hd__clkbuf_16)
                  0.04    0.11    0.23 ^ clkbuf_0_clk/X (sky130_fd_sc_hd__clkbuf_16)
     2    0.02                           clknet_0_clk (net)
                  0.04    0.00    0.23 ^ clkbuf_1_0__f_clk/A (sky130_fd_sc_hd__clkbuf_16)
                  0.06    0.10    0.33 ^ clkbuf_1_0__f_clk/X (sky130_fd_sc_hd__clkbuf_16)
    14    0.05                           clknet_1_0__leaf_clk (net)
                  0.06    0.00    0.33 ^ _413_/CLK (sky130_fd_sc_hd__dfrtp_4)
                  0.15    0.33    0.67 ^ _413_/Q (sky130_fd_sc_hd__dfrtp_4)
     3    0.07                           net27 (net)
                  0.15    0.00    0.67 ^ _334_/A (sky130_fd_sc_hd__and3_1)
                  0.04    0.10    0.76 ^ _334_/X (sky130_fd_sc_hd__and3_1)
     1    0.00                           _163_ (net)
                  0.04    0.00    0.76 ^ _335_/A (sky130_fd_sc_hd__clkbuf_1)
                  0.03    0.05    0.81 ^ _335_/X (sky130_fd_sc_hd__clkbuf_1)
     1    0.00                           _039_ (net)
                  0.03    0.00    0.81 ^ _413_/D (sky130_fd_sc_hd__dfrtp_4)
                                  0.81   data arrival time

                          0.00    0.00   clock clk (rise edge)
                          0.00    0.00   clock source latency
                  0.17    0.13    0.13 ^ clk (in)
     1    0.05                           clk (net)
                  0.17    0.00    0.13 ^ clkbuf_0_clk/A (sky130_fd_sc_hd__clkbuf_16)
                  0.04    0.12    0.25 ^ clkbuf_0_clk/X (sky130_fd_sc_hd__clkbuf_16)
     2    0.02                           clknet_0_clk (net)
                  0.04    0.00    0.26 ^ clkbuf_1_0__f_clk/A (sky130_fd_sc_hd__clkbuf_16)
                  0.06    0.11    0.37 ^ clkbuf_1_0__f_clk/X (sky130_fd_sc_hd__clkbuf_16)
    14    0.05                           clknet_1_0__leaf_clk (net)
                  0.06    0.00    0.37 ^ _413_/CLK (sky130_fd_sc_hd__dfrtp_4)
                          0.25    0.62   clock uncertainty
                         -0.03    0.58   clock reconvergence pessimism
                         -0.02    0.56   library hold time
                                  0.56   data required time
-----------------------------------------------------------------------------
                                  0.56   data required time
                                 -0.81   data arrival time
-----------------------------------------------------------------------------
                                  0.25   slack (MET)


Startpoint: _423_ (rising edge-triggered flip-flop clocked by clk)
Endpoint: _423_ (rising edge-triggered flip-flop clocked by clk)
Path Group: clk
Path Type: min
Corner: Fastest

Fanout     Cap    Slew   Delay    Time   Description
-----------------------------------------------------------------------------
                          0.00    0.00   clock clk (rise edge)
                          0.00    0.00   clock source latency
                  0.17    0.12    0.12 ^ clk (in)
     1    0.05                           clk (net)
                  0.17    0.00    0.12 ^ clkbuf_0_clk/A (sky130_fd_sc_hd__clkbuf_16)
                  0.04    0.11    0.23 ^ clkbuf_0_clk/X (sky130_fd_sc_hd__clkbuf_16)
     2    0.02                           clknet_0_clk (net)
                  0.04    0.00    0.23 ^ clkbuf_1_0__f_clk/A (sky130_fd_sc_hd__clkbuf_16)
                  0.06    0.10    0.33 ^ clkbuf_1_0__f_clk/X (sky130_fd_sc_hd__clkbuf_16)
    14    0.05                           clknet_1_0__leaf_clk (net)
                  0.06    0.00    0.33 ^ _423_/CLK (sky130_fd_sc_hd__dfrtp_4)
                  0.11    0.30    0.63 ^ _423_/Q (sky130_fd_sc_hd__dfrtp_4)
     3    0.04                           net15 (net)
                  0.11    0.00    0.63 ^ _210_/A (sky130_fd_sc_hd__and2_1)
                  0.14    0.16    0.79 ^ _210_/X (sky130_fd_sc_hd__and2_1)
     5    0.02                           _196_ (net)
                  0.14    0.00    0.79 ^ _278_/B1 (sky130_fd_sc_hd__a21o_1)
                  0.03    0.05    0.84 ^ _278_/X (sky130_fd_sc_hd__a21o_1)
     1    0.00                           _049_ (net)
                  0.03    0.00    0.84 ^ _423_/D (sky130_fd_sc_hd__dfrtp_4)
                                  0.84   data arrival time

                          0.00    0.00   clock clk (rise edge)
                          0.00    0.00   clock source latency
                  0.17    0.13    0.13 ^ clk (in)
     1    0.05                           clk (net)
                  0.17    0.00    0.13 ^ clkbuf_0_clk/A (sky130_fd_sc_hd__clkbuf_16)
                  0.04    0.12    0.25 ^ clkbuf_0_clk/X (sky130_fd_sc_hd__clkbuf_16)
     2    0.02                           clknet_0_clk (net)
                  0.04    0.00    0.26 ^ clkbuf_1_0__f_clk/A (sky130_fd_sc_hd__clkbuf_16)
                  0.06    0.11    0.37 ^ clkbuf_1_0__f_clk/X (sky130_fd_sc_hd__clkbuf_16)
    14    0.05                           clknet_1_0__leaf_clk (net)
                  0.06    0.00    0.37 ^ _423_/CLK (sky130_fd_sc_hd__dfrtp_4)
                          0.25    0.62   clock uncertainty
                         -0.03    0.58   clock reconvergence pessimism
                         -0.02    0.56   library hold time
                                  0.56   data required time
-----------------------------------------------------------------------------
                                  0.56   data required time
                                 -0.84   data arrival time
-----------------------------------------------------------------------------
                                  0.28   slack (MET)


Startpoint: _422_ (rising edge-triggered flip-flop clocked by clk)
Endpoint: _422_ (rising edge-triggered flip-flop clocked by clk)
Path Group: clk
Path Type: min
Corner: Fastest

Fanout     Cap    Slew   Delay    Time   Description
-----------------------------------------------------------------------------
                          0.00    0.00   clock clk (rise edge)
                          0.00    0.00   clock source latency
                  0.17    0.12    0.12 ^ clk (in)
     1    0.05                           clk (net)
                  0.17    0.00    0.12 ^ clkbuf_0_clk/A (sky130_fd_sc_hd__clkbuf_16)
                  0.04    0.11    0.23 ^ clkbuf_0_clk/X (sky130_fd_sc_hd__clkbuf_16)
     2    0.02                           clknet_0_clk (net)
                  0.04    0.00    0.23 ^ clkbuf_1_0__f_clk/A (sky130_fd_sc_hd__clkbuf_16)
                  0.06    0.10    0.33 ^ clkbuf_1_0__f_clk/X (sky130_fd_sc_hd__clkbuf_16)
    14    0.05                           clknet_1_0__leaf_clk (net)
                  0.06    0.00    0.33 ^ _422_/CLK (sky130_fd_sc_hd__dfrtp_4)
                  0.11    0.31    0.64 ^ _422_/Q (sky130_fd_sc_hd__dfrtp_4)
     5    0.05                           net14 (net)
                  0.11    0.00    0.64 ^ _214_/A (sky130_fd_sc_hd__and2_1)
                  0.08    0.12    0.76 ^ _214_/X (sky130_fd_sc_hd__and2_1)
     3    0.01                           _055_ (net)
                  0.08    0.00    0.76 ^ _280_/A (sky130_fd_sc_hd__or2_1)
                  0.04    0.07    0.83 ^ _280_/X (sky130_fd_sc_hd__or2_1)
     1    0.00                           _118_ (net)
                  0.04    0.00    0.83 ^ _281_/A (sky130_fd_sc_hd__clkbuf_1)
                  0.04    0.05    0.88 ^ _281_/X (sky130_fd_sc_hd__clkbuf_1)
     1    0.00                           _048_ (net)
                  0.04    0.00    0.88 ^ _422_/D (sky130_fd_sc_hd__dfrtp_4)
                                  0.88   data arrival time

                          0.00    0.00   clock clk (rise edge)
                          0.00    0.00   clock source latency
                  0.17    0.13    0.13 ^ clk (in)
     1    0.05                           clk (net)
                  0.17    0.00    0.13 ^ clkbuf_0_clk/A (sky130_fd_sc_hd__clkbuf_16)
                  0.04    0.12    0.25 ^ clkbuf_0_clk/X (sky130_fd_sc_hd__clkbuf_16)
     2    0.02                           clknet_0_clk (net)
                  0.04    0.00    0.26 ^ clkbuf_1_0__f_clk/A (sky130_fd_sc_hd__clkbuf_16)
                  0.06    0.11    0.37 ^ clkbuf_1_0__f_clk/X (sky130_fd_sc_hd__clkbuf_16)
    14    0.05                           clknet_1_0__leaf_clk (net)
                  0.06    0.00    0.37 ^ _422_/CLK (sky130_fd_sc_hd__dfrtp_4)
                          0.25    0.62   clock uncertainty
                         -0.03    0.58   clock reconvergence pessimism
                         -0.02    0.57   library hold time
                                  0.57   data required time
-----------------------------------------------------------------------------
                                  0.57   data required time
                                 -0.88   data arrival time
-----------------------------------------------------------------------------
                                  0.32   slack (MET)


Startpoint: _425_ (rising edge-triggered flip-flop clocked by clk)
Endpoint: _425_ (rising edge-triggered flip-flop clocked by clk)
Path Group: clk
Path Type: min
Corner: Fastest

Fanout     Cap    Slew   Delay    Time   Description
-----------------------------------------------------------------------------
                          0.00    0.00   clock clk (rise edge)
                          0.00    0.00   clock source latency
                  0.17    0.12    0.12 ^ clk (in)
     1    0.05                           clk (net)
                  0.17    0.00    0.12 ^ clkbuf_0_clk/A (sky130_fd_sc_hd__clkbuf_16)
                  0.04    0.11    0.23 ^ clkbuf_0_clk/X (sky130_fd_sc_hd__clkbuf_16)
     2    0.02                           clknet_0_clk (net)
                  0.04    0.00    0.23 ^ clkbuf_1_0__f_clk/A (sky130_fd_sc_hd__clkbuf_16)
                  0.06    0.10    0.33 ^ clkbuf_1_0__f_clk/X (sky130_fd_sc_hd__clkbuf_16)
    14    0.05                           clknet_1_0__leaf_clk (net)
                  0.06    0.00    0.33 ^ _425_/CLK (sky130_fd_sc_hd__dfrtp_4)
                  0.10    0.29    0.63 ^ _425_/Q (sky130_fd_sc_hd__dfrtp_4)
     3    0.04                           net17 (net)
                  0.10    0.00    0.63 ^ _199_/A (sky130_fd_sc_hd__and2_2)
                  0.08    0.13    0.76 ^ _199_/X (sky130_fd_sc_hd__and2_2)
     7    0.02                           _185_ (net)
                  0.08    0.00    0.76 ^ _268_/A (sky130_fd_sc_hd__or2_1)
                  0.04    0.07    0.83 ^ _268_/X (sky130_fd_sc_hd__or2_1)
     1    0.00                           _109_ (net)
                  0.04    0.00    0.83 ^ _269_/A (sky130_fd_sc_hd__clkbuf_1)
                  0.03    0.05    0.89 ^ _269_/X (sky130_fd_sc_hd__clkbuf_1)
     1    0.00                           _051_ (net)
                  0.03    0.00    0.89 ^ _425_/D (sky130_fd_sc_hd__dfrtp_4)
                                  0.89   data arrival time

                          0.00    0.00   clock clk (rise edge)
                          0.00    0.00   clock source latency
                  0.17    0.13    0.13 ^ clk (in)
     1    0.05                           clk (net)
                  0.17    0.00    0.13 ^ clkbuf_0_clk/A (sky130_fd_sc_hd__clkbuf_16)
                  0.04    0.12    0.25 ^ clkbuf_0_clk/X (sky130_fd_sc_hd__clkbuf_16)
     2    0.02                           clknet_0_clk (net)
                  0.04    0.00    0.26 ^ clkbuf_1_0__f_clk/A (sky130_fd_sc_hd__clkbuf_16)
                  0.06    0.11    0.37 ^ clkbuf_1_0__f_clk/X (sky130_fd_sc_hd__clkbuf_16)
    14    0.05                           clknet_1_0__leaf_clk (net)
                  0.06    0.00    0.37 ^ _425_/CLK (sky130_fd_sc_hd__dfrtp_4)
                          0.25    0.62   clock uncertainty
                         -0.03    0.58   clock reconvergence pessimism
                         -0.02    0.56   library hold time
                                  0.56   data required time
-----------------------------------------------------------------------------
                                  0.56   data required time
                                 -0.89   data arrival time
-----------------------------------------------------------------------------
                                  0.32   slack (MET)


Startpoint: _399_ (rising edge-triggered flip-flop clocked by clk)
Endpoint: _412_ (rising edge-triggered flip-flop clocked by clk)
Path Group: clk
Path Type: min
Corner: Fastest

Fanout     Cap    Slew   Delay    Time   Description
-----------------------------------------------------------------------------
                          0.00    0.00   clock clk (rise edge)
                          0.00    0.00   clock source latency
                  0.17    0.12    0.12 ^ clk (in)
     1    0.05                           clk (net)
                  0.17    0.00    0.12 ^ clkbuf_0_clk/A (sky130_fd_sc_hd__clkbuf_16)
                  0.04    0.11    0.23 ^ clkbuf_0_clk/X (sky130_fd_sc_hd__clkbuf_16)
     2    0.02                           clknet_0_clk (net)
                  0.04    0.00    0.23 ^ clkbuf_1_1__f_clk/A (sky130_fd_sc_hd__clkbuf_16)
                  0.05    0.10    0.33 ^ clkbuf_1_1__f_clk/X (sky130_fd_sc_hd__clkbuf_16)
    14    0.05                           clknet_1_1__leaf_clk (net)
                  0.05    0.00    0.33 ^ _399_/CLK (sky130_fd_sc_hd__dfrtp_4)
                  0.10    0.30    0.63 ^ _399_/Q (sky130_fd_sc_hd__dfrtp_4)
     9    0.04                           U_PC.pc[1] (net)
                  0.10    0.00    0.63 ^ _265_/A (sky130_fd_sc_hd__and2_1)
                  0.03    0.08    0.71 ^ _265_/X (sky130_fd_sc_hd__and2_1)
     1    0.00                           _106_ (net)
                  0.03    0.00    0.71 ^ _266_/A (sky130_fd_sc_hd__clkbuf_4)
                  0.11    0.13    0.84 ^ _266_/X (sky130_fd_sc_hd__clkbuf_4)
     9    0.04                           _107_ (net)
                  0.11    0.00    0.84 ^ _336_/B1 (sky130_fd_sc_hd__a21o_1)
                  0.03    0.05    0.89 ^ _336_/X (sky130_fd_sc_hd__a21o_1)
     1    0.00                           _038_ (net)
                  0.03    0.00    0.89 ^ _412_/D (sky130_fd_sc_hd__dfrtp_2)
                                  0.89   data arrival time

                          0.00    0.00   clock clk (rise edge)
                          0.00    0.00   clock source latency
                  0.17    0.13    0.13 ^ clk (in)
     1    0.05                           clk (net)
                  0.17    0.00    0.13 ^ clkbuf_0_clk/A (sky130_fd_sc_hd__clkbuf_16)
                  0.04    0.12    0.25 ^ clkbuf_0_clk/X (sky130_fd_sc_hd__clkbuf_16)
     2    0.02                           clknet_0_clk (net)
                  0.04    0.00    0.26 ^ clkbuf_1_1__f_clk/A (sky130_fd_sc_hd__clkbuf_16)
                  0.05    0.11    0.37 ^ clkbuf_1_1__f_clk/X (sky130_fd_sc_hd__clkbuf_16)
    14    0.05                           clknet_1_1__leaf_clk (net)
                  0.05    0.00    0.37 ^ _412_/CLK (sky130_fd_sc_hd__dfrtp_2)
                          0.25    0.62   clock uncertainty
                         -0.03    0.58   clock reconvergence pessimism
                         -0.02    0.56   library hold time
                                  0.56   data required time
-----------------------------------------------------------------------------
                                  0.56   data required time
                                 -0.89   data arrival time
-----------------------------------------------------------------------------
                                  0.33   slack (MET)


Startpoint: _406_ (rising edge-triggered flip-flop clocked by clk)
Endpoint: _406_ (rising edge-triggered flip-flop clocked by clk)
Path Group: clk
Path Type: min
Corner: Fastest

Fanout     Cap    Slew   Delay    Time   Description
-----------------------------------------------------------------------------
                          0.00    0.00   clock clk (rise edge)
                          0.00    0.00   clock source latency
                  0.17    0.12    0.12 ^ clk (in)
     1    0.05                           clk (net)
                  0.17    0.00    0.12 ^ clkbuf_0_clk/A (sky130_fd_sc_hd__clkbuf_16)
                  0.04    0.11    0.23 ^ clkbuf_0_clk/X (sky130_fd_sc_hd__clkbuf_16)
     2    0.02                           clknet_0_clk (net)
                  0.04    0.00    0.23 ^ clkbuf_1_0__f_clk/A (sky130_fd_sc_hd__clkbuf_16)
                  0.06    0.10    0.33 ^ clkbuf_1_0__f_clk/X (sky130_fd_sc_hd__clkbuf_16)
    14    0.05                           clknet_1_0__leaf_clk (net)
                  0.06    0.00    0.33 ^ _406_/CLK (sky130_fd_sc_hd__dfrtp_2)
                  0.10    0.26    0.59 ^ _406_/Q (sky130_fd_sc_hd__dfrtp_2)
     3    0.02                           net6 (net)
                  0.10    0.00    0.59 ^ _212_/A (sky130_fd_sc_hd__and3_1)
                  0.10    0.14    0.73 ^ _212_/X (sky130_fd_sc_hd__and3_1)
     4    0.01                           _053_ (net)
                  0.10    0.00    0.73 ^ _306_/A (sky130_fd_sc_hd__or2_1)
                  0.04    0.08    0.81 ^ _306_/X (sky130_fd_sc_hd__or2_1)
     2    0.00                           _139_ (net)
                  0.04    0.00    0.81 ^ _347_/B (sky130_fd_sc_hd__or3b_1)
                  0.03    0.06    0.87 ^ _347_/X (sky130_fd_sc_hd__or3b_1)
     1    0.00                           _169_ (net)
                  0.03    0.00    0.87 ^ _348_/B1 (sky130_fd_sc_hd__o21a_1)
                  0.03    0.05    0.92 ^ _348_/X (sky130_fd_sc_hd__o21a_1)
     1    0.00                           _032_ (net)
                  0.03    0.00    0.92 ^ _406_/D (sky130_fd_sc_hd__dfrtp_2)
                                  0.92   data arrival time

                          0.00    0.00   clock clk (rise edge)
                          0.00    0.00   clock source latency
                  0.17    0.13    0.13 ^ clk (in)
     1    0.05                           clk (net)
                  0.17    0.00    0.13 ^ clkbuf_0_clk/A (sky130_fd_sc_hd__clkbuf_16)
                  0.04    0.12    0.25 ^ clkbuf_0_clk/X (sky130_fd_sc_hd__clkbuf_16)
     2    0.02                           clknet_0_clk (net)
                  0.04    0.00    0.26 ^ clkbuf_1_0__f_clk/A (sky130_fd_sc_hd__clkbuf_16)
                  0.06    0.11    0.37 ^ clkbuf_1_0__f_clk/X (sky130_fd_sc_hd__clkbuf_16)
    14    0.05                           clknet_1_0__leaf_clk (net)
                  0.06    0.00    0.37 ^ _406_/CLK (sky130_fd_sc_hd__dfrtp_2)
                          0.25    0.62   clock uncertainty
                         -0.03    0.58   clock reconvergence pessimism
                         -0.02    0.57   library hold time
                                  0.57   data required time
-----------------------------------------------------------------------------
                                  0.57   data required time
                                 -0.92   data arrival time
-----------------------------------------------------------------------------
                                  0.36   slack (MET)


Startpoint: rst (input port clocked by clk)
Endpoint: _425_ (removal check against rising-edge clock clk)
Path Group: asynchronous
Path Type: min
Corner: Fastest

Fanout     Cap    Slew   Delay    Time   Description
-----------------------------------------------------------------------------
                          0.00    0.00   clock clk (rise edge)
                          0.00    0.00   clock network delay (propagated)
                          4.00    4.00 v input external delay
                  0.01    0.00    4.00 v rst (in)
     1    0.00                           rst (net)
                  0.01    0.00    4.00 v input1/A (sky130_fd_sc_hd__buf_1)
                  0.06    0.08    4.08 v input1/X (sky130_fd_sc_hd__buf_1)
     1    0.01                           net1 (net)
                  0.06    0.00    4.08 v _367_/A (sky130_fd_sc_hd__buf_4)
                  0.06    0.13    4.21 v _367_/X (sky130_fd_sc_hd__buf_4)
    10    0.05                           _180_ (net)
                  0.06    0.00    4.21 v _397_/A (sky130_fd_sc_hd__inv_2)
                  0.03    0.04    4.25 ^ _397_/Y (sky130_fd_sc_hd__inv_2)
     1    0.00                           _027_ (net)
                  0.03    0.00    4.25 ^ _425_/RESET_B (sky130_fd_sc_hd__dfrtp_4)
                                  4.25   data arrival time

                          0.00    0.00   clock clk (rise edge)
                          0.00    0.00   clock source latency
                  0.17    0.13    0.13 ^ clk (in)
     1    0.05                           clk (net)
                  0.17    0.00    0.13 ^ clkbuf_0_clk/A (sky130_fd_sc_hd__clkbuf_16)
                  0.04    0.12    0.25 ^ clkbuf_0_clk/X (sky130_fd_sc_hd__clkbuf_16)
     2    0.02                           clknet_0_clk (net)
                  0.04    0.00    0.26 ^ clkbuf_1_0__f_clk/A (sky130_fd_sc_hd__clkbuf_16)
                  0.06    0.11    0.37 ^ clkbuf_1_0__f_clk/X (sky130_fd_sc_hd__clkbuf_16)
    14    0.05                           clknet_1_0__leaf_clk (net)
                  0.06    0.00    0.37 ^ _425_/CLK (sky130_fd_sc_hd__dfrtp_4)
                          0.25    0.62   clock uncertainty
                          0.00    0.62   clock reconvergence pessimism
                          0.20    0.82   library removal time
                                  0.82   data required time
-----------------------------------------------------------------------------
                                  0.82   data required time
                                 -4.25   data arrival time
-----------------------------------------------------------------------------
                                  3.43   slack (MET)


Startpoint: rst (input port clocked by clk)
Endpoint: _424_ (removal check against rising-edge clock clk)
Path Group: asynchronous
Path Type: min
Corner: Fastest

Fanout     Cap    Slew   Delay    Time   Description
-----------------------------------------------------------------------------
                          0.00    0.00   clock clk (rise edge)
                          0.00    0.00   clock network delay (propagated)
                          4.00    4.00 v input external delay
                  0.01    0.00    4.00 v rst (in)
     1    0.00                           rst (net)
                  0.01    0.00    4.00 v input1/A (sky130_fd_sc_hd__buf_1)
                  0.06    0.08    4.08 v input1/X (sky130_fd_sc_hd__buf_1)
     1    0.01                           net1 (net)
                  0.06    0.00    4.08 v _367_/A (sky130_fd_sc_hd__buf_4)
                  0.06    0.13    4.21 v _367_/X (sky130_fd_sc_hd__buf_4)
    10    0.05                           _180_ (net)
                  0.06    0.00    4.21 v _396_/A (sky130_fd_sc_hd__inv_2)
                  0.03    0.04    4.25 ^ _396_/Y (sky130_fd_sc_hd__inv_2)
     1    0.00                           _026_ (net)
                  0.03    0.00    4.25 ^ _424_/RESET_B (sky130_fd_sc_hd__dfrtp_4)
                                  4.25   data arrival time

                          0.00    0.00   clock clk (rise edge)
                          0.00    0.00   clock source latency
                  0.17    0.13    0.13 ^ clk (in)
     1    0.05                           clk (net)
                  0.17    0.00    0.13 ^ clkbuf_0_clk/A (sky130_fd_sc_hd__clkbuf_16)
                  0.04    0.12    0.25 ^ clkbuf_0_clk/X (sky130_fd_sc_hd__clkbuf_16)
     2    0.02                           clknet_0_clk (net)
                  0.04    0.00    0.26 ^ clkbuf_1_0__f_clk/A (sky130_fd_sc_hd__clkbuf_16)
                  0.06    0.11    0.37 ^ clkbuf_1_0__f_clk/X (sky130_fd_sc_hd__clkbuf_16)
    14    0.05                           clknet_1_0__leaf_clk (net)
                  0.06    0.00    0.37 ^ _424_/CLK (sky130_fd_sc_hd__dfrtp_4)
                          0.25    0.62   clock uncertainty
                          0.00    0.62   clock reconvergence pessimism
                          0.20    0.82   library removal time
                                  0.82   data required time
-----------------------------------------------------------------------------
                                  0.82   data required time
                                 -4.25   data arrival time
-----------------------------------------------------------------------------
                                  3.43   slack (MET)


Startpoint: rst (input port clocked by clk)
Endpoint: _422_ (removal check against rising-edge clock clk)
Path Group: asynchronous
Path Type: min
Corner: Fastest

Fanout     Cap    Slew   Delay    Time   Description
-----------------------------------------------------------------------------
                          0.00    0.00   clock clk (rise edge)
                          0.00    0.00   clock network delay (propagated)
                          4.00    4.00 v input external delay
                  0.01    0.00    4.00 v rst (in)
     1    0.00                           rst (net)
                  0.01    0.00    4.00 v input1/A (sky130_fd_sc_hd__buf_1)
                  0.06    0.08    4.08 v input1/X (sky130_fd_sc_hd__buf_1)
     1    0.01                           net1 (net)
                  0.06    0.00    4.08 v _367_/A (sky130_fd_sc_hd__buf_4)
                  0.06    0.13    4.21 v _367_/X (sky130_fd_sc_hd__buf_4)
    10    0.05                           _180_ (net)
                  0.06    0.00    4.21 v _394_/A (sky130_fd_sc_hd__inv_2)
                  0.03    0.04    4.25 ^ _394_/Y (sky130_fd_sc_hd__inv_2)
     1    0.00                           _024_ (net)
                  0.03    0.00    4.25 ^ _422_/RESET_B (sky130_fd_sc_hd__dfrtp_4)
                                  4.25   data arrival time

                          0.00    0.00   clock clk (rise edge)
                          0.00    0.00   clock source latency
                  0.17    0.13    0.13 ^ clk (in)
     1    0.05                           clk (net)
                  0.17    0.00    0.13 ^ clkbuf_0_clk/A (sky130_fd_sc_hd__clkbuf_16)
                  0.04    0.12    0.25 ^ clkbuf_0_clk/X (sky130_fd_sc_hd__clkbuf_16)
     2    0.02                           clknet_0_clk (net)
                  0.04    0.00    0.26 ^ clkbuf_1_0__f_clk/A (sky130_fd_sc_hd__clkbuf_16)
                  0.06    0.11    0.37 ^ clkbuf_1_0__f_clk/X (sky130_fd_sc_hd__clkbuf_16)
    14    0.05                           clknet_1_0__leaf_clk (net)
                  0.06    0.00    0.37 ^ _422_/CLK (sky130_fd_sc_hd__dfrtp_4)
                          0.25    0.62   clock uncertainty
                          0.00    0.62   clock reconvergence pessimism
                          0.20    0.82   library removal time
                                  0.82   data required time
-----------------------------------------------------------------------------
                                  0.82   data required time
                                 -4.25   data arrival time
-----------------------------------------------------------------------------
                                  3.43   slack (MET)


Startpoint: rst (input port clocked by clk)
Endpoint: _420_ (removal check against rising-edge clock clk)
Path Group: asynchronous
Path Type: min
Corner: Fastest

Fanout     Cap    Slew   Delay    Time   Description
-----------------------------------------------------------------------------
                          0.00    0.00   clock clk (rise edge)
                          0.00    0.00   clock network delay (propagated)
                          4.00    4.00 v input external delay
                  0.01    0.00    4.00 v rst (in)
     1    0.00                           rst (net)
                  0.01    0.00    4.00 v input1/A (sky130_fd_sc_hd__buf_1)
                  0.06    0.08    4.08 v input1/X (sky130_fd_sc_hd__buf_1)
     1    0.01                           net1 (net)
                  0.06    0.00    4.08 v _367_/A (sky130_fd_sc_hd__buf_4)
                  0.06    0.13    4.21 v _367_/X (sky130_fd_sc_hd__buf_4)
    10    0.05                           _180_ (net)
                  0.06    0.00    4.21 v _392_/A (sky130_fd_sc_hd__inv_2)
                  0.03    0.04    4.25 ^ _392_/Y (sky130_fd_sc_hd__inv_2)
     1    0.00                           _022_ (net)
                  0.03    0.00    4.25 ^ _420_/RESET_B (sky130_fd_sc_hd__dfrtp_4)
                                  4.25   data arrival time

                          0.00    0.00   clock clk (rise edge)
                          0.00    0.00   clock source latency
                  0.17    0.13    0.13 ^ clk (in)
     1    0.05                           clk (net)
                  0.17    0.00    0.13 ^ clkbuf_0_clk/A (sky130_fd_sc_hd__clkbuf_16)
                  0.04    0.12    0.25 ^ clkbuf_0_clk/X (sky130_fd_sc_hd__clkbuf_16)
     2    0.02                           clknet_0_clk (net)
                  0.04    0.00    0.26 ^ clkbuf_1_1__f_clk/A (sky130_fd_sc_hd__clkbuf_16)
                  0.05    0.11    0.37 ^ clkbuf_1_1__f_clk/X (sky130_fd_sc_hd__clkbuf_16)
    14    0.05                           clknet_1_1__leaf_clk (net)
                  0.05    0.00    0.37 ^ _420_/CLK (sky130_fd_sc_hd__dfrtp_4)
                          0.25    0.62   clock uncertainty
                          0.00    0.62   clock reconvergence pessimism
                          0.20    0.82   library removal time
                                  0.82   data required time
-----------------------------------------------------------------------------
                                  0.82   data required time
                                 -4.25   data arrival time
-----------------------------------------------------------------------------
                                  3.44   slack (MET)


Startpoint: rst (input port clocked by clk)
Endpoint: _419_ (removal check against rising-edge clock clk)
Path Group: asynchronous
Path Type: min
Corner: Fastest

Fanout     Cap    Slew   Delay    Time   Description
-----------------------------------------------------------------------------
                          0.00    0.00   clock clk (rise edge)
                          0.00    0.00   clock network delay (propagated)
                          4.00    4.00 v input external delay
                  0.01    0.00    4.00 v rst (in)
     1    0.00                           rst (net)
                  0.01    0.00    4.00 v input1/A (sky130_fd_sc_hd__buf_1)
                  0.06    0.08    4.08 v input1/X (sky130_fd_sc_hd__buf_1)
     1    0.01                           net1 (net)
                  0.06    0.00    4.08 v _367_/A (sky130_fd_sc_hd__buf_4)
                  0.06    0.13    4.21 v _367_/X (sky130_fd_sc_hd__buf_4)
    10    0.05                           _180_ (net)
                  0.06    0.00    4.22 v _391_/A (sky130_fd_sc_hd__inv_2)
                  0.03    0.04    4.25 ^ _391_/Y (sky130_fd_sc_hd__inv_2)
     1    0.00                           _021_ (net)
                  0.03    0.00    4.25 ^ _419_/RESET_B (sky130_fd_sc_hd__dfrtp_4)
                                  4.25   data arrival time

                          0.00    0.00   clock clk (rise edge)
                          0.00    0.00   clock source latency
                  0.17    0.13    0.13 ^ clk (in)
     1    0.05                           clk (net)
                  0.17    0.00    0.13 ^ clkbuf_0_clk/A (sky130_fd_sc_hd__clkbuf_16)
                  0.04    0.12    0.25 ^ clkbuf_0_clk/X (sky130_fd_sc_hd__clkbuf_16)
     2    0.02                           clknet_0_clk (net)
                  0.04    0.00    0.26 ^ clkbuf_1_1__f_clk/A (sky130_fd_sc_hd__clkbuf_16)
                  0.05    0.11    0.37 ^ clkbuf_1_1__f_clk/X (sky130_fd_sc_hd__clkbuf_16)
    14    0.05                           clknet_1_1__leaf_clk (net)
                  0.05    0.00    0.37 ^ _419_/CLK (sky130_fd_sc_hd__dfrtp_4)
                          0.25    0.62   clock uncertainty
                          0.00    0.62   clock reconvergence pessimism
                          0.20    0.82   library removal time
                                  0.82   data required time
-----------------------------------------------------------------------------
                                  0.82   data required time
                                 -4.25   data arrival time
-----------------------------------------------------------------------------
                                  3.44   slack (MET)


Startpoint: rst (input port clocked by clk)
Endpoint: _418_ (removal check against rising-edge clock clk)
Path Group: asynchronous
Path Type: min
Corner: Fastest

Fanout     Cap    Slew   Delay    Time   Description
-----------------------------------------------------------------------------
                          0.00    0.00   clock clk (rise edge)
                          0.00    0.00   clock network delay (propagated)
                          4.00    4.00 v input external delay
                  0.01    0.00    4.00 v rst (in)
     1    0.00                           rst (net)
                  0.01    0.00    4.00 v input1/A (sky130_fd_sc_hd__buf_1)
                  0.06    0.08    4.08 v input1/X (sky130_fd_sc_hd__buf_1)
     1    0.01                           net1 (net)
                  0.06    0.00    4.08 v _367_/A (sky130_fd_sc_hd__buf_4)
                  0.06    0.13    4.21 v _367_/X (sky130_fd_sc_hd__buf_4)
    10    0.05                           _180_ (net)
                  0.06    0.00    4.22 v _390_/A (sky130_fd_sc_hd__inv_2)
                  0.03    0.04    4.25 ^ _390_/Y (sky130_fd_sc_hd__inv_2)
     1    0.00                           _020_ (net)
                  0.03    0.00    4.25 ^ _418_/RESET_B (sky130_fd_sc_hd__dfrtp_4)
                                  4.25   data arrival time

                          0.00    0.00   clock clk (rise edge)
                          0.00    0.00   clock source latency
                  0.17    0.13    0.13 ^ clk (in)
     1    0.05                           clk (net)
                  0.17    0.00    0.13 ^ clkbuf_0_clk/A (sky130_fd_sc_hd__clkbuf_16)
                  0.04    0.12    0.25 ^ clkbuf_0_clk/X (sky130_fd_sc_hd__clkbuf_16)
     2    0.02                           clknet_0_clk (net)
                  0.04    0.00    0.26 ^ clkbuf_1_1__f_clk/A (sky130_fd_sc_hd__clkbuf_16)
                  0.05    0.11    0.37 ^ clkbuf_1_1__f_clk/X (sky130_fd_sc_hd__clkbuf_16)
    14    0.05                           clknet_1_1__leaf_clk (net)
                  0.05    0.00    0.37 ^ _418_/CLK (sky130_fd_sc_hd__dfrtp_4)
                          0.25    0.62   clock uncertainty
                          0.00    0.62   clock reconvergence pessimism
                          0.20    0.82   library removal time
                                  0.82   data required time
-----------------------------------------------------------------------------
                                  0.82   data required time
                                 -4.25   data arrival time
-----------------------------------------------------------------------------
                                  3.44   slack (MET)


Startpoint: rst (input port clocked by clk)
Endpoint: _421_ (removal check against rising-edge clock clk)
Path Group: asynchronous
Path Type: min
Corner: Fastest

Fanout     Cap    Slew   Delay    Time   Description
-----------------------------------------------------------------------------
                          0.00    0.00   clock clk (rise edge)
                          0.00    0.00   clock network delay (propagated)
                          4.00    4.00 v input external delay
                  0.01    0.00    4.00 v rst (in)
     1    0.00                           rst (net)
                  0.01    0.00    4.00 v input1/A (sky130_fd_sc_hd__buf_1)
                  0.06    0.08    4.08 v input1/X (sky130_fd_sc_hd__buf_1)
     1    0.01                           net1 (net)
                  0.06    0.00    4.08 v _367_/A (sky130_fd_sc_hd__buf_4)
                  0.06    0.13    4.21 v _367_/X (sky130_fd_sc_hd__buf_4)
    10    0.05                           _180_ (net)
                  0.06    0.00    4.22 v _393_/A (sky130_fd_sc_hd__inv_2)
                  0.03    0.04    4.25 ^ _393_/Y (sky130_fd_sc_hd__inv_2)
     1    0.00                           _023_ (net)
                  0.03    0.00    4.25 ^ _421_/RESET_B (sky130_fd_sc_hd__dfrtp_4)
                                  4.25   data arrival time

                          0.00    0.00   clock clk (rise edge)
                          0.00    0.00   clock source latency
                  0.17    0.13    0.13 ^ clk (in)
     1    0.05                           clk (net)
                  0.17    0.00    0.13 ^ clkbuf_0_clk/A (sky130_fd_sc_hd__clkbuf_16)
                  0.04    0.12    0.25 ^ clkbuf_0_clk/X (sky130_fd_sc_hd__clkbuf_16)
     2    0.02                           clknet_0_clk (net)
                  0.04    0.00    0.26 ^ clkbuf_1_1__f_clk/A (sky130_fd_sc_hd__clkbuf_16)
                  0.05    0.11    0.37 ^ clkbuf_1_1__f_clk/X (sky130_fd_sc_hd__clkbuf_16)
    14    0.05                           clknet_1_1__leaf_clk (net)
                  0.05    0.00    0.37 ^ _421_/CLK (sky130_fd_sc_hd__dfrtp_4)
                          0.25    0.62   clock uncertainty
                          0.00    0.62   clock reconvergence pessimism
                          0.20    0.82   library removal time
                                  0.82   data required time
-----------------------------------------------------------------------------
                                  0.82   data required time
                                 -4.25   data arrival time
-----------------------------------------------------------------------------
                                  3.44   slack (MET)


Startpoint: rst (input port clocked by clk)
Endpoint: _423_ (removal check against rising-edge clock clk)
Path Group: asynchronous
Path Type: min
Corner: Fastest

Fanout     Cap    Slew   Delay    Time   Description
-----------------------------------------------------------------------------
                          0.00    0.00   clock clk (rise edge)
                          0.00    0.00   clock network delay (propagated)
                          4.00    4.00 v input external delay
                  0.01    0.00    4.00 v rst (in)
     1    0.00                           rst (net)
                  0.01    0.00    4.00 v input1/A (sky130_fd_sc_hd__buf_1)
                  0.06    0.08    4.08 v input1/X (sky130_fd_sc_hd__buf_1)
     1    0.01                           net1 (net)
                  0.06    0.00    4.08 v _367_/A (sky130_fd_sc_hd__buf_4)
                  0.06    0.13    4.21 v _367_/X (sky130_fd_sc_hd__buf_4)
    10    0.05                           _180_ (net)
                  0.06    0.00    4.21 v _395_/A (sky130_fd_sc_hd__inv_2)
                  0.04    0.05    4.27 ^ _395_/Y (sky130_fd_sc_hd__inv_2)
     1    0.01                           _025_ (net)
                  0.04    0.00    4.27 ^ _423_/RESET_B (sky130_fd_sc_hd__dfrtp_4)
                                  4.27   data arrival time

                          0.00    0.00   clock clk (rise edge)
                          0.00    0.00   clock source latency
                  0.17    0.13    0.13 ^ clk (in)
     1    0.05                           clk (net)
                  0.17    0.00    0.13 ^ clkbuf_0_clk/A (sky130_fd_sc_hd__clkbuf_16)
                  0.04    0.12    0.25 ^ clkbuf_0_clk/X (sky130_fd_sc_hd__clkbuf_16)
     2    0.02                           clknet_0_clk (net)
                  0.04    0.00    0.26 ^ clkbuf_1_0__f_clk/A (sky130_fd_sc_hd__clkbuf_16)
                  0.06    0.11    0.37 ^ clkbuf_1_0__f_clk/X (sky130_fd_sc_hd__clkbuf_16)
    14    0.05                           clknet_1_0__leaf_clk (net)
                  0.06    0.00    0.37 ^ _423_/CLK (sky130_fd_sc_hd__dfrtp_4)
                          0.25    0.62   clock uncertainty
                          0.00    0.62   clock reconvergence pessimism
                          0.20    0.82   library removal time
                                  0.82   data required time
-----------------------------------------------------------------------------
                                  0.82   data required time
                                 -4.27   data arrival time
-----------------------------------------------------------------------------
                                  3.44   slack (MET)


Startpoint: rst (input port clocked by clk)
Endpoint: _408_ (removal check against rising-edge clock clk)
Path Group: asynchronous
Path Type: min
Corner: Fastest

Fanout     Cap    Slew   Delay    Time   Description
-----------------------------------------------------------------------------
                          0.00    0.00   clock clk (rise edge)
                          0.00    0.00   clock network delay (propagated)
                          4.00    4.00 v input external delay
                  0.01    0.00    4.00 v rst (in)
     1    0.00                           rst (net)
                  0.01    0.00    4.00 v input1/A (sky130_fd_sc_hd__buf_1)
                  0.06    0.08    4.08 v input1/X (sky130_fd_sc_hd__buf_1)
     1    0.01                           net1 (net)
                  0.06    0.00    4.08 v _367_/A (sky130_fd_sc_hd__buf_4)
                  0.06    0.13    4.21 v _367_/X (sky130_fd_sc_hd__buf_4)
    10    0.05                           _180_ (net)
                  0.06    0.00    4.21 v _379_/A (sky130_fd_sc_hd__buf_4)
                  0.07    0.14    4.35 v _379_/X (sky130_fd_sc_hd__buf_4)
    10    0.06                           _182_ (net)
                  0.07    0.00    4.35 v _380_/A (sky130_fd_sc_hd__inv_2)
                  0.03    0.04    4.39 ^ _380_/Y (sky130_fd_sc_hd__inv_2)
     1    0.00                           _010_ (net)
                  0.03    0.00    4.39 ^ _408_/RESET_B (sky130_fd_sc_hd__dfrtp_4)
                                  4.39   data arrival time

                          0.00    0.00   clock clk (rise edge)
                          0.00    0.00   clock source latency
                  0.17    0.13    0.13 ^ clk (in)
     1    0.05                           clk (net)
                  0.17    0.00    0.13 ^ clkbuf_0_clk/A (sky130_fd_sc_hd__clkbuf_16)
                  0.04    0.12    0.25 ^ clkbuf_0_clk/X (sky130_fd_sc_hd__clkbuf_16)
     2    0.02                           clknet_0_clk (net)
                  0.04    0.00    0.26 ^ clkbuf_1_0__f_clk/A (sky130_fd_sc_hd__clkbuf_16)
                  0.06    0.11    0.37 ^ clkbuf_1_0__f_clk/X (sky130_fd_sc_hd__clkbuf_16)
    14    0.05                           clknet_1_0__leaf_clk (net)
                  0.06    0.00    0.37 ^ _408_/CLK (sky130_fd_sc_hd__dfrtp_4)
                          0.25    0.62   clock uncertainty
                          0.00    0.62   clock reconvergence pessimism
                          0.20    0.82   library removal time
                                  0.82   data required time
-----------------------------------------------------------------------------
                                  0.82   data required time
                                 -4.39   data arrival time
-----------------------------------------------------------------------------
                                  3.57   slack (MET)


Startpoint: rst (input port clocked by clk)
Endpoint: _416_ (removal check against rising-edge clock clk)
Path Group: asynchronous
Path Type: min
Corner: Fastest

Fanout     Cap    Slew   Delay    Time   Description
-----------------------------------------------------------------------------
                          0.00    0.00   clock clk (rise edge)
                          0.00    0.00   clock network delay (propagated)
                          4.00    4.00 v input external delay
                  0.01    0.00    4.00 v rst (in)
     1    0.00                           rst (net)
                  0.01    0.00    4.00 v input1/A (sky130_fd_sc_hd__buf_1)
                  0.06    0.08    4.08 v input1/X (sky130_fd_sc_hd__buf_1)
     1    0.01                           net1 (net)
                  0.06    0.00    4.08 v _367_/A (sky130_fd_sc_hd__buf_4)
                  0.06    0.13    4.21 v _367_/X (sky130_fd_sc_hd__buf_4)
    10    0.05                           _180_ (net)
                  0.06    0.00    4.21 v _379_/A (sky130_fd_sc_hd__buf_4)
                  0.07    0.14    4.35 v _379_/X (sky130_fd_sc_hd__buf_4)
    10    0.06                           _182_ (net)
                  0.07    0.00    4.35 v _388_/A (sky130_fd_sc_hd__inv_2)
                  0.03    0.04    4.39 ^ _388_/Y (sky130_fd_sc_hd__inv_2)
     1    0.00                           _018_ (net)
                  0.03    0.00    4.39 ^ _416_/RESET_B (sky130_fd_sc_hd__dfrtp_4)
                                  4.39   data arrival time

                          0.00    0.00   clock clk (rise edge)
                          0.00    0.00   clock source latency
                  0.17    0.13    0.13 ^ clk (in)
     1    0.05                           clk (net)
                  0.17    0.00    0.13 ^ clkbuf_0_clk/A (sky130_fd_sc_hd__clkbuf_16)
                  0.04    0.12    0.25 ^ clkbuf_0_clk/X (sky130_fd_sc_hd__clkbuf_16)
     2    0.02                           clknet_0_clk (net)
                  0.04    0.00    0.26 ^ clkbuf_1_0__f_clk/A (sky130_fd_sc_hd__clkbuf_16)
                  0.06    0.11    0.37 ^ clkbuf_1_0__f_clk/X (sky130_fd_sc_hd__clkbuf_16)
    14    0.05                           clknet_1_0__leaf_clk (net)
                  0.06    0.00    0.37 ^ _416_/CLK (sky130_fd_sc_hd__dfrtp_4)
                          0.25    0.62   clock uncertainty
                          0.00    0.62   clock reconvergence pessimism
                          0.20    0.82   library removal time
                                  0.82   data required time
-----------------------------------------------------------------------------
                                  0.82   data required time
                                 -4.39   data arrival time
-----------------------------------------------------------------------------
                                  3.57   slack (MET)


Startpoint: rst (input port clocked by clk)
Endpoint: _415_ (removal check against rising-edge clock clk)
Path Group: asynchronous
Path Type: min
Corner: Fastest

Fanout     Cap    Slew   Delay    Time   Description
-----------------------------------------------------------------------------
                          0.00    0.00   clock clk (rise edge)
                          0.00    0.00   clock network delay (propagated)
                          4.00    4.00 v input external delay
                  0.01    0.00    4.00 v rst (in)
     1    0.00                           rst (net)
                  0.01    0.00    4.00 v input1/A (sky130_fd_sc_hd__buf_1)
                  0.06    0.08    4.08 v input1/X (sky130_fd_sc_hd__buf_1)
     1    0.01                           net1 (net)
                  0.06    0.00    4.08 v _367_/A (sky130_fd_sc_hd__buf_4)
                  0.06    0.13    4.21 v _367_/X (sky130_fd_sc_hd__buf_4)
    10    0.05                           _180_ (net)
                  0.06    0.00    4.21 v _379_/A (sky130_fd_sc_hd__buf_4)
                  0.07    0.14    4.35 v _379_/X (sky130_fd_sc_hd__buf_4)
    10    0.06                           _182_ (net)
                  0.07    0.00    4.35 v _387_/A (sky130_fd_sc_hd__inv_2)
                  0.03    0.04    4.39 ^ _387_/Y (sky130_fd_sc_hd__inv_2)
     1    0.00                           _017_ (net)
                  0.03    0.00    4.39 ^ _415_/RESET_B (sky130_fd_sc_hd__dfrtp_4)
                                  4.39   data arrival time

                          0.00    0.00   clock clk (rise edge)
                          0.00    0.00   clock source latency
                  0.17    0.13    0.13 ^ clk (in)
     1    0.05                           clk (net)
                  0.17    0.00    0.13 ^ clkbuf_0_clk/A (sky130_fd_sc_hd__clkbuf_16)
                  0.04    0.12    0.25 ^ clkbuf_0_clk/X (sky130_fd_sc_hd__clkbuf_16)
     2    0.02                           clknet_0_clk (net)
                  0.04    0.00    0.26 ^ clkbuf_1_0__f_clk/A (sky130_fd_sc_hd__clkbuf_16)
                  0.06    0.11    0.37 ^ clkbuf_1_0__f_clk/X (sky130_fd_sc_hd__clkbuf_16)
    14    0.05                           clknet_1_0__leaf_clk (net)
                  0.06    0.00    0.37 ^ _415_/CLK (sky130_fd_sc_hd__dfrtp_4)
                          0.25    0.62   clock uncertainty
                          0.00    0.62   clock reconvergence pessimism
                          0.20    0.82   library removal time
                                  0.82   data required time
-----------------------------------------------------------------------------
                                  0.82   data required time
                                 -4.39   data arrival time
-----------------------------------------------------------------------------
                                  3.58   slack (MET)


Startpoint: rst (input port clocked by clk)
Endpoint: _402_ (removal check against rising-edge clock clk)
Path Group: asynchronous
Path Type: min
Corner: Fastest

Fanout     Cap    Slew   Delay    Time   Description
-----------------------------------------------------------------------------
                          0.00    0.00   clock clk (rise edge)
                          0.00    0.00   clock network delay (propagated)
                          4.00    4.00 v input external delay
                  0.01    0.00    4.00 v rst (in)
     1    0.00                           rst (net)
                  0.01    0.00    4.00 v input1/A (sky130_fd_sc_hd__buf_1)
                  0.06    0.08    4.08 v input1/X (sky130_fd_sc_hd__buf_1)
     1    0.01                           net1 (net)
                  0.06    0.00    4.08 v _367_/A (sky130_fd_sc_hd__buf_4)
                  0.06    0.13    4.21 v _367_/X (sky130_fd_sc_hd__buf_4)
    10    0.05                           _180_ (net)
                  0.06    0.00    4.22 v _368_/A (sky130_fd_sc_hd__buf_4)
                  0.07    0.14    4.35 v _368_/X (sky130_fd_sc_hd__buf_4)
    10    0.07                           _181_ (net)
                  0.07    0.00    4.35 v _373_/A (sky130_fd_sc_hd__inv_2)
                  0.03    0.04    4.40 ^ _373_/Y (sky130_fd_sc_hd__inv_2)
     1    0.00                           _004_ (net)
                  0.03    0.00    4.40 ^ _402_/RESET_B (sky130_fd_sc_hd__dfrtp_4)
                                  4.40   data arrival time

                          0.00    0.00   clock clk (rise edge)
                          0.00    0.00   clock source latency
                  0.17    0.13    0.13 ^ clk (in)
     1    0.05                           clk (net)
                  0.17    0.00    0.13 ^ clkbuf_0_clk/A (sky130_fd_sc_hd__clkbuf_16)
                  0.04    0.12    0.25 ^ clkbuf_0_clk/X (sky130_fd_sc_hd__clkbuf_16)
     2    0.02                           clknet_0_clk (net)
                  0.04    0.00    0.26 ^ clkbuf_1_1__f_clk/A (sky130_fd_sc_hd__clkbuf_16)
                  0.05    0.11    0.37 ^ clkbuf_1_1__f_clk/X (sky130_fd_sc_hd__clkbuf_16)
    14    0.05                           clknet_1_1__leaf_clk (net)
                  0.05    0.00    0.37 ^ _402_/CLK (sky130_fd_sc_hd__dfrtp_4)
                          0.25    0.62   clock uncertainty
                          0.00    0.62   clock reconvergence pessimism
                          0.20    0.82   library removal time
                                  0.82   data required time
-----------------------------------------------------------------------------
                                  0.82   data required time
                                 -4.40   data arrival time
-----------------------------------------------------------------------------
                                  3.58   slack (MET)


Startpoint: rst (input port clocked by clk)
Endpoint: _414_ (removal check against rising-edge clock clk)
Path Group: asynchronous
Path Type: min
Corner: Fastest

Fanout     Cap    Slew   Delay    Time   Description
-----------------------------------------------------------------------------
                          0.00    0.00   clock clk (rise edge)
                          0.00    0.00   clock network delay (propagated)
                          4.00    4.00 v input external delay
                  0.01    0.00    4.00 v rst (in)
     1    0.00                           rst (net)
                  0.01    0.00    4.00 v input1/A (sky130_fd_sc_hd__buf_1)
                  0.06    0.08    4.08 v input1/X (sky130_fd_sc_hd__buf_1)
     1    0.01                           net1 (net)
                  0.06    0.00    4.08 v _367_/A (sky130_fd_sc_hd__buf_4)
                  0.06    0.13    4.21 v _367_/X (sky130_fd_sc_hd__buf_4)
    10    0.05                           _180_ (net)
                  0.06    0.00    4.21 v _379_/A (sky130_fd_sc_hd__buf_4)
                  0.07    0.14    4.35 v _379_/X (sky130_fd_sc_hd__buf_4)
    10    0.06                           _182_ (net)
                  0.07    0.00    4.35 v _386_/A (sky130_fd_sc_hd__inv_2)
                  0.03    0.04    4.40 ^ _386_/Y (sky130_fd_sc_hd__inv_2)
     1    0.00                           _016_ (net)
                  0.03    0.00    4.40 ^ _414_/RESET_B (sky130_fd_sc_hd__dfrtp_4)
                                  4.40   data arrival time

                          0.00    0.00   clock clk (rise edge)
                          0.00    0.00   clock source latency
                  0.17    0.13    0.13 ^ clk (in)
     1    0.05                           clk (net)
                  0.17    0.00    0.13 ^ clkbuf_0_clk/A (sky130_fd_sc_hd__clkbuf_16)
                  0.04    0.12    0.25 ^ clkbuf_0_clk/X (sky130_fd_sc_hd__clkbuf_16)
     2    0.02                           clknet_0_clk (net)
                  0.04    0.00    0.26 ^ clkbuf_1_0__f_clk/A (sky130_fd_sc_hd__clkbuf_16)
                  0.06    0.11    0.37 ^ clkbuf_1_0__f_clk/X (sky130_fd_sc_hd__clkbuf_16)
    14    0.05                           clknet_1_0__leaf_clk (net)
                  0.06    0.00    0.37 ^ _414_/CLK (sky130_fd_sc_hd__dfrtp_4)
                          0.25    0.62   clock uncertainty
                          0.00    0.62   clock reconvergence pessimism
                          0.20    0.82   library removal time
                                  0.82   data required time
-----------------------------------------------------------------------------
                                  0.82   data required time
                                 -4.40   data arrival time
-----------------------------------------------------------------------------
                                  3.58   slack (MET)


Startpoint: rst (input port clocked by clk)
Endpoint: _406_ (removal check against rising-edge clock clk)
Path Group: asynchronous
Path Type: min
Corner: Fastest

Fanout     Cap    Slew   Delay    Time   Description
-----------------------------------------------------------------------------
                          0.00    0.00   clock clk (rise edge)
                          0.00    0.00   clock network delay (propagated)
                          4.00    4.00 v input external delay
                  0.01    0.00    4.00 v rst (in)
     1    0.00                           rst (net)
                  0.01    0.00    4.00 v input1/A (sky130_fd_sc_hd__buf_1)
                  0.06    0.08    4.08 v input1/X (sky130_fd_sc_hd__buf_1)
     1    0.01                           net1 (net)
                  0.06    0.00    4.08 v _367_/A (sky130_fd_sc_hd__buf_4)
                  0.06    0.13    4.21 v _367_/X (sky130_fd_sc_hd__buf_4)
    10    0.05                           _180_ (net)
                  0.06    0.00    4.22 v _368_/A (sky130_fd_sc_hd__buf_4)
                  0.07    0.14    4.35 v _368_/X (sky130_fd_sc_hd__buf_4)
    10    0.07                           _181_ (net)
                  0.07    0.00    4.35 v _377_/A (sky130_fd_sc_hd__inv_2)
                  0.03    0.04    4.40 ^ _377_/Y (sky130_fd_sc_hd__inv_2)
     1    0.00                           _008_ (net)
                  0.03    0.00    4.40 ^ _406_/RESET_B (sky130_fd_sc_hd__dfrtp_2)
                                  4.40   data arrival time

                          0.00    0.00   clock clk (rise edge)
                          0.00    0.00   clock source latency
                  0.17    0.13    0.13 ^ clk (in)
     1    0.05                           clk (net)
                  0.17    0.00    0.13 ^ clkbuf_0_clk/A (sky130_fd_sc_hd__clkbuf_16)
                  0.04    0.12    0.25 ^ clkbuf_0_clk/X (sky130_fd_sc_hd__clkbuf_16)
     2    0.02                           clknet_0_clk (net)
                  0.04    0.00    0.26 ^ clkbuf_1_0__f_clk/A (sky130_fd_sc_hd__clkbuf_16)
                  0.06    0.11    0.37 ^ clkbuf_1_0__f_clk/X (sky130_fd_sc_hd__clkbuf_16)
    14    0.05                           clknet_1_0__leaf_clk (net)
                  0.06    0.00    0.37 ^ _406_/CLK (sky130_fd_sc_hd__dfrtp_2)
                          0.25    0.62   clock uncertainty
                          0.00    0.62   clock reconvergence pessimism
                          0.20    0.82   library removal time
                                  0.82   data required time
-----------------------------------------------------------------------------
                                  0.82   data required time
                                 -4.40   data arrival time
-----------------------------------------------------------------------------
                                  3.58   slack (MET)


Startpoint: rst (input port clocked by clk)
Endpoint: _417_ (removal check against rising-edge clock clk)
Path Group: asynchronous
Path Type: min
Corner: Fastest

Fanout     Cap    Slew   Delay    Time   Description
-----------------------------------------------------------------------------
                          0.00    0.00   clock clk (rise edge)
                          0.00    0.00   clock network delay (propagated)
                          4.00    4.00 v input external delay
                  0.01    0.00    4.00 v rst (in)
     1    0.00                           rst (net)
                  0.01    0.00    4.00 v input1/A (sky130_fd_sc_hd__buf_1)
                  0.06    0.08    4.08 v input1/X (sky130_fd_sc_hd__buf_1)
     1    0.01                           net1 (net)
                  0.06    0.00    4.08 v _367_/A (sky130_fd_sc_hd__buf_4)
                  0.06    0.13    4.21 v _367_/X (sky130_fd_sc_hd__buf_4)
    10    0.05                           _180_ (net)
                  0.06    0.00    4.21 v _379_/A (sky130_fd_sc_hd__buf_4)
                  0.07    0.14    4.35 v _379_/X (sky130_fd_sc_hd__buf_4)
    10    0.06                           _182_ (net)
                  0.07    0.01    4.35 v _389_/A (sky130_fd_sc_hd__inv_2)
                  0.03    0.04    4.40 ^ _389_/Y (sky130_fd_sc_hd__inv_2)
     1    0.00                           _019_ (net)
                  0.03    0.00    4.40 ^ _417_/RESET_B (sky130_fd_sc_hd__dfrtp_4)
                                  4.40   data arrival time

                          0.00    0.00   clock clk (rise edge)
                          0.00    0.00   clock source latency
                  0.17    0.13    0.13 ^ clk (in)
     1    0.05                           clk (net)
                  0.17    0.00    0.13 ^ clkbuf_0_clk/A (sky130_fd_sc_hd__clkbuf_16)
                  0.04    0.12    0.25 ^ clkbuf_0_clk/X (sky130_fd_sc_hd__clkbuf_16)
     2    0.02                           clknet_0_clk (net)
                  0.04    0.00    0.26 ^ clkbuf_1_0__f_clk/A (sky130_fd_sc_hd__clkbuf_16)
                  0.06    0.11    0.37 ^ clkbuf_1_0__f_clk/X (sky130_fd_sc_hd__clkbuf_16)
    14    0.05                           clknet_1_0__leaf_clk (net)
                  0.06    0.00    0.37 ^ _417_/CLK (sky130_fd_sc_hd__dfrtp_4)
                          0.25    0.62   clock uncertainty
                          0.00    0.62   clock reconvergence pessimism
                          0.20    0.82   library removal time
                                  0.82   data required time
-----------------------------------------------------------------------------
                                  0.82   data required time
                                 -4.40   data arrival time
-----------------------------------------------------------------------------
                                  3.58   slack (MET)


Startpoint: rst (input port clocked by clk)
Endpoint: _410_ (removal check against rising-edge clock clk)
Path Group: asynchronous
Path Type: min
Corner: Fastest

Fanout     Cap    Slew   Delay    Time   Description
-----------------------------------------------------------------------------
                          0.00    0.00   clock clk (rise edge)
                          0.00    0.00   clock network delay (propagated)
                          4.00    4.00 v input external delay
                  0.01    0.00    4.00 v rst (in)
     1    0.00                           rst (net)
                  0.01    0.00    4.00 v input1/A (sky130_fd_sc_hd__buf_1)
                  0.06    0.08    4.08 v input1/X (sky130_fd_sc_hd__buf_1)
     1    0.01                           net1 (net)
                  0.06    0.00    4.08 v _367_/A (sky130_fd_sc_hd__buf_4)
                  0.06    0.13    4.21 v _367_/X (sky130_fd_sc_hd__buf_4)
    10    0.05                           _180_ (net)
                  0.06    0.00    4.21 v _379_/A (sky130_fd_sc_hd__buf_4)
                  0.07    0.14    4.35 v _379_/X (sky130_fd_sc_hd__buf_4)
    10    0.06                           _182_ (net)
                  0.07    0.01    4.35 v _382_/A (sky130_fd_sc_hd__inv_2)
                  0.03    0.04    4.40 ^ _382_/Y (sky130_fd_sc_hd__inv_2)
     1    0.00                           _012_ (net)
                  0.03    0.00    4.40 ^ _410_/RESET_B (sky130_fd_sc_hd__dfrtp_4)
                                  4.40   data arrival time

                          0.00    0.00   clock clk (rise edge)
                          0.00    0.00   clock source latency
                  0.17    0.13    0.13 ^ clk (in)
     1    0.05                           clk (net)
                  0.17    0.00    0.13 ^ clkbuf_0_clk/A (sky130_fd_sc_hd__clkbuf_16)
                  0.04    0.12    0.25 ^ clkbuf_0_clk/X (sky130_fd_sc_hd__clkbuf_16)
     2    0.02                           clknet_0_clk (net)
                  0.04    0.00    0.26 ^ clkbuf_1_0__f_clk/A (sky130_fd_sc_hd__clkbuf_16)
                  0.06    0.11    0.37 ^ clkbuf_1_0__f_clk/X (sky130_fd_sc_hd__clkbuf_16)
    14    0.05                           clknet_1_0__leaf_clk (net)
                  0.06    0.00    0.37 ^ _410_/CLK (sky130_fd_sc_hd__dfrtp_4)
                          0.25    0.62   clock uncertainty
                          0.00    0.62   clock reconvergence pessimism
                          0.20    0.82   library removal time
                                  0.82   data required time
-----------------------------------------------------------------------------
                                  0.82   data required time
                                 -4.40   data arrival time
-----------------------------------------------------------------------------
                                  3.58   slack (MET)


Startpoint: rst (input port clocked by clk)
Endpoint: _409_ (removal check against rising-edge clock clk)
Path Group: asynchronous
Path Type: min
Corner: Fastest

Fanout     Cap    Slew   Delay    Time   Description
-----------------------------------------------------------------------------
                          0.00    0.00   clock clk (rise edge)
                          0.00    0.00   clock network delay (propagated)
                          4.00    4.00 v input external delay
                  0.01    0.00    4.00 v rst (in)
     1    0.00                           rst (net)
                  0.01    0.00    4.00 v input1/A (sky130_fd_sc_hd__buf_1)
                  0.06    0.08    4.08 v input1/X (sky130_fd_sc_hd__buf_1)
     1    0.01                           net1 (net)
                  0.06    0.00    4.08 v _367_/A (sky130_fd_sc_hd__buf_4)
                  0.06    0.13    4.21 v _367_/X (sky130_fd_sc_hd__buf_4)
    10    0.05                           _180_ (net)
                  0.06    0.00    4.21 v _379_/A (sky130_fd_sc_hd__buf_4)
                  0.07    0.14    4.35 v _379_/X (sky130_fd_sc_hd__buf_4)
    10    0.06                           _182_ (net)
                  0.07    0.01    4.35 v _381_/A (sky130_fd_sc_hd__inv_2)
                  0.03    0.04    4.40 ^ _381_/Y (sky130_fd_sc_hd__inv_2)
     1    0.00                           _011_ (net)
                  0.03    0.00    4.40 ^ _409_/RESET_B (sky130_fd_sc_hd__dfrtp_4)
                                  4.40   data arrival time

                          0.00    0.00   clock clk (rise edge)
                          0.00    0.00   clock source latency
                  0.17    0.13    0.13 ^ clk (in)
     1    0.05                           clk (net)
                  0.17    0.00    0.13 ^ clkbuf_0_clk/A (sky130_fd_sc_hd__clkbuf_16)
                  0.04    0.12    0.25 ^ clkbuf_0_clk/X (sky130_fd_sc_hd__clkbuf_16)
     2    0.02                           clknet_0_clk (net)
                  0.04    0.00    0.26 ^ clkbuf_1_0__f_clk/A (sky130_fd_sc_hd__clkbuf_16)
                  0.06    0.11    0.37 ^ clkbuf_1_0__f_clk/X (sky130_fd_sc_hd__clkbuf_16)
    14    0.05                           clknet_1_0__leaf_clk (net)
                  0.06    0.00    0.37 ^ _409_/CLK (sky130_fd_sc_hd__dfrtp_4)
                          0.25    0.62   clock uncertainty
                          0.00    0.62   clock reconvergence pessimism
                          0.20    0.82   library removal time
                                  0.82   data required time
-----------------------------------------------------------------------------
                                  0.82   data required time
                                 -4.40   data arrival time
-----------------------------------------------------------------------------
                                  3.58   slack (MET)


Startpoint: rst (input port clocked by clk)
Endpoint: _403_ (removal check against rising-edge clock clk)
Path Group: asynchronous
Path Type: min
Corner: Fastest

Fanout     Cap    Slew   Delay    Time   Description
-----------------------------------------------------------------------------
                          0.00    0.00   clock clk (rise edge)
                          0.00    0.00   clock network delay (propagated)
                          4.00    4.00 v input external delay
                  0.01    0.00    4.00 v rst (in)
     1    0.00                           rst (net)
                  0.01    0.00    4.00 v input1/A (sky130_fd_sc_hd__buf_1)
                  0.06    0.08    4.08 v input1/X (sky130_fd_sc_hd__buf_1)
     1    0.01                           net1 (net)
                  0.06    0.00    4.08 v _367_/A (sky130_fd_sc_hd__buf_4)
                  0.06    0.13    4.21 v _367_/X (sky130_fd_sc_hd__buf_4)
    10    0.05                           _180_ (net)
                  0.06    0.00    4.22 v _368_/A (sky130_fd_sc_hd__buf_4)
                  0.07    0.14    4.35 v _368_/X (sky130_fd_sc_hd__buf_4)
    10    0.07                           _181_ (net)
                  0.07    0.00    4.36 v _374_/A (sky130_fd_sc_hd__inv_2)
                  0.03    0.04    4.40 ^ _374_/Y (sky130_fd_sc_hd__inv_2)
     1    0.00                           _005_ (net)
                  0.03    0.00    4.40 ^ _403_/RESET_B (sky130_fd_sc_hd__dfrtp_4)
                                  4.40   data arrival time

                          0.00    0.00   clock clk (rise edge)
                          0.00    0.00   clock source latency
                  0.17    0.13    0.13 ^ clk (in)
     1    0.05                           clk (net)
                  0.17    0.00    0.13 ^ clkbuf_0_clk/A (sky130_fd_sc_hd__clkbuf_16)
                  0.04    0.12    0.25 ^ clkbuf_0_clk/X (sky130_fd_sc_hd__clkbuf_16)
     2    0.02                           clknet_0_clk (net)
                  0.04    0.00    0.26 ^ clkbuf_1_1__f_clk/A (sky130_fd_sc_hd__clkbuf_16)
                  0.05    0.11    0.37 ^ clkbuf_1_1__f_clk/X (sky130_fd_sc_hd__clkbuf_16)
    14    0.05                           clknet_1_1__leaf_clk (net)
                  0.05    0.00    0.37 ^ _403_/CLK (sky130_fd_sc_hd__dfrtp_4)
                          0.25    0.62   clock uncertainty
                          0.00    0.62   clock reconvergence pessimism
                          0.20    0.82   library removal time
                                  0.82   data required time
-----------------------------------------------------------------------------
                                  0.82   data required time
                                 -4.40   data arrival time
-----------------------------------------------------------------------------
                                  3.58   slack (MET)


Startpoint: rst (input port clocked by clk)
Endpoint: _413_ (removal check against rising-edge clock clk)
Path Group: asynchronous
Path Type: min
Corner: Fastest

Fanout     Cap    Slew   Delay    Time   Description
-----------------------------------------------------------------------------
                          0.00    0.00   clock clk (rise edge)
                          0.00    0.00   clock network delay (propagated)
                          4.00    4.00 v input external delay
                  0.01    0.00    4.00 v rst (in)
     1    0.00                           rst (net)
                  0.01    0.00    4.00 v input1/A (sky130_fd_sc_hd__buf_1)
                  0.06    0.08    4.08 v input1/X (sky130_fd_sc_hd__buf_1)
     1    0.01                           net1 (net)
                  0.06    0.00    4.08 v _367_/A (sky130_fd_sc_hd__buf_4)
                  0.06    0.13    4.21 v _367_/X (sky130_fd_sc_hd__buf_4)
    10    0.05                           _180_ (net)
                  0.06    0.00    4.21 v _379_/A (sky130_fd_sc_hd__buf_4)
                  0.07    0.14    4.35 v _379_/X (sky130_fd_sc_hd__buf_4)
    10    0.06                           _182_ (net)
                  0.07    0.01    4.35 v _385_/A (sky130_fd_sc_hd__inv_2)
                  0.03    0.04    4.40 ^ _385_/Y (sky130_fd_sc_hd__inv_2)
     1    0.00                           _015_ (net)
                  0.03    0.00    4.40 ^ _413_/RESET_B (sky130_fd_sc_hd__dfrtp_4)
                                  4.40   data arrival time

                          0.00    0.00   clock clk (rise edge)
                          0.00    0.00   clock source latency
                  0.17    0.13    0.13 ^ clk (in)
     1    0.05                           clk (net)
                  0.17    0.00    0.13 ^ clkbuf_0_clk/A (sky130_fd_sc_hd__clkbuf_16)
                  0.04    0.12    0.25 ^ clkbuf_0_clk/X (sky130_fd_sc_hd__clkbuf_16)
     2    0.02                           clknet_0_clk (net)
                  0.04    0.00    0.26 ^ clkbuf_1_0__f_clk/A (sky130_fd_sc_hd__clkbuf_16)
                  0.06    0.11    0.37 ^ clkbuf_1_0__f_clk/X (sky130_fd_sc_hd__clkbuf_16)
    14    0.05                           clknet_1_0__leaf_clk (net)
                  0.06    0.00    0.37 ^ _413_/CLK (sky130_fd_sc_hd__dfrtp_4)
                          0.25    0.62   clock uncertainty
                          0.00    0.62   clock reconvergence pessimism
                          0.20    0.82   library removal time
                                  0.82   data required time
-----------------------------------------------------------------------------
                                  0.82   data required time
                                 -4.40   data arrival time
-----------------------------------------------------------------------------
                                  3.58   slack (MET)


Startpoint: rst (input port clocked by clk)
Endpoint: _411_ (removal check against rising-edge clock clk)
Path Group: asynchronous
Path Type: min
Corner: Fastest

Fanout     Cap    Slew   Delay    Time   Description
-----------------------------------------------------------------------------
                          0.00    0.00   clock clk (rise edge)
                          0.00    0.00   clock network delay (propagated)
                          4.00    4.00 v input external delay
                  0.01    0.00    4.00 v rst (in)
     1    0.00                           rst (net)
                  0.01    0.00    4.00 v input1/A (sky130_fd_sc_hd__buf_1)
                  0.06    0.08    4.08 v input1/X (sky130_fd_sc_hd__buf_1)
     1    0.01                           net1 (net)
                  0.06    0.00    4.08 v _367_/A (sky130_fd_sc_hd__buf_4)
                  0.06    0.13    4.21 v _367_/X (sky130_fd_sc_hd__buf_4)
    10    0.05                           _180_ (net)
                  0.06    0.00    4.21 v _379_/A (sky130_fd_sc_hd__buf_4)
                  0.07    0.14    4.35 v _379_/X (sky130_fd_sc_hd__buf_4)
    10    0.06                           _182_ (net)
                  0.07    0.01    4.36 v _383_/A (sky130_fd_sc_hd__inv_2)
                  0.03    0.04    4.40 ^ _383_/Y (sky130_fd_sc_hd__inv_2)
     1    0.00                           _013_ (net)
                  0.03    0.00    4.40 ^ _411_/RESET_B (sky130_fd_sc_hd__dfrtp_4)
                                  4.40   data arrival time

                          0.00    0.00   clock clk (rise edge)
                          0.00    0.00   clock source latency
                  0.17    0.13    0.13 ^ clk (in)
     1    0.05                           clk (net)
                  0.17    0.00    0.13 ^ clkbuf_0_clk/A (sky130_fd_sc_hd__clkbuf_16)
                  0.04    0.12    0.25 ^ clkbuf_0_clk/X (sky130_fd_sc_hd__clkbuf_16)
     2    0.02                           clknet_0_clk (net)
                  0.04    0.00    0.26 ^ clkbuf_1_1__f_clk/A (sky130_fd_sc_hd__clkbuf_16)
                  0.05    0.11    0.37 ^ clkbuf_1_1__f_clk/X (sky130_fd_sc_hd__clkbuf_16)
    14    0.05                           clknet_1_1__leaf_clk (net)
                  0.05    0.00    0.37 ^ _411_/CLK (sky130_fd_sc_hd__dfrtp_4)
                          0.25    0.62   clock uncertainty
                          0.00    0.62   clock reconvergence pessimism
                          0.20    0.82   library removal time
                                  0.82   data required time
-----------------------------------------------------------------------------
                                  0.82   data required time
                                 -4.40   data arrival time
-----------------------------------------------------------------------------
                                  3.58   slack (MET)


Startpoint: rst (input port clocked by clk)
Endpoint: _399_ (removal check against rising-edge clock clk)
Path Group: asynchronous
Path Type: min
Corner: Fastest

Fanout     Cap    Slew   Delay    Time   Description
-----------------------------------------------------------------------------
                          0.00    0.00   clock clk (rise edge)
                          0.00    0.00   clock network delay (propagated)
                          4.00    4.00 v input external delay
                  0.01    0.00    4.00 v rst (in)
     1    0.00                           rst (net)
                  0.01    0.00    4.00 v input1/A (sky130_fd_sc_hd__buf_1)
                  0.06    0.08    4.08 v input1/X (sky130_fd_sc_hd__buf_1)
     1    0.01                           net1 (net)
                  0.06    0.00    4.08 v _367_/A (sky130_fd_sc_hd__buf_4)
                  0.06    0.13    4.21 v _367_/X (sky130_fd_sc_hd__buf_4)
    10    0.05                           _180_ (net)
                  0.06    0.00    4.22 v _368_/A (sky130_fd_sc_hd__buf_4)
                  0.07    0.14    4.35 v _368_/X (sky130_fd_sc_hd__buf_4)
    10    0.07                           _181_ (net)
                  0.07    0.00    4.36 v _370_/A (sky130_fd_sc_hd__inv_2)
                  0.03    0.04    4.40 ^ _370_/Y (sky130_fd_sc_hd__inv_2)
     1    0.00                           _001_ (net)
                  0.03    0.00    4.40 ^ _399_/RESET_B (sky130_fd_sc_hd__dfrtp_4)
                                  4.40   data arrival time

                          0.00    0.00   clock clk (rise edge)
                          0.00    0.00   clock source latency
                  0.17    0.13    0.13 ^ clk (in)
     1    0.05                           clk (net)
                  0.17    0.00    0.13 ^ clkbuf_0_clk/A (sky130_fd_sc_hd__clkbuf_16)
                  0.04    0.12    0.25 ^ clkbuf_0_clk/X (sky130_fd_sc_hd__clkbuf_16)
     2    0.02                           clknet_0_clk (net)
                  0.04    0.00    0.26 ^ clkbuf_1_1__f_clk/A (sky130_fd_sc_hd__clkbuf_16)
                  0.05    0.11    0.37 ^ clkbuf_1_1__f_clk/X (sky130_fd_sc_hd__clkbuf_16)
    14    0.05                           clknet_1_1__leaf_clk (net)
                  0.05    0.00    0.37 ^ _399_/CLK (sky130_fd_sc_hd__dfrtp_4)
                          0.25    0.62   clock uncertainty
                          0.00    0.62   clock reconvergence pessimism
                          0.20    0.82   library removal time
                                  0.82   data required time
-----------------------------------------------------------------------------
                                  0.82   data required time
                                 -4.40   data arrival time
-----------------------------------------------------------------------------
                                  3.58   slack (MET)


Startpoint: rst (input port clocked by clk)
Endpoint: _412_ (removal check against rising-edge clock clk)
Path Group: asynchronous
Path Type: min
Corner: Fastest

Fanout     Cap    Slew   Delay    Time   Description
-----------------------------------------------------------------------------
                          0.00    0.00   clock clk (rise edge)
                          0.00    0.00   clock network delay (propagated)
                          4.00    4.00 v input external delay
                  0.01    0.00    4.00 v rst (in)
     1    0.00                           rst (net)
                  0.01    0.00    4.00 v input1/A (sky130_fd_sc_hd__buf_1)
                  0.06    0.08    4.08 v input1/X (sky130_fd_sc_hd__buf_1)
     1    0.01                           net1 (net)
                  0.06    0.00    4.08 v _367_/A (sky130_fd_sc_hd__buf_4)
                  0.06    0.13    4.21 v _367_/X (sky130_fd_sc_hd__buf_4)
    10    0.05                           _180_ (net)
                  0.06    0.00    4.21 v _379_/A (sky130_fd_sc_hd__buf_4)
                  0.07    0.14    4.35 v _379_/X (sky130_fd_sc_hd__buf_4)
    10    0.06                           _182_ (net)
                  0.07    0.01    4.36 v _384_/A (sky130_fd_sc_hd__inv_2)
                  0.03    0.04    4.40 ^ _384_/Y (sky130_fd_sc_hd__inv_2)
     1    0.00                           _014_ (net)
                  0.03    0.00    4.40 ^ _412_/RESET_B (sky130_fd_sc_hd__dfrtp_2)
                                  4.40   data arrival time

                          0.00    0.00   clock clk (rise edge)
                          0.00    0.00   clock source latency
                  0.17    0.13    0.13 ^ clk (in)
     1    0.05                           clk (net)
                  0.17    0.00    0.13 ^ clkbuf_0_clk/A (sky130_fd_sc_hd__clkbuf_16)
                  0.04    0.12    0.25 ^ clkbuf_0_clk/X (sky130_fd_sc_hd__clkbuf_16)
     2    0.02                           clknet_0_clk (net)
                  0.04    0.00    0.26 ^ clkbuf_1_1__f_clk/A (sky130_fd_sc_hd__clkbuf_16)
                  0.05    0.11    0.37 ^ clkbuf_1_1__f_clk/X (sky130_fd_sc_hd__clkbuf_16)
    14    0.05                           clknet_1_1__leaf_clk (net)
                  0.05    0.00    0.37 ^ _412_/CLK (sky130_fd_sc_hd__dfrtp_2)
                          0.25    0.62   clock uncertainty
                          0.00    0.62   clock reconvergence pessimism
                          0.20    0.82   library removal time
                                  0.82   data required time
-----------------------------------------------------------------------------
                                  0.82   data required time
                                 -4.40   data arrival time
-----------------------------------------------------------------------------
                                  3.58   slack (MET)


Startpoint: rst (input port clocked by clk)
Endpoint: _401_ (removal check against rising-edge clock clk)
Path Group: asynchronous
Path Type: min
Corner: Fastest

Fanout     Cap    Slew   Delay    Time   Description
-----------------------------------------------------------------------------
                          0.00    0.00   clock clk (rise edge)
                          0.00    0.00   clock network delay (propagated)
                          4.00    4.00 v input external delay
                  0.01    0.00    4.00 v rst (in)
     1    0.00                           rst (net)
                  0.01    0.00    4.00 v input1/A (sky130_fd_sc_hd__buf_1)
                  0.06    0.08    4.08 v input1/X (sky130_fd_sc_hd__buf_1)
     1    0.01                           net1 (net)
                  0.06    0.00    4.08 v _367_/A (sky130_fd_sc_hd__buf_4)
                  0.06    0.13    4.21 v _367_/X (sky130_fd_sc_hd__buf_4)
    10    0.05                           _180_ (net)
                  0.06    0.00    4.22 v _368_/A (sky130_fd_sc_hd__buf_4)
                  0.07    0.14    4.35 v _368_/X (sky130_fd_sc_hd__buf_4)
    10    0.07                           _181_ (net)
                  0.07    0.00    4.36 v _372_/A (sky130_fd_sc_hd__inv_2)
                  0.03    0.04    4.40 ^ _372_/Y (sky130_fd_sc_hd__inv_2)
     1    0.00                           _003_ (net)
                  0.03    0.00    4.40 ^ _401_/RESET_B (sky130_fd_sc_hd__dfrtp_4)
                                  4.40   data arrival time

                          0.00    0.00   clock clk (rise edge)
                          0.00    0.00   clock source latency
                  0.17    0.13    0.13 ^ clk (in)
     1    0.05                           clk (net)
                  0.17    0.00    0.13 ^ clkbuf_0_clk/A (sky130_fd_sc_hd__clkbuf_16)
                  0.04    0.12    0.25 ^ clkbuf_0_clk/X (sky130_fd_sc_hd__clkbuf_16)
     2    0.02                           clknet_0_clk (net)
                  0.04    0.00    0.26 ^ clkbuf_1_1__f_clk/A (sky130_fd_sc_hd__clkbuf_16)
                  0.05    0.11    0.37 ^ clkbuf_1_1__f_clk/X (sky130_fd_sc_hd__clkbuf_16)
    14    0.05                           clknet_1_1__leaf_clk (net)
                  0.05    0.00    0.37 ^ _401_/CLK (sky130_fd_sc_hd__dfrtp_4)
                          0.25    0.62   clock uncertainty
                          0.00    0.62   clock reconvergence pessimism
                          0.20    0.82   library removal time
                                  0.82   data required time
-----------------------------------------------------------------------------
                                  0.82   data required time
                                 -4.40   data arrival time
-----------------------------------------------------------------------------
                                  3.58   slack (MET)


Startpoint: rst (input port clocked by clk)
Endpoint: _404_ (removal check against rising-edge clock clk)
Path Group: asynchronous
Path Type: min
Corner: Fastest

Fanout     Cap    Slew   Delay    Time   Description
-----------------------------------------------------------------------------
                          0.00    0.00   clock clk (rise edge)
                          0.00    0.00   clock network delay (propagated)
                          4.00    4.00 v input external delay
                  0.01    0.00    4.00 v rst (in)
     1    0.00                           rst (net)
                  0.01    0.00    4.00 v input1/A (sky130_fd_sc_hd__buf_1)
                  0.06    0.08    4.08 v input1/X (sky130_fd_sc_hd__buf_1)
     1    0.01                           net1 (net)
                  0.06    0.00    4.08 v _367_/A (sky130_fd_sc_hd__buf_4)
                  0.06    0.13    4.21 v _367_/X (sky130_fd_sc_hd__buf_4)
    10    0.05                           _180_ (net)
                  0.06    0.00    4.22 v _368_/A (sky130_fd_sc_hd__buf_4)
                  0.07    0.14    4.35 v _368_/X (sky130_fd_sc_hd__buf_4)
    10    0.07                           _181_ (net)
                  0.07    0.00    4.36 v _375_/A (sky130_fd_sc_hd__inv_2)
                  0.03    0.04    4.40 ^ _375_/Y (sky130_fd_sc_hd__inv_2)
     1    0.00                           _006_ (net)
                  0.03    0.00    4.40 ^ _404_/RESET_B (sky130_fd_sc_hd__dfrtp_4)
                                  4.40   data arrival time

                          0.00    0.00   clock clk (rise edge)
                          0.00    0.00   clock source latency
                  0.17    0.13    0.13 ^ clk (in)
     1    0.05                           clk (net)
                  0.17    0.00    0.13 ^ clkbuf_0_clk/A (sky130_fd_sc_hd__clkbuf_16)
                  0.04    0.12    0.25 ^ clkbuf_0_clk/X (sky130_fd_sc_hd__clkbuf_16)
     2    0.02                           clknet_0_clk (net)
                  0.04    0.00    0.26 ^ clkbuf_1_1__f_clk/A (sky130_fd_sc_hd__clkbuf_16)
                  0.05    0.11    0.37 ^ clkbuf_1_1__f_clk/X (sky130_fd_sc_hd__clkbuf_16)
    14    0.05                           clknet_1_1__leaf_clk (net)
                  0.05    0.00    0.37 ^ _404_/CLK (sky130_fd_sc_hd__dfrtp_4)
                          0.25    0.62   clock uncertainty
                          0.00    0.62   clock reconvergence pessimism
                          0.20    0.82   library removal time
                                  0.82   data required time
-----------------------------------------------------------------------------
                                  0.82   data required time
                                 -4.40   data arrival time
-----------------------------------------------------------------------------
                                  3.58   slack (MET)


Startpoint: rst (input port clocked by clk)
Endpoint: _407_ (removal check against rising-edge clock clk)
Path Group: asynchronous
Path Type: min
Corner: Fastest

Fanout     Cap    Slew   Delay    Time   Description
-----------------------------------------------------------------------------
                          0.00    0.00   clock clk (rise edge)
                          0.00    0.00   clock network delay (propagated)
                          4.00    4.00 v input external delay
                  0.01    0.00    4.00 v rst (in)
     1    0.00                           rst (net)
                  0.01    0.00    4.00 v input1/A (sky130_fd_sc_hd__buf_1)
                  0.06    0.08    4.08 v input1/X (sky130_fd_sc_hd__buf_1)
     1    0.01                           net1 (net)
                  0.06    0.00    4.08 v _367_/A (sky130_fd_sc_hd__buf_4)
                  0.06    0.13    4.21 v _367_/X (sky130_fd_sc_hd__buf_4)
    10    0.05                           _180_ (net)
                  0.06    0.00    4.22 v _368_/A (sky130_fd_sc_hd__buf_4)
                  0.07    0.14    4.35 v _368_/X (sky130_fd_sc_hd__buf_4)
    10    0.07                           _181_ (net)
                  0.07    0.00    4.36 v _378_/A (sky130_fd_sc_hd__inv_2)
                  0.03    0.04    4.40 ^ _378_/Y (sky130_fd_sc_hd__inv_2)
     1    0.00                           _009_ (net)
                  0.03    0.00    4.40 ^ _407_/RESET_B (sky130_fd_sc_hd__dfrtp_4)
                                  4.40   data arrival time

                          0.00    0.00   clock clk (rise edge)
                          0.00    0.00   clock source latency
                  0.17    0.13    0.13 ^ clk (in)
     1    0.05                           clk (net)
                  0.17    0.00    0.13 ^ clkbuf_0_clk/A (sky130_fd_sc_hd__clkbuf_16)
                  0.04    0.12    0.25 ^ clkbuf_0_clk/X (sky130_fd_sc_hd__clkbuf_16)
     2    0.02                           clknet_0_clk (net)
                  0.04    0.00    0.26 ^ clkbuf_1_0__f_clk/A (sky130_fd_sc_hd__clkbuf_16)
                  0.06    0.11    0.37 ^ clkbuf_1_0__f_clk/X (sky130_fd_sc_hd__clkbuf_16)
    14    0.05                           clknet_1_0__leaf_clk (net)
                  0.06    0.00    0.37 ^ _407_/CLK (sky130_fd_sc_hd__dfrtp_4)
                          0.25    0.62   clock uncertainty
                          0.00    0.62   clock reconvergence pessimism
                          0.20    0.82   library removal time
                                  0.82   data required time
-----------------------------------------------------------------------------
                                  0.82   data required time
                                 -4.40   data arrival time
-----------------------------------------------------------------------------
                                  3.58   slack (MET)


Startpoint: rst (input port clocked by clk)
Endpoint: _400_ (removal check against rising-edge clock clk)
Path Group: asynchronous
Path Type: min
Corner: Fastest

Fanout     Cap    Slew   Delay    Time   Description
-----------------------------------------------------------------------------
                          0.00    0.00   clock clk (rise edge)
                          0.00    0.00   clock network delay (propagated)
                          4.00    4.00 v input external delay
                  0.01    0.00    4.00 v rst (in)
     1    0.00                           rst (net)
                  0.01    0.00    4.00 v input1/A (sky130_fd_sc_hd__buf_1)
                  0.06    0.08    4.08 v input1/X (sky130_fd_sc_hd__buf_1)
     1    0.01                           net1 (net)
                  0.06    0.00    4.08 v _367_/A (sky130_fd_sc_hd__buf_4)
                  0.06    0.13    4.21 v _367_/X (sky130_fd_sc_hd__buf_4)
    10    0.05                           _180_ (net)
                  0.06    0.00    4.22 v _368_/A (sky130_fd_sc_hd__buf_4)
                  0.07    0.14    4.35 v _368_/X (sky130_fd_sc_hd__buf_4)
    10    0.07                           _181_ (net)
                  0.07    0.00    4.36 v _371_/A (sky130_fd_sc_hd__inv_2)
                  0.03    0.04    4.40 ^ _371_/Y (sky130_fd_sc_hd__inv_2)
     1    0.00                           _002_ (net)
                  0.03    0.00    4.40 ^ _400_/RESET_B (sky130_fd_sc_hd__dfrtp_4)
                                  4.40   data arrival time

                          0.00    0.00   clock clk (rise edge)
                          0.00    0.00   clock source latency
                  0.17    0.13    0.13 ^ clk (in)
     1    0.05                           clk (net)
                  0.17    0.00    0.13 ^ clkbuf_0_clk/A (sky130_fd_sc_hd__clkbuf_16)
                  0.04    0.12    0.25 ^ clkbuf_0_clk/X (sky130_fd_sc_hd__clkbuf_16)
     2    0.02                           clknet_0_clk (net)
                  0.04    0.00    0.26 ^ clkbuf_1_1__f_clk/A (sky130_fd_sc_hd__clkbuf_16)
                  0.05    0.11    0.37 ^ clkbuf_1_1__f_clk/X (sky130_fd_sc_hd__clkbuf_16)
    14    0.05                           clknet_1_1__leaf_clk (net)
                  0.05    0.00    0.37 ^ _400_/CLK (sky130_fd_sc_hd__dfrtp_4)
                          0.25    0.62   clock uncertainty
                          0.00    0.62   clock reconvergence pessimism
                          0.20    0.82   library removal time
                                  0.82   data required time
-----------------------------------------------------------------------------
                                  0.82   data required time
                                 -4.40   data arrival time
-----------------------------------------------------------------------------
                                  3.58   slack (MET)


Startpoint: rst (input port clocked by clk)
Endpoint: _405_ (removal check against rising-edge clock clk)
Path Group: asynchronous
Path Type: min
Corner: Fastest

Fanout     Cap    Slew   Delay    Time   Description
-----------------------------------------------------------------------------
                          0.00    0.00   clock clk (rise edge)
                          0.00    0.00   clock network delay (propagated)
                          4.00    4.00 v input external delay
                  0.01    0.00    4.00 v rst (in)
     1    0.00                           rst (net)
                  0.01    0.00    4.00 v input1/A (sky130_fd_sc_hd__buf_1)
                  0.06    0.08    4.08 v input1/X (sky130_fd_sc_hd__buf_1)
     1    0.01                           net1 (net)
                  0.06    0.00    4.08 v _367_/A (sky130_fd_sc_hd__buf_4)
                  0.06    0.13    4.21 v _367_/X (sky130_fd_sc_hd__buf_4)
    10    0.05                           _180_ (net)
                  0.06    0.00    4.22 v _368_/A (sky130_fd_sc_hd__buf_4)
                  0.07    0.14    4.35 v _368_/X (sky130_fd_sc_hd__buf_4)
    10    0.07                           _181_ (net)
                  0.07    0.00    4.36 v _376_/A (sky130_fd_sc_hd__inv_2)
                  0.03    0.04    4.40 ^ _376_/Y (sky130_fd_sc_hd__inv_2)
     1    0.00                           _007_ (net)
                  0.03    0.00    4.40 ^ _405_/RESET_B (sky130_fd_sc_hd__dfrtp_4)
                                  4.40   data arrival time

                          0.00    0.00   clock clk (rise edge)
                          0.00    0.00   clock source latency
                  0.17    0.13    0.13 ^ clk (in)
     1    0.05                           clk (net)
                  0.17    0.00    0.13 ^ clkbuf_0_clk/A (sky130_fd_sc_hd__clkbuf_16)
                  0.04    0.12    0.25 ^ clkbuf_0_clk/X (sky130_fd_sc_hd__clkbuf_16)
     2    0.02                           clknet_0_clk (net)
                  0.04    0.00    0.26 ^ clkbuf_1_1__f_clk/A (sky130_fd_sc_hd__clkbuf_16)
                  0.05    0.11    0.37 ^ clkbuf_1_1__f_clk/X (sky130_fd_sc_hd__clkbuf_16)
    14    0.05                           clknet_1_1__leaf_clk (net)
                  0.05    0.00    0.37 ^ _405_/CLK (sky130_fd_sc_hd__dfrtp_4)
                          0.25    0.62   clock uncertainty
                          0.00    0.62   clock reconvergence pessimism
                          0.20    0.82   library removal time
                                  0.82   data required time
-----------------------------------------------------------------------------
                                  0.82   data required time
                                 -4.40   data arrival time
-----------------------------------------------------------------------------
                                  3.58   slack (MET)


Startpoint: rst (input port clocked by clk)
Endpoint: _398_ (removal check against rising-edge clock clk)
Path Group: asynchronous
Path Type: min
Corner: Fastest

Fanout     Cap    Slew   Delay    Time   Description
-----------------------------------------------------------------------------
                          0.00    0.00   clock clk (rise edge)
                          0.00    0.00   clock network delay (propagated)
                          4.00    4.00 v input external delay
                  0.01    0.00    4.00 v rst (in)
     1    0.00                           rst (net)
                  0.01    0.00    4.00 v input1/A (sky130_fd_sc_hd__buf_1)
                  0.06    0.08    4.08 v input1/X (sky130_fd_sc_hd__buf_1)
     1    0.01                           net1 (net)
                  0.06    0.00    4.08 v _367_/A (sky130_fd_sc_hd__buf_4)
                  0.06    0.13    4.21 v _367_/X (sky130_fd_sc_hd__buf_4)
    10    0.05                           _180_ (net)
                  0.06    0.00    4.22 v _368_/A (sky130_fd_sc_hd__buf_4)
                  0.07    0.14    4.35 v _368_/X (sky130_fd_sc_hd__buf_4)
    10    0.07                           _181_ (net)
                  0.07    0.00    4.36 v _369_/A (sky130_fd_sc_hd__inv_2)
                  0.03    0.04    4.40 ^ _369_/Y (sky130_fd_sc_hd__inv_2)
     1    0.00                           _000_ (net)
                  0.03    0.00    4.40 ^ _398_/RESET_B (sky130_fd_sc_hd__dfrtp_4)
                                  4.40   data arrival time

                          0.00    0.00   clock clk (rise edge)
                          0.00    0.00   clock source latency
                  0.17    0.13    0.13 ^ clk (in)
     1    0.05                           clk (net)
                  0.17    0.00    0.13 ^ clkbuf_0_clk/A (sky130_fd_sc_hd__clkbuf_16)
                  0.04    0.12    0.25 ^ clkbuf_0_clk/X (sky130_fd_sc_hd__clkbuf_16)
     2    0.02                           clknet_0_clk (net)
                  0.04    0.00    0.26 ^ clkbuf_1_1__f_clk/A (sky130_fd_sc_hd__clkbuf_16)
                  0.05    0.11    0.37 ^ clkbuf_1_1__f_clk/X (sky130_fd_sc_hd__clkbuf_16)
    14    0.05                           clknet_1_1__leaf_clk (net)
                  0.05    0.00    0.37 ^ _398_/CLK (sky130_fd_sc_hd__dfrtp_4)
                          0.25    0.62   clock uncertainty
                          0.00    0.62   clock reconvergence pessimism
                          0.20    0.82   library removal time
                                  0.82   data required time
-----------------------------------------------------------------------------
                                  0.82   data required time
                                 -4.40   data arrival time
-----------------------------------------------------------------------------
                                  3.58   slack (MET)


Startpoint: _412_ (rising edge-triggered flip-flop clocked by clk)
Endpoint: last_opcode_out[3] (output port clocked by clk)
Path Group: clk
Path Type: min
Corner: Fastest

Fanout     Cap    Slew   Delay    Time   Description
-----------------------------------------------------------------------------
                          0.00    0.00   clock clk (rise edge)
                          0.00    0.00   clock source latency
                  0.17    0.12    0.12 ^ clk (in)
     1    0.05                           clk (net)
                  0.17    0.00    0.12 ^ clkbuf_0_clk/A (sky130_fd_sc_hd__clkbuf_16)
                  0.04    0.11    0.23 ^ clkbuf_0_clk/X (sky130_fd_sc_hd__clkbuf_16)
     2    0.02                           clknet_0_clk (net)
                  0.04    0.00    0.23 ^ clkbuf_1_1__f_clk/A (sky130_fd_sc_hd__clkbuf_16)
                  0.05    0.10    0.33 ^ clkbuf_1_1__f_clk/X (sky130_fd_sc_hd__clkbuf_16)
    14    0.05                           clknet_1_1__leaf_clk (net)
                  0.05    0.00    0.33 ^ _412_/CLK (sky130_fd_sc_hd__dfrtp_2)
                  0.10    0.26    0.59 ^ _412_/Q (sky130_fd_sc_hd__dfrtp_2)
     2    0.02                           net25 (net)
                  0.10    0.00    0.60 ^ output25/A (sky130_fd_sc_hd__clkbuf_4)
                  0.08    0.14    0.73 ^ output25/X (sky130_fd_sc_hd__clkbuf_4)
     1    0.03                           last_opcode_out[3] (net)
                  0.08    0.00    0.73 ^ last_opcode_out[3] (out)
                                  0.73   data arrival time

                          0.00    0.00   clock clk (rise edge)
                          0.00    0.00   clock network delay (propagated)
                          0.25    0.25   clock uncertainty
                          0.00    0.25   clock reconvergence pessimism
                         -4.00   -3.75   output external delay
                                 -3.75   data required time
-----------------------------------------------------------------------------
                                 -3.75   data required time
                                 -0.73   data arrival time
-----------------------------------------------------------------------------
                                  4.48   slack (MET)


Startpoint: _406_ (rising edge-triggered flip-flop clocked by clk)
Endpoint: A_out[4] (output port clocked by clk)
Path Group: clk
Path Type: min
Corner: Fastest

Fanout     Cap    Slew   Delay    Time   Description
-----------------------------------------------------------------------------
                          0.00    0.00   clock clk (rise edge)
                          0.00    0.00   clock source latency
                  0.17    0.12    0.12 ^ clk (in)
     1    0.05                           clk (net)
                  0.17    0.00    0.12 ^ clkbuf_0_clk/A (sky130_fd_sc_hd__clkbuf_16)
                  0.04    0.11    0.23 ^ clkbuf_0_clk/X (sky130_fd_sc_hd__clkbuf_16)
     2    0.02                           clknet_0_clk (net)
                  0.04    0.00    0.23 ^ clkbuf_1_0__f_clk/A (sky130_fd_sc_hd__clkbuf_16)
                  0.06    0.10    0.33 ^ clkbuf_1_0__f_clk/X (sky130_fd_sc_hd__clkbuf_16)
    14    0.05                           clknet_1_0__leaf_clk (net)
                  0.06    0.00    0.33 ^ _406_/CLK (sky130_fd_sc_hd__dfrtp_2)
                  0.10    0.26    0.59 ^ _406_/Q (sky130_fd_sc_hd__dfrtp_2)
     3    0.02                           net6 (net)
                  0.10    0.00    0.60 ^ output6/A (sky130_fd_sc_hd__clkbuf_4)
                  0.08    0.14    0.73 ^ output6/X (sky130_fd_sc_hd__clkbuf_4)
     1    0.03                           A_out[4] (net)
                  0.08    0.00    0.73 ^ A_out[4] (out)
                                  0.73   data arrival time

                          0.00    0.00   clock clk (rise edge)
                          0.00    0.00   clock network delay (propagated)
                          0.25    0.25   clock uncertainty
                          0.00    0.25   clock reconvergence pessimism
                         -4.00   -3.75   output external delay
                                 -3.75   data required time
-----------------------------------------------------------------------------
                                 -3.75   data required time
                                 -0.73   data arrival time
-----------------------------------------------------------------------------
                                  4.48   slack (MET)


Startpoint: _415_ (rising edge-triggered flip-flop clocked by clk)
Endpoint: flags_out[1] (output port clocked by clk)
Path Group: clk
Path Type: min
Corner: Fastest

Fanout     Cap    Slew   Delay    Time   Description
-----------------------------------------------------------------------------
                          0.00    0.00   clock clk (rise edge)
                          0.00    0.00   clock source latency
                  0.17    0.12    0.12 ^ clk (in)
     1    0.05                           clk (net)
                  0.17    0.00    0.12 ^ clkbuf_0_clk/A (sky130_fd_sc_hd__clkbuf_16)
                  0.04    0.11    0.23 ^ clkbuf_0_clk/X (sky130_fd_sc_hd__clkbuf_16)
     2    0.02                           clknet_0_clk (net)
                  0.04    0.00    0.23 ^ clkbuf_1_0__f_clk/A (sky130_fd_sc_hd__clkbuf_16)
                  0.06    0.10    0.33 ^ clkbuf_1_0__f_clk/X (sky130_fd_sc_hd__clkbuf_16)
    14    0.05                           clknet_1_0__leaf_clk (net)
                  0.06    0.00    0.33 ^ _415_/CLK (sky130_fd_sc_hd__dfrtp_4)
                  0.08    0.28    0.62 ^ _415_/Q (sky130_fd_sc_hd__dfrtp_4)
     2    0.03                           net19 (net)
                  0.08    0.00    0.62 ^ output19/A (sky130_fd_sc_hd__clkbuf_4)
                  0.08    0.13    0.75 ^ output19/X (sky130_fd_sc_hd__clkbuf_4)
     1    0.03                           flags_out[1] (net)
                  0.08    0.00    0.75 ^ flags_out[1] (out)
                                  0.75   data arrival time

                          0.00    0.00   clock clk (rise edge)
                          0.00    0.00   clock network delay (propagated)
                          0.25    0.25   clock uncertainty
                          0.00    0.25   clock reconvergence pessimism
                         -4.00   -3.75   output external delay
                                 -3.75   data required time
-----------------------------------------------------------------------------
                                 -3.75   data required time
                                 -0.75   data arrival time
-----------------------------------------------------------------------------
                                  4.50   slack (MET)


Startpoint: _402_ (rising edge-triggered flip-flop clocked by clk)
Endpoint: A_out[0] (output port clocked by clk)
Path Group: clk
Path Type: min
Corner: Fastest

Fanout     Cap    Slew   Delay    Time   Description
-----------------------------------------------------------------------------
                          0.00    0.00   clock clk (rise edge)
                          0.00    0.00   clock source latency
                  0.17    0.12    0.12 ^ clk (in)
     1    0.05                           clk (net)
                  0.17    0.00    0.12 ^ clkbuf_0_clk/A (sky130_fd_sc_hd__clkbuf_16)
                  0.04    0.11    0.23 ^ clkbuf_0_clk/X (sky130_fd_sc_hd__clkbuf_16)
     2    0.02                           clknet_0_clk (net)
                  0.04    0.00    0.23 ^ clkbuf_1_1__f_clk/A (sky130_fd_sc_hd__clkbuf_16)
                  0.05    0.10    0.33 ^ clkbuf_1_1__f_clk/X (sky130_fd_sc_hd__clkbuf_16)
    14    0.05                           clknet_1_1__leaf_clk (net)
                  0.05    0.00    0.33 ^ _402_/CLK (sky130_fd_sc_hd__dfrtp_4)
                  0.08    0.28    0.62 ^ _402_/Q (sky130_fd_sc_hd__dfrtp_4)
     4    0.03                           net2 (net)
                  0.08    0.00    0.62 ^ output2/A (sky130_fd_sc_hd__clkbuf_4)
                  0.09    0.13    0.75 ^ output2/X (sky130_fd_sc_hd__clkbuf_4)
     1    0.03                           A_out[0] (net)
                  0.09    0.00    0.75 ^ A_out[0] (out)
                                  0.75   data arrival time

                          0.00    0.00   clock clk (rise edge)
                          0.00    0.00   clock network delay (propagated)
                          0.25    0.25   clock uncertainty
                          0.00    0.25   clock reconvergence pessimism
                         -4.00   -3.75   output external delay
                                 -3.75   data required time
-----------------------------------------------------------------------------
                                 -3.75   data required time
                                 -0.75   data arrival time
-----------------------------------------------------------------------------
                                  4.50   slack (MET)


Startpoint: _417_ (rising edge-triggered flip-flop clocked by clk)
Endpoint: flags_out[3] (output port clocked by clk)
Path Group: clk
Path Type: min
Corner: Fastest

Fanout     Cap    Slew   Delay    Time   Description
-----------------------------------------------------------------------------
                          0.00    0.00   clock clk (rise edge)
                          0.00    0.00   clock source latency
                  0.17    0.12    0.12 ^ clk (in)
     1    0.05                           clk (net)
                  0.17    0.00    0.12 ^ clkbuf_0_clk/A (sky130_fd_sc_hd__clkbuf_16)
                  0.04    0.11    0.23 ^ clkbuf_0_clk/X (sky130_fd_sc_hd__clkbuf_16)
     2    0.02                           clknet_0_clk (net)
                  0.04    0.00    0.23 ^ clkbuf_1_0__f_clk/A (sky130_fd_sc_hd__clkbuf_16)
                  0.06    0.10    0.33 ^ clkbuf_1_0__f_clk/X (sky130_fd_sc_hd__clkbuf_16)
    14    0.05                           clknet_1_0__leaf_clk (net)
                  0.06    0.00    0.33 ^ _417_/CLK (sky130_fd_sc_hd__dfrtp_4)
                  0.09    0.29    0.62 ^ _417_/Q (sky130_fd_sc_hd__dfrtp_4)
     3    0.03                           net21 (net)
                  0.09    0.00    0.62 ^ output21/A (sky130_fd_sc_hd__clkbuf_4)
                  0.08    0.13    0.76 ^ output21/X (sky130_fd_sc_hd__clkbuf_4)
     1    0.03                           flags_out[3] (net)
                  0.08    0.00    0.76 ^ flags_out[3] (out)
                                  0.76   data arrival time

                          0.00    0.00   clock clk (rise edge)
                          0.00    0.00   clock network delay (propagated)
                          0.25    0.25   clock uncertainty
                          0.00    0.25   clock reconvergence pessimism
                         -4.00   -3.75   output external delay
                                 -3.75   data required time
-----------------------------------------------------------------------------
                                 -3.75   data required time
                                 -0.76   data arrival time
-----------------------------------------------------------------------------
                                  4.51   slack (MET)


Startpoint: _411_ (rising edge-triggered flip-flop clocked by clk)
Endpoint: last_opcode_out[2] (output port clocked by clk)
Path Group: clk
Path Type: min
Corner: Fastest

Fanout     Cap    Slew   Delay    Time   Description
-----------------------------------------------------------------------------
                          0.00    0.00   clock clk (rise edge)
                          0.00    0.00   clock source latency
                  0.17    0.12    0.12 ^ clk (in)
     1    0.05                           clk (net)
                  0.17    0.00    0.12 ^ clkbuf_0_clk/A (sky130_fd_sc_hd__clkbuf_16)
                  0.04    0.11    0.23 ^ clkbuf_0_clk/X (sky130_fd_sc_hd__clkbuf_16)
     2    0.02                           clknet_0_clk (net)
                  0.04    0.00    0.23 ^ clkbuf_1_1__f_clk/A (sky130_fd_sc_hd__clkbuf_16)
                  0.05    0.10    0.33 ^ clkbuf_1_1__f_clk/X (sky130_fd_sc_hd__clkbuf_16)
    14    0.05                           clknet_1_1__leaf_clk (net)
                  0.05    0.00    0.33 ^ _411_/CLK (sky130_fd_sc_hd__dfrtp_4)
                  0.09    0.28    0.62 ^ _411_/Q (sky130_fd_sc_hd__dfrtp_4)
     2    0.03                           net24 (net)
                  0.09    0.00    0.62 ^ output24/A (sky130_fd_sc_hd__clkbuf_4)
                  0.08    0.13    0.76 ^ output24/X (sky130_fd_sc_hd__clkbuf_4)
     1    0.03                           last_opcode_out[2] (net)
                  0.08    0.00    0.76 ^ last_opcode_out[2] (out)
                                  0.76   data arrival time

                          0.00    0.00   clock clk (rise edge)
                          0.00    0.00   clock network delay (propagated)
                          0.25    0.25   clock uncertainty
                          0.00    0.25   clock reconvergence pessimism
                         -4.00   -3.75   output external delay
                                 -3.75   data required time
-----------------------------------------------------------------------------
                                 -3.75   data required time
                                 -0.76   data arrival time
-----------------------------------------------------------------------------
                                  4.51   slack (MET)


Startpoint: _421_ (rising edge-triggered flip-flop clocked by clk)
Endpoint: B_out[3] (output port clocked by clk)
Path Group: clk
Path Type: min
Corner: Fastest

Fanout     Cap    Slew   Delay    Time   Description
-----------------------------------------------------------------------------
                          0.00    0.00   clock clk (rise edge)
                          0.00    0.00   clock source latency
                  0.17    0.12    0.12 ^ clk (in)
     1    0.05                           clk (net)
                  0.17    0.00    0.12 ^ clkbuf_0_clk/A (sky130_fd_sc_hd__clkbuf_16)
                  0.04    0.11    0.23 ^ clkbuf_0_clk/X (sky130_fd_sc_hd__clkbuf_16)
     2    0.02                           clknet_0_clk (net)
                  0.04    0.00    0.23 ^ clkbuf_1_1__f_clk/A (sky130_fd_sc_hd__clkbuf_16)
                  0.05    0.10    0.33 ^ clkbuf_1_1__f_clk/X (sky130_fd_sc_hd__clkbuf_16)
    14    0.05                           clknet_1_1__leaf_clk (net)
                  0.05    0.00    0.33 ^ _421_/CLK (sky130_fd_sc_hd__dfrtp_4)
                  0.09    0.29    0.62 ^ _421_/Q (sky130_fd_sc_hd__dfrtp_4)
     4    0.03                           net13 (net)
                  0.09    0.00    0.62 ^ output13/A (sky130_fd_sc_hd__clkbuf_4)
                  0.08    0.14    0.76 ^ output13/X (sky130_fd_sc_hd__clkbuf_4)
     1    0.03                           B_out[3] (net)
                  0.08    0.00    0.76 ^ B_out[3] (out)
                                  0.76   data arrival time

                          0.00    0.00   clock clk (rise edge)
                          0.00    0.00   clock network delay (propagated)
                          0.25    0.25   clock uncertainty
                          0.00    0.25   clock reconvergence pessimism
                         -4.00   -3.75   output external delay
                                 -3.75   data required time
-----------------------------------------------------------------------------
                                 -3.75   data required time
                                 -0.76   data arrival time
-----------------------------------------------------------------------------
                                  4.51   slack (MET)


Startpoint: _409_ (rising edge-triggered flip-flop clocked by clk)
Endpoint: A_out[7] (output port clocked by clk)
Path Group: clk
Path Type: min
Corner: Fastest

Fanout     Cap    Slew   Delay    Time   Description
-----------------------------------------------------------------------------
                          0.00    0.00   clock clk (rise edge)
                          0.00    0.00   clock source latency
                  0.17    0.12    0.12 ^ clk (in)
     1    0.05                           clk (net)
                  0.17    0.00    0.12 ^ clkbuf_0_clk/A (sky130_fd_sc_hd__clkbuf_16)
                  0.04    0.11    0.23 ^ clkbuf_0_clk/X (sky130_fd_sc_hd__clkbuf_16)
     2    0.02                           clknet_0_clk (net)
                  0.04    0.00    0.23 ^ clkbuf_1_0__f_clk/A (sky130_fd_sc_hd__clkbuf_16)
                  0.06    0.10    0.33 ^ clkbuf_1_0__f_clk/X (sky130_fd_sc_hd__clkbuf_16)
    14    0.05                           clknet_1_0__leaf_clk (net)
                  0.06    0.00    0.33 ^ _409_/CLK (sky130_fd_sc_hd__dfrtp_4)
                  0.09    0.29    0.62 ^ _409_/Q (sky130_fd_sc_hd__dfrtp_4)
     3    0.04                           net9 (net)
                  0.09    0.00    0.62 ^ output9/A (sky130_fd_sc_hd__clkbuf_4)
                  0.08    0.14    0.76 ^ output9/X (sky130_fd_sc_hd__clkbuf_4)
     1    0.03                           A_out[7] (net)
                  0.08    0.00    0.76 ^ A_out[7] (out)
                                  0.76   data arrival time

                          0.00    0.00   clock clk (rise edge)
                          0.00    0.00   clock network delay (propagated)
                          0.25    0.25   clock uncertainty
                          0.00    0.25   clock reconvergence pessimism
                         -4.00   -3.75   output external delay
                                 -3.75   data required time
-----------------------------------------------------------------------------
                                 -3.75   data required time
                                 -0.76   data arrival time
-----------------------------------------------------------------------------
                                  4.51   slack (MET)


Startpoint: _408_ (rising edge-triggered flip-flop clocked by clk)
Endpoint: A_out[6] (output port clocked by clk)
Path Group: clk
Path Type: min
Corner: Fastest

Fanout     Cap    Slew   Delay    Time   Description
-----------------------------------------------------------------------------
                          0.00    0.00   clock clk (rise edge)
                          0.00    0.00   clock source latency
                  0.17    0.12    0.12 ^ clk (in)
     1    0.05                           clk (net)
                  0.17    0.00    0.12 ^ clkbuf_0_clk/A (sky130_fd_sc_hd__clkbuf_16)
                  0.04    0.11    0.23 ^ clkbuf_0_clk/X (sky130_fd_sc_hd__clkbuf_16)
     2    0.02                           clknet_0_clk (net)
                  0.04    0.00    0.23 ^ clkbuf_1_0__f_clk/A (sky130_fd_sc_hd__clkbuf_16)
                  0.06    0.10    0.33 ^ clkbuf_1_0__f_clk/X (sky130_fd_sc_hd__clkbuf_16)
    14    0.05                           clknet_1_0__leaf_clk (net)
                  0.06    0.00    0.33 ^ _408_/CLK (sky130_fd_sc_hd__dfrtp_4)
                  0.08    0.28    0.61 ^ _408_/Q (sky130_fd_sc_hd__dfrtp_4)
     3    0.03                           net8 (net)
                  0.08    0.00    0.62 ^ output8/A (sky130_fd_sc_hd__buf_2)
                  0.13    0.14    0.76 ^ output8/X (sky130_fd_sc_hd__buf_2)
     1    0.03                           A_out[6] (net)
                  0.13    0.00    0.76 ^ A_out[6] (out)
                                  0.76   data arrival time

                          0.00    0.00   clock clk (rise edge)
                          0.00    0.00   clock network delay (propagated)
                          0.25    0.25   clock uncertainty
                          0.00    0.25   clock reconvergence pessimism
                         -4.00   -3.75   output external delay
                                 -3.75   data required time
-----------------------------------------------------------------------------
                                 -3.75   data required time
                                 -0.76   data arrival time
-----------------------------------------------------------------------------
                                  4.51   slack (MET)


Startpoint: _416_ (rising edge-triggered flip-flop clocked by clk)
Endpoint: flags_out[2] (output port clocked by clk)
Path Group: clk
Path Type: min
Corner: Fastest

Fanout     Cap    Slew   Delay    Time   Description
-----------------------------------------------------------------------------
                          0.00    0.00   clock clk (rise edge)
                          0.00    0.00   clock source latency
                  0.17    0.12    0.12 ^ clk (in)
     1    0.05                           clk (net)
                  0.17    0.00    0.12 ^ clkbuf_0_clk/A (sky130_fd_sc_hd__clkbuf_16)
                  0.04    0.11    0.23 ^ clkbuf_0_clk/X (sky130_fd_sc_hd__clkbuf_16)
     2    0.02                           clknet_0_clk (net)
                  0.04    0.00    0.23 ^ clkbuf_1_0__f_clk/A (sky130_fd_sc_hd__clkbuf_16)
                  0.06    0.10    0.33 ^ clkbuf_1_0__f_clk/X (sky130_fd_sc_hd__clkbuf_16)
    14    0.05                           clknet_1_0__leaf_clk (net)
                  0.06    0.00    0.33 ^ _416_/CLK (sky130_fd_sc_hd__dfrtp_4)
                  0.08    0.28    0.62 ^ _416_/Q (sky130_fd_sc_hd__dfrtp_4)
     2    0.03                           net20 (net)
                  0.08    0.00    0.62 ^ output20/A (sky130_fd_sc_hd__buf_2)
                  0.13    0.14    0.76 ^ output20/X (sky130_fd_sc_hd__buf_2)
     1    0.03                           flags_out[2] (net)
                  0.13    0.00    0.76 ^ flags_out[2] (out)
                                  0.76   data arrival time

                          0.00    0.00   clock clk (rise edge)
                          0.00    0.00   clock network delay (propagated)
                          0.25    0.25   clock uncertainty
                          0.00    0.25   clock reconvergence pessimism
                         -4.00   -3.75   output external delay
                                 -3.75   data required time
-----------------------------------------------------------------------------
                                 -3.75   data required time
                                 -0.76   data arrival time
-----------------------------------------------------------------------------
                                  4.51   slack (MET)


Startpoint: _425_ (rising edge-triggered flip-flop clocked by clk)
Endpoint: B_out[7] (output port clocked by clk)
Path Group: clk
Path Type: min
Corner: Fastest

Fanout     Cap    Slew   Delay    Time   Description
-----------------------------------------------------------------------------
                          0.00    0.00   clock clk (rise edge)
                          0.00    0.00   clock source latency
                  0.17    0.12    0.12 ^ clk (in)
     1    0.05                           clk (net)
                  0.17    0.00    0.12 ^ clkbuf_0_clk/A (sky130_fd_sc_hd__clkbuf_16)
                  0.04    0.11    0.23 ^ clkbuf_0_clk/X (sky130_fd_sc_hd__clkbuf_16)
     2    0.02                           clknet_0_clk (net)
                  0.04    0.00    0.23 ^ clkbuf_1_0__f_clk/A (sky130_fd_sc_hd__clkbuf_16)
                  0.06    0.10    0.33 ^ clkbuf_1_0__f_clk/X (sky130_fd_sc_hd__clkbuf_16)
    14    0.05                           clknet_1_0__leaf_clk (net)
                  0.06    0.00    0.33 ^ _425_/CLK (sky130_fd_sc_hd__dfrtp_4)
                  0.10    0.29    0.63 ^ _425_/Q (sky130_fd_sc_hd__dfrtp_4)
     3    0.04                           net17 (net)
                  0.10    0.00    0.63 ^ output17/A (sky130_fd_sc_hd__clkbuf_4)
                  0.08    0.14    0.77 ^ output17/X (sky130_fd_sc_hd__clkbuf_4)
     1    0.03                           B_out[7] (net)
                  0.08    0.00    0.77 ^ B_out[7] (out)
                                  0.77   data arrival time

                          0.00    0.00   clock clk (rise edge)
                          0.00    0.00   clock network delay (propagated)
                          0.25    0.25   clock uncertainty
                          0.00    0.25   clock reconvergence pessimism
                         -4.00   -3.75   output external delay
                                 -3.75   data required time
-----------------------------------------------------------------------------
                                 -3.75   data required time
                                 -0.77   data arrival time
-----------------------------------------------------------------------------
                                  4.52   slack (MET)


Startpoint: _405_ (rising edge-triggered flip-flop clocked by clk)
Endpoint: A_out[3] (output port clocked by clk)
Path Group: clk
Path Type: min
Corner: Fastest

Fanout     Cap    Slew   Delay    Time   Description
-----------------------------------------------------------------------------
                          0.00    0.00   clock clk (rise edge)
                          0.00    0.00   clock source latency
                  0.17    0.12    0.12 ^ clk (in)
     1    0.05                           clk (net)
                  0.17    0.00    0.12 ^ clkbuf_0_clk/A (sky130_fd_sc_hd__clkbuf_16)
                  0.04    0.11    0.23 ^ clkbuf_0_clk/X (sky130_fd_sc_hd__clkbuf_16)
     2    0.02                           clknet_0_clk (net)
                  0.04    0.00    0.23 ^ clkbuf_1_1__f_clk/A (sky130_fd_sc_hd__clkbuf_16)
                  0.05    0.10    0.33 ^ clkbuf_1_1__f_clk/X (sky130_fd_sc_hd__clkbuf_16)
    14    0.05                           clknet_1_1__leaf_clk (net)
                  0.05    0.00    0.33 ^ _405_/CLK (sky130_fd_sc_hd__dfrtp_4)
                  0.10    0.30    0.63 ^ _405_/Q (sky130_fd_sc_hd__dfrtp_4)
     3    0.04                           net5 (net)
                  0.11    0.01    0.63 ^ output5/A (sky130_fd_sc_hd__clkbuf_4)
                  0.08    0.14    0.77 ^ output5/X (sky130_fd_sc_hd__clkbuf_4)
     1    0.03                           A_out[3] (net)
                  0.08    0.00    0.77 ^ A_out[3] (out)
                                  0.77   data arrival time

                          0.00    0.00   clock clk (rise edge)
                          0.00    0.00   clock network delay (propagated)
                          0.25    0.25   clock uncertainty
                          0.00    0.25   clock reconvergence pessimism
                         -4.00   -3.75   output external delay
                                 -3.75   data required time
-----------------------------------------------------------------------------
                                 -3.75   data required time
                                 -0.77   data arrival time
-----------------------------------------------------------------------------
                                  4.52   slack (MET)


Startpoint: _423_ (rising edge-triggered flip-flop clocked by clk)
Endpoint: B_out[5] (output port clocked by clk)
Path Group: clk
Path Type: min
Corner: Fastest

Fanout     Cap    Slew   Delay    Time   Description
-----------------------------------------------------------------------------
                          0.00    0.00   clock clk (rise edge)
                          0.00    0.00   clock source latency
                  0.17    0.12    0.12 ^ clk (in)
     1    0.05                           clk (net)
                  0.17    0.00    0.12 ^ clkbuf_0_clk/A (sky130_fd_sc_hd__clkbuf_16)
                  0.04    0.11    0.23 ^ clkbuf_0_clk/X (sky130_fd_sc_hd__clkbuf_16)
     2    0.02                           clknet_0_clk (net)
                  0.04    0.00    0.23 ^ clkbuf_1_0__f_clk/A (sky130_fd_sc_hd__clkbuf_16)
                  0.06    0.10    0.33 ^ clkbuf_1_0__f_clk/X (sky130_fd_sc_hd__clkbuf_16)
    14    0.05                           clknet_1_0__leaf_clk (net)
                  0.06    0.00    0.33 ^ _423_/CLK (sky130_fd_sc_hd__dfrtp_4)
                  0.11    0.30    0.63 ^ _423_/Q (sky130_fd_sc_hd__dfrtp_4)
     3    0.04                           net15 (net)
                  0.11    0.00    0.64 ^ output15/A (sky130_fd_sc_hd__clkbuf_4)
                  0.09    0.14    0.78 ^ output15/X (sky130_fd_sc_hd__clkbuf_4)
     1    0.03                           B_out[5] (net)
                  0.09    0.00    0.78 ^ B_out[5] (out)
                                  0.78   data arrival time

                          0.00    0.00   clock clk (rise edge)
                          0.00    0.00   clock network delay (propagated)
                          0.25    0.25   clock uncertainty
                          0.00    0.25   clock reconvergence pessimism
                         -4.00   -3.75   output external delay
                                 -3.75   data required time
-----------------------------------------------------------------------------
                                 -3.75   data required time
                                 -0.78   data arrival time
-----------------------------------------------------------------------------
                                  4.53   slack (MET)


Startpoint: _414_ (rising edge-triggered flip-flop clocked by clk)
Endpoint: flags_out[0] (output port clocked by clk)
Path Group: clk
Path Type: min
Corner: Fastest

Fanout     Cap    Slew   Delay    Time   Description
-----------------------------------------------------------------------------
                          0.00    0.00   clock clk (rise edge)
                          0.00    0.00   clock source latency
                  0.17    0.12    0.12 ^ clk (in)
     1    0.05                           clk (net)
                  0.17    0.00    0.12 ^ clkbuf_0_clk/A (sky130_fd_sc_hd__clkbuf_16)
                  0.04    0.11    0.23 ^ clkbuf_0_clk/X (sky130_fd_sc_hd__clkbuf_16)
     2    0.02                           clknet_0_clk (net)
                  0.04    0.00    0.23 ^ clkbuf_1_0__f_clk/A (sky130_fd_sc_hd__clkbuf_16)
                  0.06    0.10    0.33 ^ clkbuf_1_0__f_clk/X (sky130_fd_sc_hd__clkbuf_16)
    14    0.05                           clknet_1_0__leaf_clk (net)
                  0.06    0.00    0.33 ^ _414_/CLK (sky130_fd_sc_hd__dfrtp_4)
                  0.11    0.30    0.63 ^ _414_/Q (sky130_fd_sc_hd__dfrtp_4)
     2    0.04                           net18 (net)
                  0.11    0.01    0.64 ^ output18/A (sky130_fd_sc_hd__clkbuf_4)
                  0.08    0.14    0.78 ^ output18/X (sky130_fd_sc_hd__clkbuf_4)
     1    0.03                           flags_out[0] (net)
                  0.08    0.00    0.78 ^ flags_out[0] (out)
                                  0.78   data arrival time

                          0.00    0.00   clock clk (rise edge)
                          0.00    0.00   clock network delay (propagated)
                          0.25    0.25   clock uncertainty
                          0.00    0.25   clock reconvergence pessimism
                         -4.00   -3.75   output external delay
                                 -3.75   data required time
-----------------------------------------------------------------------------
                                 -3.75   data required time
                                 -0.78   data arrival time
-----------------------------------------------------------------------------
                                  4.53   slack (MET)


Startpoint: _418_ (rising edge-triggered flip-flop clocked by clk)
Endpoint: B_out[0] (output port clocked by clk)
Path Group: clk
Path Type: min
Corner: Fastest

Fanout     Cap    Slew   Delay    Time   Description
-----------------------------------------------------------------------------
                          0.00    0.00   clock clk (rise edge)
                          0.00    0.00   clock source latency
                  0.17    0.12    0.12 ^ clk (in)
     1    0.05                           clk (net)
                  0.17    0.00    0.12 ^ clkbuf_0_clk/A (sky130_fd_sc_hd__clkbuf_16)
                  0.04    0.11    0.23 ^ clkbuf_0_clk/X (sky130_fd_sc_hd__clkbuf_16)
     2    0.02                           clknet_0_clk (net)
                  0.04    0.00    0.23 ^ clkbuf_1_1__f_clk/A (sky130_fd_sc_hd__clkbuf_16)
                  0.05    0.10    0.33 ^ clkbuf_1_1__f_clk/X (sky130_fd_sc_hd__clkbuf_16)
    14    0.05                           clknet_1_1__leaf_clk (net)
                  0.05    0.00    0.33 ^ _418_/CLK (sky130_fd_sc_hd__dfrtp_4)
                  0.11    0.30    0.64 ^ _418_/Q (sky130_fd_sc_hd__dfrtp_4)
     5    0.05                           net10 (net)
                  0.11    0.00    0.64 ^ output10/A (sky130_fd_sc_hd__clkbuf_4)
                  0.08    0.14    0.78 ^ output10/X (sky130_fd_sc_hd__clkbuf_4)
     1    0.03                           B_out[0] (net)
                  0.08    0.00    0.78 ^ B_out[0] (out)
                                  0.78   data arrival time

                          0.00    0.00   clock clk (rise edge)
                          0.00    0.00   clock network delay (propagated)
                          0.25    0.25   clock uncertainty
                          0.00    0.25   clock reconvergence pessimism
                         -4.00   -3.75   output external delay
                                 -3.75   data required time
-----------------------------------------------------------------------------
                                 -3.75   data required time
                                 -0.78   data arrival time
-----------------------------------------------------------------------------
                                  4.53   slack (MET)


Startpoint: _403_ (rising edge-triggered flip-flop clocked by clk)
Endpoint: A_out[1] (output port clocked by clk)
Path Group: clk
Path Type: min
Corner: Fastest

Fanout     Cap    Slew   Delay    Time   Description
-----------------------------------------------------------------------------
                          0.00    0.00   clock clk (rise edge)
                          0.00    0.00   clock source latency
                  0.17    0.12    0.12 ^ clk (in)
     1    0.05                           clk (net)
                  0.17    0.00    0.12 ^ clkbuf_0_clk/A (sky130_fd_sc_hd__clkbuf_16)
                  0.04    0.11    0.23 ^ clkbuf_0_clk/X (sky130_fd_sc_hd__clkbuf_16)
     2    0.02                           clknet_0_clk (net)
                  0.04    0.00    0.23 ^ clkbuf_1_1__f_clk/A (sky130_fd_sc_hd__clkbuf_16)
                  0.05    0.10    0.33 ^ clkbuf_1_1__f_clk/X (sky130_fd_sc_hd__clkbuf_16)
    14    0.05                           clknet_1_1__leaf_clk (net)
                  0.05    0.00    0.33 ^ _403_/CLK (sky130_fd_sc_hd__dfrtp_4)
                  0.11    0.30    0.63 ^ _403_/Q (sky130_fd_sc_hd__dfrtp_4)
     3    0.04                           net3 (net)
                  0.11    0.01    0.64 ^ output3/A (sky130_fd_sc_hd__clkbuf_4)
                  0.08    0.14    0.78 ^ output3/X (sky130_fd_sc_hd__clkbuf_4)
     1    0.03                           A_out[1] (net)
                  0.08    0.00    0.78 ^ A_out[1] (out)
                                  0.78   data arrival time

                          0.00    0.00   clock clk (rise edge)
                          0.00    0.00   clock network delay (propagated)
                          0.25    0.25   clock uncertainty
                          0.00    0.25   clock reconvergence pessimism
                         -4.00   -3.75   output external delay
                                 -3.75   data required time
-----------------------------------------------------------------------------
                                 -3.75   data required time
                                 -0.78   data arrival time
-----------------------------------------------------------------------------
                                  4.53   slack (MET)


Startpoint: _419_ (rising edge-triggered flip-flop clocked by clk)
Endpoint: B_out[1] (output port clocked by clk)
Path Group: clk
Path Type: min
Corner: Fastest

Fanout     Cap    Slew   Delay    Time   Description
-----------------------------------------------------------------------------
                          0.00    0.00   clock clk (rise edge)
                          0.00    0.00   clock source latency
                  0.17    0.12    0.12 ^ clk (in)
     1    0.05                           clk (net)
                  0.17    0.00    0.12 ^ clkbuf_0_clk/A (sky130_fd_sc_hd__clkbuf_16)
                  0.04    0.11    0.23 ^ clkbuf_0_clk/X (sky130_fd_sc_hd__clkbuf_16)
     2    0.02                           clknet_0_clk (net)
                  0.04    0.00    0.23 ^ clkbuf_1_1__f_clk/A (sky130_fd_sc_hd__clkbuf_16)
                  0.05    0.10    0.33 ^ clkbuf_1_1__f_clk/X (sky130_fd_sc_hd__clkbuf_16)
    14    0.05                           clknet_1_1__leaf_clk (net)
                  0.05    0.00    0.33 ^ _419_/CLK (sky130_fd_sc_hd__dfrtp_4)
                  0.11    0.30    0.64 ^ _419_/Q (sky130_fd_sc_hd__dfrtp_4)
     4    0.05                           net11 (net)
                  0.11    0.00    0.64 ^ output11/A (sky130_fd_sc_hd__clkbuf_4)
                  0.08    0.14    0.78 ^ output11/X (sky130_fd_sc_hd__clkbuf_4)
     1    0.03                           B_out[1] (net)
                  0.08    0.00    0.78 ^ B_out[1] (out)
                                  0.78   data arrival time

                          0.00    0.00   clock clk (rise edge)
                          0.00    0.00   clock network delay (propagated)
                          0.25    0.25   clock uncertainty
                          0.00    0.25   clock reconvergence pessimism
                         -4.00   -3.75   output external delay
                                 -3.75   data required time
-----------------------------------------------------------------------------
                                 -3.75   data required time
                                 -0.78   data arrival time
-----------------------------------------------------------------------------
                                  4.53   slack (MET)


Startpoint: _422_ (rising edge-triggered flip-flop clocked by clk)
Endpoint: B_out[4] (output port clocked by clk)
Path Group: clk
Path Type: min
Corner: Fastest

Fanout     Cap    Slew   Delay    Time   Description
-----------------------------------------------------------------------------
                          0.00    0.00   clock clk (rise edge)
                          0.00    0.00   clock source latency
                  0.17    0.12    0.12 ^ clk (in)
     1    0.05                           clk (net)
                  0.17    0.00    0.12 ^ clkbuf_0_clk/A (sky130_fd_sc_hd__clkbuf_16)
                  0.04    0.11    0.23 ^ clkbuf_0_clk/X (sky130_fd_sc_hd__clkbuf_16)
     2    0.02                           clknet_0_clk (net)
                  0.04    0.00    0.23 ^ clkbuf_1_0__f_clk/A (sky130_fd_sc_hd__clkbuf_16)
                  0.06    0.10    0.33 ^ clkbuf_1_0__f_clk/X (sky130_fd_sc_hd__clkbuf_16)
    14    0.05                           clknet_1_0__leaf_clk (net)
                  0.06    0.00    0.33 ^ _422_/CLK (sky130_fd_sc_hd__dfrtp_4)
                  0.11    0.31    0.64 ^ _422_/Q (sky130_fd_sc_hd__dfrtp_4)
     5    0.05                           net14 (net)
                  0.11    0.01    0.65 ^ output14/A (sky130_fd_sc_hd__clkbuf_4)
                  0.08    0.14    0.79 ^ output14/X (sky130_fd_sc_hd__clkbuf_4)
     1    0.03                           B_out[4] (net)
                  0.08    0.00    0.79 ^ B_out[4] (out)
                                  0.79   data arrival time

                          0.00    0.00   clock clk (rise edge)
                          0.00    0.00   clock network delay (propagated)
                          0.25    0.25   clock uncertainty
                          0.00    0.25   clock reconvergence pessimism
                         -4.00   -3.75   output external delay
                                 -3.75   data required time
-----------------------------------------------------------------------------
                                 -3.75   data required time
                                 -0.79   data arrival time
-----------------------------------------------------------------------------
                                  4.54   slack (MET)


Startpoint: _424_ (rising edge-triggered flip-flop clocked by clk)
Endpoint: B_out[6] (output port clocked by clk)
Path Group: clk
Path Type: min
Corner: Fastest

Fanout     Cap    Slew   Delay    Time   Description
-----------------------------------------------------------------------------
                          0.00    0.00   clock clk (rise edge)
                          0.00    0.00   clock source latency
                  0.17    0.12    0.12 ^ clk (in)
     1    0.05                           clk (net)
                  0.17    0.00    0.12 ^ clkbuf_0_clk/A (sky130_fd_sc_hd__clkbuf_16)
                  0.04    0.11    0.23 ^ clkbuf_0_clk/X (sky130_fd_sc_hd__clkbuf_16)
     2    0.02                           clknet_0_clk (net)
                  0.04    0.00    0.23 ^ clkbuf_1_0__f_clk/A (sky130_fd_sc_hd__clkbuf_16)
                  0.06    0.10    0.33 ^ clkbuf_1_0__f_clk/X (sky130_fd_sc_hd__clkbuf_16)
    14    0.05                           clknet_1_0__leaf_clk (net)
                  0.06    0.00    0.33 ^ _424_/CLK (sky130_fd_sc_hd__dfrtp_4)
                  0.11    0.30    0.64 ^ _424_/Q (sky130_fd_sc_hd__dfrtp_4)
     6    0.04                           net16 (net)
                  0.11    0.00    0.64 ^ output16/A (sky130_fd_sc_hd__buf_2)
                  0.13    0.15    0.79 ^ output16/X (sky130_fd_sc_hd__buf_2)
     1    0.03                           B_out[6] (net)
                  0.13    0.00    0.79 ^ B_out[6] (out)
                                  0.79   data arrival time

                          0.00    0.00   clock clk (rise edge)
                          0.00    0.00   clock network delay (propagated)
                          0.25    0.25   clock uncertainty
                          0.00    0.25   clock reconvergence pessimism
                         -4.00   -3.75   output external delay
                                 -3.75   data required time
-----------------------------------------------------------------------------
                                 -3.75   data required time
                                 -0.79   data arrival time
-----------------------------------------------------------------------------
                                  4.54   slack (MET)


Startpoint: _407_ (rising edge-triggered flip-flop clocked by clk)
Endpoint: A_out[5] (output port clocked by clk)
Path Group: clk
Path Type: min
Corner: Fastest

Fanout     Cap    Slew   Delay    Time   Description
-----------------------------------------------------------------------------
                          0.00    0.00   clock clk (rise edge)
                          0.00    0.00   clock source latency
                  0.17    0.12    0.12 ^ clk (in)
     1    0.05                           clk (net)
                  0.17    0.00    0.12 ^ clkbuf_0_clk/A (sky130_fd_sc_hd__clkbuf_16)
                  0.04    0.11    0.23 ^ clkbuf_0_clk/X (sky130_fd_sc_hd__clkbuf_16)
     2    0.02                           clknet_0_clk (net)
                  0.04    0.00    0.23 ^ clkbuf_1_0__f_clk/A (sky130_fd_sc_hd__clkbuf_16)
                  0.06    0.10    0.33 ^ clkbuf_1_0__f_clk/X (sky130_fd_sc_hd__clkbuf_16)
    14    0.05                           clknet_1_0__leaf_clk (net)
                  0.06    0.00    0.33 ^ _407_/CLK (sky130_fd_sc_hd__dfrtp_4)
                  0.12    0.31    0.64 ^ _407_/Q (sky130_fd_sc_hd__dfrtp_4)
     3    0.05                           net7 (net)
                  0.12    0.01    0.65 ^ output7/A (sky130_fd_sc_hd__buf_2)
                  0.13    0.15    0.80 ^ output7/X (sky130_fd_sc_hd__buf_2)
     1    0.03                           A_out[5] (net)
                  0.13    0.00    0.80 ^ A_out[5] (out)
                                  0.80   data arrival time

                          0.00    0.00   clock clk (rise edge)
                          0.00    0.00   clock network delay (propagated)
                          0.25    0.25   clock uncertainty
                          0.00    0.25   clock reconvergence pessimism
                         -4.00   -3.75   output external delay
                                 -3.75   data required time
-----------------------------------------------------------------------------
                                 -3.75   data required time
                                 -0.80   data arrival time
-----------------------------------------------------------------------------
                                  4.55   slack (MET)


Startpoint: _404_ (rising edge-triggered flip-flop clocked by clk)
Endpoint: A_out[2] (output port clocked by clk)
Path Group: clk
Path Type: min
Corner: Fastest

Fanout     Cap    Slew   Delay    Time   Description
-----------------------------------------------------------------------------
                          0.00    0.00   clock clk (rise edge)
                          0.00    0.00   clock source latency
                  0.17    0.12    0.12 ^ clk (in)
     1    0.05                           clk (net)
                  0.17    0.00    0.12 ^ clkbuf_0_clk/A (sky130_fd_sc_hd__clkbuf_16)
                  0.04    0.11    0.23 ^ clkbuf_0_clk/X (sky130_fd_sc_hd__clkbuf_16)
     2    0.02                           clknet_0_clk (net)
                  0.04    0.00    0.23 ^ clkbuf_1_1__f_clk/A (sky130_fd_sc_hd__clkbuf_16)
                  0.05    0.10    0.33 ^ clkbuf_1_1__f_clk/X (sky130_fd_sc_hd__clkbuf_16)
    14    0.05                           clknet_1_1__leaf_clk (net)
                  0.05    0.00    0.33 ^ _404_/CLK (sky130_fd_sc_hd__dfrtp_4)
                  0.13    0.32    0.65 ^ _404_/Q (sky130_fd_sc_hd__dfrtp_4)
     4    0.06                           net4 (net)
                  0.13    0.01    0.66 ^ output4/A (sky130_fd_sc_hd__clkbuf_4)
                  0.08    0.15    0.81 ^ output4/X (sky130_fd_sc_hd__clkbuf_4)
     1    0.03                           A_out[2] (net)
                  0.08    0.00    0.81 ^ A_out[2] (out)
                                  0.81   data arrival time

                          0.00    0.00   clock clk (rise edge)
                          0.00    0.00   clock network delay (propagated)
                          0.25    0.25   clock uncertainty
                          0.00    0.25   clock reconvergence pessimism
                         -4.00   -3.75   output external delay
                                 -3.75   data required time
-----------------------------------------------------------------------------
                                 -3.75   data required time
                                 -0.81   data arrival time
-----------------------------------------------------------------------------
                                  4.56   slack (MET)


Startpoint: _420_ (rising edge-triggered flip-flop clocked by clk)
Endpoint: B_out[2] (output port clocked by clk)
Path Group: clk
Path Type: min
Corner: Fastest

Fanout     Cap    Slew   Delay    Time   Description
-----------------------------------------------------------------------------
                          0.00    0.00   clock clk (rise edge)
                          0.00    0.00   clock source latency
                  0.17    0.12    0.12 ^ clk (in)
     1    0.05                           clk (net)
                  0.17    0.00    0.12 ^ clkbuf_0_clk/A (sky130_fd_sc_hd__clkbuf_16)
                  0.04    0.11    0.23 ^ clkbuf_0_clk/X (sky130_fd_sc_hd__clkbuf_16)
     2    0.02                           clknet_0_clk (net)
                  0.04    0.00    0.23 ^ clkbuf_1_1__f_clk/A (sky130_fd_sc_hd__clkbuf_16)
                  0.05    0.10    0.33 ^ clkbuf_1_1__f_clk/X (sky130_fd_sc_hd__clkbuf_16)
    14    0.05                           clknet_1_1__leaf_clk (net)
                  0.05    0.00    0.33 ^ _420_/CLK (sky130_fd_sc_hd__dfrtp_4)
                  0.13    0.32    0.65 ^ _420_/Q (sky130_fd_sc_hd__dfrtp_4)
     4    0.05                           net12 (net)
                  0.13    0.00    0.65 ^ output12/A (sky130_fd_sc_hd__buf_2)
                  0.13    0.15    0.81 ^ output12/X (sky130_fd_sc_hd__buf_2)
     1    0.03                           B_out[2] (net)
                  0.13    0.00    0.81 ^ B_out[2] (out)
                                  0.81   data arrival time

                          0.00    0.00   clock clk (rise edge)
                          0.00    0.00   clock network delay (propagated)
                          0.25    0.25   clock uncertainty
                          0.00    0.25   clock reconvergence pessimism
                         -4.00   -3.75   output external delay
                                 -3.75   data required time
-----------------------------------------------------------------------------
                                 -3.75   data required time
                                 -0.81   data arrival time
-----------------------------------------------------------------------------
                                  4.56   slack (MET)


Startpoint: _413_ (rising edge-triggered flip-flop clocked by clk)
Endpoint: last_opcode_out[6] (output port clocked by clk)
Path Group: clk
Path Type: min
Corner: Fastest

Fanout     Cap    Slew   Delay    Time   Description
-----------------------------------------------------------------------------
                          0.00    0.00   clock clk (rise edge)
                          0.00    0.00   clock source latency
                  0.17    0.12    0.12 ^ clk (in)
     1    0.05                           clk (net)
                  0.17    0.00    0.12 ^ clkbuf_0_clk/A (sky130_fd_sc_hd__clkbuf_16)
                  0.04    0.11    0.23 ^ clkbuf_0_clk/X (sky130_fd_sc_hd__clkbuf_16)
     2    0.02                           clknet_0_clk (net)
                  0.04    0.00    0.23 ^ clkbuf_1_0__f_clk/A (sky130_fd_sc_hd__clkbuf_16)
                  0.06    0.10    0.33 ^ clkbuf_1_0__f_clk/X (sky130_fd_sc_hd__clkbuf_16)
    14    0.05                           clknet_1_0__leaf_clk (net)
                  0.06    0.00    0.33 ^ _413_/CLK (sky130_fd_sc_hd__dfrtp_4)
                  0.15    0.33    0.67 ^ _413_/Q (sky130_fd_sc_hd__dfrtp_4)
     3    0.07                           net27 (net)
                  0.15    0.01    0.68 ^ output27/A (sky130_fd_sc_hd__clkbuf_4)
                  0.09    0.15    0.83 ^ output27/X (sky130_fd_sc_hd__clkbuf_4)
     1    0.04                           last_opcode_out[6] (net)
                  0.09    0.00    0.83 ^ last_opcode_out[6] (out)
                                  0.83   data arrival time

                          0.00    0.00   clock clk (rise edge)
                          0.00    0.00   clock network delay (propagated)
                          0.25    0.25   clock uncertainty
                          0.00    0.25   clock reconvergence pessimism
                         -4.00   -3.75   output external delay
                                 -3.75   data required time
-----------------------------------------------------------------------------
                                 -3.75   data required time
                                 -0.83   data arrival time
-----------------------------------------------------------------------------
                                  4.58   slack (MET)


Startpoint: _410_ (rising edge-triggered flip-flop clocked by clk)
Endpoint: last_opcode_out[1] (output port clocked by clk)
Path Group: clk
Path Type: min
Corner: Fastest

Fanout     Cap    Slew   Delay    Time   Description
-----------------------------------------------------------------------------
                          0.00    0.00   clock clk (rise edge)
                          0.00    0.00   clock source latency
                  0.17    0.12    0.12 ^ clk (in)
     1    0.05                           clk (net)
                  0.17    0.00    0.12 ^ clkbuf_0_clk/A (sky130_fd_sc_hd__clkbuf_16)
                  0.04    0.11    0.23 ^ clkbuf_0_clk/X (sky130_fd_sc_hd__clkbuf_16)
     2    0.02                           clknet_0_clk (net)
                  0.04    0.00    0.23 ^ clkbuf_1_0__f_clk/A (sky130_fd_sc_hd__clkbuf_16)
                  0.06    0.10    0.33 ^ clkbuf_1_0__f_clk/X (sky130_fd_sc_hd__clkbuf_16)
    14    0.05                           clknet_1_0__leaf_clk (net)
                  0.06    0.00    0.33 ^ _410_/CLK (sky130_fd_sc_hd__dfrtp_4)
                  0.11    0.36    0.69 v _410_/Q (sky130_fd_sc_hd__dfrtp_4)
     3    0.08                           net23 (net)
                  0.11    0.01    0.71 v output23/A (sky130_fd_sc_hd__buf_2)
                  0.06    0.14    0.85 v output23/X (sky130_fd_sc_hd__buf_2)
     1    0.03                           last_opcode_out[1] (net)
                  0.06    0.00    0.85 v last_opcode_out[1] (out)
                                  0.85   data arrival time

                          0.00    0.00   clock clk (rise edge)
                          0.00    0.00   clock network delay (propagated)
                          0.25    0.25   clock uncertainty
                          0.00    0.25   clock reconvergence pessimism
                         -4.00   -3.75   output external delay
                                 -3.75   data required time
-----------------------------------------------------------------------------
                                 -3.75   data required time
                                 -0.85   data arrival time
-----------------------------------------------------------------------------
                                  4.60   slack (MET)


Startpoint: _413_ (rising edge-triggered flip-flop clocked by clk)
Endpoint: last_opcode_out[4] (output port clocked by clk)
Path Group: clk
Path Type: min
Corner: Fastest

Fanout     Cap    Slew   Delay    Time   Description
-----------------------------------------------------------------------------
                          0.00    0.00   clock clk (rise edge)
                          0.00    0.00   clock source latency
                  0.17    0.12    0.12 ^ clk (in)
     1    0.05                           clk (net)
                  0.17    0.00    0.12 ^ clkbuf_0_clk/A (sky130_fd_sc_hd__clkbuf_16)
                  0.04    0.11    0.23 ^ clkbuf_0_clk/X (sky130_fd_sc_hd__clkbuf_16)
     2    0.02                           clknet_0_clk (net)
                  0.04    0.00    0.23 ^ clkbuf_1_0__f_clk/A (sky130_fd_sc_hd__clkbuf_16)
                  0.06    0.10    0.33 ^ clkbuf_1_0__f_clk/X (sky130_fd_sc_hd__clkbuf_16)
    14    0.05                           clknet_1_0__leaf_clk (net)
                  0.06    0.00    0.33 ^ _413_/CLK (sky130_fd_sc_hd__dfrtp_4)
                  0.15    0.33    0.67 ^ _413_/Q (sky130_fd_sc_hd__dfrtp_4)
     3    0.07                           net27 (net)
                  0.15    0.00    0.67 ^ _428_/A (sky130_fd_sc_hd__clkbuf_1)
                  0.04    0.07    0.73 ^ _428_/X (sky130_fd_sc_hd__clkbuf_1)
     1    0.00                           net26 (net)
                  0.04    0.00    0.73 ^ output26/A (sky130_fd_sc_hd__clkbuf_4)
                  0.08    0.12    0.86 ^ output26/X (sky130_fd_sc_hd__clkbuf_4)
     1    0.03                           last_opcode_out[4] (net)
                  0.08    0.00    0.86 ^ last_opcode_out[4] (out)
                                  0.86   data arrival time

                          0.00    0.00   clock clk (rise edge)
                          0.00    0.00   clock network delay (propagated)
                          0.25    0.25   clock uncertainty
                          0.00    0.25   clock reconvergence pessimism
                         -4.00   -3.75   output external delay
                                 -3.75   data required time
-----------------------------------------------------------------------------
                                 -3.75   data required time
                                 -0.86   data arrival time
-----------------------------------------------------------------------------
                                  4.61   slack (MET)


Startpoint: _410_ (rising edge-triggered flip-flop clocked by clk)
Endpoint: last_opcode_out[0] (output port clocked by clk)
Path Group: clk
Path Type: min
Corner: Fastest

Fanout     Cap    Slew   Delay    Time   Description
-----------------------------------------------------------------------------
                          0.00    0.00   clock clk (rise edge)
                          0.00    0.00   clock source latency
                  0.17    0.12    0.12 ^ clk (in)
     1    0.05                           clk (net)
                  0.17    0.00    0.12 ^ clkbuf_0_clk/A (sky130_fd_sc_hd__clkbuf_16)
                  0.04    0.11    0.23 ^ clkbuf_0_clk/X (sky130_fd_sc_hd__clkbuf_16)
     2    0.02                           clknet_0_clk (net)
                  0.04    0.00    0.23 ^ clkbuf_1_0__f_clk/A (sky130_fd_sc_hd__clkbuf_16)
                  0.06    0.10    0.33 ^ clkbuf_1_0__f_clk/X (sky130_fd_sc_hd__clkbuf_16)
    14    0.05                           clknet_1_0__leaf_clk (net)
                  0.06    0.00    0.33 ^ _410_/CLK (sky130_fd_sc_hd__dfrtp_4)
                  0.18    0.35    0.69 ^ _410_/Q (sky130_fd_sc_hd__dfrtp_4)
     3    0.08                           net23 (net)
                  0.18    0.00    0.69 ^ _427_/A (sky130_fd_sc_hd__clkbuf_1)
                  0.04    0.06    0.75 ^ _427_/X (sky130_fd_sc_hd__clkbuf_1)
     1    0.00                           net22 (net)
                  0.04    0.00    0.75 ^ output22/A (sky130_fd_sc_hd__clkbuf_4)
                  0.08    0.12    0.87 ^ output22/X (sky130_fd_sc_hd__clkbuf_4)
     1    0.03                           last_opcode_out[0] (net)
                  0.08    0.00    0.87 ^ last_opcode_out[0] (out)
                                  0.87   data arrival time

                          0.00    0.00   clock clk (rise edge)
                          0.00    0.00   clock network delay (propagated)
                          0.25    0.25   clock uncertainty
                          0.00    0.25   clock reconvergence pessimism
                         -4.00   -3.75   output external delay
                                 -3.75   data required time
-----------------------------------------------------------------------------
                                 -3.75   data required time
                                 -0.87   data arrival time
-----------------------------------------------------------------------------
                                  4.62   slack (MET)



======================= Slowest Corner ===================================

Startpoint: _417_ (rising edge-triggered flip-flop clocked by clk)
Endpoint: _417_ (rising edge-triggered flip-flop clocked by clk)
Path Group: clk
Path Type: min
Corner: Slowest

Fanout     Cap    Slew   Delay    Time   Description
-----------------------------------------------------------------------------
                          0.00    0.00   clock clk (rise edge)
                          0.00    0.00   clock source latency
                  0.36    0.24    0.24 ^ clk (in)
     1    0.05                           clk (net)
                  0.36    0.00    0.24 ^ clkbuf_0_clk/A (sky130_fd_sc_hd__clkbuf_16)
                  0.07    0.33    0.58 ^ clkbuf_0_clk/X (sky130_fd_sc_hd__clkbuf_16)
     2    0.02                           clknet_0_clk (net)
                  0.07    0.00    0.58 ^ clkbuf_1_0__f_clk/A (sky130_fd_sc_hd__clkbuf_16)
                  0.11    0.25    0.83 ^ clkbuf_1_0__f_clk/X (sky130_fd_sc_hd__clkbuf_16)
    14    0.05                           clknet_1_0__leaf_clk (net)
                  0.11    0.00    0.83 ^ _417_/CLK (sky130_fd_sc_hd__dfrtp_4)
                  0.21    0.90    1.73 ^ _417_/Q (sky130_fd_sc_hd__dfrtp_4)
     3    0.03                           net21 (net)
                  0.21    0.00    1.73 ^ _313_/A (sky130_fd_sc_hd__nand2_1)
                  0.08    0.14    1.87 v _313_/Y (sky130_fd_sc_hd__nand2_1)
     1    0.00                           _146_ (net)
                  0.08    0.00    1.87 v _314_/B1 (sky130_fd_sc_hd__o41ai_1)
                  0.08    0.10    1.97 ^ _314_/Y (sky130_fd_sc_hd__o41ai_1)
     1    0.00                           _043_ (net)
                  0.08    0.00    1.97 ^ _417_/D (sky130_fd_sc_hd__dfrtp_4)
                                  1.97   data arrival time

                          0.00    0.00   clock clk (rise edge)
                          0.00    0.00   clock source latency
                  0.36    0.27    0.27 ^ clk (in)
     1    0.05                           clk (net)
                  0.36    0.00    0.27 ^ clkbuf_0_clk/A (sky130_fd_sc_hd__clkbuf_16)
                  0.07    0.37    0.64 ^ clkbuf_0_clk/X (sky130_fd_sc_hd__clkbuf_16)
     2    0.02                           clknet_0_clk (net)
                  0.07    0.00    0.64 ^ clkbuf_1_0__f_clk/A (sky130_fd_sc_hd__clkbuf_16)
                  0.11    0.28    0.92 ^ clkbuf_1_0__f_clk/X (sky130_fd_sc_hd__clkbuf_16)
    14    0.05                           clknet_1_0__leaf_clk (net)
                  0.11    0.00    0.92 ^ _417_/CLK (sky130_fd_sc_hd__dfrtp_4)
                          0.25    1.17   clock uncertainty
                         -0.09    1.08   clock reconvergence pessimism
                         -0.08    1.01   library hold time
                                  1.01   data required time
-----------------------------------------------------------------------------
                                  1.01   data required time
                                 -1.97   data arrival time
-----------------------------------------------------------------------------
                                  0.96   slack (MET)


Startpoint: _418_ (rising edge-triggered flip-flop clocked by clk)
Endpoint: _418_ (rising edge-triggered flip-flop clocked by clk)
Path Group: clk
Path Type: min
Corner: Slowest

Fanout     Cap    Slew   Delay    Time   Description
-----------------------------------------------------------------------------
                          0.00    0.00   clock clk (rise edge)
                          0.00    0.00   clock source latency
                  0.36    0.24    0.24 ^ clk (in)
     1    0.05                           clk (net)
                  0.36    0.00    0.24 ^ clkbuf_0_clk/A (sky130_fd_sc_hd__clkbuf_16)
                  0.07    0.33    0.58 ^ clkbuf_0_clk/X (sky130_fd_sc_hd__clkbuf_16)
     2    0.02                           clknet_0_clk (net)
                  0.07    0.00    0.58 ^ clkbuf_1_1__f_clk/A (sky130_fd_sc_hd__clkbuf_16)
                  0.11    0.25    0.83 ^ clkbuf_1_1__f_clk/X (sky130_fd_sc_hd__clkbuf_16)
    14    0.05                           clknet_1_1__leaf_clk (net)
                  0.11    0.00    0.83 ^ _418_/CLK (sky130_fd_sc_hd__dfrtp_4)
                  0.25    0.94    1.77 ^ _418_/Q (sky130_fd_sc_hd__dfrtp_4)
     5    0.05                           net10 (net)
                  0.25    0.00    1.77 ^ _301_/A1 (sky130_fd_sc_hd__a21oi_1)
                  0.10    0.19    1.95 v _301_/Y (sky130_fd_sc_hd__a21oi_1)
     1    0.00                           _044_ (net)
                  0.10    0.00    1.95 v _418_/D (sky130_fd_sc_hd__dfrtp_4)
                                  1.95   data arrival time

                          0.00    0.00   clock clk (rise edge)
                          0.00    0.00   clock source latency
                  0.36    0.27    0.27 ^ clk (in)
     1    0.05                           clk (net)
                  0.36    0.00    0.27 ^ clkbuf_0_clk/A (sky130_fd_sc_hd__clkbuf_16)
                  0.07    0.37    0.64 ^ clkbuf_0_clk/X (sky130_fd_sc_hd__clkbuf_16)
     2    0.02                           clknet_0_clk (net)
                  0.07    0.00    0.64 ^ clkbuf_1_1__f_clk/A (sky130_fd_sc_hd__clkbuf_16)
                  0.11    0.28    0.92 ^ clkbuf_1_1__f_clk/X (sky130_fd_sc_hd__clkbuf_16)
    14    0.05                           clknet_1_1__leaf_clk (net)
                  0.11    0.00    0.92 ^ _418_/CLK (sky130_fd_sc_hd__dfrtp_4)
                          0.25    1.17   clock uncertainty
                         -0.09    1.08   clock reconvergence pessimism
                         -0.09    0.99   library hold time
                                  0.99   data required time
-----------------------------------------------------------------------------
                                  0.99   data required time
                                 -1.95   data arrival time
-----------------------------------------------------------------------------
                                  0.96   slack (MET)


Startpoint: _408_ (rising edge-triggered flip-flop clocked by clk)
Endpoint: _408_ (rising edge-triggered flip-flop clocked by clk)
Path Group: clk
Path Type: min
Corner: Slowest

Fanout     Cap    Slew   Delay    Time   Description
-----------------------------------------------------------------------------
                          0.00    0.00   clock clk (rise edge)
                          0.00    0.00   clock source latency
                  0.36    0.24    0.24 ^ clk (in)
     1    0.05                           clk (net)
                  0.36    0.00    0.24 ^ clkbuf_0_clk/A (sky130_fd_sc_hd__clkbuf_16)
                  0.07    0.33    0.58 ^ clkbuf_0_clk/X (sky130_fd_sc_hd__clkbuf_16)
     2    0.02                           clknet_0_clk (net)
                  0.07    0.00    0.58 ^ clkbuf_1_0__f_clk/A (sky130_fd_sc_hd__clkbuf_16)
                  0.11    0.25    0.83 ^ clkbuf_1_0__f_clk/X (sky130_fd_sc_hd__clkbuf_16)
    14    0.05                           clknet_1_0__leaf_clk (net)
                  0.11    0.00    0.83 ^ _408_/CLK (sky130_fd_sc_hd__dfrtp_4)
                  0.19    0.89    1.72 ^ _408_/Q (sky130_fd_sc_hd__dfrtp_4)
     3    0.03                           net8 (net)
                  0.19    0.00    1.72 ^ _344_/A1 (sky130_fd_sc_hd__o21a_1)
                  0.06    0.26    1.98 ^ _344_/X (sky130_fd_sc_hd__o21a_1)
     1    0.00                           _034_ (net)
                  0.06    0.00    1.98 ^ _408_/D (sky130_fd_sc_hd__dfrtp_4)
                                  1.98   data arrival time

                          0.00    0.00   clock clk (rise edge)
                          0.00    0.00   clock source latency
                  0.36    0.27    0.27 ^ clk (in)
     1    0.05                           clk (net)
                  0.36    0.00    0.27 ^ clkbuf_0_clk/A (sky130_fd_sc_hd__clkbuf_16)
                  0.07    0.37    0.64 ^ clkbuf_0_clk/X (sky130_fd_sc_hd__clkbuf_16)
     2    0.02                           clknet_0_clk (net)
                  0.07    0.00    0.64 ^ clkbuf_1_0__f_clk/A (sky130_fd_sc_hd__clkbuf_16)
                  0.11    0.28    0.92 ^ clkbuf_1_0__f_clk/X (sky130_fd_sc_hd__clkbuf_16)
    14    0.05                           clknet_1_0__leaf_clk (net)
                  0.11    0.00    0.92 ^ _408_/CLK (sky130_fd_sc_hd__dfrtp_4)
                          0.25    1.17   clock uncertainty
                         -0.09    1.08   clock reconvergence pessimism
                         -0.07    1.01   library hold time
                                  1.01   data required time
-----------------------------------------------------------------------------
                                  1.01   data required time
                                 -1.98   data arrival time
-----------------------------------------------------------------------------
                                  0.96   slack (MET)


Startpoint: _415_ (rising edge-triggered flip-flop clocked by clk)
Endpoint: _415_ (rising edge-triggered flip-flop clocked by clk)
Path Group: clk
Path Type: min
Corner: Slowest

Fanout     Cap    Slew   Delay    Time   Description
-----------------------------------------------------------------------------
                          0.00    0.00   clock clk (rise edge)
                          0.00    0.00   clock source latency
                  0.36    0.24    0.24 ^ clk (in)
     1    0.05                           clk (net)
                  0.36    0.00    0.24 ^ clkbuf_0_clk/A (sky130_fd_sc_hd__clkbuf_16)
                  0.07    0.33    0.58 ^ clkbuf_0_clk/X (sky130_fd_sc_hd__clkbuf_16)
     2    0.02                           clknet_0_clk (net)
                  0.07    0.00    0.58 ^ clkbuf_1_0__f_clk/A (sky130_fd_sc_hd__clkbuf_16)
                  0.11    0.25    0.83 ^ clkbuf_1_0__f_clk/X (sky130_fd_sc_hd__clkbuf_16)
    14    0.05                           clknet_1_0__leaf_clk (net)
                  0.11    0.00    0.83 ^ _415_/CLK (sky130_fd_sc_hd__dfrtp_4)
                  0.20    0.89    1.72 ^ _415_/Q (sky130_fd_sc_hd__dfrtp_4)
     2    0.03                           net19 (net)
                  0.20    0.00    1.72 ^ _327_/B2 (sky130_fd_sc_hd__a2bb2o_1)
                  0.06    0.26    1.98 ^ _327_/X (sky130_fd_sc_hd__a2bb2o_1)
     1    0.00                           _041_ (net)
                  0.06    0.00    1.98 ^ _415_/D (sky130_fd_sc_hd__dfrtp_4)
                                  1.98   data arrival time

                          0.00    0.00   clock clk (rise edge)
                          0.00    0.00   clock source latency
                  0.36    0.27    0.27 ^ clk (in)
     1    0.05                           clk (net)
                  0.36    0.00    0.27 ^ clkbuf_0_clk/A (sky130_fd_sc_hd__clkbuf_16)
                  0.07    0.37    0.64 ^ clkbuf_0_clk/X (sky130_fd_sc_hd__clkbuf_16)
     2    0.02                           clknet_0_clk (net)
                  0.07    0.00    0.64 ^ clkbuf_1_0__f_clk/A (sky130_fd_sc_hd__clkbuf_16)
                  0.11    0.28    0.92 ^ clkbuf_1_0__f_clk/X (sky130_fd_sc_hd__clkbuf_16)
    14    0.05                           clknet_1_0__leaf_clk (net)
                  0.11    0.00    0.92 ^ _415_/CLK (sky130_fd_sc_hd__dfrtp_4)
                          0.25    1.17   clock uncertainty
                         -0.09    1.08   clock reconvergence pessimism
                         -0.07    1.01   library hold time
                                  1.01   data required time
-----------------------------------------------------------------------------
                                  1.01   data required time
                                 -1.98   data arrival time
-----------------------------------------------------------------------------
                                  0.97   slack (MET)


Startpoint: _399_ (rising edge-triggered flip-flop clocked by clk)
Endpoint: _398_ (rising edge-triggered flip-flop clocked by clk)
Path Group: clk
Path Type: min
Corner: Slowest

Fanout     Cap    Slew   Delay    Time   Description
-----------------------------------------------------------------------------
                          0.00    0.00   clock clk (rise edge)
                          0.00    0.00   clock source latency
                  0.36    0.24    0.24 ^ clk (in)
     1    0.05                           clk (net)
                  0.36    0.00    0.24 ^ clkbuf_0_clk/A (sky130_fd_sc_hd__clkbuf_16)
                  0.07    0.33    0.58 ^ clkbuf_0_clk/X (sky130_fd_sc_hd__clkbuf_16)
     2    0.02                           clknet_0_clk (net)
                  0.07    0.00    0.58 ^ clkbuf_1_1__f_clk/A (sky130_fd_sc_hd__clkbuf_16)
                  0.11    0.25    0.83 ^ clkbuf_1_1__f_clk/X (sky130_fd_sc_hd__clkbuf_16)
    14    0.05                           clknet_1_1__leaf_clk (net)
                  0.11    0.00    0.83 ^ _399_/CLK (sky130_fd_sc_hd__dfrtp_4)
                  0.23    0.92    1.75 ^ _399_/Q (sky130_fd_sc_hd__dfrtp_4)
     9    0.04                           U_PC.pc[1] (net)
                  0.23    0.00    1.75 ^ _357_/A1 (sky130_fd_sc_hd__a21bo_1)
                  0.06    0.25    2.00 ^ _357_/X (sky130_fd_sc_hd__a21bo_1)
     1    0.00                           U_PC.next_pc[0] (net)
                  0.06    0.00    2.00 ^ _398_/D (sky130_fd_sc_hd__dfrtp_4)
                                  2.00   data arrival time

                          0.00    0.00   clock clk (rise edge)
                          0.00    0.00   clock source latency
                  0.36    0.27    0.27 ^ clk (in)
     1    0.05                           clk (net)
                  0.36    0.00    0.27 ^ clkbuf_0_clk/A (sky130_fd_sc_hd__clkbuf_16)
                  0.07    0.37    0.64 ^ clkbuf_0_clk/X (sky130_fd_sc_hd__clkbuf_16)
     2    0.02                           clknet_0_clk (net)
                  0.07    0.00    0.64 ^ clkbuf_1_1__f_clk/A (sky130_fd_sc_hd__clkbuf_16)
                  0.11    0.28    0.92 ^ clkbuf_1_1__f_clk/X (sky130_fd_sc_hd__clkbuf_16)
    14    0.05                           clknet_1_1__leaf_clk (net)
                  0.11    0.00    0.92 ^ _398_/CLK (sky130_fd_sc_hd__dfrtp_4)
                          0.25    1.17   clock uncertainty
                         -0.09    1.08   clock reconvergence pessimism
                         -0.07    1.01   library hold time
                                  1.01   data required time
-----------------------------------------------------------------------------
                                  1.01   data required time
                                 -2.00   data arrival time
-----------------------------------------------------------------------------
                                  0.99   slack (MET)


Startpoint: _424_ (rising edge-triggered flip-flop clocked by clk)
Endpoint: _424_ (rising edge-triggered flip-flop clocked by clk)
Path Group: clk
Path Type: min
Corner: Slowest

Fanout     Cap    Slew   Delay    Time   Description
-----------------------------------------------------------------------------
                          0.00    0.00   clock clk (rise edge)
                          0.00    0.00   clock source latency
                  0.36    0.24    0.24 ^ clk (in)
     1    0.05                           clk (net)
                  0.36    0.00    0.24 ^ clkbuf_0_clk/A (sky130_fd_sc_hd__clkbuf_16)
                  0.07    0.33    0.58 ^ clkbuf_0_clk/X (sky130_fd_sc_hd__clkbuf_16)
     2    0.02                           clknet_0_clk (net)
                  0.07    0.00    0.58 ^ clkbuf_1_0__f_clk/A (sky130_fd_sc_hd__clkbuf_16)
                  0.11    0.25    0.83 ^ clkbuf_1_0__f_clk/X (sky130_fd_sc_hd__clkbuf_16)
    14    0.05                           clknet_1_0__leaf_clk (net)
                  0.11    0.00    0.83 ^ _424_/CLK (sky130_fd_sc_hd__dfrtp_4)
                  0.25    0.93    1.77 ^ _424_/Q (sky130_fd_sc_hd__dfrtp_4)
     6    0.04                           net16 (net)
                  0.25    0.00    1.77 ^ _272_/A1 (sky130_fd_sc_hd__a21o_1)
                  0.06    0.26    2.03 ^ _272_/X (sky130_fd_sc_hd__a21o_1)
     1    0.00                           _050_ (net)
                  0.06    0.00    2.03 ^ _424_/D (sky130_fd_sc_hd__dfrtp_4)
                                  2.03   data arrival time

                          0.00    0.00   clock clk (rise edge)
                          0.00    0.00   clock source latency
                  0.36    0.27    0.27 ^ clk (in)
     1    0.05                           clk (net)
                  0.36    0.00    0.27 ^ clkbuf_0_clk/A (sky130_fd_sc_hd__clkbuf_16)
                  0.07    0.37    0.64 ^ clkbuf_0_clk/X (sky130_fd_sc_hd__clkbuf_16)
     2    0.02                           clknet_0_clk (net)
                  0.07    0.00    0.64 ^ clkbuf_1_0__f_clk/A (sky130_fd_sc_hd__clkbuf_16)
                  0.11    0.28    0.92 ^ clkbuf_1_0__f_clk/X (sky130_fd_sc_hd__clkbuf_16)
    14    0.05                           clknet_1_0__leaf_clk (net)
                  0.11    0.00    0.92 ^ _424_/CLK (sky130_fd_sc_hd__dfrtp_4)
                          0.25    1.17   clock uncertainty
                         -0.09    1.08   clock reconvergence pessimism
                         -0.07    1.01   library hold time
                                  1.01   data required time
-----------------------------------------------------------------------------
                                  1.01   data required time
                                 -2.03   data arrival time
-----------------------------------------------------------------------------
                                  1.01   slack (MET)


Startpoint: _414_ (rising edge-triggered flip-flop clocked by clk)
Endpoint: _414_ (rising edge-triggered flip-flop clocked by clk)
Path Group: clk
Path Type: min
Corner: Slowest

Fanout     Cap    Slew   Delay    Time   Description
-----------------------------------------------------------------------------
                          0.00    0.00   clock clk (rise edge)
                          0.00    0.00   clock source latency
                  0.36    0.24    0.24 ^ clk (in)
     1    0.05                           clk (net)
                  0.36    0.00    0.24 ^ clkbuf_0_clk/A (sky130_fd_sc_hd__clkbuf_16)
                  0.07    0.33    0.58 ^ clkbuf_0_clk/X (sky130_fd_sc_hd__clkbuf_16)
     2    0.02                           clknet_0_clk (net)
                  0.07    0.00    0.58 ^ clkbuf_1_0__f_clk/A (sky130_fd_sc_hd__clkbuf_16)
                  0.11    0.25    0.83 ^ clkbuf_1_0__f_clk/X (sky130_fd_sc_hd__clkbuf_16)
    14    0.05                           clknet_1_0__leaf_clk (net)
                  0.11    0.00    0.83 ^ _414_/CLK (sky130_fd_sc_hd__dfrtp_4)
                  0.25    0.93    1.76 ^ _414_/Q (sky130_fd_sc_hd__dfrtp_4)
     2    0.04                           net18 (net)
                  0.25    0.00    1.76 ^ _333_/B2 (sky130_fd_sc_hd__a2bb2o_1)
                  0.07    0.29    2.05 ^ _333_/X (sky130_fd_sc_hd__a2bb2o_1)
     1    0.00                           _040_ (net)
                  0.07    0.00    2.05 ^ _414_/D (sky130_fd_sc_hd__dfrtp_4)
                                  2.05   data arrival time

                          0.00    0.00   clock clk (rise edge)
                          0.00    0.00   clock source latency
                  0.36    0.27    0.27 ^ clk (in)
     1    0.05                           clk (net)
                  0.36    0.00    0.27 ^ clkbuf_0_clk/A (sky130_fd_sc_hd__clkbuf_16)
                  0.07    0.37    0.64 ^ clkbuf_0_clk/X (sky130_fd_sc_hd__clkbuf_16)
     2    0.02                           clknet_0_clk (net)
                  0.07    0.00    0.64 ^ clkbuf_1_0__f_clk/A (sky130_fd_sc_hd__clkbuf_16)
                  0.11    0.28    0.92 ^ clkbuf_1_0__f_clk/X (sky130_fd_sc_hd__clkbuf_16)
    14    0.05                           clknet_1_0__leaf_clk (net)
                  0.11    0.00    0.92 ^ _414_/CLK (sky130_fd_sc_hd__dfrtp_4)
                          0.25    1.17   clock uncertainty
                         -0.09    1.08   clock reconvergence pessimism
                         -0.07    1.01   library hold time
                                  1.01   data required time
-----------------------------------------------------------------------------
                                  1.01   data required time
                                 -2.05   data arrival time
-----------------------------------------------------------------------------
                                  1.04   slack (MET)


Startpoint: _400_ (rising edge-triggered flip-flop clocked by clk)
Endpoint: _401_ (rising edge-triggered flip-flop clocked by clk)
Path Group: clk
Path Type: min
Corner: Slowest

Fanout     Cap    Slew   Delay    Time   Description
-----------------------------------------------------------------------------
                          0.00    0.00   clock clk (rise edge)
                          0.00    0.00   clock source latency
                  0.36    0.24    0.24 ^ clk (in)
     1    0.05                           clk (net)
                  0.36    0.00    0.24 ^ clkbuf_0_clk/A (sky130_fd_sc_hd__clkbuf_16)
                  0.07    0.33    0.58 ^ clkbuf_0_clk/X (sky130_fd_sc_hd__clkbuf_16)
     2    0.02                           clknet_0_clk (net)
                  0.07    0.00    0.58 ^ clkbuf_1_1__f_clk/A (sky130_fd_sc_hd__clkbuf_16)
                  0.11    0.25    0.83 ^ clkbuf_1_1__f_clk/X (sky130_fd_sc_hd__clkbuf_16)
    14    0.05                           clknet_1_1__leaf_clk (net)
                  0.11    0.00    0.83 ^ _400_/CLK (sky130_fd_sc_hd__dfrtp_4)
                  0.19    0.88    1.71 ^ _400_/Q (sky130_fd_sc_hd__dfrtp_4)
     7    0.03                           U_PC.pc[2] (net)
                  0.19    0.00    1.71 ^ _365_/A (sky130_fd_sc_hd__inv_2)
                  0.04    0.08    1.79 v _365_/Y (sky130_fd_sc_hd__inv_2)
     1    0.00                           _179_ (net)
                  0.04    0.00    1.79 v _366_/A1 (sky130_fd_sc_hd__o21a_1)
                  0.05    0.30    2.09 v _366_/X (sky130_fd_sc_hd__o21a_1)
     1    0.00                           U_PC.next_pc[3] (net)
                  0.05    0.00    2.09 v _401_/D (sky130_fd_sc_hd__dfrtp_4)
                                  2.09   data arrival time

                          0.00    0.00   clock clk (rise edge)
                          0.00    0.00   clock source latency
                  0.36    0.27    0.27 ^ clk (in)
     1    0.05                           clk (net)
                  0.36    0.00    0.27 ^ clkbuf_0_clk/A (sky130_fd_sc_hd__clkbuf_16)
                  0.07    0.37    0.64 ^ clkbuf_0_clk/X (sky130_fd_sc_hd__clkbuf_16)
     2    0.02                           clknet_0_clk (net)
                  0.07    0.00    0.64 ^ clkbuf_1_1__f_clk/A (sky130_fd_sc_hd__clkbuf_16)
                  0.11    0.28    0.92 ^ clkbuf_1_1__f_clk/X (sky130_fd_sc_hd__clkbuf_16)
    14    0.05                           clknet_1_1__leaf_clk (net)
                  0.11    0.00    0.92 ^ _401_/CLK (sky130_fd_sc_hd__dfrtp_4)
                          0.25    1.17   clock uncertainty
                         -0.09    1.08   clock reconvergence pessimism
                         -0.08    1.00   library hold time
                                  1.00   data required time
-----------------------------------------------------------------------------
                                  1.00   data required time
                                 -2.09   data arrival time
-----------------------------------------------------------------------------
                                  1.09   slack (MET)


Startpoint: _402_ (rising edge-triggered flip-flop clocked by clk)
Endpoint: _402_ (rising edge-triggered flip-flop clocked by clk)
Path Group: clk
Path Type: min
Corner: Slowest

Fanout     Cap    Slew   Delay    Time   Description
-----------------------------------------------------------------------------
                          0.00    0.00   clock clk (rise edge)
                          0.00    0.00   clock source latency
                  0.36    0.24    0.24 ^ clk (in)
     1    0.05                           clk (net)
                  0.36    0.00    0.24 ^ clkbuf_0_clk/A (sky130_fd_sc_hd__clkbuf_16)
                  0.07    0.33    0.58 ^ clkbuf_0_clk/X (sky130_fd_sc_hd__clkbuf_16)
     2    0.02                           clknet_0_clk (net)
                  0.07    0.00    0.58 ^ clkbuf_1_1__f_clk/A (sky130_fd_sc_hd__clkbuf_16)
                  0.11    0.25    0.83 ^ clkbuf_1_1__f_clk/X (sky130_fd_sc_hd__clkbuf_16)
    14    0.05                           clknet_1_1__leaf_clk (net)
                  0.11    0.00    0.83 ^ _402_/CLK (sky130_fd_sc_hd__dfrtp_4)
                  0.20    0.89    1.72 ^ _402_/Q (sky130_fd_sc_hd__dfrtp_4)
     4    0.03                           net2 (net)
                  0.20    0.00    1.72 ^ _355_/A0 (sky130_fd_sc_hd__mux2_1)
                  0.07    0.26    1.99 ^ _355_/X (sky130_fd_sc_hd__mux2_1)
     1    0.00                           _173_ (net)
                  0.07    0.00    1.99 ^ _356_/A (sky130_fd_sc_hd__clkbuf_1)
                  0.07    0.14    2.13 ^ _356_/X (sky130_fd_sc_hd__clkbuf_1)
     1    0.00                           _028_ (net)
                  0.07    0.00    2.13 ^ _402_/D (sky130_fd_sc_hd__dfrtp_4)
                                  2.13   data arrival time

                          0.00    0.00   clock clk (rise edge)
                          0.00    0.00   clock source latency
                  0.36    0.27    0.27 ^ clk (in)
     1    0.05                           clk (net)
                  0.36    0.00    0.27 ^ clkbuf_0_clk/A (sky130_fd_sc_hd__clkbuf_16)
                  0.07    0.37    0.64 ^ clkbuf_0_clk/X (sky130_fd_sc_hd__clkbuf_16)
     2    0.02                           clknet_0_clk (net)
                  0.07    0.00    0.64 ^ clkbuf_1_1__f_clk/A (sky130_fd_sc_hd__clkbuf_16)
                  0.11    0.28    0.92 ^ clkbuf_1_1__f_clk/X (sky130_fd_sc_hd__clkbuf_16)
    14    0.05                           clknet_1_1__leaf_clk (net)
                  0.11    0.00    0.92 ^ _402_/CLK (sky130_fd_sc_hd__dfrtp_4)
                          0.25    1.17   clock uncertainty
                         -0.09    1.08   clock reconvergence pessimism
                         -0.07    1.01   library hold time
                                  1.01   data required time
-----------------------------------------------------------------------------
                                  1.01   data required time
                                 -2.13   data arrival time
-----------------------------------------------------------------------------
                                  1.12   slack (MET)


Startpoint: _421_ (rising edge-triggered flip-flop clocked by clk)
Endpoint: _421_ (rising edge-triggered flip-flop clocked by clk)
Path Group: clk
Path Type: min
Corner: Slowest

Fanout     Cap    Slew   Delay    Time   Description
-----------------------------------------------------------------------------
                          0.00    0.00   clock clk (rise edge)
                          0.00    0.00   clock source latency
                  0.36    0.24    0.24 ^ clk (in)
     1    0.05                           clk (net)
                  0.36    0.00    0.24 ^ clkbuf_0_clk/A (sky130_fd_sc_hd__clkbuf_16)
                  0.07    0.33    0.58 ^ clkbuf_0_clk/X (sky130_fd_sc_hd__clkbuf_16)
     2    0.02                           clknet_0_clk (net)
                  0.07    0.00    0.58 ^ clkbuf_1_1__f_clk/A (sky130_fd_sc_hd__clkbuf_16)
                  0.11    0.25    0.83 ^ clkbuf_1_1__f_clk/X (sky130_fd_sc_hd__clkbuf_16)
    14    0.05                           clknet_1_1__leaf_clk (net)
                  0.11    0.00    0.83 ^ _421_/CLK (sky130_fd_sc_hd__dfrtp_4)
                  0.21    0.90    1.73 ^ _421_/Q (sky130_fd_sc_hd__dfrtp_4)
     4    0.03                           net13 (net)
                  0.21    0.00    1.73 ^ _285_/A0 (sky130_fd_sc_hd__mux2_1)
                  0.07    0.26    2.00 ^ _285_/X (sky130_fd_sc_hd__mux2_1)
     1    0.00                           _122_ (net)
                  0.07    0.00    2.00 ^ _286_/A (sky130_fd_sc_hd__clkbuf_1)
                  0.07    0.14    2.14 ^ _286_/X (sky130_fd_sc_hd__clkbuf_1)
     1    0.00                           _047_ (net)
                  0.07    0.00    2.14 ^ _421_/D (sky130_fd_sc_hd__dfrtp_4)
                                  2.14   data arrival time

                          0.00    0.00   clock clk (rise edge)
                          0.00    0.00   clock source latency
                  0.36    0.27    0.27 ^ clk (in)
     1    0.05                           clk (net)
                  0.36    0.00    0.27 ^ clkbuf_0_clk/A (sky130_fd_sc_hd__clkbuf_16)
                  0.07    0.37    0.64 ^ clkbuf_0_clk/X (sky130_fd_sc_hd__clkbuf_16)
     2    0.02                           clknet_0_clk (net)
                  0.07    0.00    0.64 ^ clkbuf_1_1__f_clk/A (sky130_fd_sc_hd__clkbuf_16)
                  0.11    0.28    0.92 ^ clkbuf_1_1__f_clk/X (sky130_fd_sc_hd__clkbuf_16)
    14    0.05                           clknet_1_1__leaf_clk (net)
                  0.11    0.00    0.92 ^ _421_/CLK (sky130_fd_sc_hd__dfrtp_4)
                          0.25    1.17   clock uncertainty
                         -0.09    1.08   clock reconvergence pessimism
                         -0.07    1.01   library hold time
                                  1.01   data required time
-----------------------------------------------------------------------------
                                  1.01   data required time
                                 -2.14   data arrival time
-----------------------------------------------------------------------------
                                  1.13   slack (MET)


Startpoint: _416_ (rising edge-triggered flip-flop clocked by clk)
Endpoint: _416_ (rising edge-triggered flip-flop clocked by clk)
Path Group: clk
Path Type: min
Corner: Slowest

Fanout     Cap    Slew   Delay    Time   Description
-----------------------------------------------------------------------------
                          0.00    0.00   clock clk (rise edge)
                          0.00    0.00   clock source latency
                  0.36    0.24    0.24 ^ clk (in)
     1    0.05                           clk (net)
                  0.36    0.00    0.24 ^ clkbuf_0_clk/A (sky130_fd_sc_hd__clkbuf_16)
                  0.07    0.33    0.58 ^ clkbuf_0_clk/X (sky130_fd_sc_hd__clkbuf_16)
     2    0.02                           clknet_0_clk (net)
                  0.07    0.00    0.58 ^ clkbuf_1_0__f_clk/A (sky130_fd_sc_hd__clkbuf_16)
                  0.11    0.25    0.83 ^ clkbuf_1_0__f_clk/X (sky130_fd_sc_hd__clkbuf_16)
    14    0.05                           clknet_1_0__leaf_clk (net)
                  0.11    0.00    0.83 ^ _416_/CLK (sky130_fd_sc_hd__dfrtp_4)
                  0.20    0.89    1.72 ^ _416_/Q (sky130_fd_sc_hd__dfrtp_4)
     2    0.03                           net20 (net)
                  0.20    0.00    1.72 ^ _316_/A (sky130_fd_sc_hd__or2_1)
                  0.07    0.22    1.94 ^ _316_/X (sky130_fd_sc_hd__or2_1)
     1    0.00                           _148_ (net)
                  0.07    0.00    1.94 ^ _317_/B1 (sky130_fd_sc_hd__o31a_1)
                  0.08    0.23    2.17 ^ _317_/X (sky130_fd_sc_hd__o31a_1)
     1    0.00                           _042_ (net)
                  0.08    0.00    2.17 ^ _416_/D (sky130_fd_sc_hd__dfrtp_4)
                                  2.17   data arrival time

                          0.00    0.00   clock clk (rise edge)
                          0.00    0.00   clock source latency
                  0.36    0.27    0.27 ^ clk (in)
     1    0.05                           clk (net)
                  0.36    0.00    0.27 ^ clkbuf_0_clk/A (sky130_fd_sc_hd__clkbuf_16)
                  0.07    0.37    0.64 ^ clkbuf_0_clk/X (sky130_fd_sc_hd__clkbuf_16)
     2    0.02                           clknet_0_clk (net)
                  0.07    0.00    0.64 ^ clkbuf_1_0__f_clk/A (sky130_fd_sc_hd__clkbuf_16)
                  0.11    0.28    0.92 ^ clkbuf_1_0__f_clk/X (sky130_fd_sc_hd__clkbuf_16)
    14    0.05                           clknet_1_0__leaf_clk (net)
                  0.11    0.00    0.92 ^ _416_/CLK (sky130_fd_sc_hd__dfrtp_4)
                          0.25    1.17   clock uncertainty
                         -0.09    1.08   clock reconvergence pessimism
                         -0.07    1.01   library hold time
                                  1.01   data required time
-----------------------------------------------------------------------------
                                  1.01   data required time
                                 -2.17   data arrival time
-----------------------------------------------------------------------------
                                  1.16   slack (MET)


Startpoint: _405_ (rising edge-triggered flip-flop clocked by clk)
Endpoint: _405_ (rising edge-triggered flip-flop clocked by clk)
Path Group: clk
Path Type: min
Corner: Slowest

Fanout     Cap    Slew   Delay    Time   Description
-----------------------------------------------------------------------------
                          0.00    0.00   clock clk (rise edge)
                          0.00    0.00   clock source latency
                  0.36    0.24    0.24 ^ clk (in)
     1    0.05                           clk (net)
                  0.36    0.00    0.24 ^ clkbuf_0_clk/A (sky130_fd_sc_hd__clkbuf_16)
                  0.07    0.33    0.58 ^ clkbuf_0_clk/X (sky130_fd_sc_hd__clkbuf_16)
     2    0.02                           clknet_0_clk (net)
                  0.07    0.00    0.58 ^ clkbuf_1_1__f_clk/A (sky130_fd_sc_hd__clkbuf_16)
                  0.11    0.25    0.83 ^ clkbuf_1_1__f_clk/X (sky130_fd_sc_hd__clkbuf_16)
    14    0.05                           clknet_1_1__leaf_clk (net)
                  0.11    0.00    0.83 ^ _405_/CLK (sky130_fd_sc_hd__dfrtp_4)
                  0.24    0.92    1.75 ^ _405_/Q (sky130_fd_sc_hd__dfrtp_4)
     3    0.04                           net5 (net)
                  0.24    0.00    1.75 ^ _349_/A0 (sky130_fd_sc_hd__mux2_1)
                  0.07    0.27    2.03 ^ _349_/X (sky130_fd_sc_hd__mux2_1)
     1    0.00                           _170_ (net)
                  0.07    0.00    2.03 ^ _350_/A (sky130_fd_sc_hd__clkbuf_1)
                  0.07    0.14    2.17 ^ _350_/X (sky130_fd_sc_hd__clkbuf_1)
     1    0.00                           _031_ (net)
                  0.07    0.00    2.17 ^ _405_/D (sky130_fd_sc_hd__dfrtp_4)
                                  2.17   data arrival time

                          0.00    0.00   clock clk (rise edge)
                          0.00    0.00   clock source latency
                  0.36    0.27    0.27 ^ clk (in)
     1    0.05                           clk (net)
                  0.36    0.00    0.27 ^ clkbuf_0_clk/A (sky130_fd_sc_hd__clkbuf_16)
                  0.07    0.37    0.64 ^ clkbuf_0_clk/X (sky130_fd_sc_hd__clkbuf_16)
     2    0.02                           clknet_0_clk (net)
                  0.07    0.00    0.64 ^ clkbuf_1_1__f_clk/A (sky130_fd_sc_hd__clkbuf_16)
                  0.11    0.28    0.92 ^ clkbuf_1_1__f_clk/X (sky130_fd_sc_hd__clkbuf_16)
    14    0.05                           clknet_1_1__leaf_clk (net)
                  0.11    0.00    0.92 ^ _405_/CLK (sky130_fd_sc_hd__dfrtp_4)
                          0.25    1.17   clock uncertainty
                         -0.09    1.08   clock reconvergence pessimism
                         -0.07    1.01   library hold time
                                  1.01   data required time
-----------------------------------------------------------------------------
                                  1.01   data required time
                                 -2.17   data arrival time
-----------------------------------------------------------------------------
                                  1.16   slack (MET)


Startpoint: _400_ (rising edge-triggered flip-flop clocked by clk)
Endpoint: _400_ (rising edge-triggered flip-flop clocked by clk)
Path Group: clk
Path Type: min
Corner: Slowest

Fanout     Cap    Slew   Delay    Time   Description
-----------------------------------------------------------------------------
                          0.00    0.00   clock clk (rise edge)
                          0.00    0.00   clock source latency
                  0.36    0.24    0.24 ^ clk (in)
     1    0.05                           clk (net)
                  0.36    0.00    0.24 ^ clkbuf_0_clk/A (sky130_fd_sc_hd__clkbuf_16)
                  0.07    0.33    0.58 ^ clkbuf_0_clk/X (sky130_fd_sc_hd__clkbuf_16)
     2    0.02                           clknet_0_clk (net)
                  0.07    0.00    0.58 ^ clkbuf_1_1__f_clk/A (sky130_fd_sc_hd__clkbuf_16)
                  0.11    0.25    0.83 ^ clkbuf_1_1__f_clk/X (sky130_fd_sc_hd__clkbuf_16)
    14    0.05                           clknet_1_1__leaf_clk (net)
                  0.11    0.00    0.83 ^ _400_/CLK (sky130_fd_sc_hd__dfrtp_4)
                  0.19    0.88    1.71 ^ _400_/Q (sky130_fd_sc_hd__dfrtp_4)
     7    0.03                           U_PC.pc[2] (net)
                  0.19    0.00    1.71 ^ _363_/A (sky130_fd_sc_hd__xnor2_1)
                  0.07    0.22    1.93 ^ _363_/Y (sky130_fd_sc_hd__xnor2_1)
     1    0.00                           _178_ (net)
                  0.07    0.00    1.93 ^ _364_/B1 (sky130_fd_sc_hd__o2bb2a_1)
                  0.08    0.26    2.19 ^ _364_/X (sky130_fd_sc_hd__o2bb2a_1)
     1    0.00                           U_PC.next_pc[2] (net)
                  0.08    0.00    2.19 ^ _400_/D (sky130_fd_sc_hd__dfrtp_4)
                                  2.19   data arrival time

                          0.00    0.00   clock clk (rise edge)
                          0.00    0.00   clock source latency
                  0.36    0.27    0.27 ^ clk (in)
     1    0.05                           clk (net)
                  0.36    0.00    0.27 ^ clkbuf_0_clk/A (sky130_fd_sc_hd__clkbuf_16)
                  0.07    0.37    0.64 ^ clkbuf_0_clk/X (sky130_fd_sc_hd__clkbuf_16)
     2    0.02                           clknet_0_clk (net)
                  0.07    0.00    0.64 ^ clkbuf_1_1__f_clk/A (sky130_fd_sc_hd__clkbuf_16)
                  0.11    0.28    0.92 ^ clkbuf_1_1__f_clk/X (sky130_fd_sc_hd__clkbuf_16)
    14    0.05                           clknet_1_1__leaf_clk (net)
                  0.11    0.00    0.92 ^ _400_/CLK (sky130_fd_sc_hd__dfrtp_4)
                          0.25    1.17   clock uncertainty
                         -0.09    1.08   clock reconvergence pessimism
                         -0.08    1.01   library hold time
                                  1.01   data required time
-----------------------------------------------------------------------------
                                  1.01   data required time
                                 -2.19   data arrival time
-----------------------------------------------------------------------------
                                  1.18   slack (MET)


Startpoint: _409_ (rising edge-triggered flip-flop clocked by clk)
Endpoint: _409_ (rising edge-triggered flip-flop clocked by clk)
Path Group: clk
Path Type: min
Corner: Slowest

Fanout     Cap    Slew   Delay    Time   Description
-----------------------------------------------------------------------------
                          0.00    0.00   clock clk (rise edge)
                          0.00    0.00   clock source latency
                  0.36    0.24    0.24 ^ clk (in)
     1    0.05                           clk (net)
                  0.36    0.00    0.24 ^ clkbuf_0_clk/A (sky130_fd_sc_hd__clkbuf_16)
                  0.07    0.33    0.58 ^ clkbuf_0_clk/X (sky130_fd_sc_hd__clkbuf_16)
     2    0.02                           clknet_0_clk (net)
                  0.07    0.00    0.58 ^ clkbuf_1_0__f_clk/A (sky130_fd_sc_hd__clkbuf_16)
                  0.11    0.25    0.83 ^ clkbuf_1_0__f_clk/X (sky130_fd_sc_hd__clkbuf_16)
    14    0.05                           clknet_1_0__leaf_clk (net)
                  0.11    0.00    0.83 ^ _409_/CLK (sky130_fd_sc_hd__dfrtp_4)
                  0.21    0.90    1.73 ^ _409_/Q (sky130_fd_sc_hd__dfrtp_4)
     3    0.03                           net9 (net)
                  0.21    0.00    1.73 ^ _341_/A (sky130_fd_sc_hd__or2_1)
                  0.08    0.22    1.96 ^ _341_/X (sky130_fd_sc_hd__or2_1)
     1    0.00                           _166_ (net)
                  0.08    0.00    1.96 ^ _342_/B1 (sky130_fd_sc_hd__o41a_1)
                  0.07    0.24    2.19 ^ _342_/X (sky130_fd_sc_hd__o41a_1)
     1    0.00                           _035_ (net)
                  0.07    0.00    2.19 ^ _409_/D (sky130_fd_sc_hd__dfrtp_4)
                                  2.19   data arrival time

                          0.00    0.00   clock clk (rise edge)
                          0.00    0.00   clock source latency
                  0.36    0.27    0.27 ^ clk (in)
     1    0.05                           clk (net)
                  0.36    0.00    0.27 ^ clkbuf_0_clk/A (sky130_fd_sc_hd__clkbuf_16)
                  0.07    0.37    0.64 ^ clkbuf_0_clk/X (sky130_fd_sc_hd__clkbuf_16)
     2    0.02                           clknet_0_clk (net)
                  0.07    0.00    0.64 ^ clkbuf_1_0__f_clk/A (sky130_fd_sc_hd__clkbuf_16)
                  0.11    0.28    0.92 ^ clkbuf_1_0__f_clk/X (sky130_fd_sc_hd__clkbuf_16)
    14    0.05                           clknet_1_0__leaf_clk (net)
                  0.11    0.00    0.92 ^ _409_/CLK (sky130_fd_sc_hd__dfrtp_4)
                          0.25    1.17   clock uncertainty
                         -0.09    1.08   clock reconvergence pessimism
                         -0.07    1.01   library hold time
                                  1.01   data required time
-----------------------------------------------------------------------------
                                  1.01   data required time
                                 -2.19   data arrival time
-----------------------------------------------------------------------------
                                  1.18   slack (MET)


Startpoint: _401_ (rising edge-triggered flip-flop clocked by clk)
Endpoint: _419_ (rising edge-triggered flip-flop clocked by clk)
Path Group: clk
Path Type: min
Corner: Slowest

Fanout     Cap    Slew   Delay    Time   Description
-----------------------------------------------------------------------------
                          0.00    0.00   clock clk (rise edge)
                          0.00    0.00   clock source latency
                  0.36    0.24    0.24 ^ clk (in)
     1    0.05                           clk (net)
                  0.36    0.00    0.24 ^ clkbuf_0_clk/A (sky130_fd_sc_hd__clkbuf_16)
                  0.07    0.33    0.58 ^ clkbuf_0_clk/X (sky130_fd_sc_hd__clkbuf_16)
     2    0.02                           clknet_0_clk (net)
                  0.07    0.00    0.58 ^ clkbuf_1_1__f_clk/A (sky130_fd_sc_hd__clkbuf_16)
                  0.11    0.25    0.83 ^ clkbuf_1_1__f_clk/X (sky130_fd_sc_hd__clkbuf_16)
    14    0.05                           clknet_1_1__leaf_clk (net)
                  0.11    0.00    0.83 ^ _401_/CLK (sky130_fd_sc_hd__dfrtp_4)
                  0.18    0.87    1.70 ^ _401_/Q (sky130_fd_sc_hd__dfrtp_4)
     8    0.03                           U_PC.pc[3] (net)
                  0.18    0.00    1.70 ^ _232_/A (sky130_fd_sc_hd__nor3_2)
                  0.13    0.18    1.88 v _232_/Y (sky130_fd_sc_hd__nor3_2)
     5    0.03                           _073_ (net)
                  0.13    0.00    1.89 v _300_/A1 (sky130_fd_sc_hd__a21o_1)
                  0.06    0.30    2.19 v _300_/X (sky130_fd_sc_hd__a21o_1)
     1    0.00                           _045_ (net)
                  0.06    0.00    2.19 v _419_/D (sky130_fd_sc_hd__dfrtp_4)
                                  2.19   data arrival time

                          0.00    0.00   clock clk (rise edge)
                          0.00    0.00   clock source latency
                  0.36    0.27    0.27 ^ clk (in)
     1    0.05                           clk (net)
                  0.36    0.00    0.27 ^ clkbuf_0_clk/A (sky130_fd_sc_hd__clkbuf_16)
                  0.07    0.37    0.64 ^ clkbuf_0_clk/X (sky130_fd_sc_hd__clkbuf_16)
     2    0.02                           clknet_0_clk (net)
                  0.07    0.00    0.64 ^ clkbuf_1_1__f_clk/A (sky130_fd_sc_hd__clkbuf_16)
                  0.11    0.28    0.92 ^ clkbuf_1_1__f_clk/X (sky130_fd_sc_hd__clkbuf_16)
    14    0.05                           clknet_1_1__leaf_clk (net)
                  0.11    0.00    0.92 ^ _419_/CLK (sky130_fd_sc_hd__dfrtp_4)
                          0.25    1.17   clock uncertainty
                         -0.09    1.08   clock reconvergence pessimism
                         -0.08    1.00   library hold time
                                  1.00   data required time
-----------------------------------------------------------------------------
                                  1.00   data required time
                                 -2.19   data arrival time
-----------------------------------------------------------------------------
                                  1.18   slack (MET)


Startpoint: _403_ (rising edge-triggered flip-flop clocked by clk)
Endpoint: _403_ (rising edge-triggered flip-flop clocked by clk)
Path Group: clk
Path Type: min
Corner: Slowest

Fanout     Cap    Slew   Delay    Time   Description
-----------------------------------------------------------------------------
                          0.00    0.00   clock clk (rise edge)
                          0.00    0.00   clock source latency
                  0.36    0.24    0.24 ^ clk (in)
     1    0.05                           clk (net)
                  0.36    0.00    0.24 ^ clkbuf_0_clk/A (sky130_fd_sc_hd__clkbuf_16)
                  0.07    0.33    0.58 ^ clkbuf_0_clk/X (sky130_fd_sc_hd__clkbuf_16)
     2    0.02                           clknet_0_clk (net)
                  0.07    0.00    0.58 ^ clkbuf_1_1__f_clk/A (sky130_fd_sc_hd__clkbuf_16)
                  0.11    0.25    0.83 ^ clkbuf_1_1__f_clk/X (sky130_fd_sc_hd__clkbuf_16)
    14    0.05                           clknet_1_1__leaf_clk (net)
                  0.11    0.00    0.83 ^ _403_/CLK (sky130_fd_sc_hd__dfrtp_4)
                  0.25    0.93    1.76 ^ _403_/Q (sky130_fd_sc_hd__dfrtp_4)
     3    0.04                           net3 (net)
                  0.25    0.00    1.76 ^ _353_/A0 (sky130_fd_sc_hd__mux2_1)
                  0.08    0.29    2.05 ^ _353_/X (sky130_fd_sc_hd__mux2_1)
     1    0.00                           _172_ (net)
                  0.08    0.00    2.05 ^ _354_/A (sky130_fd_sc_hd__clkbuf_1)
                  0.07    0.14    2.19 ^ _354_/X (sky130_fd_sc_hd__clkbuf_1)
     1    0.00                           _029_ (net)
                  0.07    0.00    2.19 ^ _403_/D (sky130_fd_sc_hd__dfrtp_4)
                                  2.19   data arrival time

                          0.00    0.00   clock clk (rise edge)
                          0.00    0.00   clock source latency
                  0.36    0.27    0.27 ^ clk (in)
     1    0.05                           clk (net)
                  0.36    0.00    0.27 ^ clkbuf_0_clk/A (sky130_fd_sc_hd__clkbuf_16)
                  0.07    0.37    0.64 ^ clkbuf_0_clk/X (sky130_fd_sc_hd__clkbuf_16)
     2    0.02                           clknet_0_clk (net)
                  0.07    0.00    0.64 ^ clkbuf_1_1__f_clk/A (sky130_fd_sc_hd__clkbuf_16)
                  0.11    0.28    0.92 ^ clkbuf_1_1__f_clk/X (sky130_fd_sc_hd__clkbuf_16)
    14    0.05                           clknet_1_1__leaf_clk (net)
                  0.11    0.00    0.92 ^ _403_/CLK (sky130_fd_sc_hd__dfrtp_4)
                          0.25    1.17   clock uncertainty
                         -0.09    1.08   clock reconvergence pessimism
                         -0.07    1.01   library hold time
                                  1.01   data required time
-----------------------------------------------------------------------------
                                  1.01   data required time
                                 -2.19   data arrival time
-----------------------------------------------------------------------------
                                  1.19   slack (MET)


Startpoint: _411_ (rising edge-triggered flip-flop clocked by clk)
Endpoint: _411_ (rising edge-triggered flip-flop clocked by clk)
Path Group: clk
Path Type: min
Corner: Slowest

Fanout     Cap    Slew   Delay    Time   Description
-----------------------------------------------------------------------------
                          0.00    0.00   clock clk (rise edge)
                          0.00    0.00   clock source latency
                  0.36    0.24    0.24 ^ clk (in)
     1    0.05                           clk (net)
                  0.36    0.00    0.24 ^ clkbuf_0_clk/A (sky130_fd_sc_hd__clkbuf_16)
                  0.07    0.33    0.58 ^ clkbuf_0_clk/X (sky130_fd_sc_hd__clkbuf_16)
     2    0.02                           clknet_0_clk (net)
                  0.07    0.00    0.58 ^ clkbuf_1_1__f_clk/A (sky130_fd_sc_hd__clkbuf_16)
                  0.11    0.25    0.83 ^ clkbuf_1_1__f_clk/X (sky130_fd_sc_hd__clkbuf_16)
    14    0.05                           clknet_1_1__leaf_clk (net)
                  0.11    0.00    0.83 ^ _411_/CLK (sky130_fd_sc_hd__dfrtp_4)
                  0.21    0.90    1.73 ^ _411_/Q (sky130_fd_sc_hd__dfrtp_4)
     2    0.03                           net24 (net)
                  0.21    0.00    1.73 ^ _337_/A (sky130_fd_sc_hd__and3_1)
                  0.09    0.32    2.05 ^ _337_/X (sky130_fd_sc_hd__and3_1)
     1    0.00                           _164_ (net)
                  0.09    0.00    2.05 ^ _338_/A (sky130_fd_sc_hd__clkbuf_1)
                  0.07    0.15    2.20 ^ _338_/X (sky130_fd_sc_hd__clkbuf_1)
     1    0.00                           _037_ (net)
                  0.07    0.00    2.20 ^ _411_/D (sky130_fd_sc_hd__dfrtp_4)
                                  2.20   data arrival time

                          0.00    0.00   clock clk (rise edge)
                          0.00    0.00   clock source latency
                  0.36    0.27    0.27 ^ clk (in)
     1    0.05                           clk (net)
                  0.36    0.00    0.27 ^ clkbuf_0_clk/A (sky130_fd_sc_hd__clkbuf_16)
                  0.07    0.37    0.64 ^ clkbuf_0_clk/X (sky130_fd_sc_hd__clkbuf_16)
     2    0.02                           clknet_0_clk (net)
                  0.07    0.00    0.64 ^ clkbuf_1_1__f_clk/A (sky130_fd_sc_hd__clkbuf_16)
                  0.11    0.28    0.92 ^ clkbuf_1_1__f_clk/X (sky130_fd_sc_hd__clkbuf_16)
    14    0.05                           clknet_1_1__leaf_clk (net)
                  0.11    0.00    0.92 ^ _411_/CLK (sky130_fd_sc_hd__dfrtp_4)
                          0.25    1.17   clock uncertainty
                         -0.09    1.08   clock reconvergence pessimism
                         -0.07    1.01   library hold time
                                  1.01   data required time
-----------------------------------------------------------------------------
                                  1.01   data required time
                                 -2.20   data arrival time
-----------------------------------------------------------------------------
                                  1.19   slack (MET)


Startpoint: _401_ (rising edge-triggered flip-flop clocked by clk)
Endpoint: _420_ (rising edge-triggered flip-flop clocked by clk)
Path Group: clk
Path Type: min
Corner: Slowest

Fanout     Cap    Slew   Delay    Time   Description
-----------------------------------------------------------------------------
                          0.00    0.00   clock clk (rise edge)
                          0.00    0.00   clock source latency
                  0.36    0.24    0.24 ^ clk (in)
     1    0.05                           clk (net)
                  0.36    0.00    0.24 ^ clkbuf_0_clk/A (sky130_fd_sc_hd__clkbuf_16)
                  0.07    0.33    0.58 ^ clkbuf_0_clk/X (sky130_fd_sc_hd__clkbuf_16)
     2    0.02                           clknet_0_clk (net)
                  0.07    0.00    0.58 ^ clkbuf_1_1__f_clk/A (sky130_fd_sc_hd__clkbuf_16)
                  0.11    0.25    0.83 ^ clkbuf_1_1__f_clk/X (sky130_fd_sc_hd__clkbuf_16)
    14    0.05                           clknet_1_1__leaf_clk (net)
                  0.11    0.00    0.83 ^ _401_/CLK (sky130_fd_sc_hd__dfrtp_4)
                  0.18    0.87    1.70 ^ _401_/Q (sky130_fd_sc_hd__dfrtp_4)
     8    0.03                           U_PC.pc[3] (net)
                  0.18    0.00    1.70 ^ _232_/A (sky130_fd_sc_hd__nor3_2)
                  0.13    0.18    1.88 v _232_/Y (sky130_fd_sc_hd__nor3_2)
     5    0.03                           _073_ (net)
                  0.13    0.00    1.89 v _292_/A1 (sky130_fd_sc_hd__a21bo_1)
                  0.06    0.31    2.20 v _292_/X (sky130_fd_sc_hd__a21bo_1)
     1    0.00                           _046_ (net)
                  0.06    0.00    2.20 v _420_/D (sky130_fd_sc_hd__dfrtp_4)
                                  2.20   data arrival time

                          0.00    0.00   clock clk (rise edge)
                          0.00    0.00   clock source latency
                  0.36    0.27    0.27 ^ clk (in)
     1    0.05                           clk (net)
                  0.36    0.00    0.27 ^ clkbuf_0_clk/A (sky130_fd_sc_hd__clkbuf_16)
                  0.07    0.37    0.64 ^ clkbuf_0_clk/X (sky130_fd_sc_hd__clkbuf_16)
     2    0.02                           clknet_0_clk (net)
                  0.07    0.00    0.64 ^ clkbuf_1_1__f_clk/A (sky130_fd_sc_hd__clkbuf_16)
                  0.11    0.28    0.92 ^ clkbuf_1_1__f_clk/X (sky130_fd_sc_hd__clkbuf_16)
    14    0.05                           clknet_1_1__leaf_clk (net)
                  0.11    0.00    0.92 ^ _420_/CLK (sky130_fd_sc_hd__dfrtp_4)
                          0.25    1.17   clock uncertainty
                         -0.09    1.08   clock reconvergence pessimism
                         -0.08    1.00   library hold time
                                  1.00   data required time
-----------------------------------------------------------------------------
                                  1.00   data required time
                                 -2.20   data arrival time
-----------------------------------------------------------------------------
                                  1.20   slack (MET)


Startpoint: _407_ (rising edge-triggered flip-flop clocked by clk)
Endpoint: _407_ (rising edge-triggered flip-flop clocked by clk)
Path Group: clk
Path Type: min
Corner: Slowest

Fanout     Cap    Slew   Delay    Time   Description
-----------------------------------------------------------------------------
                          0.00    0.00   clock clk (rise edge)
                          0.00    0.00   clock source latency
                  0.36    0.24    0.24 ^ clk (in)
     1    0.05                           clk (net)
                  0.36    0.00    0.24 ^ clkbuf_0_clk/A (sky130_fd_sc_hd__clkbuf_16)
                  0.07    0.33    0.58 ^ clkbuf_0_clk/X (sky130_fd_sc_hd__clkbuf_16)
     2    0.02                           clknet_0_clk (net)
                  0.07    0.00    0.58 ^ clkbuf_1_0__f_clk/A (sky130_fd_sc_hd__clkbuf_16)
                  0.11    0.25    0.83 ^ clkbuf_1_0__f_clk/X (sky130_fd_sc_hd__clkbuf_16)
    14    0.05                           clknet_1_0__leaf_clk (net)
                  0.11    0.00    0.83 ^ _407_/CLK (sky130_fd_sc_hd__dfrtp_4)
                  0.27    0.95    1.78 ^ _407_/Q (sky130_fd_sc_hd__dfrtp_4)
     3    0.05                           net7 (net)
                  0.27    0.00    1.78 ^ _345_/A0 (sky130_fd_sc_hd__mux2_1)
                  0.07    0.29    2.07 ^ _345_/X (sky130_fd_sc_hd__mux2_1)
     1    0.00                           _168_ (net)
                  0.07    0.00    2.07 ^ _346_/A (sky130_fd_sc_hd__clkbuf_1)
                  0.07    0.14    2.21 ^ _346_/X (sky130_fd_sc_hd__clkbuf_1)
     1    0.00                           _033_ (net)
                  0.07    0.00    2.21 ^ _407_/D (sky130_fd_sc_hd__dfrtp_4)
                                  2.21   data arrival time

                          0.00    0.00   clock clk (rise edge)
                          0.00    0.00   clock source latency
                  0.36    0.27    0.27 ^ clk (in)
     1    0.05                           clk (net)
                  0.36    0.00    0.27 ^ clkbuf_0_clk/A (sky130_fd_sc_hd__clkbuf_16)
                  0.07    0.37    0.64 ^ clkbuf_0_clk/X (sky130_fd_sc_hd__clkbuf_16)
     2    0.02                           clknet_0_clk (net)
                  0.07    0.00    0.64 ^ clkbuf_1_0__f_clk/A (sky130_fd_sc_hd__clkbuf_16)
                  0.11    0.28    0.92 ^ clkbuf_1_0__f_clk/X (sky130_fd_sc_hd__clkbuf_16)
    14    0.05                           clknet_1_0__leaf_clk (net)
                  0.11    0.00    0.92 ^ _407_/CLK (sky130_fd_sc_hd__dfrtp_4)
                          0.25    1.17   clock uncertainty
                         -0.09    1.08   clock reconvergence pessimism
                         -0.07    1.01   library hold time
                                  1.01   data required time
-----------------------------------------------------------------------------
                                  1.01   data required time
                                 -2.21   data arrival time
-----------------------------------------------------------------------------
                                  1.20   slack (MET)


Startpoint: _404_ (rising edge-triggered flip-flop clocked by clk)
Endpoint: _404_ (rising edge-triggered flip-flop clocked by clk)
Path Group: clk
Path Type: min
Corner: Slowest

Fanout     Cap    Slew   Delay    Time   Description
-----------------------------------------------------------------------------
                          0.00    0.00   clock clk (rise edge)
                          0.00    0.00   clock source latency
                  0.36    0.24    0.24 ^ clk (in)
     1    0.05                           clk (net)
                  0.36    0.00    0.24 ^ clkbuf_0_clk/A (sky130_fd_sc_hd__clkbuf_16)
                  0.07    0.33    0.58 ^ clkbuf_0_clk/X (sky130_fd_sc_hd__clkbuf_16)
     2    0.02                           clknet_0_clk (net)
                  0.07    0.00    0.58 ^ clkbuf_1_1__f_clk/A (sky130_fd_sc_hd__clkbuf_16)
                  0.11    0.25    0.83 ^ clkbuf_1_1__f_clk/X (sky130_fd_sc_hd__clkbuf_16)
    14    0.05                           clknet_1_1__leaf_clk (net)
                  0.11    0.00    0.83 ^ _404_/CLK (sky130_fd_sc_hd__dfrtp_4)
                  0.30    0.97    1.80 ^ _404_/Q (sky130_fd_sc_hd__dfrtp_4)
     4    0.06                           net4 (net)
                  0.30    0.00    1.81 ^ _351_/A0 (sky130_fd_sc_hd__mux2_1)
                  0.07    0.30    2.11 ^ _351_/X (sky130_fd_sc_hd__mux2_1)
     1    0.00                           _171_ (net)
                  0.07    0.00    2.11 ^ _352_/A (sky130_fd_sc_hd__clkbuf_1)
                  0.07    0.14    2.25 ^ _352_/X (sky130_fd_sc_hd__clkbuf_1)
     1    0.00                           _030_ (net)
                  0.07    0.00    2.25 ^ _404_/D (sky130_fd_sc_hd__dfrtp_4)
                                  2.25   data arrival time

                          0.00    0.00   clock clk (rise edge)
                          0.00    0.00   clock source latency
                  0.36    0.27    0.27 ^ clk (in)
     1    0.05                           clk (net)
                  0.36    0.00    0.27 ^ clkbuf_0_clk/A (sky130_fd_sc_hd__clkbuf_16)
                  0.07    0.37    0.64 ^ clkbuf_0_clk/X (sky130_fd_sc_hd__clkbuf_16)
     2    0.02                           clknet_0_clk (net)
                  0.07    0.00    0.64 ^ clkbuf_1_1__f_clk/A (sky130_fd_sc_hd__clkbuf_16)
                  0.11    0.28    0.92 ^ clkbuf_1_1__f_clk/X (sky130_fd_sc_hd__clkbuf_16)
    14    0.05                           clknet_1_1__leaf_clk (net)
                  0.11    0.00    0.92 ^ _404_/CLK (sky130_fd_sc_hd__dfrtp_4)
                          0.25    1.17   clock uncertainty
                         -0.09    1.08   clock reconvergence pessimism
                         -0.07    1.01   library hold time
                                  1.01   data required time
-----------------------------------------------------------------------------
                                  1.01   data required time
                                 -2.25   data arrival time
-----------------------------------------------------------------------------
                                  1.24   slack (MET)


Startpoint: _410_ (rising edge-triggered flip-flop clocked by clk)
Endpoint: _410_ (rising edge-triggered flip-flop clocked by clk)
Path Group: clk
Path Type: min
Corner: Slowest

Fanout     Cap    Slew   Delay    Time   Description
-----------------------------------------------------------------------------
                          0.00    0.00   clock clk (rise edge)
                          0.00    0.00   clock source latency
                  0.36    0.24    0.24 ^ clk (in)
     1    0.05                           clk (net)
                  0.36    0.00    0.24 ^ clkbuf_0_clk/A (sky130_fd_sc_hd__clkbuf_16)
                  0.07    0.33    0.58 ^ clkbuf_0_clk/X (sky130_fd_sc_hd__clkbuf_16)
     2    0.02                           clknet_0_clk (net)
                  0.07    0.00    0.58 ^ clkbuf_1_0__f_clk/A (sky130_fd_sc_hd__clkbuf_16)
                  0.11    0.25    0.83 ^ clkbuf_1_0__f_clk/X (sky130_fd_sc_hd__clkbuf_16)
    14    0.05                           clknet_1_0__leaf_clk (net)
                  0.11    0.00    0.83 ^ _410_/CLK (sky130_fd_sc_hd__dfrtp_4)
                  0.41    1.05    1.89 ^ _410_/Q (sky130_fd_sc_hd__dfrtp_4)
     3    0.08                           net23 (net)
                  0.41    0.00    1.89 ^ _339_/A1 (sky130_fd_sc_hd__a31o_1)
                  0.07    0.36    2.25 ^ _339_/X (sky130_fd_sc_hd__a31o_1)
     1    0.00                           _036_ (net)
                  0.07    0.00    2.25 ^ _410_/D (sky130_fd_sc_hd__dfrtp_4)
                                  2.25   data arrival time

                          0.00    0.00   clock clk (rise edge)
                          0.00    0.00   clock source latency
                  0.36    0.27    0.27 ^ clk (in)
     1    0.05                           clk (net)
                  0.36    0.00    0.27 ^ clkbuf_0_clk/A (sky130_fd_sc_hd__clkbuf_16)
                  0.07    0.37    0.64 ^ clkbuf_0_clk/X (sky130_fd_sc_hd__clkbuf_16)
     2    0.02                           clknet_0_clk (net)
                  0.07    0.00    0.64 ^ clkbuf_1_0__f_clk/A (sky130_fd_sc_hd__clkbuf_16)
                  0.11    0.28    0.92 ^ clkbuf_1_0__f_clk/X (sky130_fd_sc_hd__clkbuf_16)
    14    0.05                           clknet_1_0__leaf_clk (net)
                  0.11    0.00    0.92 ^ _410_/CLK (sky130_fd_sc_hd__dfrtp_4)
                          0.25    1.17   clock uncertainty
                         -0.09    1.08   clock reconvergence pessimism
                         -0.07    1.01   library hold time
                                  1.01   data required time
-----------------------------------------------------------------------------
                                  1.01   data required time
                                 -2.25   data arrival time
-----------------------------------------------------------------------------
                                  1.24   slack (MET)


Startpoint: _398_ (rising edge-triggered flip-flop clocked by clk)
Endpoint: _399_ (rising edge-triggered flip-flop clocked by clk)
Path Group: clk
Path Type: min
Corner: Slowest

Fanout     Cap    Slew   Delay    Time   Description
-----------------------------------------------------------------------------
                          0.00    0.00   clock clk (rise edge)
                          0.00    0.00   clock source latency
                  0.36    0.24    0.24 ^ clk (in)
     1    0.05                           clk (net)
                  0.36    0.00    0.24 ^ clkbuf_0_clk/A (sky130_fd_sc_hd__clkbuf_16)
                  0.07    0.33    0.58 ^ clkbuf_0_clk/X (sky130_fd_sc_hd__clkbuf_16)
     2    0.02                           clknet_0_clk (net)
                  0.07    0.00    0.58 ^ clkbuf_1_1__f_clk/A (sky130_fd_sc_hd__clkbuf_16)
                  0.11    0.25    0.83 ^ clkbuf_1_1__f_clk/X (sky130_fd_sc_hd__clkbuf_16)
    14    0.05                           clknet_1_1__leaf_clk (net)
                  0.11    0.00    0.83 ^ _398_/CLK (sky130_fd_sc_hd__dfrtp_4)
                  0.22    0.90    1.73 ^ _398_/Q (sky130_fd_sc_hd__dfrtp_4)
    10    0.04                           U_PC.pc[0] (net)
                  0.22    0.00    1.74 ^ _359_/B (sky130_fd_sc_hd__and2b_1)
                  0.08    0.27    2.01 ^ _359_/X (sky130_fd_sc_hd__and2b_1)
     2    0.00                           _175_ (net)
                  0.08    0.00    2.01 ^ _360_/C (sky130_fd_sc_hd__or3_1)
                  0.06    0.16    2.17 ^ _360_/X (sky130_fd_sc_hd__or3_1)
     1    0.00                           _176_ (net)
                  0.06    0.00    2.17 ^ _361_/A (sky130_fd_sc_hd__clkbuf_1)
                  0.07    0.13    2.30 ^ _361_/X (sky130_fd_sc_hd__clkbuf_1)
     1    0.00                           U_PC.next_pc[1] (net)
                  0.07    0.00    2.30 ^ _399_/D (sky130_fd_sc_hd__dfrtp_4)
                                  2.30   data arrival time

                          0.00    0.00   clock clk (rise edge)
                          0.00    0.00   clock source latency
                  0.36    0.27    0.27 ^ clk (in)
     1    0.05                           clk (net)
                  0.36    0.00    0.27 ^ clkbuf_0_clk/A (sky130_fd_sc_hd__clkbuf_16)
                  0.07    0.37    0.64 ^ clkbuf_0_clk/X (sky130_fd_sc_hd__clkbuf_16)
     2    0.02                           clknet_0_clk (net)
                  0.07    0.00    0.64 ^ clkbuf_1_1__f_clk/A (sky130_fd_sc_hd__clkbuf_16)
                  0.11    0.28    0.92 ^ clkbuf_1_1__f_clk/X (sky130_fd_sc_hd__clkbuf_16)
    14    0.05                           clknet_1_1__leaf_clk (net)
                  0.11    0.00    0.92 ^ _399_/CLK (sky130_fd_sc_hd__dfrtp_4)
                          0.25    1.17   clock uncertainty
                         -0.09    1.08   clock reconvergence pessimism
                         -0.07    1.01   library hold time
                                  1.01   data required time
-----------------------------------------------------------------------------
                                  1.01   data required time
                                 -2.30   data arrival time
-----------------------------------------------------------------------------
                                  1.30   slack (MET)


Startpoint: _413_ (rising edge-triggered flip-flop clocked by clk)
Endpoint: _413_ (rising edge-triggered flip-flop clocked by clk)
Path Group: clk
Path Type: min
Corner: Slowest

Fanout     Cap    Slew   Delay    Time   Description
-----------------------------------------------------------------------------
                          0.00    0.00   clock clk (rise edge)
                          0.00    0.00   clock source latency
                  0.36    0.24    0.24 ^ clk (in)
     1    0.05                           clk (net)
                  0.36    0.00    0.24 ^ clkbuf_0_clk/A (sky130_fd_sc_hd__clkbuf_16)
                  0.07    0.33    0.58 ^ clkbuf_0_clk/X (sky130_fd_sc_hd__clkbuf_16)
     2    0.02                           clknet_0_clk (net)
                  0.07    0.00    0.58 ^ clkbuf_1_0__f_clk/A (sky130_fd_sc_hd__clkbuf_16)
                  0.11    0.25    0.83 ^ clkbuf_1_0__f_clk/X (sky130_fd_sc_hd__clkbuf_16)
    14    0.05                           clknet_1_0__leaf_clk (net)
                  0.11    0.00    0.83 ^ _413_/CLK (sky130_fd_sc_hd__dfrtp_4)
                  0.34    1.00    1.84 ^ _413_/Q (sky130_fd_sc_hd__dfrtp_4)
     3    0.07                           net27 (net)
                  0.34    0.00    1.84 ^ _334_/A (sky130_fd_sc_hd__and3_1)
                  0.09    0.36    2.19 ^ _334_/X (sky130_fd_sc_hd__and3_1)
     1    0.00                           _163_ (net)
                  0.09    0.00    2.19 ^ _335_/A (sky130_fd_sc_hd__clkbuf_1)
                  0.07    0.14    2.34 ^ _335_/X (sky130_fd_sc_hd__clkbuf_1)
     1    0.00                           _039_ (net)
                  0.07    0.00    2.34 ^ _413_/D (sky130_fd_sc_hd__dfrtp_4)
                                  2.34   data arrival time

                          0.00    0.00   clock clk (rise edge)
                          0.00    0.00   clock source latency
                  0.36    0.27    0.27 ^ clk (in)
     1    0.05                           clk (net)
                  0.36    0.00    0.27 ^ clkbuf_0_clk/A (sky130_fd_sc_hd__clkbuf_16)
                  0.07    0.37    0.64 ^ clkbuf_0_clk/X (sky130_fd_sc_hd__clkbuf_16)
     2    0.02                           clknet_0_clk (net)
                  0.07    0.00    0.64 ^ clkbuf_1_0__f_clk/A (sky130_fd_sc_hd__clkbuf_16)
                  0.11    0.28    0.92 ^ clkbuf_1_0__f_clk/X (sky130_fd_sc_hd__clkbuf_16)
    14    0.05                           clknet_1_0__leaf_clk (net)
                  0.11    0.00    0.92 ^ _413_/CLK (sky130_fd_sc_hd__dfrtp_4)
                          0.25    1.17   clock uncertainty
                         -0.09    1.08   clock reconvergence pessimism
                         -0.07    1.01   library hold time
                                  1.01   data required time
-----------------------------------------------------------------------------
                                  1.01   data required time
                                 -2.34   data arrival time
-----------------------------------------------------------------------------
                                  1.33   slack (MET)


Startpoint: _423_ (rising edge-triggered flip-flop clocked by clk)
Endpoint: _423_ (rising edge-triggered flip-flop clocked by clk)
Path Group: clk
Path Type: min
Corner: Slowest

Fanout     Cap    Slew   Delay    Time   Description
-----------------------------------------------------------------------------
                          0.00    0.00   clock clk (rise edge)
                          0.00    0.00   clock source latency
                  0.36    0.24    0.24 ^ clk (in)
     1    0.05                           clk (net)
                  0.36    0.00    0.24 ^ clkbuf_0_clk/A (sky130_fd_sc_hd__clkbuf_16)
                  0.07    0.33    0.58 ^ clkbuf_0_clk/X (sky130_fd_sc_hd__clkbuf_16)
     2    0.02                           clknet_0_clk (net)
                  0.07    0.00    0.58 ^ clkbuf_1_0__f_clk/A (sky130_fd_sc_hd__clkbuf_16)
                  0.11    0.25    0.83 ^ clkbuf_1_0__f_clk/X (sky130_fd_sc_hd__clkbuf_16)
    14    0.05                           clknet_1_0__leaf_clk (net)
                  0.11    0.00    0.83 ^ _423_/CLK (sky130_fd_sc_hd__dfrtp_4)
                  0.24    0.93    1.76 ^ _423_/Q (sky130_fd_sc_hd__dfrtp_4)
     3    0.04                           net15 (net)
                  0.24    0.00    1.76 ^ _210_/A (sky130_fd_sc_hd__and2_1)
                  0.30    0.44    2.20 ^ _210_/X (sky130_fd_sc_hd__and2_1)
     5    0.02                           _196_ (net)
                  0.30    0.00    2.20 ^ _278_/B1 (sky130_fd_sc_hd__a21o_1)
                  0.06    0.21    2.41 ^ _278_/X (sky130_fd_sc_hd__a21o_1)
     1    0.00                           _049_ (net)
                  0.06    0.00    2.41 ^ _423_/D (sky130_fd_sc_hd__dfrtp_4)
                                  2.41   data arrival time

                          0.00    0.00   clock clk (rise edge)
                          0.00    0.00   clock source latency
                  0.36    0.27    0.27 ^ clk (in)
     1    0.05                           clk (net)
                  0.36    0.00    0.27 ^ clkbuf_0_clk/A (sky130_fd_sc_hd__clkbuf_16)
                  0.07    0.37    0.64 ^ clkbuf_0_clk/X (sky130_fd_sc_hd__clkbuf_16)
     2    0.02                           clknet_0_clk (net)
                  0.07    0.00    0.64 ^ clkbuf_1_0__f_clk/A (sky130_fd_sc_hd__clkbuf_16)
                  0.11    0.28    0.92 ^ clkbuf_1_0__f_clk/X (sky130_fd_sc_hd__clkbuf_16)
    14    0.05                           clknet_1_0__leaf_clk (net)
                  0.11    0.00    0.92 ^ _423_/CLK (sky130_fd_sc_hd__dfrtp_4)
                          0.25    1.17   clock uncertainty
                         -0.09    1.08   clock reconvergence pessimism
                         -0.07    1.01   library hold time
                                  1.01   data required time
-----------------------------------------------------------------------------
                                  1.01   data required time
                                 -2.41   data arrival time
-----------------------------------------------------------------------------
                                  1.40   slack (MET)


Startpoint: _422_ (rising edge-triggered flip-flop clocked by clk)
Endpoint: _422_ (rising edge-triggered flip-flop clocked by clk)
Path Group: clk
Path Type: min
Corner: Slowest

Fanout     Cap    Slew   Delay    Time   Description
-----------------------------------------------------------------------------
                          0.00    0.00   clock clk (rise edge)
                          0.00    0.00   clock source latency
                  0.36    0.24    0.24 ^ clk (in)
     1    0.05                           clk (net)
                  0.36    0.00    0.24 ^ clkbuf_0_clk/A (sky130_fd_sc_hd__clkbuf_16)
                  0.07    0.33    0.58 ^ clkbuf_0_clk/X (sky130_fd_sc_hd__clkbuf_16)
     2    0.02                           clknet_0_clk (net)
                  0.07    0.00    0.58 ^ clkbuf_1_0__f_clk/A (sky130_fd_sc_hd__clkbuf_16)
                  0.11    0.25    0.83 ^ clkbuf_1_0__f_clk/X (sky130_fd_sc_hd__clkbuf_16)
    14    0.05                           clknet_1_0__leaf_clk (net)
                  0.11    0.00    0.83 ^ _422_/CLK (sky130_fd_sc_hd__dfrtp_4)
                  0.26    0.94    1.78 ^ _422_/Q (sky130_fd_sc_hd__dfrtp_4)
     5    0.05                           net14 (net)
                  0.26    0.00    1.78 ^ _214_/A (sky130_fd_sc_hd__and2_1)
                  0.17    0.35    2.13 ^ _214_/X (sky130_fd_sc_hd__and2_1)
     3    0.01                           _055_ (net)
                  0.17    0.00    2.13 ^ _280_/A (sky130_fd_sc_hd__or2_1)
                  0.09    0.21    2.34 ^ _280_/X (sky130_fd_sc_hd__or2_1)
     1    0.00                           _118_ (net)
                  0.09    0.00    2.34 ^ _281_/A (sky130_fd_sc_hd__clkbuf_1)
                  0.08    0.15    2.50 ^ _281_/X (sky130_fd_sc_hd__clkbuf_1)
     1    0.00                           _048_ (net)
                  0.08    0.00    2.50 ^ _422_/D (sky130_fd_sc_hd__dfrtp_4)
                                  2.50   data arrival time

                          0.00    0.00   clock clk (rise edge)
                          0.00    0.00   clock source latency
                  0.36    0.27    0.27 ^ clk (in)
     1    0.05                           clk (net)
                  0.36    0.00    0.27 ^ clkbuf_0_clk/A (sky130_fd_sc_hd__clkbuf_16)
                  0.07    0.37    0.64 ^ clkbuf_0_clk/X (sky130_fd_sc_hd__clkbuf_16)
     2    0.02                           clknet_0_clk (net)
                  0.07    0.00    0.64 ^ clkbuf_1_0__f_clk/A (sky130_fd_sc_hd__clkbuf_16)
                  0.11    0.28    0.92 ^ clkbuf_1_0__f_clk/X (sky130_fd_sc_hd__clkbuf_16)
    14    0.05                           clknet_1_0__leaf_clk (net)
                  0.11    0.00    0.92 ^ _422_/CLK (sky130_fd_sc_hd__dfrtp_4)
                          0.25    1.17   clock uncertainty
                         -0.09    1.08   clock reconvergence pessimism
                         -0.07    1.01   library hold time
                                  1.01   data required time
-----------------------------------------------------------------------------
                                  1.01   data required time
                                 -2.50   data arrival time
-----------------------------------------------------------------------------
                                  1.49   slack (MET)


Startpoint: _425_ (rising edge-triggered flip-flop clocked by clk)
Endpoint: _425_ (rising edge-triggered flip-flop clocked by clk)
Path Group: clk
Path Type: min
Corner: Slowest

Fanout     Cap    Slew   Delay    Time   Description
-----------------------------------------------------------------------------
                          0.00    0.00   clock clk (rise edge)
                          0.00    0.00   clock source latency
                  0.36    0.24    0.24 ^ clk (in)
     1    0.05                           clk (net)
                  0.36    0.00    0.24 ^ clkbuf_0_clk/A (sky130_fd_sc_hd__clkbuf_16)
                  0.07    0.33    0.58 ^ clkbuf_0_clk/X (sky130_fd_sc_hd__clkbuf_16)
     2    0.02                           clknet_0_clk (net)
                  0.07    0.00    0.58 ^ clkbuf_1_0__f_clk/A (sky130_fd_sc_hd__clkbuf_16)
                  0.11    0.25    0.83 ^ clkbuf_1_0__f_clk/X (sky130_fd_sc_hd__clkbuf_16)
    14    0.05                           clknet_1_0__leaf_clk (net)
                  0.11    0.00    0.83 ^ _425_/CLK (sky130_fd_sc_hd__dfrtp_4)
                  0.23    0.92    1.75 ^ _425_/Q (sky130_fd_sc_hd__dfrtp_4)
     3    0.04                           net17 (net)
                  0.23    0.00    1.75 ^ _199_/A (sky130_fd_sc_hd__and2_2)
                  0.18    0.41    2.16 ^ _199_/X (sky130_fd_sc_hd__and2_2)
     7    0.02                           _185_ (net)
                  0.18    0.00    2.16 ^ _268_/A (sky130_fd_sc_hd__or2_1)
                  0.08    0.21    2.37 ^ _268_/X (sky130_fd_sc_hd__or2_1)
     1    0.00                           _109_ (net)
                  0.08    0.00    2.37 ^ _269_/A (sky130_fd_sc_hd__clkbuf_1)
                  0.07    0.15    2.51 ^ _269_/X (sky130_fd_sc_hd__clkbuf_1)
     1    0.00                           _051_ (net)
                  0.07    0.00    2.51 ^ _425_/D (sky130_fd_sc_hd__dfrtp_4)
                                  2.51   data arrival time

                          0.00    0.00   clock clk (rise edge)
                          0.00    0.00   clock source latency
                  0.36    0.27    0.27 ^ clk (in)
     1    0.05                           clk (net)
                  0.36    0.00    0.27 ^ clkbuf_0_clk/A (sky130_fd_sc_hd__clkbuf_16)
                  0.07    0.37    0.64 ^ clkbuf_0_clk/X (sky130_fd_sc_hd__clkbuf_16)
     2    0.02                           clknet_0_clk (net)
                  0.07    0.00    0.64 ^ clkbuf_1_0__f_clk/A (sky130_fd_sc_hd__clkbuf_16)
                  0.11    0.28    0.92 ^ clkbuf_1_0__f_clk/X (sky130_fd_sc_hd__clkbuf_16)
    14    0.05                           clknet_1_0__leaf_clk (net)
                  0.11    0.00    0.92 ^ _425_/CLK (sky130_fd_sc_hd__dfrtp_4)
                          0.25    1.17   clock uncertainty
                         -0.09    1.08   clock reconvergence pessimism
                         -0.07    1.01   library hold time
                                  1.01   data required time
-----------------------------------------------------------------------------
                                  1.01   data required time
                                 -2.51   data arrival time
-----------------------------------------------------------------------------
                                  1.51   slack (MET)


Startpoint: _399_ (rising edge-triggered flip-flop clocked by clk)
Endpoint: _412_ (rising edge-triggered flip-flop clocked by clk)
Path Group: clk
Path Type: min
Corner: Slowest

Fanout     Cap    Slew   Delay    Time   Description
-----------------------------------------------------------------------------
                          0.00    0.00   clock clk (rise edge)
                          0.00    0.00   clock source latency
                  0.36    0.24    0.24 ^ clk (in)
     1    0.05                           clk (net)
                  0.36    0.00    0.24 ^ clkbuf_0_clk/A (sky130_fd_sc_hd__clkbuf_16)
                  0.07    0.33    0.58 ^ clkbuf_0_clk/X (sky130_fd_sc_hd__clkbuf_16)
     2    0.02                           clknet_0_clk (net)
                  0.07    0.00    0.58 ^ clkbuf_1_1__f_clk/A (sky130_fd_sc_hd__clkbuf_16)
                  0.11    0.25    0.83 ^ clkbuf_1_1__f_clk/X (sky130_fd_sc_hd__clkbuf_16)
    14    0.05                           clknet_1_1__leaf_clk (net)
                  0.11    0.00    0.83 ^ _399_/CLK (sky130_fd_sc_hd__dfrtp_4)
                  0.23    0.92    1.75 ^ _399_/Q (sky130_fd_sc_hd__dfrtp_4)
     9    0.04                           U_PC.pc[1] (net)
                  0.23    0.00    1.75 ^ _265_/A (sky130_fd_sc_hd__and2_1)
                  0.07    0.26    2.01 ^ _265_/X (sky130_fd_sc_hd__and2_1)
     1    0.00                           _106_ (net)
                  0.07    0.00    2.01 ^ _266_/A (sky130_fd_sc_hd__clkbuf_4)
                  0.22    0.34    2.36 ^ _266_/X (sky130_fd_sc_hd__clkbuf_4)
     9    0.04                           _107_ (net)
                  0.22    0.00    2.36 ^ _336_/B1 (sky130_fd_sc_hd__a21o_1)
                  0.06    0.19    2.55 ^ _336_/X (sky130_fd_sc_hd__a21o_1)
     1    0.00                           _038_ (net)
                  0.06    0.00    2.55 ^ _412_/D (sky130_fd_sc_hd__dfrtp_2)
                                  2.55   data arrival time

                          0.00    0.00   clock clk (rise edge)
                          0.00    0.00   clock source latency
                  0.36    0.27    0.27 ^ clk (in)
     1    0.05                           clk (net)
                  0.36    0.00    0.27 ^ clkbuf_0_clk/A (sky130_fd_sc_hd__clkbuf_16)
                  0.07    0.37    0.64 ^ clkbuf_0_clk/X (sky130_fd_sc_hd__clkbuf_16)
     2    0.02                           clknet_0_clk (net)
                  0.07    0.00    0.64 ^ clkbuf_1_1__f_clk/A (sky130_fd_sc_hd__clkbuf_16)
                  0.11    0.28    0.92 ^ clkbuf_1_1__f_clk/X (sky130_fd_sc_hd__clkbuf_16)
    14    0.05                           clknet_1_1__leaf_clk (net)
                  0.11    0.00    0.92 ^ _412_/CLK (sky130_fd_sc_hd__dfrtp_2)
                          0.25    1.17   clock uncertainty
                         -0.09    1.08   clock reconvergence pessimism
                         -0.07    1.01   library hold time
                                  1.01   data required time
-----------------------------------------------------------------------------
                                  1.01   data required time
                                 -2.55   data arrival time
-----------------------------------------------------------------------------
                                  1.54   slack (MET)


Startpoint: _406_ (rising edge-triggered flip-flop clocked by clk)
Endpoint: _406_ (rising edge-triggered flip-flop clocked by clk)
Path Group: clk
Path Type: min
Corner: Slowest

Fanout     Cap    Slew   Delay    Time   Description
-----------------------------------------------------------------------------
                          0.00    0.00   clock clk (rise edge)
                          0.00    0.00   clock source latency
                  0.36    0.24    0.24 ^ clk (in)
     1    0.05                           clk (net)
                  0.36    0.00    0.24 ^ clkbuf_0_clk/A (sky130_fd_sc_hd__clkbuf_16)
                  0.07    0.33    0.58 ^ clkbuf_0_clk/X (sky130_fd_sc_hd__clkbuf_16)
     2    0.02                           clknet_0_clk (net)
                  0.07    0.00    0.58 ^ clkbuf_1_0__f_clk/A (sky130_fd_sc_hd__clkbuf_16)
                  0.11    0.25    0.83 ^ clkbuf_1_0__f_clk/X (sky130_fd_sc_hd__clkbuf_16)
    14    0.05                           clknet_1_0__leaf_clk (net)
                  0.11    0.00    0.83 ^ _406_/CLK (sky130_fd_sc_hd__dfrtp_2)
                  0.21    0.80    1.63 ^ _406_/Q (sky130_fd_sc_hd__dfrtp_2)
     3    0.02                           net6 (net)
                  0.21    0.00    1.63 ^ _212_/A (sky130_fd_sc_hd__and3_1)
                  0.21    0.42    2.04 ^ _212_/X (sky130_fd_sc_hd__and3_1)
     4    0.01                           _053_ (net)
                  0.21    0.00    2.05 ^ _306_/A (sky130_fd_sc_hd__or2_1)
                  0.08    0.23    2.27 ^ _306_/X (sky130_fd_sc_hd__or2_1)
     2    0.00                           _139_ (net)
                  0.08    0.00    2.27 ^ _347_/B (sky130_fd_sc_hd__or3b_1)
                  0.06    0.17    2.44 ^ _347_/X (sky130_fd_sc_hd__or3b_1)
     1    0.00                           _169_ (net)
                  0.06    0.00    2.44 ^ _348_/B1 (sky130_fd_sc_hd__o21a_1)
                  0.07    0.20    2.64 ^ _348_/X (sky130_fd_sc_hd__o21a_1)
     1    0.00                           _032_ (net)
                  0.07    0.00    2.64 ^ _406_/D (sky130_fd_sc_hd__dfrtp_2)
                                  2.64   data arrival time

                          0.00    0.00   clock clk (rise edge)
                          0.00    0.00   clock source latency
                  0.36    0.27    0.27 ^ clk (in)
     1    0.05                           clk (net)
                  0.36    0.00    0.27 ^ clkbuf_0_clk/A (sky130_fd_sc_hd__clkbuf_16)
                  0.07    0.37    0.64 ^ clkbuf_0_clk/X (sky130_fd_sc_hd__clkbuf_16)
     2    0.02                           clknet_0_clk (net)
                  0.07    0.00    0.64 ^ clkbuf_1_0__f_clk/A (sky130_fd_sc_hd__clkbuf_16)
                  0.11    0.28    0.92 ^ clkbuf_1_0__f_clk/X (sky130_fd_sc_hd__clkbuf_16)
    14    0.05                           clknet_1_0__leaf_clk (net)
                  0.11    0.00    0.92 ^ _406_/CLK (sky130_fd_sc_hd__dfrtp_2)
                          0.25    1.17   clock uncertainty
                         -0.09    1.08   clock reconvergence pessimism
                         -0.07    1.01   library hold time
                                  1.01   data required time
-----------------------------------------------------------------------------
                                  1.01   data required time
                                 -2.64   data arrival time
-----------------------------------------------------------------------------
                                  1.62   slack (MET)


Startpoint: rst (input port clocked by clk)
Endpoint: _425_ (removal check against rising-edge clock clk)
Path Group: asynchronous
Path Type: min
Corner: Slowest

Fanout     Cap    Slew   Delay    Time   Description
-----------------------------------------------------------------------------
                          0.00    0.00   clock clk (rise edge)
                          0.00    0.00   clock network delay (propagated)
                          4.00    4.00 v input external delay
                  0.02    0.01    4.01 v rst (in)
     1    0.00                           rst (net)
                  0.02    0.00    4.01 v input1/A (sky130_fd_sc_hd__buf_1)
                  0.17    0.22    4.23 v input1/X (sky130_fd_sc_hd__buf_1)
     1    0.01                           net1 (net)
                  0.17    0.00    4.24 v _367_/A (sky130_fd_sc_hd__buf_4)
                  0.14    0.37    4.60 v _367_/X (sky130_fd_sc_hd__buf_4)
    10    0.05                           _180_ (net)
                  0.14    0.00    4.60 v _397_/A (sky130_fd_sc_hd__inv_2)
                  0.05    0.09    4.70 ^ _397_/Y (sky130_fd_sc_hd__inv_2)
     1    0.00                           _027_ (net)
                  0.05    0.00    4.70 ^ _425_/RESET_B (sky130_fd_sc_hd__dfrtp_4)
                                  4.70   data arrival time

                          0.00    0.00   clock clk (rise edge)
                          0.00    0.00   clock source latency
                  0.36    0.27    0.27 ^ clk (in)
     1    0.05                           clk (net)
                  0.36    0.00    0.27 ^ clkbuf_0_clk/A (sky130_fd_sc_hd__clkbuf_16)
                  0.07    0.37    0.64 ^ clkbuf_0_clk/X (sky130_fd_sc_hd__clkbuf_16)
     2    0.02                           clknet_0_clk (net)
                  0.07    0.00    0.64 ^ clkbuf_1_0__f_clk/A (sky130_fd_sc_hd__clkbuf_16)
                  0.11    0.28    0.92 ^ clkbuf_1_0__f_clk/X (sky130_fd_sc_hd__clkbuf_16)
    14    0.05                           clknet_1_0__leaf_clk (net)
                  0.11    0.00    0.92 ^ _425_/CLK (sky130_fd_sc_hd__dfrtp_4)
                          0.25    1.17   clock uncertainty
                          0.00    1.17   clock reconvergence pessimism
                          0.67    1.84   library removal time
                                  1.84   data required time
-----------------------------------------------------------------------------
                                  1.84   data required time
                                 -4.70   data arrival time
-----------------------------------------------------------------------------
                                  2.86   slack (MET)


Startpoint: rst (input port clocked by clk)
Endpoint: _424_ (removal check against rising-edge clock clk)
Path Group: asynchronous
Path Type: min
Corner: Slowest

Fanout     Cap    Slew   Delay    Time   Description
-----------------------------------------------------------------------------
                          0.00    0.00   clock clk (rise edge)
                          0.00    0.00   clock network delay (propagated)
                          4.00    4.00 v input external delay
                  0.02    0.01    4.01 v rst (in)
     1    0.00                           rst (net)
                  0.02    0.00    4.01 v input1/A (sky130_fd_sc_hd__buf_1)
                  0.17    0.22    4.23 v input1/X (sky130_fd_sc_hd__buf_1)
     1    0.01                           net1 (net)
                  0.17    0.00    4.24 v _367_/A (sky130_fd_sc_hd__buf_4)
                  0.14    0.37    4.60 v _367_/X (sky130_fd_sc_hd__buf_4)
    10    0.05                           _180_ (net)
                  0.14    0.00    4.60 v _396_/A (sky130_fd_sc_hd__inv_2)
                  0.05    0.09    4.70 ^ _396_/Y (sky130_fd_sc_hd__inv_2)
     1    0.00                           _026_ (net)
                  0.05    0.00    4.70 ^ _424_/RESET_B (sky130_fd_sc_hd__dfrtp_4)
                                  4.70   data arrival time

                          0.00    0.00   clock clk (rise edge)
                          0.00    0.00   clock source latency
                  0.36    0.27    0.27 ^ clk (in)
     1    0.05                           clk (net)
                  0.36    0.00    0.27 ^ clkbuf_0_clk/A (sky130_fd_sc_hd__clkbuf_16)
                  0.07    0.37    0.64 ^ clkbuf_0_clk/X (sky130_fd_sc_hd__clkbuf_16)
     2    0.02                           clknet_0_clk (net)
                  0.07    0.00    0.64 ^ clkbuf_1_0__f_clk/A (sky130_fd_sc_hd__clkbuf_16)
                  0.11    0.28    0.92 ^ clkbuf_1_0__f_clk/X (sky130_fd_sc_hd__clkbuf_16)
    14    0.05                           clknet_1_0__leaf_clk (net)
                  0.11    0.00    0.92 ^ _424_/CLK (sky130_fd_sc_hd__dfrtp_4)
                          0.25    1.17   clock uncertainty
                          0.00    1.17   clock reconvergence pessimism
                          0.67    1.84   library removal time
                                  1.84   data required time
-----------------------------------------------------------------------------
                                  1.84   data required time
                                 -4.70   data arrival time
-----------------------------------------------------------------------------
                                  2.86   slack (MET)


Startpoint: rst (input port clocked by clk)
Endpoint: _422_ (removal check against rising-edge clock clk)
Path Group: asynchronous
Path Type: min
Corner: Slowest

Fanout     Cap    Slew   Delay    Time   Description
-----------------------------------------------------------------------------
                          0.00    0.00   clock clk (rise edge)
                          0.00    0.00   clock network delay (propagated)
                          4.00    4.00 v input external delay
                  0.02    0.01    4.01 v rst (in)
     1    0.00                           rst (net)
                  0.02    0.00    4.01 v input1/A (sky130_fd_sc_hd__buf_1)
                  0.17    0.22    4.23 v input1/X (sky130_fd_sc_hd__buf_1)
     1    0.01                           net1 (net)
                  0.17    0.00    4.24 v _367_/A (sky130_fd_sc_hd__buf_4)
                  0.14    0.37    4.60 v _367_/X (sky130_fd_sc_hd__buf_4)
    10    0.05                           _180_ (net)
                  0.14    0.00    4.61 v _394_/A (sky130_fd_sc_hd__inv_2)
                  0.05    0.09    4.70 ^ _394_/Y (sky130_fd_sc_hd__inv_2)
     1    0.00                           _024_ (net)
                  0.05    0.00    4.70 ^ _422_/RESET_B (sky130_fd_sc_hd__dfrtp_4)
                                  4.70   data arrival time

                          0.00    0.00   clock clk (rise edge)
                          0.00    0.00   clock source latency
                  0.36    0.27    0.27 ^ clk (in)
     1    0.05                           clk (net)
                  0.36    0.00    0.27 ^ clkbuf_0_clk/A (sky130_fd_sc_hd__clkbuf_16)
                  0.07    0.37    0.64 ^ clkbuf_0_clk/X (sky130_fd_sc_hd__clkbuf_16)
     2    0.02                           clknet_0_clk (net)
                  0.07    0.00    0.64 ^ clkbuf_1_0__f_clk/A (sky130_fd_sc_hd__clkbuf_16)
                  0.11    0.28    0.92 ^ clkbuf_1_0__f_clk/X (sky130_fd_sc_hd__clkbuf_16)
    14    0.05                           clknet_1_0__leaf_clk (net)
                  0.11    0.00    0.92 ^ _422_/CLK (sky130_fd_sc_hd__dfrtp_4)
                          0.25    1.17   clock uncertainty
                          0.00    1.17   clock reconvergence pessimism
                          0.67    1.84   library removal time
                                  1.84   data required time
-----------------------------------------------------------------------------
                                  1.84   data required time
                                 -4.70   data arrival time
-----------------------------------------------------------------------------
                                  2.86   slack (MET)


Startpoint: rst (input port clocked by clk)
Endpoint: _420_ (removal check against rising-edge clock clk)
Path Group: asynchronous
Path Type: min
Corner: Slowest

Fanout     Cap    Slew   Delay    Time   Description
-----------------------------------------------------------------------------
                          0.00    0.00   clock clk (rise edge)
                          0.00    0.00   clock network delay (propagated)
                          4.00    4.00 v input external delay
                  0.02    0.01    4.01 v rst (in)
     1    0.00                           rst (net)
                  0.02    0.00    4.01 v input1/A (sky130_fd_sc_hd__buf_1)
                  0.17    0.22    4.23 v input1/X (sky130_fd_sc_hd__buf_1)
     1    0.01                           net1 (net)
                  0.17    0.00    4.24 v _367_/A (sky130_fd_sc_hd__buf_4)
                  0.14    0.37    4.60 v _367_/X (sky130_fd_sc_hd__buf_4)
    10    0.05                           _180_ (net)
                  0.14    0.00    4.61 v _392_/A (sky130_fd_sc_hd__inv_2)
                  0.05    0.09    4.70 ^ _392_/Y (sky130_fd_sc_hd__inv_2)
     1    0.00                           _022_ (net)
                  0.05    0.00    4.70 ^ _420_/RESET_B (sky130_fd_sc_hd__dfrtp_4)
                                  4.70   data arrival time

                          0.00    0.00   clock clk (rise edge)
                          0.00    0.00   clock source latency
                  0.36    0.27    0.27 ^ clk (in)
     1    0.05                           clk (net)
                  0.36    0.00    0.27 ^ clkbuf_0_clk/A (sky130_fd_sc_hd__clkbuf_16)
                  0.07    0.37    0.64 ^ clkbuf_0_clk/X (sky130_fd_sc_hd__clkbuf_16)
     2    0.02                           clknet_0_clk (net)
                  0.07    0.00    0.64 ^ clkbuf_1_1__f_clk/A (sky130_fd_sc_hd__clkbuf_16)
                  0.11    0.28    0.92 ^ clkbuf_1_1__f_clk/X (sky130_fd_sc_hd__clkbuf_16)
    14    0.05                           clknet_1_1__leaf_clk (net)
                  0.11    0.00    0.92 ^ _420_/CLK (sky130_fd_sc_hd__dfrtp_4)
                          0.25    1.17   clock uncertainty
                          0.00    1.17   clock reconvergence pessimism
                          0.67    1.83   library removal time
                                  1.83   data required time
-----------------------------------------------------------------------------
                                  1.83   data required time
                                 -4.70   data arrival time
-----------------------------------------------------------------------------
                                  2.86   slack (MET)


Startpoint: rst (input port clocked by clk)
Endpoint: _419_ (removal check against rising-edge clock clk)
Path Group: asynchronous
Path Type: min
Corner: Slowest

Fanout     Cap    Slew   Delay    Time   Description
-----------------------------------------------------------------------------
                          0.00    0.00   clock clk (rise edge)
                          0.00    0.00   clock network delay (propagated)
                          4.00    4.00 v input external delay
                  0.02    0.01    4.01 v rst (in)
     1    0.00                           rst (net)
                  0.02    0.00    4.01 v input1/A (sky130_fd_sc_hd__buf_1)
                  0.17    0.22    4.23 v input1/X (sky130_fd_sc_hd__buf_1)
     1    0.01                           net1 (net)
                  0.17    0.00    4.24 v _367_/A (sky130_fd_sc_hd__buf_4)
                  0.14    0.37    4.60 v _367_/X (sky130_fd_sc_hd__buf_4)
    10    0.05                           _180_ (net)
                  0.14    0.00    4.61 v _391_/A (sky130_fd_sc_hd__inv_2)
                  0.05    0.09    4.70 ^ _391_/Y (sky130_fd_sc_hd__inv_2)
     1    0.00                           _021_ (net)
                  0.05    0.00    4.70 ^ _419_/RESET_B (sky130_fd_sc_hd__dfrtp_4)
                                  4.70   data arrival time

                          0.00    0.00   clock clk (rise edge)
                          0.00    0.00   clock source latency
                  0.36    0.27    0.27 ^ clk (in)
     1    0.05                           clk (net)
                  0.36    0.00    0.27 ^ clkbuf_0_clk/A (sky130_fd_sc_hd__clkbuf_16)
                  0.07    0.37    0.64 ^ clkbuf_0_clk/X (sky130_fd_sc_hd__clkbuf_16)
     2    0.02                           clknet_0_clk (net)
                  0.07    0.00    0.64 ^ clkbuf_1_1__f_clk/A (sky130_fd_sc_hd__clkbuf_16)
                  0.11    0.28    0.92 ^ clkbuf_1_1__f_clk/X (sky130_fd_sc_hd__clkbuf_16)
    14    0.05                           clknet_1_1__leaf_clk (net)
                  0.11    0.00    0.92 ^ _419_/CLK (sky130_fd_sc_hd__dfrtp_4)
                          0.25    1.17   clock uncertainty
                          0.00    1.17   clock reconvergence pessimism
                          0.67    1.83   library removal time
                                  1.83   data required time
-----------------------------------------------------------------------------
                                  1.83   data required time
                                 -4.70   data arrival time
-----------------------------------------------------------------------------
                                  2.87   slack (MET)


Startpoint: rst (input port clocked by clk)
Endpoint: _421_ (removal check against rising-edge clock clk)
Path Group: asynchronous
Path Type: min
Corner: Slowest

Fanout     Cap    Slew   Delay    Time   Description
-----------------------------------------------------------------------------
                          0.00    0.00   clock clk (rise edge)
                          0.00    0.00   clock network delay (propagated)
                          4.00    4.00 v input external delay
                  0.02    0.01    4.01 v rst (in)
     1    0.00                           rst (net)
                  0.02    0.00    4.01 v input1/A (sky130_fd_sc_hd__buf_1)
                  0.17    0.22    4.23 v input1/X (sky130_fd_sc_hd__buf_1)
     1    0.01                           net1 (net)
                  0.17    0.00    4.24 v _367_/A (sky130_fd_sc_hd__buf_4)
                  0.14    0.37    4.60 v _367_/X (sky130_fd_sc_hd__buf_4)
    10    0.05                           _180_ (net)
                  0.14    0.00    4.61 v _393_/A (sky130_fd_sc_hd__inv_2)
                  0.05    0.09    4.70 ^ _393_/Y (sky130_fd_sc_hd__inv_2)
     1    0.00                           _023_ (net)
                  0.05    0.00    4.70 ^ _421_/RESET_B (sky130_fd_sc_hd__dfrtp_4)
                                  4.70   data arrival time

                          0.00    0.00   clock clk (rise edge)
                          0.00    0.00   clock source latency
                  0.36    0.27    0.27 ^ clk (in)
     1    0.05                           clk (net)
                  0.36    0.00    0.27 ^ clkbuf_0_clk/A (sky130_fd_sc_hd__clkbuf_16)
                  0.07    0.37    0.64 ^ clkbuf_0_clk/X (sky130_fd_sc_hd__clkbuf_16)
     2    0.02                           clknet_0_clk (net)
                  0.07    0.00    0.64 ^ clkbuf_1_1__f_clk/A (sky130_fd_sc_hd__clkbuf_16)
                  0.11    0.28    0.92 ^ clkbuf_1_1__f_clk/X (sky130_fd_sc_hd__clkbuf_16)
    14    0.05                           clknet_1_1__leaf_clk (net)
                  0.11    0.00    0.92 ^ _421_/CLK (sky130_fd_sc_hd__dfrtp_4)
                          0.25    1.17   clock uncertainty
                          0.00    1.17   clock reconvergence pessimism
                          0.67    1.83   library removal time
                                  1.83   data required time
-----------------------------------------------------------------------------
                                  1.83   data required time
                                 -4.70   data arrival time
-----------------------------------------------------------------------------
                                  2.87   slack (MET)


Startpoint: rst (input port clocked by clk)
Endpoint: _418_ (removal check against rising-edge clock clk)
Path Group: asynchronous
Path Type: min
Corner: Slowest

Fanout     Cap    Slew   Delay    Time   Description
-----------------------------------------------------------------------------
                          0.00    0.00   clock clk (rise edge)
                          0.00    0.00   clock network delay (propagated)
                          4.00    4.00 v input external delay
                  0.02    0.01    4.01 v rst (in)
     1    0.00                           rst (net)
                  0.02    0.00    4.01 v input1/A (sky130_fd_sc_hd__buf_1)
                  0.17    0.22    4.23 v input1/X (sky130_fd_sc_hd__buf_1)
     1    0.01                           net1 (net)
                  0.17    0.00    4.24 v _367_/A (sky130_fd_sc_hd__buf_4)
                  0.14    0.37    4.60 v _367_/X (sky130_fd_sc_hd__buf_4)
    10    0.05                           _180_ (net)
                  0.14    0.00    4.61 v _390_/A (sky130_fd_sc_hd__inv_2)
                  0.05    0.09    4.70 ^ _390_/Y (sky130_fd_sc_hd__inv_2)
     1    0.00                           _020_ (net)
                  0.05    0.00    4.70 ^ _418_/RESET_B (sky130_fd_sc_hd__dfrtp_4)
                                  4.70   data arrival time

                          0.00    0.00   clock clk (rise edge)
                          0.00    0.00   clock source latency
                  0.36    0.27    0.27 ^ clk (in)
     1    0.05                           clk (net)
                  0.36    0.00    0.27 ^ clkbuf_0_clk/A (sky130_fd_sc_hd__clkbuf_16)
                  0.07    0.37    0.64 ^ clkbuf_0_clk/X (sky130_fd_sc_hd__clkbuf_16)
     2    0.02                           clknet_0_clk (net)
                  0.07    0.00    0.64 ^ clkbuf_1_1__f_clk/A (sky130_fd_sc_hd__clkbuf_16)
                  0.11    0.28    0.92 ^ clkbuf_1_1__f_clk/X (sky130_fd_sc_hd__clkbuf_16)
    14    0.05                           clknet_1_1__leaf_clk (net)
                  0.11    0.00    0.92 ^ _418_/CLK (sky130_fd_sc_hd__dfrtp_4)
                          0.25    1.17   clock uncertainty
                          0.00    1.17   clock reconvergence pessimism
                          0.67    1.83   library removal time
                                  1.83   data required time
-----------------------------------------------------------------------------
                                  1.83   data required time
                                 -4.70   data arrival time
-----------------------------------------------------------------------------
                                  2.87   slack (MET)


Startpoint: rst (input port clocked by clk)
Endpoint: _423_ (removal check against rising-edge clock clk)
Path Group: asynchronous
Path Type: min
Corner: Slowest

Fanout     Cap    Slew   Delay    Time   Description
-----------------------------------------------------------------------------
                          0.00    0.00   clock clk (rise edge)
                          0.00    0.00   clock network delay (propagated)
                          4.00    4.00 v input external delay
                  0.02    0.01    4.01 v rst (in)
     1    0.00                           rst (net)
                  0.02    0.00    4.01 v input1/A (sky130_fd_sc_hd__buf_1)
                  0.17    0.22    4.23 v input1/X (sky130_fd_sc_hd__buf_1)
     1    0.01                           net1 (net)
                  0.17    0.00    4.24 v _367_/A (sky130_fd_sc_hd__buf_4)
                  0.14    0.37    4.60 v _367_/X (sky130_fd_sc_hd__buf_4)
    10    0.05                           _180_ (net)
                  0.14    0.00    4.61 v _395_/A (sky130_fd_sc_hd__inv_2)
                  0.09    0.12    4.73 ^ _395_/Y (sky130_fd_sc_hd__inv_2)
     1    0.01                           _025_ (net)
                  0.09    0.00    4.73 ^ _423_/RESET_B (sky130_fd_sc_hd__dfrtp_4)
                                  4.73   data arrival time

                          0.00    0.00   clock clk (rise edge)
                          0.00    0.00   clock source latency
                  0.36    0.27    0.27 ^ clk (in)
     1    0.05                           clk (net)
                  0.36    0.00    0.27 ^ clkbuf_0_clk/A (sky130_fd_sc_hd__clkbuf_16)
                  0.07    0.37    0.64 ^ clkbuf_0_clk/X (sky130_fd_sc_hd__clkbuf_16)
     2    0.02                           clknet_0_clk (net)
                  0.07    0.00    0.64 ^ clkbuf_1_0__f_clk/A (sky130_fd_sc_hd__clkbuf_16)
                  0.11    0.28    0.92 ^ clkbuf_1_0__f_clk/X (sky130_fd_sc_hd__clkbuf_16)
    14    0.05                           clknet_1_0__leaf_clk (net)
                  0.11    0.00    0.92 ^ _423_/CLK (sky130_fd_sc_hd__dfrtp_4)
                          0.25    1.17   clock uncertainty
                          0.00    1.17   clock reconvergence pessimism
                          0.68    1.84   library removal time
                                  1.84   data required time
-----------------------------------------------------------------------------
                                  1.84   data required time
                                 -4.73   data arrival time
-----------------------------------------------------------------------------
                                  2.88   slack (MET)


Startpoint: rst (input port clocked by clk)
Endpoint: _408_ (removal check against rising-edge clock clk)
Path Group: asynchronous
Path Type: min
Corner: Slowest

Fanout     Cap    Slew   Delay    Time   Description
-----------------------------------------------------------------------------
                          0.00    0.00   clock clk (rise edge)
                          0.00    0.00   clock network delay (propagated)
                          4.00    4.00 v input external delay
                  0.02    0.01    4.01 v rst (in)
     1    0.00                           rst (net)
                  0.02    0.00    4.01 v input1/A (sky130_fd_sc_hd__buf_1)
                  0.17    0.22    4.23 v input1/X (sky130_fd_sc_hd__buf_1)
     1    0.01                           net1 (net)
                  0.17    0.00    4.24 v _367_/A (sky130_fd_sc_hd__buf_4)
                  0.14    0.37    4.60 v _367_/X (sky130_fd_sc_hd__buf_4)
    10    0.05                           _180_ (net)
                  0.14    0.00    4.60 v _379_/A (sky130_fd_sc_hd__buf_4)
                  0.16    0.37    4.97 v _379_/X (sky130_fd_sc_hd__buf_4)
    10    0.06                           _182_ (net)
                  0.16    0.00    4.97 v _380_/A (sky130_fd_sc_hd__inv_2)
                  0.06    0.10    5.07 ^ _380_/Y (sky130_fd_sc_hd__inv_2)
     1    0.00                           _010_ (net)
                  0.06    0.00    5.07 ^ _408_/RESET_B (sky130_fd_sc_hd__dfrtp_4)
                                  5.07   data arrival time

                          0.00    0.00   clock clk (rise edge)
                          0.00    0.00   clock source latency
                  0.36    0.27    0.27 ^ clk (in)
     1    0.05                           clk (net)
                  0.36    0.00    0.27 ^ clkbuf_0_clk/A (sky130_fd_sc_hd__clkbuf_16)
                  0.07    0.37    0.64 ^ clkbuf_0_clk/X (sky130_fd_sc_hd__clkbuf_16)
     2    0.02                           clknet_0_clk (net)
                  0.07    0.00    0.64 ^ clkbuf_1_0__f_clk/A (sky130_fd_sc_hd__clkbuf_16)
                  0.11    0.28    0.92 ^ clkbuf_1_0__f_clk/X (sky130_fd_sc_hd__clkbuf_16)
    14    0.05                           clknet_1_0__leaf_clk (net)
                  0.11    0.00    0.92 ^ _408_/CLK (sky130_fd_sc_hd__dfrtp_4)
                          0.25    1.17   clock uncertainty
                          0.00    1.17   clock reconvergence pessimism
                          0.67    1.84   library removal time
                                  1.84   data required time
-----------------------------------------------------------------------------
                                  1.84   data required time
                                 -5.07   data arrival time
-----------------------------------------------------------------------------
                                  3.24   slack (MET)


Startpoint: rst (input port clocked by clk)
Endpoint: _416_ (removal check against rising-edge clock clk)
Path Group: asynchronous
Path Type: min
Corner: Slowest

Fanout     Cap    Slew   Delay    Time   Description
-----------------------------------------------------------------------------
                          0.00    0.00   clock clk (rise edge)
                          0.00    0.00   clock network delay (propagated)
                          4.00    4.00 v input external delay
                  0.02    0.01    4.01 v rst (in)
     1    0.00                           rst (net)
                  0.02    0.00    4.01 v input1/A (sky130_fd_sc_hd__buf_1)
                  0.17    0.22    4.23 v input1/X (sky130_fd_sc_hd__buf_1)
     1    0.01                           net1 (net)
                  0.17    0.00    4.24 v _367_/A (sky130_fd_sc_hd__buf_4)
                  0.14    0.37    4.60 v _367_/X (sky130_fd_sc_hd__buf_4)
    10    0.05                           _180_ (net)
                  0.14    0.00    4.60 v _379_/A (sky130_fd_sc_hd__buf_4)
                  0.16    0.37    4.97 v _379_/X (sky130_fd_sc_hd__buf_4)
    10    0.06                           _182_ (net)
                  0.16    0.00    4.97 v _388_/A (sky130_fd_sc_hd__inv_2)
                  0.06    0.10    5.08 ^ _388_/Y (sky130_fd_sc_hd__inv_2)
     1    0.00                           _018_ (net)
                  0.06    0.00    5.08 ^ _416_/RESET_B (sky130_fd_sc_hd__dfrtp_4)
                                  5.08   data arrival time

                          0.00    0.00   clock clk (rise edge)
                          0.00    0.00   clock source latency
                  0.36    0.27    0.27 ^ clk (in)
     1    0.05                           clk (net)
                  0.36    0.00    0.27 ^ clkbuf_0_clk/A (sky130_fd_sc_hd__clkbuf_16)
                  0.07    0.37    0.64 ^ clkbuf_0_clk/X (sky130_fd_sc_hd__clkbuf_16)
     2    0.02                           clknet_0_clk (net)
                  0.07    0.00    0.64 ^ clkbuf_1_0__f_clk/A (sky130_fd_sc_hd__clkbuf_16)
                  0.11    0.28    0.92 ^ clkbuf_1_0__f_clk/X (sky130_fd_sc_hd__clkbuf_16)
    14    0.05                           clknet_1_0__leaf_clk (net)
                  0.11    0.00    0.92 ^ _416_/CLK (sky130_fd_sc_hd__dfrtp_4)
                          0.25    1.17   clock uncertainty
                          0.00    1.17   clock reconvergence pessimism
                          0.67    1.84   library removal time
                                  1.84   data required time
-----------------------------------------------------------------------------
                                  1.84   data required time
                                 -5.08   data arrival time
-----------------------------------------------------------------------------
                                  3.24   slack (MET)


Startpoint: rst (input port clocked by clk)
Endpoint: _415_ (removal check against rising-edge clock clk)
Path Group: asynchronous
Path Type: min
Corner: Slowest

Fanout     Cap    Slew   Delay    Time   Description
-----------------------------------------------------------------------------
                          0.00    0.00   clock clk (rise edge)
                          0.00    0.00   clock network delay (propagated)
                          4.00    4.00 v input external delay
                  0.02    0.01    4.01 v rst (in)
     1    0.00                           rst (net)
                  0.02    0.00    4.01 v input1/A (sky130_fd_sc_hd__buf_1)
                  0.17    0.22    4.23 v input1/X (sky130_fd_sc_hd__buf_1)
     1    0.01                           net1 (net)
                  0.17    0.00    4.24 v _367_/A (sky130_fd_sc_hd__buf_4)
                  0.14    0.37    4.60 v _367_/X (sky130_fd_sc_hd__buf_4)
    10    0.05                           _180_ (net)
                  0.14    0.00    4.60 v _379_/A (sky130_fd_sc_hd__buf_4)
                  0.16    0.37    4.97 v _379_/X (sky130_fd_sc_hd__buf_4)
    10    0.06                           _182_ (net)
                  0.16    0.00    4.98 v _387_/A (sky130_fd_sc_hd__inv_2)
                  0.06    0.10    5.08 ^ _387_/Y (sky130_fd_sc_hd__inv_2)
     1    0.00                           _017_ (net)
                  0.06    0.00    5.08 ^ _415_/RESET_B (sky130_fd_sc_hd__dfrtp_4)
                                  5.08   data arrival time

                          0.00    0.00   clock clk (rise edge)
                          0.00    0.00   clock source latency
                  0.36    0.27    0.27 ^ clk (in)
     1    0.05                           clk (net)
                  0.36    0.00    0.27 ^ clkbuf_0_clk/A (sky130_fd_sc_hd__clkbuf_16)
                  0.07    0.37    0.64 ^ clkbuf_0_clk/X (sky130_fd_sc_hd__clkbuf_16)
     2    0.02                           clknet_0_clk (net)
                  0.07    0.00    0.64 ^ clkbuf_1_0__f_clk/A (sky130_fd_sc_hd__clkbuf_16)
                  0.11    0.28    0.92 ^ clkbuf_1_0__f_clk/X (sky130_fd_sc_hd__clkbuf_16)
    14    0.05                           clknet_1_0__leaf_clk (net)
                  0.11    0.00    0.92 ^ _415_/CLK (sky130_fd_sc_hd__dfrtp_4)
                          0.25    1.17   clock uncertainty
                          0.00    1.17   clock reconvergence pessimism
                          0.67    1.84   library removal time
                                  1.84   data required time
-----------------------------------------------------------------------------
                                  1.84   data required time
                                 -5.08   data arrival time
-----------------------------------------------------------------------------
                                  3.24   slack (MET)


Startpoint: rst (input port clocked by clk)
Endpoint: _417_ (removal check against rising-edge clock clk)
Path Group: asynchronous
Path Type: min
Corner: Slowest

Fanout     Cap    Slew   Delay    Time   Description
-----------------------------------------------------------------------------
                          0.00    0.00   clock clk (rise edge)
                          0.00    0.00   clock network delay (propagated)
                          4.00    4.00 v input external delay
                  0.02    0.01    4.01 v rst (in)
     1    0.00                           rst (net)
                  0.02    0.00    4.01 v input1/A (sky130_fd_sc_hd__buf_1)
                  0.17    0.22    4.23 v input1/X (sky130_fd_sc_hd__buf_1)
     1    0.01                           net1 (net)
                  0.17    0.00    4.24 v _367_/A (sky130_fd_sc_hd__buf_4)
                  0.14    0.37    4.60 v _367_/X (sky130_fd_sc_hd__buf_4)
    10    0.05                           _180_ (net)
                  0.14    0.00    4.60 v _379_/A (sky130_fd_sc_hd__buf_4)
                  0.16    0.37    4.97 v _379_/X (sky130_fd_sc_hd__buf_4)
    10    0.06                           _182_ (net)
                  0.16    0.01    4.98 v _389_/A (sky130_fd_sc_hd__inv_2)
                  0.06    0.10    5.08 ^ _389_/Y (sky130_fd_sc_hd__inv_2)
     1    0.00                           _019_ (net)
                  0.06    0.00    5.08 ^ _417_/RESET_B (sky130_fd_sc_hd__dfrtp_4)
                                  5.08   data arrival time

                          0.00    0.00   clock clk (rise edge)
                          0.00    0.00   clock source latency
                  0.36    0.27    0.27 ^ clk (in)
     1    0.05                           clk (net)
                  0.36    0.00    0.27 ^ clkbuf_0_clk/A (sky130_fd_sc_hd__clkbuf_16)
                  0.07    0.37    0.64 ^ clkbuf_0_clk/X (sky130_fd_sc_hd__clkbuf_16)
     2    0.02                           clknet_0_clk (net)
                  0.07    0.00    0.64 ^ clkbuf_1_0__f_clk/A (sky130_fd_sc_hd__clkbuf_16)
                  0.11    0.28    0.92 ^ clkbuf_1_0__f_clk/X (sky130_fd_sc_hd__clkbuf_16)
    14    0.05                           clknet_1_0__leaf_clk (net)
                  0.11    0.00    0.92 ^ _417_/CLK (sky130_fd_sc_hd__dfrtp_4)
                          0.25    1.17   clock uncertainty
                          0.00    1.17   clock reconvergence pessimism
                          0.67    1.84   library removal time
                                  1.84   data required time
-----------------------------------------------------------------------------
                                  1.84   data required time
                                 -5.08   data arrival time
-----------------------------------------------------------------------------
                                  3.24   slack (MET)


Startpoint: rst (input port clocked by clk)
Endpoint: _410_ (removal check against rising-edge clock clk)
Path Group: asynchronous
Path Type: min
Corner: Slowest

Fanout     Cap    Slew   Delay    Time   Description
-----------------------------------------------------------------------------
                          0.00    0.00   clock clk (rise edge)
                          0.00    0.00   clock network delay (propagated)
                          4.00    4.00 v input external delay
                  0.02    0.01    4.01 v rst (in)
     1    0.00                           rst (net)
                  0.02    0.00    4.01 v input1/A (sky130_fd_sc_hd__buf_1)
                  0.17    0.22    4.23 v input1/X (sky130_fd_sc_hd__buf_1)
     1    0.01                           net1 (net)
                  0.17    0.00    4.24 v _367_/A (sky130_fd_sc_hd__buf_4)
                  0.14    0.37    4.60 v _367_/X (sky130_fd_sc_hd__buf_4)
    10    0.05                           _180_ (net)
                  0.14    0.00    4.60 v _379_/A (sky130_fd_sc_hd__buf_4)
                  0.16    0.37    4.97 v _379_/X (sky130_fd_sc_hd__buf_4)
    10    0.06                           _182_ (net)
                  0.16    0.01    4.98 v _382_/A (sky130_fd_sc_hd__inv_2)
                  0.06    0.10    5.08 ^ _382_/Y (sky130_fd_sc_hd__inv_2)
     1    0.00                           _012_ (net)
                  0.06    0.00    5.08 ^ _410_/RESET_B (sky130_fd_sc_hd__dfrtp_4)
                                  5.08   data arrival time

                          0.00    0.00   clock clk (rise edge)
                          0.00    0.00   clock source latency
                  0.36    0.27    0.27 ^ clk (in)
     1    0.05                           clk (net)
                  0.36    0.00    0.27 ^ clkbuf_0_clk/A (sky130_fd_sc_hd__clkbuf_16)
                  0.07    0.37    0.64 ^ clkbuf_0_clk/X (sky130_fd_sc_hd__clkbuf_16)
     2    0.02                           clknet_0_clk (net)
                  0.07    0.00    0.64 ^ clkbuf_1_0__f_clk/A (sky130_fd_sc_hd__clkbuf_16)
                  0.11    0.28    0.92 ^ clkbuf_1_0__f_clk/X (sky130_fd_sc_hd__clkbuf_16)
    14    0.05                           clknet_1_0__leaf_clk (net)
                  0.11    0.00    0.92 ^ _410_/CLK (sky130_fd_sc_hd__dfrtp_4)
                          0.25    1.17   clock uncertainty
                          0.00    1.17   clock reconvergence pessimism
                          0.67    1.84   library removal time
                                  1.84   data required time
-----------------------------------------------------------------------------
                                  1.84   data required time
                                 -5.08   data arrival time
-----------------------------------------------------------------------------
                                  3.24   slack (MET)


Startpoint: rst (input port clocked by clk)
Endpoint: _409_ (removal check against rising-edge clock clk)
Path Group: asynchronous
Path Type: min
Corner: Slowest

Fanout     Cap    Slew   Delay    Time   Description
-----------------------------------------------------------------------------
                          0.00    0.00   clock clk (rise edge)
                          0.00    0.00   clock network delay (propagated)
                          4.00    4.00 v input external delay
                  0.02    0.01    4.01 v rst (in)
     1    0.00                           rst (net)
                  0.02    0.00    4.01 v input1/A (sky130_fd_sc_hd__buf_1)
                  0.17    0.22    4.23 v input1/X (sky130_fd_sc_hd__buf_1)
     1    0.01                           net1 (net)
                  0.17    0.00    4.24 v _367_/A (sky130_fd_sc_hd__buf_4)
                  0.14    0.37    4.60 v _367_/X (sky130_fd_sc_hd__buf_4)
    10    0.05                           _180_ (net)
                  0.14    0.00    4.60 v _379_/A (sky130_fd_sc_hd__buf_4)
                  0.16    0.37    4.97 v _379_/X (sky130_fd_sc_hd__buf_4)
    10    0.06                           _182_ (net)
                  0.16    0.01    4.98 v _381_/A (sky130_fd_sc_hd__inv_2)
                  0.06    0.10    5.08 ^ _381_/Y (sky130_fd_sc_hd__inv_2)
     1    0.00                           _011_ (net)
                  0.06    0.00    5.08 ^ _409_/RESET_B (sky130_fd_sc_hd__dfrtp_4)
                                  5.08   data arrival time

                          0.00    0.00   clock clk (rise edge)
                          0.00    0.00   clock source latency
                  0.36    0.27    0.27 ^ clk (in)
     1    0.05                           clk (net)
                  0.36    0.00    0.27 ^ clkbuf_0_clk/A (sky130_fd_sc_hd__clkbuf_16)
                  0.07    0.37    0.64 ^ clkbuf_0_clk/X (sky130_fd_sc_hd__clkbuf_16)
     2    0.02                           clknet_0_clk (net)
                  0.07    0.00    0.64 ^ clkbuf_1_0__f_clk/A (sky130_fd_sc_hd__clkbuf_16)
                  0.11    0.28    0.92 ^ clkbuf_1_0__f_clk/X (sky130_fd_sc_hd__clkbuf_16)
    14    0.05                           clknet_1_0__leaf_clk (net)
                  0.11    0.00    0.92 ^ _409_/CLK (sky130_fd_sc_hd__dfrtp_4)
                          0.25    1.17   clock uncertainty
                          0.00    1.17   clock reconvergence pessimism
                          0.67    1.84   library removal time
                                  1.84   data required time
-----------------------------------------------------------------------------
                                  1.84   data required time
                                 -5.08   data arrival time
-----------------------------------------------------------------------------
                                  3.24   slack (MET)


Startpoint: rst (input port clocked by clk)
Endpoint: _414_ (removal check against rising-edge clock clk)
Path Group: asynchronous
Path Type: min
Corner: Slowest

Fanout     Cap    Slew   Delay    Time   Description
-----------------------------------------------------------------------------
                          0.00    0.00   clock clk (rise edge)
                          0.00    0.00   clock network delay (propagated)
                          4.00    4.00 v input external delay
                  0.02    0.01    4.01 v rst (in)
     1    0.00                           rst (net)
                  0.02    0.00    4.01 v input1/A (sky130_fd_sc_hd__buf_1)
                  0.17    0.22    4.23 v input1/X (sky130_fd_sc_hd__buf_1)
     1    0.01                           net1 (net)
                  0.17    0.00    4.24 v _367_/A (sky130_fd_sc_hd__buf_4)
                  0.14    0.37    4.60 v _367_/X (sky130_fd_sc_hd__buf_4)
    10    0.05                           _180_ (net)
                  0.14    0.00    4.60 v _379_/A (sky130_fd_sc_hd__buf_4)
                  0.16    0.37    4.97 v _379_/X (sky130_fd_sc_hd__buf_4)
    10    0.06                           _182_ (net)
                  0.16    0.00    4.98 v _386_/A (sky130_fd_sc_hd__inv_2)
                  0.06    0.10    5.08 ^ _386_/Y (sky130_fd_sc_hd__inv_2)
     1    0.00                           _016_ (net)
                  0.06    0.00    5.08 ^ _414_/RESET_B (sky130_fd_sc_hd__dfrtp_4)
                                  5.08   data arrival time

                          0.00    0.00   clock clk (rise edge)
                          0.00    0.00   clock source latency
                  0.36    0.27    0.27 ^ clk (in)
     1    0.05                           clk (net)
                  0.36    0.00    0.27 ^ clkbuf_0_clk/A (sky130_fd_sc_hd__clkbuf_16)
                  0.07    0.37    0.64 ^ clkbuf_0_clk/X (sky130_fd_sc_hd__clkbuf_16)
     2    0.02                           clknet_0_clk (net)
                  0.07    0.00    0.64 ^ clkbuf_1_0__f_clk/A (sky130_fd_sc_hd__clkbuf_16)
                  0.11    0.28    0.92 ^ clkbuf_1_0__f_clk/X (sky130_fd_sc_hd__clkbuf_16)
    14    0.05                           clknet_1_0__leaf_clk (net)
                  0.11    0.00    0.92 ^ _414_/CLK (sky130_fd_sc_hd__dfrtp_4)
                          0.25    1.17   clock uncertainty
                          0.00    1.17   clock reconvergence pessimism
                          0.67    1.84   library removal time
                                  1.84   data required time
-----------------------------------------------------------------------------
                                  1.84   data required time
                                 -5.08   data arrival time
-----------------------------------------------------------------------------
                                  3.24   slack (MET)


Startpoint: rst (input port clocked by clk)
Endpoint: _413_ (removal check against rising-edge clock clk)
Path Group: asynchronous
Path Type: min
Corner: Slowest

Fanout     Cap    Slew   Delay    Time   Description
-----------------------------------------------------------------------------
                          0.00    0.00   clock clk (rise edge)
                          0.00    0.00   clock network delay (propagated)
                          4.00    4.00 v input external delay
                  0.02    0.01    4.01 v rst (in)
     1    0.00                           rst (net)
                  0.02    0.00    4.01 v input1/A (sky130_fd_sc_hd__buf_1)
                  0.17    0.22    4.23 v input1/X (sky130_fd_sc_hd__buf_1)
     1    0.01                           net1 (net)
                  0.17    0.00    4.24 v _367_/A (sky130_fd_sc_hd__buf_4)
                  0.14    0.37    4.60 v _367_/X (sky130_fd_sc_hd__buf_4)
    10    0.05                           _180_ (net)
                  0.14    0.00    4.60 v _379_/A (sky130_fd_sc_hd__buf_4)
                  0.16    0.37    4.97 v _379_/X (sky130_fd_sc_hd__buf_4)
    10    0.06                           _182_ (net)
                  0.16    0.01    4.98 v _385_/A (sky130_fd_sc_hd__inv_2)
                  0.06    0.10    5.08 ^ _385_/Y (sky130_fd_sc_hd__inv_2)
     1    0.00                           _015_ (net)
                  0.06    0.00    5.08 ^ _413_/RESET_B (sky130_fd_sc_hd__dfrtp_4)
                                  5.08   data arrival time

                          0.00    0.00   clock clk (rise edge)
                          0.00    0.00   clock source latency
                  0.36    0.27    0.27 ^ clk (in)
     1    0.05                           clk (net)
                  0.36    0.00    0.27 ^ clkbuf_0_clk/A (sky130_fd_sc_hd__clkbuf_16)
                  0.07    0.37    0.64 ^ clkbuf_0_clk/X (sky130_fd_sc_hd__clkbuf_16)
     2    0.02                           clknet_0_clk (net)
                  0.07    0.00    0.64 ^ clkbuf_1_0__f_clk/A (sky130_fd_sc_hd__clkbuf_16)
                  0.11    0.28    0.92 ^ clkbuf_1_0__f_clk/X (sky130_fd_sc_hd__clkbuf_16)
    14    0.05                           clknet_1_0__leaf_clk (net)
                  0.11    0.00    0.92 ^ _413_/CLK (sky130_fd_sc_hd__dfrtp_4)
                          0.25    1.17   clock uncertainty
                          0.00    1.17   clock reconvergence pessimism
                          0.67    1.84   library removal time
                                  1.84   data required time
-----------------------------------------------------------------------------
                                  1.84   data required time
                                 -5.08   data arrival time
-----------------------------------------------------------------------------
                                  3.25   slack (MET)


Startpoint: rst (input port clocked by clk)
Endpoint: _402_ (removal check against rising-edge clock clk)
Path Group: asynchronous
Path Type: min
Corner: Slowest

Fanout     Cap    Slew   Delay    Time   Description
-----------------------------------------------------------------------------
                          0.00    0.00   clock clk (rise edge)
                          0.00    0.00   clock network delay (propagated)
                          4.00    4.00 v input external delay
                  0.02    0.01    4.01 v rst (in)
     1    0.00                           rst (net)
                  0.02    0.00    4.01 v input1/A (sky130_fd_sc_hd__buf_1)
                  0.17    0.22    4.23 v input1/X (sky130_fd_sc_hd__buf_1)
     1    0.01                           net1 (net)
                  0.17    0.00    4.24 v _367_/A (sky130_fd_sc_hd__buf_4)
                  0.14    0.37    4.60 v _367_/X (sky130_fd_sc_hd__buf_4)
    10    0.05                           _180_ (net)
                  0.14    0.00    4.61 v _368_/A (sky130_fd_sc_hd__buf_4)
                  0.17    0.37    4.98 v _368_/X (sky130_fd_sc_hd__buf_4)
    10    0.07                           _181_ (net)
                  0.17    0.00    4.98 v _373_/A (sky130_fd_sc_hd__inv_2)
                  0.06    0.10    5.08 ^ _373_/Y (sky130_fd_sc_hd__inv_2)
     1    0.00                           _004_ (net)
                  0.06    0.00    5.08 ^ _402_/RESET_B (sky130_fd_sc_hd__dfrtp_4)
                                  5.08   data arrival time

                          0.00    0.00   clock clk (rise edge)
                          0.00    0.00   clock source latency
                  0.36    0.27    0.27 ^ clk (in)
     1    0.05                           clk (net)
                  0.36    0.00    0.27 ^ clkbuf_0_clk/A (sky130_fd_sc_hd__clkbuf_16)
                  0.07    0.37    0.64 ^ clkbuf_0_clk/X (sky130_fd_sc_hd__clkbuf_16)
     2    0.02                           clknet_0_clk (net)
                  0.07    0.00    0.64 ^ clkbuf_1_1__f_clk/A (sky130_fd_sc_hd__clkbuf_16)
                  0.11    0.28    0.92 ^ clkbuf_1_1__f_clk/X (sky130_fd_sc_hd__clkbuf_16)
    14    0.05                           clknet_1_1__leaf_clk (net)
                  0.11    0.00    0.92 ^ _402_/CLK (sky130_fd_sc_hd__dfrtp_4)
                          0.25    1.17   clock uncertainty
                          0.00    1.17   clock reconvergence pessimism
                          0.67    1.84   library removal time
                                  1.84   data required time
-----------------------------------------------------------------------------
                                  1.84   data required time
                                 -5.08   data arrival time
-----------------------------------------------------------------------------
                                  3.25   slack (MET)


Startpoint: rst (input port clocked by clk)
Endpoint: _406_ (removal check against rising-edge clock clk)
Path Group: asynchronous
Path Type: min
Corner: Slowest

Fanout     Cap    Slew   Delay    Time   Description
-----------------------------------------------------------------------------
                          0.00    0.00   clock clk (rise edge)
                          0.00    0.00   clock network delay (propagated)
                          4.00    4.00 v input external delay
                  0.02    0.01    4.01 v rst (in)
     1    0.00                           rst (net)
                  0.02    0.00    4.01 v input1/A (sky130_fd_sc_hd__buf_1)
                  0.17    0.22    4.23 v input1/X (sky130_fd_sc_hd__buf_1)
     1    0.01                           net1 (net)
                  0.17    0.00    4.24 v _367_/A (sky130_fd_sc_hd__buf_4)
                  0.14    0.37    4.60 v _367_/X (sky130_fd_sc_hd__buf_4)
    10    0.05                           _180_ (net)
                  0.14    0.00    4.61 v _368_/A (sky130_fd_sc_hd__buf_4)
                  0.17    0.37    4.98 v _368_/X (sky130_fd_sc_hd__buf_4)
    10    0.07                           _181_ (net)
                  0.17    0.00    4.98 v _377_/A (sky130_fd_sc_hd__inv_2)
                  0.06    0.10    5.08 ^ _377_/Y (sky130_fd_sc_hd__inv_2)
     1    0.00                           _008_ (net)
                  0.06    0.00    5.08 ^ _406_/RESET_B (sky130_fd_sc_hd__dfrtp_2)
                                  5.08   data arrival time

                          0.00    0.00   clock clk (rise edge)
                          0.00    0.00   clock source latency
                  0.36    0.27    0.27 ^ clk (in)
     1    0.05                           clk (net)
                  0.36    0.00    0.27 ^ clkbuf_0_clk/A (sky130_fd_sc_hd__clkbuf_16)
                  0.07    0.37    0.64 ^ clkbuf_0_clk/X (sky130_fd_sc_hd__clkbuf_16)
     2    0.02                           clknet_0_clk (net)
                  0.07    0.00    0.64 ^ clkbuf_1_0__f_clk/A (sky130_fd_sc_hd__clkbuf_16)
                  0.11    0.28    0.92 ^ clkbuf_1_0__f_clk/X (sky130_fd_sc_hd__clkbuf_16)
    14    0.05                           clknet_1_0__leaf_clk (net)
                  0.11    0.00    0.92 ^ _406_/CLK (sky130_fd_sc_hd__dfrtp_2)
                          0.25    1.17   clock uncertainty
                          0.00    1.17   clock reconvergence pessimism
                          0.67    1.84   library removal time
                                  1.84   data required time
-----------------------------------------------------------------------------
                                  1.84   data required time
                                 -5.08   data arrival time
-----------------------------------------------------------------------------
                                  3.25   slack (MET)


Startpoint: rst (input port clocked by clk)
Endpoint: _407_ (removal check against rising-edge clock clk)
Path Group: asynchronous
Path Type: min
Corner: Slowest

Fanout     Cap    Slew   Delay    Time   Description
-----------------------------------------------------------------------------
                          0.00    0.00   clock clk (rise edge)
                          0.00    0.00   clock network delay (propagated)
                          4.00    4.00 v input external delay
                  0.02    0.01    4.01 v rst (in)
     1    0.00                           rst (net)
                  0.02    0.00    4.01 v input1/A (sky130_fd_sc_hd__buf_1)
                  0.17    0.22    4.23 v input1/X (sky130_fd_sc_hd__buf_1)
     1    0.01                           net1 (net)
                  0.17    0.00    4.24 v _367_/A (sky130_fd_sc_hd__buf_4)
                  0.14    0.37    4.60 v _367_/X (sky130_fd_sc_hd__buf_4)
    10    0.05                           _180_ (net)
                  0.14    0.00    4.61 v _368_/A (sky130_fd_sc_hd__buf_4)
                  0.17    0.37    4.98 v _368_/X (sky130_fd_sc_hd__buf_4)
    10    0.07                           _181_ (net)
                  0.17    0.00    4.98 v _378_/A (sky130_fd_sc_hd__inv_2)
                  0.06    0.10    5.08 ^ _378_/Y (sky130_fd_sc_hd__inv_2)
     1    0.00                           _009_ (net)
                  0.06    0.00    5.08 ^ _407_/RESET_B (sky130_fd_sc_hd__dfrtp_4)
                                  5.08   data arrival time

                          0.00    0.00   clock clk (rise edge)
                          0.00    0.00   clock source latency
                  0.36    0.27    0.27 ^ clk (in)
     1    0.05                           clk (net)
                  0.36    0.00    0.27 ^ clkbuf_0_clk/A (sky130_fd_sc_hd__clkbuf_16)
                  0.07    0.37    0.64 ^ clkbuf_0_clk/X (sky130_fd_sc_hd__clkbuf_16)
     2    0.02                           clknet_0_clk (net)
                  0.07    0.00    0.64 ^ clkbuf_1_0__f_clk/A (sky130_fd_sc_hd__clkbuf_16)
                  0.11    0.28    0.92 ^ clkbuf_1_0__f_clk/X (sky130_fd_sc_hd__clkbuf_16)
    14    0.05                           clknet_1_0__leaf_clk (net)
                  0.11    0.00    0.92 ^ _407_/CLK (sky130_fd_sc_hd__dfrtp_4)
                          0.25    1.17   clock uncertainty
                          0.00    1.17   clock reconvergence pessimism
                          0.67    1.84   library removal time
                                  1.84   data required time
-----------------------------------------------------------------------------
                                  1.84   data required time
                                 -5.08   data arrival time
-----------------------------------------------------------------------------
                                  3.25   slack (MET)


Startpoint: rst (input port clocked by clk)
Endpoint: _403_ (removal check against rising-edge clock clk)
Path Group: asynchronous
Path Type: min
Corner: Slowest

Fanout     Cap    Slew   Delay    Time   Description
-----------------------------------------------------------------------------
                          0.00    0.00   clock clk (rise edge)
                          0.00    0.00   clock network delay (propagated)
                          4.00    4.00 v input external delay
                  0.02    0.01    4.01 v rst (in)
     1    0.00                           rst (net)
                  0.02    0.00    4.01 v input1/A (sky130_fd_sc_hd__buf_1)
                  0.17    0.22    4.23 v input1/X (sky130_fd_sc_hd__buf_1)
     1    0.01                           net1 (net)
                  0.17    0.00    4.24 v _367_/A (sky130_fd_sc_hd__buf_4)
                  0.14    0.37    4.60 v _367_/X (sky130_fd_sc_hd__buf_4)
    10    0.05                           _180_ (net)
                  0.14    0.00    4.61 v _368_/A (sky130_fd_sc_hd__buf_4)
                  0.17    0.37    4.98 v _368_/X (sky130_fd_sc_hd__buf_4)
    10    0.07                           _181_ (net)
                  0.17    0.00    4.98 v _374_/A (sky130_fd_sc_hd__inv_2)
                  0.06    0.10    5.08 ^ _374_/Y (sky130_fd_sc_hd__inv_2)
     1    0.00                           _005_ (net)
                  0.06    0.00    5.08 ^ _403_/RESET_B (sky130_fd_sc_hd__dfrtp_4)
                                  5.08   data arrival time

                          0.00    0.00   clock clk (rise edge)
                          0.00    0.00   clock source latency
                  0.36    0.27    0.27 ^ clk (in)
     1    0.05                           clk (net)
                  0.36    0.00    0.27 ^ clkbuf_0_clk/A (sky130_fd_sc_hd__clkbuf_16)
                  0.07    0.37    0.64 ^ clkbuf_0_clk/X (sky130_fd_sc_hd__clkbuf_16)
     2    0.02                           clknet_0_clk (net)
                  0.07    0.00    0.64 ^ clkbuf_1_1__f_clk/A (sky130_fd_sc_hd__clkbuf_16)
                  0.11    0.28    0.92 ^ clkbuf_1_1__f_clk/X (sky130_fd_sc_hd__clkbuf_16)
    14    0.05                           clknet_1_1__leaf_clk (net)
                  0.11    0.00    0.92 ^ _403_/CLK (sky130_fd_sc_hd__dfrtp_4)
                          0.25    1.17   clock uncertainty
                          0.00    1.17   clock reconvergence pessimism
                          0.67    1.83   library removal time
                                  1.83   data required time
-----------------------------------------------------------------------------
                                  1.83   data required time
                                 -5.08   data arrival time
-----------------------------------------------------------------------------
                                  3.25   slack (MET)


Startpoint: rst (input port clocked by clk)
Endpoint: _411_ (removal check against rising-edge clock clk)
Path Group: asynchronous
Path Type: min
Corner: Slowest

Fanout     Cap    Slew   Delay    Time   Description
-----------------------------------------------------------------------------
                          0.00    0.00   clock clk (rise edge)
                          0.00    0.00   clock network delay (propagated)
                          4.00    4.00 v input external delay
                  0.02    0.01    4.01 v rst (in)
     1    0.00                           rst (net)
                  0.02    0.00    4.01 v input1/A (sky130_fd_sc_hd__buf_1)
                  0.17    0.22    4.23 v input1/X (sky130_fd_sc_hd__buf_1)
     1    0.01                           net1 (net)
                  0.17    0.00    4.24 v _367_/A (sky130_fd_sc_hd__buf_4)
                  0.14    0.37    4.60 v _367_/X (sky130_fd_sc_hd__buf_4)
    10    0.05                           _180_ (net)
                  0.14    0.00    4.60 v _379_/A (sky130_fd_sc_hd__buf_4)
                  0.16    0.37    4.97 v _379_/X (sky130_fd_sc_hd__buf_4)
    10    0.06                           _182_ (net)
                  0.16    0.01    4.98 v _383_/A (sky130_fd_sc_hd__inv_2)
                  0.06    0.10    5.08 ^ _383_/Y (sky130_fd_sc_hd__inv_2)
     1    0.00                           _013_ (net)
                  0.06    0.00    5.08 ^ _411_/RESET_B (sky130_fd_sc_hd__dfrtp_4)
                                  5.08   data arrival time

                          0.00    0.00   clock clk (rise edge)
                          0.00    0.00   clock source latency
                  0.36    0.27    0.27 ^ clk (in)
     1    0.05                           clk (net)
                  0.36    0.00    0.27 ^ clkbuf_0_clk/A (sky130_fd_sc_hd__clkbuf_16)
                  0.07    0.37    0.64 ^ clkbuf_0_clk/X (sky130_fd_sc_hd__clkbuf_16)
     2    0.02                           clknet_0_clk (net)
                  0.07    0.00    0.64 ^ clkbuf_1_1__f_clk/A (sky130_fd_sc_hd__clkbuf_16)
                  0.11    0.28    0.92 ^ clkbuf_1_1__f_clk/X (sky130_fd_sc_hd__clkbuf_16)
    14    0.05                           clknet_1_1__leaf_clk (net)
                  0.11    0.00    0.92 ^ _411_/CLK (sky130_fd_sc_hd__dfrtp_4)
                          0.25    1.17   clock uncertainty
                          0.00    1.17   clock reconvergence pessimism
                          0.67    1.84   library removal time
                                  1.84   data required time
-----------------------------------------------------------------------------
                                  1.84   data required time
                                 -5.08   data arrival time
-----------------------------------------------------------------------------
                                  3.25   slack (MET)


Startpoint: rst (input port clocked by clk)
Endpoint: _399_ (removal check against rising-edge clock clk)
Path Group: asynchronous
Path Type: min
Corner: Slowest

Fanout     Cap    Slew   Delay    Time   Description
-----------------------------------------------------------------------------
                          0.00    0.00   clock clk (rise edge)
                          0.00    0.00   clock network delay (propagated)
                          4.00    4.00 v input external delay
                  0.02    0.01    4.01 v rst (in)
     1    0.00                           rst (net)
                  0.02    0.00    4.01 v input1/A (sky130_fd_sc_hd__buf_1)
                  0.17    0.22    4.23 v input1/X (sky130_fd_sc_hd__buf_1)
     1    0.01                           net1 (net)
                  0.17    0.00    4.24 v _367_/A (sky130_fd_sc_hd__buf_4)
                  0.14    0.37    4.60 v _367_/X (sky130_fd_sc_hd__buf_4)
    10    0.05                           _180_ (net)
                  0.14    0.00    4.61 v _368_/A (sky130_fd_sc_hd__buf_4)
                  0.17    0.37    4.98 v _368_/X (sky130_fd_sc_hd__buf_4)
    10    0.07                           _181_ (net)
                  0.17    0.00    4.98 v _370_/A (sky130_fd_sc_hd__inv_2)
                  0.06    0.10    5.08 ^ _370_/Y (sky130_fd_sc_hd__inv_2)
     1    0.00                           _001_ (net)
                  0.06    0.00    5.08 ^ _399_/RESET_B (sky130_fd_sc_hd__dfrtp_4)
                                  5.08   data arrival time

                          0.00    0.00   clock clk (rise edge)
                          0.00    0.00   clock source latency
                  0.36    0.27    0.27 ^ clk (in)
     1    0.05                           clk (net)
                  0.36    0.00    0.27 ^ clkbuf_0_clk/A (sky130_fd_sc_hd__clkbuf_16)
                  0.07    0.37    0.64 ^ clkbuf_0_clk/X (sky130_fd_sc_hd__clkbuf_16)
     2    0.02                           clknet_0_clk (net)
                  0.07    0.00    0.64 ^ clkbuf_1_1__f_clk/A (sky130_fd_sc_hd__clkbuf_16)
                  0.11    0.28    0.92 ^ clkbuf_1_1__f_clk/X (sky130_fd_sc_hd__clkbuf_16)
    14    0.05                           clknet_1_1__leaf_clk (net)
                  0.11    0.00    0.92 ^ _399_/CLK (sky130_fd_sc_hd__dfrtp_4)
                          0.25    1.17   clock uncertainty
                          0.00    1.17   clock reconvergence pessimism
                          0.67    1.83   library removal time
                                  1.83   data required time
-----------------------------------------------------------------------------
                                  1.83   data required time
                                 -5.08   data arrival time
-----------------------------------------------------------------------------
                                  3.25   slack (MET)


Startpoint: rst (input port clocked by clk)
Endpoint: _412_ (removal check against rising-edge clock clk)
Path Group: asynchronous
Path Type: min
Corner: Slowest

Fanout     Cap    Slew   Delay    Time   Description
-----------------------------------------------------------------------------
                          0.00    0.00   clock clk (rise edge)
                          0.00    0.00   clock network delay (propagated)
                          4.00    4.00 v input external delay
                  0.02    0.01    4.01 v rst (in)
     1    0.00                           rst (net)
                  0.02    0.00    4.01 v input1/A (sky130_fd_sc_hd__buf_1)
                  0.17    0.22    4.23 v input1/X (sky130_fd_sc_hd__buf_1)
     1    0.01                           net1 (net)
                  0.17    0.00    4.24 v _367_/A (sky130_fd_sc_hd__buf_4)
                  0.14    0.37    4.60 v _367_/X (sky130_fd_sc_hd__buf_4)
    10    0.05                           _180_ (net)
                  0.14    0.00    4.60 v _379_/A (sky130_fd_sc_hd__buf_4)
                  0.16    0.37    4.97 v _379_/X (sky130_fd_sc_hd__buf_4)
    10    0.06                           _182_ (net)
                  0.16    0.01    4.98 v _384_/A (sky130_fd_sc_hd__inv_2)
                  0.06    0.10    5.08 ^ _384_/Y (sky130_fd_sc_hd__inv_2)
     1    0.00                           _014_ (net)
                  0.06    0.00    5.08 ^ _412_/RESET_B (sky130_fd_sc_hd__dfrtp_2)
                                  5.08   data arrival time

                          0.00    0.00   clock clk (rise edge)
                          0.00    0.00   clock source latency
                  0.36    0.27    0.27 ^ clk (in)
     1    0.05                           clk (net)
                  0.36    0.00    0.27 ^ clkbuf_0_clk/A (sky130_fd_sc_hd__clkbuf_16)
                  0.07    0.37    0.64 ^ clkbuf_0_clk/X (sky130_fd_sc_hd__clkbuf_16)
     2    0.02                           clknet_0_clk (net)
                  0.07    0.00    0.64 ^ clkbuf_1_1__f_clk/A (sky130_fd_sc_hd__clkbuf_16)
                  0.11    0.28    0.92 ^ clkbuf_1_1__f_clk/X (sky130_fd_sc_hd__clkbuf_16)
    14    0.05                           clknet_1_1__leaf_clk (net)
                  0.11    0.00    0.92 ^ _412_/CLK (sky130_fd_sc_hd__dfrtp_2)
                          0.25    1.17   clock uncertainty
                          0.00    1.17   clock reconvergence pessimism
                          0.67    1.83   library removal time
                                  1.83   data required time
-----------------------------------------------------------------------------
                                  1.83   data required time
                                 -5.08   data arrival time
-----------------------------------------------------------------------------
                                  3.25   slack (MET)


Startpoint: rst (input port clocked by clk)
Endpoint: _404_ (removal check against rising-edge clock clk)
Path Group: asynchronous
Path Type: min
Corner: Slowest

Fanout     Cap    Slew   Delay    Time   Description
-----------------------------------------------------------------------------
                          0.00    0.00   clock clk (rise edge)
                          0.00    0.00   clock network delay (propagated)
                          4.00    4.00 v input external delay
                  0.02    0.01    4.01 v rst (in)
     1    0.00                           rst (net)
                  0.02    0.00    4.01 v input1/A (sky130_fd_sc_hd__buf_1)
                  0.17    0.22    4.23 v input1/X (sky130_fd_sc_hd__buf_1)
     1    0.01                           net1 (net)
                  0.17    0.00    4.24 v _367_/A (sky130_fd_sc_hd__buf_4)
                  0.14    0.37    4.60 v _367_/X (sky130_fd_sc_hd__buf_4)
    10    0.05                           _180_ (net)
                  0.14    0.00    4.61 v _368_/A (sky130_fd_sc_hd__buf_4)
                  0.17    0.37    4.98 v _368_/X (sky130_fd_sc_hd__buf_4)
    10    0.07                           _181_ (net)
                  0.17    0.00    4.98 v _375_/A (sky130_fd_sc_hd__inv_2)
                  0.06    0.10    5.08 ^ _375_/Y (sky130_fd_sc_hd__inv_2)
     1    0.00                           _006_ (net)
                  0.06    0.00    5.08 ^ _404_/RESET_B (sky130_fd_sc_hd__dfrtp_4)
                                  5.08   data arrival time

                          0.00    0.00   clock clk (rise edge)
                          0.00    0.00   clock source latency
                  0.36    0.27    0.27 ^ clk (in)
     1    0.05                           clk (net)
                  0.36    0.00    0.27 ^ clkbuf_0_clk/A (sky130_fd_sc_hd__clkbuf_16)
                  0.07    0.37    0.64 ^ clkbuf_0_clk/X (sky130_fd_sc_hd__clkbuf_16)
     2    0.02                           clknet_0_clk (net)
                  0.07    0.00    0.64 ^ clkbuf_1_1__f_clk/A (sky130_fd_sc_hd__clkbuf_16)
                  0.11    0.28    0.92 ^ clkbuf_1_1__f_clk/X (sky130_fd_sc_hd__clkbuf_16)
    14    0.05                           clknet_1_1__leaf_clk (net)
                  0.11    0.00    0.92 ^ _404_/CLK (sky130_fd_sc_hd__dfrtp_4)
                          0.25    1.17   clock uncertainty
                          0.00    1.17   clock reconvergence pessimism
                          0.67    1.84   library removal time
                                  1.84   data required time
-----------------------------------------------------------------------------
                                  1.84   data required time
                                 -5.08   data arrival time
-----------------------------------------------------------------------------
                                  3.25   slack (MET)


Startpoint: rst (input port clocked by clk)
Endpoint: _401_ (removal check against rising-edge clock clk)
Path Group: asynchronous
Path Type: min
Corner: Slowest

Fanout     Cap    Slew   Delay    Time   Description
-----------------------------------------------------------------------------
                          0.00    0.00   clock clk (rise edge)
                          0.00    0.00   clock network delay (propagated)
                          4.00    4.00 v input external delay
                  0.02    0.01    4.01 v rst (in)
     1    0.00                           rst (net)
                  0.02    0.00    4.01 v input1/A (sky130_fd_sc_hd__buf_1)
                  0.17    0.22    4.23 v input1/X (sky130_fd_sc_hd__buf_1)
     1    0.01                           net1 (net)
                  0.17    0.00    4.24 v _367_/A (sky130_fd_sc_hd__buf_4)
                  0.14    0.37    4.60 v _367_/X (sky130_fd_sc_hd__buf_4)
    10    0.05                           _180_ (net)
                  0.14    0.00    4.61 v _368_/A (sky130_fd_sc_hd__buf_4)
                  0.17    0.37    4.98 v _368_/X (sky130_fd_sc_hd__buf_4)
    10    0.07                           _181_ (net)
                  0.17    0.00    4.98 v _372_/A (sky130_fd_sc_hd__inv_2)
                  0.06    0.10    5.08 ^ _372_/Y (sky130_fd_sc_hd__inv_2)
     1    0.00                           _003_ (net)
                  0.06    0.00    5.08 ^ _401_/RESET_B (sky130_fd_sc_hd__dfrtp_4)
                                  5.08   data arrival time

                          0.00    0.00   clock clk (rise edge)
                          0.00    0.00   clock source latency
                  0.36    0.27    0.27 ^ clk (in)
     1    0.05                           clk (net)
                  0.36    0.00    0.27 ^ clkbuf_0_clk/A (sky130_fd_sc_hd__clkbuf_16)
                  0.07    0.37    0.64 ^ clkbuf_0_clk/X (sky130_fd_sc_hd__clkbuf_16)
     2    0.02                           clknet_0_clk (net)
                  0.07    0.00    0.64 ^ clkbuf_1_1__f_clk/A (sky130_fd_sc_hd__clkbuf_16)
                  0.11    0.28    0.92 ^ clkbuf_1_1__f_clk/X (sky130_fd_sc_hd__clkbuf_16)
    14    0.05                           clknet_1_1__leaf_clk (net)
                  0.11    0.00    0.92 ^ _401_/CLK (sky130_fd_sc_hd__dfrtp_4)
                          0.25    1.17   clock uncertainty
                          0.00    1.17   clock reconvergence pessimism
                          0.67    1.83   library removal time
                                  1.83   data required time
-----------------------------------------------------------------------------
                                  1.83   data required time
                                 -5.08   data arrival time
-----------------------------------------------------------------------------
                                  3.25   slack (MET)


Startpoint: rst (input port clocked by clk)
Endpoint: _400_ (removal check against rising-edge clock clk)
Path Group: asynchronous
Path Type: min
Corner: Slowest

Fanout     Cap    Slew   Delay    Time   Description
-----------------------------------------------------------------------------
                          0.00    0.00   clock clk (rise edge)
                          0.00    0.00   clock network delay (propagated)
                          4.00    4.00 v input external delay
                  0.02    0.01    4.01 v rst (in)
     1    0.00                           rst (net)
                  0.02    0.00    4.01 v input1/A (sky130_fd_sc_hd__buf_1)
                  0.17    0.22    4.23 v input1/X (sky130_fd_sc_hd__buf_1)
     1    0.01                           net1 (net)
                  0.17    0.00    4.24 v _367_/A (sky130_fd_sc_hd__buf_4)
                  0.14    0.37    4.60 v _367_/X (sky130_fd_sc_hd__buf_4)
    10    0.05                           _180_ (net)
                  0.14    0.00    4.61 v _368_/A (sky130_fd_sc_hd__buf_4)
                  0.17    0.37    4.98 v _368_/X (sky130_fd_sc_hd__buf_4)
    10    0.07                           _181_ (net)
                  0.17    0.00    4.98 v _371_/A (sky130_fd_sc_hd__inv_2)
                  0.06    0.10    5.08 ^ _371_/Y (sky130_fd_sc_hd__inv_2)
     1    0.00                           _002_ (net)
                  0.06    0.00    5.08 ^ _400_/RESET_B (sky130_fd_sc_hd__dfrtp_4)
                                  5.08   data arrival time

                          0.00    0.00   clock clk (rise edge)
                          0.00    0.00   clock source latency
                  0.36    0.27    0.27 ^ clk (in)
     1    0.05                           clk (net)
                  0.36    0.00    0.27 ^ clkbuf_0_clk/A (sky130_fd_sc_hd__clkbuf_16)
                  0.07    0.37    0.64 ^ clkbuf_0_clk/X (sky130_fd_sc_hd__clkbuf_16)
     2    0.02                           clknet_0_clk (net)
                  0.07    0.00    0.64 ^ clkbuf_1_1__f_clk/A (sky130_fd_sc_hd__clkbuf_16)
                  0.11    0.28    0.92 ^ clkbuf_1_1__f_clk/X (sky130_fd_sc_hd__clkbuf_16)
    14    0.05                           clknet_1_1__leaf_clk (net)
                  0.11    0.00    0.92 ^ _400_/CLK (sky130_fd_sc_hd__dfrtp_4)
                          0.25    1.17   clock uncertainty
                          0.00    1.17   clock reconvergence pessimism
                          0.67    1.83   library removal time
                                  1.83   data required time
-----------------------------------------------------------------------------
                                  1.83   data required time
                                 -5.08   data arrival time
-----------------------------------------------------------------------------
                                  3.25   slack (MET)


Startpoint: rst (input port clocked by clk)
Endpoint: _398_ (removal check against rising-edge clock clk)
Path Group: asynchronous
Path Type: min
Corner: Slowest

Fanout     Cap    Slew   Delay    Time   Description
-----------------------------------------------------------------------------
                          0.00    0.00   clock clk (rise edge)
                          0.00    0.00   clock network delay (propagated)
                          4.00    4.00 v input external delay
                  0.02    0.01    4.01 v rst (in)
     1    0.00                           rst (net)
                  0.02    0.00    4.01 v input1/A (sky130_fd_sc_hd__buf_1)
                  0.17    0.22    4.23 v input1/X (sky130_fd_sc_hd__buf_1)
     1    0.01                           net1 (net)
                  0.17    0.00    4.24 v _367_/A (sky130_fd_sc_hd__buf_4)
                  0.14    0.37    4.60 v _367_/X (sky130_fd_sc_hd__buf_4)
    10    0.05                           _180_ (net)
                  0.14    0.00    4.61 v _368_/A (sky130_fd_sc_hd__buf_4)
                  0.17    0.37    4.98 v _368_/X (sky130_fd_sc_hd__buf_4)
    10    0.07                           _181_ (net)
                  0.17    0.00    4.98 v _369_/A (sky130_fd_sc_hd__inv_2)
                  0.06    0.10    5.09 ^ _369_/Y (sky130_fd_sc_hd__inv_2)
     1    0.00                           _000_ (net)
                  0.06    0.00    5.09 ^ _398_/RESET_B (sky130_fd_sc_hd__dfrtp_4)
                                  5.09   data arrival time

                          0.00    0.00   clock clk (rise edge)
                          0.00    0.00   clock source latency
                  0.36    0.27    0.27 ^ clk (in)
     1    0.05                           clk (net)
                  0.36    0.00    0.27 ^ clkbuf_0_clk/A (sky130_fd_sc_hd__clkbuf_16)
                  0.07    0.37    0.64 ^ clkbuf_0_clk/X (sky130_fd_sc_hd__clkbuf_16)
     2    0.02                           clknet_0_clk (net)
                  0.07    0.00    0.64 ^ clkbuf_1_1__f_clk/A (sky130_fd_sc_hd__clkbuf_16)
                  0.11    0.28    0.92 ^ clkbuf_1_1__f_clk/X (sky130_fd_sc_hd__clkbuf_16)
    14    0.05                           clknet_1_1__leaf_clk (net)
                  0.11    0.00    0.92 ^ _398_/CLK (sky130_fd_sc_hd__dfrtp_4)
                          0.25    1.17   clock uncertainty
                          0.00    1.17   clock reconvergence pessimism
                          0.67    1.84   library removal time
                                  1.84   data required time
-----------------------------------------------------------------------------
                                  1.84   data required time
                                 -5.09   data arrival time
-----------------------------------------------------------------------------
                                  3.25   slack (MET)


Startpoint: rst (input port clocked by clk)
Endpoint: _405_ (removal check against rising-edge clock clk)
Path Group: asynchronous
Path Type: min
Corner: Slowest

Fanout     Cap    Slew   Delay    Time   Description
-----------------------------------------------------------------------------
                          0.00    0.00   clock clk (rise edge)
                          0.00    0.00   clock network delay (propagated)
                          4.00    4.00 v input external delay
                  0.02    0.01    4.01 v rst (in)
     1    0.00                           rst (net)
                  0.02    0.00    4.01 v input1/A (sky130_fd_sc_hd__buf_1)
                  0.17    0.22    4.23 v input1/X (sky130_fd_sc_hd__buf_1)
     1    0.01                           net1 (net)
                  0.17    0.00    4.24 v _367_/A (sky130_fd_sc_hd__buf_4)
                  0.14    0.37    4.60 v _367_/X (sky130_fd_sc_hd__buf_4)
    10    0.05                           _180_ (net)
                  0.14    0.00    4.61 v _368_/A (sky130_fd_sc_hd__buf_4)
                  0.17    0.37    4.98 v _368_/X (sky130_fd_sc_hd__buf_4)
    10    0.07                           _181_ (net)
                  0.17    0.00    4.98 v _376_/A (sky130_fd_sc_hd__inv_2)
                  0.06    0.10    5.08 ^ _376_/Y (sky130_fd_sc_hd__inv_2)
     1    0.00                           _007_ (net)
                  0.06    0.00    5.08 ^ _405_/RESET_B (sky130_fd_sc_hd__dfrtp_4)
                                  5.08   data arrival time

                          0.00    0.00   clock clk (rise edge)
                          0.00    0.00   clock source latency
                  0.36    0.27    0.27 ^ clk (in)
     1    0.05                           clk (net)
                  0.36    0.00    0.27 ^ clkbuf_0_clk/A (sky130_fd_sc_hd__clkbuf_16)
                  0.07    0.37    0.64 ^ clkbuf_0_clk/X (sky130_fd_sc_hd__clkbuf_16)
     2    0.02                           clknet_0_clk (net)
                  0.07    0.00    0.64 ^ clkbuf_1_1__f_clk/A (sky130_fd_sc_hd__clkbuf_16)
                  0.11    0.28    0.92 ^ clkbuf_1_1__f_clk/X (sky130_fd_sc_hd__clkbuf_16)
    14    0.05                           clknet_1_1__leaf_clk (net)
                  0.11    0.00    0.92 ^ _405_/CLK (sky130_fd_sc_hd__dfrtp_4)
                          0.25    1.17   clock uncertainty
                          0.00    1.17   clock reconvergence pessimism
                          0.67    1.83   library removal time
                                  1.83   data required time
-----------------------------------------------------------------------------
                                  1.83   data required time
                                 -5.08   data arrival time
-----------------------------------------------------------------------------
                                  3.25   slack (MET)


Startpoint: _406_ (rising edge-triggered flip-flop clocked by clk)
Endpoint: A_out[4] (output port clocked by clk)
Path Group: clk
Path Type: min
Corner: Slowest

Fanout     Cap    Slew   Delay    Time   Description
-----------------------------------------------------------------------------
                          0.00    0.00   clock clk (rise edge)
                          0.00    0.00   clock source latency
                  0.36    0.24    0.24 ^ clk (in)
     1    0.05                           clk (net)
                  0.36    0.00    0.24 ^ clkbuf_0_clk/A (sky130_fd_sc_hd__clkbuf_16)
                  0.07    0.33    0.58 ^ clkbuf_0_clk/X (sky130_fd_sc_hd__clkbuf_16)
     2    0.02                           clknet_0_clk (net)
                  0.07    0.00    0.58 ^ clkbuf_1_0__f_clk/A (sky130_fd_sc_hd__clkbuf_16)
                  0.11    0.25    0.83 ^ clkbuf_1_0__f_clk/X (sky130_fd_sc_hd__clkbuf_16)
    14    0.05                           clknet_1_0__leaf_clk (net)
                  0.11    0.00    0.83 ^ _406_/CLK (sky130_fd_sc_hd__dfrtp_2)
                  0.21    0.80    1.63 ^ _406_/Q (sky130_fd_sc_hd__dfrtp_2)
     3    0.02                           net6 (net)
                  0.21    0.00    1.63 ^ output6/A (sky130_fd_sc_hd__clkbuf_4)
                  0.18    0.37    2.00 ^ output6/X (sky130_fd_sc_hd__clkbuf_4)
     1    0.03                           A_out[4] (net)
                  0.18    0.00    2.00 ^ A_out[4] (out)
                                  2.00   data arrival time

                          0.00    0.00   clock clk (rise edge)
                          0.00    0.00   clock network delay (propagated)
                          0.25    0.25   clock uncertainty
                          0.00    0.25   clock reconvergence pessimism
                         -4.00   -3.75   output external delay
                                 -3.75   data required time
-----------------------------------------------------------------------------
                                 -3.75   data required time
                                 -2.00   data arrival time
-----------------------------------------------------------------------------
                                  5.75   slack (MET)


Startpoint: _412_ (rising edge-triggered flip-flop clocked by clk)
Endpoint: last_opcode_out[3] (output port clocked by clk)
Path Group: clk
Path Type: min
Corner: Slowest

Fanout     Cap    Slew   Delay    Time   Description
-----------------------------------------------------------------------------
                          0.00    0.00   clock clk (rise edge)
                          0.00    0.00   clock source latency
                  0.36    0.24    0.24 ^ clk (in)
     1    0.05                           clk (net)
                  0.36    0.00    0.24 ^ clkbuf_0_clk/A (sky130_fd_sc_hd__clkbuf_16)
                  0.07    0.33    0.58 ^ clkbuf_0_clk/X (sky130_fd_sc_hd__clkbuf_16)
     2    0.02                           clknet_0_clk (net)
                  0.07    0.00    0.58 ^ clkbuf_1_1__f_clk/A (sky130_fd_sc_hd__clkbuf_16)
                  0.11    0.25    0.83 ^ clkbuf_1_1__f_clk/X (sky130_fd_sc_hd__clkbuf_16)
    14    0.05                           clknet_1_1__leaf_clk (net)
                  0.11    0.00    0.83 ^ _412_/CLK (sky130_fd_sc_hd__dfrtp_2)
                  0.22    0.80    1.63 ^ _412_/Q (sky130_fd_sc_hd__dfrtp_2)
     2    0.02                           net25 (net)
                  0.22    0.00    1.63 ^ output25/A (sky130_fd_sc_hd__clkbuf_4)
                  0.18    0.38    2.01 ^ output25/X (sky130_fd_sc_hd__clkbuf_4)
     1    0.03                           last_opcode_out[3] (net)
                  0.18    0.00    2.01 ^ last_opcode_out[3] (out)
                                  2.01   data arrival time

                          0.00    0.00   clock clk (rise edge)
                          0.00    0.00   clock network delay (propagated)
                          0.25    0.25   clock uncertainty
                          0.00    0.25   clock reconvergence pessimism
                         -4.00   -3.75   output external delay
                                 -3.75   data required time
-----------------------------------------------------------------------------
                                 -3.75   data required time
                                 -2.01   data arrival time
-----------------------------------------------------------------------------
                                  5.76   slack (MET)


Startpoint: _415_ (rising edge-triggered flip-flop clocked by clk)
Endpoint: flags_out[1] (output port clocked by clk)
Path Group: clk
Path Type: min
Corner: Slowest

Fanout     Cap    Slew   Delay    Time   Description
-----------------------------------------------------------------------------
                          0.00    0.00   clock clk (rise edge)
                          0.00    0.00   clock source latency
                  0.36    0.24    0.24 ^ clk (in)
     1    0.05                           clk (net)
                  0.36    0.00    0.24 ^ clkbuf_0_clk/A (sky130_fd_sc_hd__clkbuf_16)
                  0.07    0.33    0.58 ^ clkbuf_0_clk/X (sky130_fd_sc_hd__clkbuf_16)
     2    0.02                           clknet_0_clk (net)
                  0.07    0.00    0.58 ^ clkbuf_1_0__f_clk/A (sky130_fd_sc_hd__clkbuf_16)
                  0.11    0.25    0.83 ^ clkbuf_1_0__f_clk/X (sky130_fd_sc_hd__clkbuf_16)
    14    0.05                           clknet_1_0__leaf_clk (net)
                  0.11    0.00    0.83 ^ _415_/CLK (sky130_fd_sc_hd__dfrtp_4)
                  0.20    0.89    1.72 ^ _415_/Q (sky130_fd_sc_hd__dfrtp_4)
     2    0.03                           net19 (net)
                  0.20    0.00    1.73 ^ output19/A (sky130_fd_sc_hd__clkbuf_4)
                  0.18    0.37    2.10 ^ output19/X (sky130_fd_sc_hd__clkbuf_4)
     1    0.03                           flags_out[1] (net)
                  0.18    0.00    2.10 ^ flags_out[1] (out)
                                  2.10   data arrival time

                          0.00    0.00   clock clk (rise edge)
                          0.00    0.00   clock network delay (propagated)
                          0.25    0.25   clock uncertainty
                          0.00    0.25   clock reconvergence pessimism
                         -4.00   -3.75   output external delay
                                 -3.75   data required time
-----------------------------------------------------------------------------
                                 -3.75   data required time
                                 -2.10   data arrival time
-----------------------------------------------------------------------------
                                  5.85   slack (MET)


Startpoint: _402_ (rising edge-triggered flip-flop clocked by clk)
Endpoint: A_out[0] (output port clocked by clk)
Path Group: clk
Path Type: min
Corner: Slowest

Fanout     Cap    Slew   Delay    Time   Description
-----------------------------------------------------------------------------
                          0.00    0.00   clock clk (rise edge)
                          0.00    0.00   clock source latency
                  0.36    0.24    0.24 ^ clk (in)
     1    0.05                           clk (net)
                  0.36    0.00    0.24 ^ clkbuf_0_clk/A (sky130_fd_sc_hd__clkbuf_16)
                  0.07    0.33    0.58 ^ clkbuf_0_clk/X (sky130_fd_sc_hd__clkbuf_16)
     2    0.02                           clknet_0_clk (net)
                  0.07    0.00    0.58 ^ clkbuf_1_1__f_clk/A (sky130_fd_sc_hd__clkbuf_16)
                  0.11    0.25    0.83 ^ clkbuf_1_1__f_clk/X (sky130_fd_sc_hd__clkbuf_16)
    14    0.05                           clknet_1_1__leaf_clk (net)
                  0.11    0.00    0.83 ^ _402_/CLK (sky130_fd_sc_hd__dfrtp_4)
                  0.20    0.89    1.72 ^ _402_/Q (sky130_fd_sc_hd__dfrtp_4)
     4    0.03                           net2 (net)
                  0.20    0.00    1.73 ^ output2/A (sky130_fd_sc_hd__clkbuf_4)
                  0.18    0.37    2.10 ^ output2/X (sky130_fd_sc_hd__clkbuf_4)
     1    0.03                           A_out[0] (net)
                  0.18    0.00    2.10 ^ A_out[0] (out)
                                  2.10   data arrival time

                          0.00    0.00   clock clk (rise edge)
                          0.00    0.00   clock network delay (propagated)
                          0.25    0.25   clock uncertainty
                          0.00    0.25   clock reconvergence pessimism
                         -4.00   -3.75   output external delay
                                 -3.75   data required time
-----------------------------------------------------------------------------
                                 -3.75   data required time
                                 -2.10   data arrival time
-----------------------------------------------------------------------------
                                  5.85   slack (MET)


Startpoint: _408_ (rising edge-triggered flip-flop clocked by clk)
Endpoint: A_out[6] (output port clocked by clk)
Path Group: clk
Path Type: min
Corner: Slowest

Fanout     Cap    Slew   Delay    Time   Description
-----------------------------------------------------------------------------
                          0.00    0.00   clock clk (rise edge)
                          0.00    0.00   clock source latency
                  0.36    0.24    0.24 ^ clk (in)
     1    0.05                           clk (net)
                  0.36    0.00    0.24 ^ clkbuf_0_clk/A (sky130_fd_sc_hd__clkbuf_16)
                  0.07    0.33    0.58 ^ clkbuf_0_clk/X (sky130_fd_sc_hd__clkbuf_16)
     2    0.02                           clknet_0_clk (net)
                  0.07    0.00    0.58 ^ clkbuf_1_0__f_clk/A (sky130_fd_sc_hd__clkbuf_16)
                  0.11    0.25    0.83 ^ clkbuf_1_0__f_clk/X (sky130_fd_sc_hd__clkbuf_16)
    14    0.05                           clknet_1_0__leaf_clk (net)
                  0.11    0.00    0.83 ^ _408_/CLK (sky130_fd_sc_hd__dfrtp_4)
                  0.19    0.89    1.72 ^ _408_/Q (sky130_fd_sc_hd__dfrtp_4)
     3    0.03                           net8 (net)
                  0.19    0.00    1.72 ^ output8/A (sky130_fd_sc_hd__buf_2)
                  0.27    0.38    2.10 ^ output8/X (sky130_fd_sc_hd__buf_2)
     1    0.03                           A_out[6] (net)
                  0.27    0.00    2.10 ^ A_out[6] (out)
                                  2.10   data arrival time

                          0.00    0.00   clock clk (rise edge)
                          0.00    0.00   clock network delay (propagated)
                          0.25    0.25   clock uncertainty
                          0.00    0.25   clock reconvergence pessimism
                         -4.00   -3.75   output external delay
                                 -3.75   data required time
-----------------------------------------------------------------------------
                                 -3.75   data required time
                                 -2.10   data arrival time
-----------------------------------------------------------------------------
                                  5.85   slack (MET)


Startpoint: _411_ (rising edge-triggered flip-flop clocked by clk)
Endpoint: last_opcode_out[2] (output port clocked by clk)
Path Group: clk
Path Type: min
Corner: Slowest

Fanout     Cap    Slew   Delay    Time   Description
-----------------------------------------------------------------------------
                          0.00    0.00   clock clk (rise edge)
                          0.00    0.00   clock source latency
                  0.36    0.24    0.24 ^ clk (in)
     1    0.05                           clk (net)
                  0.36    0.00    0.24 ^ clkbuf_0_clk/A (sky130_fd_sc_hd__clkbuf_16)
                  0.07    0.33    0.58 ^ clkbuf_0_clk/X (sky130_fd_sc_hd__clkbuf_16)
     2    0.02                           clknet_0_clk (net)
                  0.07    0.00    0.58 ^ clkbuf_1_1__f_clk/A (sky130_fd_sc_hd__clkbuf_16)
                  0.11    0.25    0.83 ^ clkbuf_1_1__f_clk/X (sky130_fd_sc_hd__clkbuf_16)
    14    0.05                           clknet_1_1__leaf_clk (net)
                  0.11    0.00    0.83 ^ _411_/CLK (sky130_fd_sc_hd__dfrtp_4)
                  0.21    0.90    1.73 ^ _411_/Q (sky130_fd_sc_hd__dfrtp_4)
     2    0.03                           net24 (net)
                  0.21    0.00    1.73 ^ output24/A (sky130_fd_sc_hd__clkbuf_4)
                  0.18    0.37    2.10 ^ output24/X (sky130_fd_sc_hd__clkbuf_4)
     1    0.03                           last_opcode_out[2] (net)
                  0.18    0.00    2.10 ^ last_opcode_out[2] (out)
                                  2.10   data arrival time

                          0.00    0.00   clock clk (rise edge)
                          0.00    0.00   clock network delay (propagated)
                          0.25    0.25   clock uncertainty
                          0.00    0.25   clock reconvergence pessimism
                         -4.00   -3.75   output external delay
                                 -3.75   data required time
-----------------------------------------------------------------------------
                                 -3.75   data required time
                                 -2.10   data arrival time
-----------------------------------------------------------------------------
                                  5.85   slack (MET)


Startpoint: _417_ (rising edge-triggered flip-flop clocked by clk)
Endpoint: flags_out[3] (output port clocked by clk)
Path Group: clk
Path Type: min
Corner: Slowest

Fanout     Cap    Slew   Delay    Time   Description
-----------------------------------------------------------------------------
                          0.00    0.00   clock clk (rise edge)
                          0.00    0.00   clock source latency
                  0.36    0.24    0.24 ^ clk (in)
     1    0.05                           clk (net)
                  0.36    0.00    0.24 ^ clkbuf_0_clk/A (sky130_fd_sc_hd__clkbuf_16)
                  0.07    0.33    0.58 ^ clkbuf_0_clk/X (sky130_fd_sc_hd__clkbuf_16)
     2    0.02                           clknet_0_clk (net)
                  0.07    0.00    0.58 ^ clkbuf_1_0__f_clk/A (sky130_fd_sc_hd__clkbuf_16)
                  0.11    0.25    0.83 ^ clkbuf_1_0__f_clk/X (sky130_fd_sc_hd__clkbuf_16)
    14    0.05                           clknet_1_0__leaf_clk (net)
                  0.11    0.00    0.83 ^ _417_/CLK (sky130_fd_sc_hd__dfrtp_4)
                  0.21    0.90    1.73 ^ _417_/Q (sky130_fd_sc_hd__dfrtp_4)
     3    0.03                           net21 (net)
                  0.21    0.00    1.73 ^ output21/A (sky130_fd_sc_hd__clkbuf_4)
                  0.18    0.37    2.11 ^ output21/X (sky130_fd_sc_hd__clkbuf_4)
     1    0.03                           flags_out[3] (net)
                  0.18    0.00    2.11 ^ flags_out[3] (out)
                                  2.11   data arrival time

                          0.00    0.00   clock clk (rise edge)
                          0.00    0.00   clock network delay (propagated)
                          0.25    0.25   clock uncertainty
                          0.00    0.25   clock reconvergence pessimism
                         -4.00   -3.75   output external delay
                                 -3.75   data required time
-----------------------------------------------------------------------------
                                 -3.75   data required time
                                 -2.11   data arrival time
-----------------------------------------------------------------------------
                                  5.86   slack (MET)


Startpoint: _421_ (rising edge-triggered flip-flop clocked by clk)
Endpoint: B_out[3] (output port clocked by clk)
Path Group: clk
Path Type: min
Corner: Slowest

Fanout     Cap    Slew   Delay    Time   Description
-----------------------------------------------------------------------------
                          0.00    0.00   clock clk (rise edge)
                          0.00    0.00   clock source latency
                  0.36    0.24    0.24 ^ clk (in)
     1    0.05                           clk (net)
                  0.36    0.00    0.24 ^ clkbuf_0_clk/A (sky130_fd_sc_hd__clkbuf_16)
                  0.07    0.33    0.58 ^ clkbuf_0_clk/X (sky130_fd_sc_hd__clkbuf_16)
     2    0.02                           clknet_0_clk (net)
                  0.07    0.00    0.58 ^ clkbuf_1_1__f_clk/A (sky130_fd_sc_hd__clkbuf_16)
                  0.11    0.25    0.83 ^ clkbuf_1_1__f_clk/X (sky130_fd_sc_hd__clkbuf_16)
    14    0.05                           clknet_1_1__leaf_clk (net)
                  0.11    0.00    0.83 ^ _421_/CLK (sky130_fd_sc_hd__dfrtp_4)
                  0.21    0.90    1.73 ^ _421_/Q (sky130_fd_sc_hd__dfrtp_4)
     4    0.03                           net13 (net)
                  0.21    0.00    1.73 ^ output13/A (sky130_fd_sc_hd__clkbuf_4)
                  0.18    0.37    2.11 ^ output13/X (sky130_fd_sc_hd__clkbuf_4)
     1    0.03                           B_out[3] (net)
                  0.18    0.00    2.11 ^ B_out[3] (out)
                                  2.11   data arrival time

                          0.00    0.00   clock clk (rise edge)
                          0.00    0.00   clock network delay (propagated)
                          0.25    0.25   clock uncertainty
                          0.00    0.25   clock reconvergence pessimism
                         -4.00   -3.75   output external delay
                                 -3.75   data required time
-----------------------------------------------------------------------------
                                 -3.75   data required time
                                 -2.11   data arrival time
-----------------------------------------------------------------------------
                                  5.86   slack (MET)


Startpoint: _416_ (rising edge-triggered flip-flop clocked by clk)
Endpoint: flags_out[2] (output port clocked by clk)
Path Group: clk
Path Type: min
Corner: Slowest

Fanout     Cap    Slew   Delay    Time   Description
-----------------------------------------------------------------------------
                          0.00    0.00   clock clk (rise edge)
                          0.00    0.00   clock source latency
                  0.36    0.24    0.24 ^ clk (in)
     1    0.05                           clk (net)
                  0.36    0.00    0.24 ^ clkbuf_0_clk/A (sky130_fd_sc_hd__clkbuf_16)
                  0.07    0.33    0.58 ^ clkbuf_0_clk/X (sky130_fd_sc_hd__clkbuf_16)
     2    0.02                           clknet_0_clk (net)
                  0.07    0.00    0.58 ^ clkbuf_1_0__f_clk/A (sky130_fd_sc_hd__clkbuf_16)
                  0.11    0.25    0.83 ^ clkbuf_1_0__f_clk/X (sky130_fd_sc_hd__clkbuf_16)
    14    0.05                           clknet_1_0__leaf_clk (net)
                  0.11    0.00    0.83 ^ _416_/CLK (sky130_fd_sc_hd__dfrtp_4)
                  0.20    0.89    1.72 ^ _416_/Q (sky130_fd_sc_hd__dfrtp_4)
     2    0.03                           net20 (net)
                  0.20    0.00    1.73 ^ output20/A (sky130_fd_sc_hd__buf_2)
                  0.27    0.38    2.11 ^ output20/X (sky130_fd_sc_hd__buf_2)
     1    0.03                           flags_out[2] (net)
                  0.27    0.00    2.11 ^ flags_out[2] (out)
                                  2.11   data arrival time

                          0.00    0.00   clock clk (rise edge)
                          0.00    0.00   clock network delay (propagated)
                          0.25    0.25   clock uncertainty
                          0.00    0.25   clock reconvergence pessimism
                         -4.00   -3.75   output external delay
                                 -3.75   data required time
-----------------------------------------------------------------------------
                                 -3.75   data required time
                                 -2.11   data arrival time
-----------------------------------------------------------------------------
                                  5.86   slack (MET)


Startpoint: _409_ (rising edge-triggered flip-flop clocked by clk)
Endpoint: A_out[7] (output port clocked by clk)
Path Group: clk
Path Type: min
Corner: Slowest

Fanout     Cap    Slew   Delay    Time   Description
-----------------------------------------------------------------------------
                          0.00    0.00   clock clk (rise edge)
                          0.00    0.00   clock source latency
                  0.36    0.24    0.24 ^ clk (in)
     1    0.05                           clk (net)
                  0.36    0.00    0.24 ^ clkbuf_0_clk/A (sky130_fd_sc_hd__clkbuf_16)
                  0.07    0.33    0.58 ^ clkbuf_0_clk/X (sky130_fd_sc_hd__clkbuf_16)
     2    0.02                           clknet_0_clk (net)
                  0.07    0.00    0.58 ^ clkbuf_1_0__f_clk/A (sky130_fd_sc_hd__clkbuf_16)
                  0.11    0.25    0.83 ^ clkbuf_1_0__f_clk/X (sky130_fd_sc_hd__clkbuf_16)
    14    0.05                           clknet_1_0__leaf_clk (net)
                  0.11    0.00    0.83 ^ _409_/CLK (sky130_fd_sc_hd__dfrtp_4)
                  0.21    0.90    1.73 ^ _409_/Q (sky130_fd_sc_hd__dfrtp_4)
     3    0.03                           net9 (net)
                  0.21    0.00    1.74 ^ output9/A (sky130_fd_sc_hd__clkbuf_4)
                  0.18    0.37    2.11 ^ output9/X (sky130_fd_sc_hd__clkbuf_4)
     1    0.03                           A_out[7] (net)
                  0.18    0.00    2.11 ^ A_out[7] (out)
                                  2.11   data arrival time

                          0.00    0.00   clock clk (rise edge)
                          0.00    0.00   clock network delay (propagated)
                          0.25    0.25   clock uncertainty
                          0.00    0.25   clock reconvergence pessimism
                         -4.00   -3.75   output external delay
                                 -3.75   data required time
-----------------------------------------------------------------------------
                                 -3.75   data required time
                                 -2.11   data arrival time
-----------------------------------------------------------------------------
                                  5.86   slack (MET)


Startpoint: _425_ (rising edge-triggered flip-flop clocked by clk)
Endpoint: B_out[7] (output port clocked by clk)
Path Group: clk
Path Type: min
Corner: Slowest

Fanout     Cap    Slew   Delay    Time   Description
-----------------------------------------------------------------------------
                          0.00    0.00   clock clk (rise edge)
                          0.00    0.00   clock source latency
                  0.36    0.24    0.24 ^ clk (in)
     1    0.05                           clk (net)
                  0.36    0.00    0.24 ^ clkbuf_0_clk/A (sky130_fd_sc_hd__clkbuf_16)
                  0.07    0.33    0.58 ^ clkbuf_0_clk/X (sky130_fd_sc_hd__clkbuf_16)
     2    0.02                           clknet_0_clk (net)
                  0.07    0.00    0.58 ^ clkbuf_1_0__f_clk/A (sky130_fd_sc_hd__clkbuf_16)
                  0.11    0.25    0.83 ^ clkbuf_1_0__f_clk/X (sky130_fd_sc_hd__clkbuf_16)
    14    0.05                           clknet_1_0__leaf_clk (net)
                  0.11    0.00    0.83 ^ _425_/CLK (sky130_fd_sc_hd__dfrtp_4)
                  0.23    0.92    1.75 ^ _425_/Q (sky130_fd_sc_hd__dfrtp_4)
     3    0.04                           net17 (net)
                  0.23    0.00    1.75 ^ output17/A (sky130_fd_sc_hd__clkbuf_4)
                  0.18    0.38    2.14 ^ output17/X (sky130_fd_sc_hd__clkbuf_4)
     1    0.03                           B_out[7] (net)
                  0.18    0.00    2.14 ^ B_out[7] (out)
                                  2.14   data arrival time

                          0.00    0.00   clock clk (rise edge)
                          0.00    0.00   clock network delay (propagated)
                          0.25    0.25   clock uncertainty
                          0.00    0.25   clock reconvergence pessimism
                         -4.00   -3.75   output external delay
                                 -3.75   data required time
-----------------------------------------------------------------------------
                                 -3.75   data required time
                                 -2.14   data arrival time
-----------------------------------------------------------------------------
                                  5.89   slack (MET)


Startpoint: _405_ (rising edge-triggered flip-flop clocked by clk)
Endpoint: A_out[3] (output port clocked by clk)
Path Group: clk
Path Type: min
Corner: Slowest

Fanout     Cap    Slew   Delay    Time   Description
-----------------------------------------------------------------------------
                          0.00    0.00   clock clk (rise edge)
                          0.00    0.00   clock source latency
                  0.36    0.24    0.24 ^ clk (in)
     1    0.05                           clk (net)
                  0.36    0.00    0.24 ^ clkbuf_0_clk/A (sky130_fd_sc_hd__clkbuf_16)
                  0.07    0.33    0.58 ^ clkbuf_0_clk/X (sky130_fd_sc_hd__clkbuf_16)
     2    0.02                           clknet_0_clk (net)
                  0.07    0.00    0.58 ^ clkbuf_1_1__f_clk/A (sky130_fd_sc_hd__clkbuf_16)
                  0.11    0.25    0.83 ^ clkbuf_1_1__f_clk/X (sky130_fd_sc_hd__clkbuf_16)
    14    0.05                           clknet_1_1__leaf_clk (net)
                  0.11    0.00    0.83 ^ _405_/CLK (sky130_fd_sc_hd__dfrtp_4)
                  0.24    0.92    1.75 ^ _405_/Q (sky130_fd_sc_hd__dfrtp_4)
     3    0.04                           net5 (net)
                  0.24    0.01    1.76 ^ output5/A (sky130_fd_sc_hd__clkbuf_4)
                  0.18    0.39    2.15 ^ output5/X (sky130_fd_sc_hd__clkbuf_4)
     1    0.03                           A_out[3] (net)
                  0.18    0.00    2.15 ^ A_out[3] (out)
                                  2.15   data arrival time

                          0.00    0.00   clock clk (rise edge)
                          0.00    0.00   clock network delay (propagated)
                          0.25    0.25   clock uncertainty
                          0.00    0.25   clock reconvergence pessimism
                         -4.00   -3.75   output external delay
                                 -3.75   data required time
-----------------------------------------------------------------------------
                                 -3.75   data required time
                                 -2.15   data arrival time
-----------------------------------------------------------------------------
                                  5.90   slack (MET)


Startpoint: _423_ (rising edge-triggered flip-flop clocked by clk)
Endpoint: B_out[5] (output port clocked by clk)
Path Group: clk
Path Type: min
Corner: Slowest

Fanout     Cap    Slew   Delay    Time   Description
-----------------------------------------------------------------------------
                          0.00    0.00   clock clk (rise edge)
                          0.00    0.00   clock source latency
                  0.36    0.24    0.24 ^ clk (in)
     1    0.05                           clk (net)
                  0.36    0.00    0.24 ^ clkbuf_0_clk/A (sky130_fd_sc_hd__clkbuf_16)
                  0.07    0.33    0.58 ^ clkbuf_0_clk/X (sky130_fd_sc_hd__clkbuf_16)
     2    0.02                           clknet_0_clk (net)
                  0.07    0.00    0.58 ^ clkbuf_1_0__f_clk/A (sky130_fd_sc_hd__clkbuf_16)
                  0.11    0.25    0.83 ^ clkbuf_1_0__f_clk/X (sky130_fd_sc_hd__clkbuf_16)
    14    0.05                           clknet_1_0__leaf_clk (net)
                  0.11    0.00    0.83 ^ _423_/CLK (sky130_fd_sc_hd__dfrtp_4)
                  0.24    0.93    1.76 ^ _423_/Q (sky130_fd_sc_hd__dfrtp_4)
     3    0.04                           net15 (net)
                  0.24    0.00    1.76 ^ output15/A (sky130_fd_sc_hd__clkbuf_4)
                  0.18    0.39    2.15 ^ output15/X (sky130_fd_sc_hd__clkbuf_4)
     1    0.03                           B_out[5] (net)
                  0.18    0.00    2.15 ^ B_out[5] (out)
                                  2.15   data arrival time

                          0.00    0.00   clock clk (rise edge)
                          0.00    0.00   clock network delay (propagated)
                          0.25    0.25   clock uncertainty
                          0.00    0.25   clock reconvergence pessimism
                         -4.00   -3.75   output external delay
                                 -3.75   data required time
-----------------------------------------------------------------------------
                                 -3.75   data required time
                                 -2.15   data arrival time
-----------------------------------------------------------------------------
                                  5.90   slack (MET)


Startpoint: _414_ (rising edge-triggered flip-flop clocked by clk)
Endpoint: flags_out[0] (output port clocked by clk)
Path Group: clk
Path Type: min
Corner: Slowest

Fanout     Cap    Slew   Delay    Time   Description
-----------------------------------------------------------------------------
                          0.00    0.00   clock clk (rise edge)
                          0.00    0.00   clock source latency
                  0.36    0.24    0.24 ^ clk (in)
     1    0.05                           clk (net)
                  0.36    0.00    0.24 ^ clkbuf_0_clk/A (sky130_fd_sc_hd__clkbuf_16)
                  0.07    0.33    0.58 ^ clkbuf_0_clk/X (sky130_fd_sc_hd__clkbuf_16)
     2    0.02                           clknet_0_clk (net)
                  0.07    0.00    0.58 ^ clkbuf_1_0__f_clk/A (sky130_fd_sc_hd__clkbuf_16)
                  0.11    0.25    0.83 ^ clkbuf_1_0__f_clk/X (sky130_fd_sc_hd__clkbuf_16)
    14    0.05                           clknet_1_0__leaf_clk (net)
                  0.11    0.00    0.83 ^ _414_/CLK (sky130_fd_sc_hd__dfrtp_4)
                  0.25    0.93    1.76 ^ _414_/Q (sky130_fd_sc_hd__dfrtp_4)
     2    0.04                           net18 (net)
                  0.25    0.01    1.77 ^ output18/A (sky130_fd_sc_hd__clkbuf_4)
                  0.18    0.39    2.16 ^ output18/X (sky130_fd_sc_hd__clkbuf_4)
     1    0.03                           flags_out[0] (net)
                  0.18    0.00    2.16 ^ flags_out[0] (out)
                                  2.16   data arrival time

                          0.00    0.00   clock clk (rise edge)
                          0.00    0.00   clock network delay (propagated)
                          0.25    0.25   clock uncertainty
                          0.00    0.25   clock reconvergence pessimism
                         -4.00   -3.75   output external delay
                                 -3.75   data required time
-----------------------------------------------------------------------------
                                 -3.75   data required time
                                 -2.16   data arrival time
-----------------------------------------------------------------------------
                                  5.91   slack (MET)


Startpoint: _403_ (rising edge-triggered flip-flop clocked by clk)
Endpoint: A_out[1] (output port clocked by clk)
Path Group: clk
Path Type: min
Corner: Slowest

Fanout     Cap    Slew   Delay    Time   Description
-----------------------------------------------------------------------------
                          0.00    0.00   clock clk (rise edge)
                          0.00    0.00   clock source latency
                  0.36    0.24    0.24 ^ clk (in)
     1    0.05                           clk (net)
                  0.36    0.00    0.24 ^ clkbuf_0_clk/A (sky130_fd_sc_hd__clkbuf_16)
                  0.07    0.33    0.58 ^ clkbuf_0_clk/X (sky130_fd_sc_hd__clkbuf_16)
     2    0.02                           clknet_0_clk (net)
                  0.07    0.00    0.58 ^ clkbuf_1_1__f_clk/A (sky130_fd_sc_hd__clkbuf_16)
                  0.11    0.25    0.83 ^ clkbuf_1_1__f_clk/X (sky130_fd_sc_hd__clkbuf_16)
    14    0.05                           clknet_1_1__leaf_clk (net)
                  0.11    0.00    0.83 ^ _403_/CLK (sky130_fd_sc_hd__dfrtp_4)
                  0.25    0.93    1.76 ^ _403_/Q (sky130_fd_sc_hd__dfrtp_4)
     3    0.04                           net3 (net)
                  0.25    0.01    1.77 ^ output3/A (sky130_fd_sc_hd__clkbuf_4)
                  0.18    0.39    2.16 ^ output3/X (sky130_fd_sc_hd__clkbuf_4)
     1    0.03                           A_out[1] (net)
                  0.18    0.00    2.16 ^ A_out[1] (out)
                                  2.16   data arrival time

                          0.00    0.00   clock clk (rise edge)
                          0.00    0.00   clock network delay (propagated)
                          0.25    0.25   clock uncertainty
                          0.00    0.25   clock reconvergence pessimism
                         -4.00   -3.75   output external delay
                                 -3.75   data required time
-----------------------------------------------------------------------------
                                 -3.75   data required time
                                 -2.16   data arrival time
-----------------------------------------------------------------------------
                                  5.91   slack (MET)


Startpoint: _418_ (rising edge-triggered flip-flop clocked by clk)
Endpoint: B_out[0] (output port clocked by clk)
Path Group: clk
Path Type: min
Corner: Slowest

Fanout     Cap    Slew   Delay    Time   Description
-----------------------------------------------------------------------------
                          0.00    0.00   clock clk (rise edge)
                          0.00    0.00   clock source latency
                  0.36    0.24    0.24 ^ clk (in)
     1    0.05                           clk (net)
                  0.36    0.00    0.24 ^ clkbuf_0_clk/A (sky130_fd_sc_hd__clkbuf_16)
                  0.07    0.33    0.58 ^ clkbuf_0_clk/X (sky130_fd_sc_hd__clkbuf_16)
     2    0.02                           clknet_0_clk (net)
                  0.07    0.00    0.58 ^ clkbuf_1_1__f_clk/A (sky130_fd_sc_hd__clkbuf_16)
                  0.11    0.25    0.83 ^ clkbuf_1_1__f_clk/X (sky130_fd_sc_hd__clkbuf_16)
    14    0.05                           clknet_1_1__leaf_clk (net)
                  0.11    0.00    0.83 ^ _418_/CLK (sky130_fd_sc_hd__dfrtp_4)
                  0.25    0.94    1.77 ^ _418_/Q (sky130_fd_sc_hd__dfrtp_4)
     5    0.05                           net10 (net)
                  0.25    0.00    1.77 ^ output10/A (sky130_fd_sc_hd__clkbuf_4)
                  0.18    0.39    2.16 ^ output10/X (sky130_fd_sc_hd__clkbuf_4)
     1    0.03                           B_out[0] (net)
                  0.18    0.00    2.16 ^ B_out[0] (out)
                                  2.16   data arrival time

                          0.00    0.00   clock clk (rise edge)
                          0.00    0.00   clock network delay (propagated)
                          0.25    0.25   clock uncertainty
                          0.00    0.25   clock reconvergence pessimism
                         -4.00   -3.75   output external delay
                                 -3.75   data required time
-----------------------------------------------------------------------------
                                 -3.75   data required time
                                 -2.16   data arrival time
-----------------------------------------------------------------------------
                                  5.91   slack (MET)


Startpoint: _419_ (rising edge-triggered flip-flop clocked by clk)
Endpoint: B_out[1] (output port clocked by clk)
Path Group: clk
Path Type: min
Corner: Slowest

Fanout     Cap    Slew   Delay    Time   Description
-----------------------------------------------------------------------------
                          0.00    0.00   clock clk (rise edge)
                          0.00    0.00   clock source latency
                  0.36    0.24    0.24 ^ clk (in)
     1    0.05                           clk (net)
                  0.36    0.00    0.24 ^ clkbuf_0_clk/A (sky130_fd_sc_hd__clkbuf_16)
                  0.07    0.33    0.58 ^ clkbuf_0_clk/X (sky130_fd_sc_hd__clkbuf_16)
     2    0.02                           clknet_0_clk (net)
                  0.07    0.00    0.58 ^ clkbuf_1_1__f_clk/A (sky130_fd_sc_hd__clkbuf_16)
                  0.11    0.25    0.83 ^ clkbuf_1_1__f_clk/X (sky130_fd_sc_hd__clkbuf_16)
    14    0.05                           clknet_1_1__leaf_clk (net)
                  0.11    0.00    0.83 ^ _419_/CLK (sky130_fd_sc_hd__dfrtp_4)
                  0.26    0.94    1.77 ^ _419_/Q (sky130_fd_sc_hd__dfrtp_4)
     4    0.05                           net11 (net)
                  0.26    0.00    1.77 ^ output11/A (sky130_fd_sc_hd__clkbuf_4)
                  0.18    0.39    2.17 ^ output11/X (sky130_fd_sc_hd__clkbuf_4)
     1    0.03                           B_out[1] (net)
                  0.18    0.00    2.17 ^ B_out[1] (out)
                                  2.17   data arrival time

                          0.00    0.00   clock clk (rise edge)
                          0.00    0.00   clock network delay (propagated)
                          0.25    0.25   clock uncertainty
                          0.00    0.25   clock reconvergence pessimism
                         -4.00   -3.75   output external delay
                                 -3.75   data required time
-----------------------------------------------------------------------------
                                 -3.75   data required time
                                 -2.17   data arrival time
-----------------------------------------------------------------------------
                                  5.92   slack (MET)


Startpoint: _424_ (rising edge-triggered flip-flop clocked by clk)
Endpoint: B_out[6] (output port clocked by clk)
Path Group: clk
Path Type: min
Corner: Slowest

Fanout     Cap    Slew   Delay    Time   Description
-----------------------------------------------------------------------------
                          0.00    0.00   clock clk (rise edge)
                          0.00    0.00   clock source latency
                  0.36    0.24    0.24 ^ clk (in)
     1    0.05                           clk (net)
                  0.36    0.00    0.24 ^ clkbuf_0_clk/A (sky130_fd_sc_hd__clkbuf_16)
                  0.07    0.33    0.58 ^ clkbuf_0_clk/X (sky130_fd_sc_hd__clkbuf_16)
     2    0.02                           clknet_0_clk (net)
                  0.07    0.00    0.58 ^ clkbuf_1_0__f_clk/A (sky130_fd_sc_hd__clkbuf_16)
                  0.11    0.25    0.83 ^ clkbuf_1_0__f_clk/X (sky130_fd_sc_hd__clkbuf_16)
    14    0.05                           clknet_1_0__leaf_clk (net)
                  0.11    0.00    0.83 ^ _424_/CLK (sky130_fd_sc_hd__dfrtp_4)
                  0.25    0.93    1.77 ^ _424_/Q (sky130_fd_sc_hd__dfrtp_4)
     6    0.04                           net16 (net)
                  0.25    0.00    1.77 ^ output16/A (sky130_fd_sc_hd__buf_2)
                  0.27    0.41    2.18 ^ output16/X (sky130_fd_sc_hd__buf_2)
     1    0.03                           B_out[6] (net)
                  0.27    0.00    2.18 ^ B_out[6] (out)
                                  2.18   data arrival time

                          0.00    0.00   clock clk (rise edge)
                          0.00    0.00   clock network delay (propagated)
                          0.25    0.25   clock uncertainty
                          0.00    0.25   clock reconvergence pessimism
                         -4.00   -3.75   output external delay
                                 -3.75   data required time
-----------------------------------------------------------------------------
                                 -3.75   data required time
                                 -2.18   data arrival time
-----------------------------------------------------------------------------
                                  5.93   slack (MET)


Startpoint: _422_ (rising edge-triggered flip-flop clocked by clk)
Endpoint: B_out[4] (output port clocked by clk)
Path Group: clk
Path Type: min
Corner: Slowest

Fanout     Cap    Slew   Delay    Time   Description
-----------------------------------------------------------------------------
                          0.00    0.00   clock clk (rise edge)
                          0.00    0.00   clock source latency
                  0.36    0.24    0.24 ^ clk (in)
     1    0.05                           clk (net)
                  0.36    0.00    0.24 ^ clkbuf_0_clk/A (sky130_fd_sc_hd__clkbuf_16)
                  0.07    0.33    0.58 ^ clkbuf_0_clk/X (sky130_fd_sc_hd__clkbuf_16)
     2    0.02                           clknet_0_clk (net)
                  0.07    0.00    0.58 ^ clkbuf_1_0__f_clk/A (sky130_fd_sc_hd__clkbuf_16)
                  0.11    0.25    0.83 ^ clkbuf_1_0__f_clk/X (sky130_fd_sc_hd__clkbuf_16)
    14    0.05                           clknet_1_0__leaf_clk (net)
                  0.11    0.00    0.83 ^ _422_/CLK (sky130_fd_sc_hd__dfrtp_4)
                  0.26    0.94    1.78 ^ _422_/Q (sky130_fd_sc_hd__dfrtp_4)
     5    0.05                           net14 (net)
                  0.26    0.01    1.78 ^ output14/A (sky130_fd_sc_hd__clkbuf_4)
                  0.18    0.40    2.18 ^ output14/X (sky130_fd_sc_hd__clkbuf_4)
     1    0.03                           B_out[4] (net)
                  0.18    0.00    2.18 ^ B_out[4] (out)
                                  2.18   data arrival time

                          0.00    0.00   clock clk (rise edge)
                          0.00    0.00   clock network delay (propagated)
                          0.25    0.25   clock uncertainty
                          0.00    0.25   clock reconvergence pessimism
                         -4.00   -3.75   output external delay
                                 -3.75   data required time
-----------------------------------------------------------------------------
                                 -3.75   data required time
                                 -2.18   data arrival time
-----------------------------------------------------------------------------
                                  5.93   slack (MET)


Startpoint: _407_ (rising edge-triggered flip-flop clocked by clk)
Endpoint: A_out[5] (output port clocked by clk)
Path Group: clk
Path Type: min
Corner: Slowest

Fanout     Cap    Slew   Delay    Time   Description
-----------------------------------------------------------------------------
                          0.00    0.00   clock clk (rise edge)
                          0.00    0.00   clock source latency
                  0.36    0.24    0.24 ^ clk (in)
     1    0.05                           clk (net)
                  0.36    0.00    0.24 ^ clkbuf_0_clk/A (sky130_fd_sc_hd__clkbuf_16)
                  0.07    0.33    0.58 ^ clkbuf_0_clk/X (sky130_fd_sc_hd__clkbuf_16)
     2    0.02                           clknet_0_clk (net)
                  0.07    0.00    0.58 ^ clkbuf_1_0__f_clk/A (sky130_fd_sc_hd__clkbuf_16)
                  0.11    0.25    0.83 ^ clkbuf_1_0__f_clk/X (sky130_fd_sc_hd__clkbuf_16)
    14    0.05                           clknet_1_0__leaf_clk (net)
                  0.11    0.00    0.83 ^ _407_/CLK (sky130_fd_sc_hd__dfrtp_4)
                  0.27    0.95    1.78 ^ _407_/Q (sky130_fd_sc_hd__dfrtp_4)
     3    0.05                           net7 (net)
                  0.27    0.01    1.79 ^ output7/A (sky130_fd_sc_hd__buf_2)
                  0.27    0.41    2.20 ^ output7/X (sky130_fd_sc_hd__buf_2)
     1    0.03                           A_out[5] (net)
                  0.27    0.00    2.20 ^ A_out[5] (out)
                                  2.20   data arrival time

                          0.00    0.00   clock clk (rise edge)
                          0.00    0.00   clock network delay (propagated)
                          0.25    0.25   clock uncertainty
                          0.00    0.25   clock reconvergence pessimism
                         -4.00   -3.75   output external delay
                                 -3.75   data required time
-----------------------------------------------------------------------------
                                 -3.75   data required time
                                 -2.20   data arrival time
-----------------------------------------------------------------------------
                                  5.95   slack (MET)


Startpoint: _420_ (rising edge-triggered flip-flop clocked by clk)
Endpoint: B_out[2] (output port clocked by clk)
Path Group: clk
Path Type: min
Corner: Slowest

Fanout     Cap    Slew   Delay    Time   Description
-----------------------------------------------------------------------------
                          0.00    0.00   clock clk (rise edge)
                          0.00    0.00   clock source latency
                  0.36    0.24    0.24 ^ clk (in)
     1    0.05                           clk (net)
                  0.36    0.00    0.24 ^ clkbuf_0_clk/A (sky130_fd_sc_hd__clkbuf_16)
                  0.07    0.33    0.58 ^ clkbuf_0_clk/X (sky130_fd_sc_hd__clkbuf_16)
     2    0.02                           clknet_0_clk (net)
                  0.07    0.00    0.58 ^ clkbuf_1_1__f_clk/A (sky130_fd_sc_hd__clkbuf_16)
                  0.11    0.25    0.83 ^ clkbuf_1_1__f_clk/X (sky130_fd_sc_hd__clkbuf_16)
    14    0.05                           clknet_1_1__leaf_clk (net)
                  0.11    0.00    0.83 ^ _420_/CLK (sky130_fd_sc_hd__dfrtp_4)
                  0.29    0.96    1.80 ^ _420_/Q (sky130_fd_sc_hd__dfrtp_4)
     4    0.05                           net12 (net)
                  0.29    0.00    1.80 ^ output12/A (sky130_fd_sc_hd__buf_2)
                  0.28    0.42    2.22 ^ output12/X (sky130_fd_sc_hd__buf_2)
     1    0.03                           B_out[2] (net)
                  0.28    0.00    2.22 ^ B_out[2] (out)
                                  2.22   data arrival time

                          0.00    0.00   clock clk (rise edge)
                          0.00    0.00   clock network delay (propagated)
                          0.25    0.25   clock uncertainty
                          0.00    0.25   clock reconvergence pessimism
                         -4.00   -3.75   output external delay
                                 -3.75   data required time
-----------------------------------------------------------------------------
                                 -3.75   data required time
                                 -2.22   data arrival time
-----------------------------------------------------------------------------
                                  5.97   slack (MET)


Startpoint: _404_ (rising edge-triggered flip-flop clocked by clk)
Endpoint: A_out[2] (output port clocked by clk)
Path Group: clk
Path Type: min
Corner: Slowest

Fanout     Cap    Slew   Delay    Time   Description
-----------------------------------------------------------------------------
                          0.00    0.00   clock clk (rise edge)
                          0.00    0.00   clock source latency
                  0.36    0.24    0.24 ^ clk (in)
     1    0.05                           clk (net)
                  0.36    0.00    0.24 ^ clkbuf_0_clk/A (sky130_fd_sc_hd__clkbuf_16)
                  0.07    0.33    0.58 ^ clkbuf_0_clk/X (sky130_fd_sc_hd__clkbuf_16)
     2    0.02                           clknet_0_clk (net)
                  0.07    0.00    0.58 ^ clkbuf_1_1__f_clk/A (sky130_fd_sc_hd__clkbuf_16)
                  0.11    0.25    0.83 ^ clkbuf_1_1__f_clk/X (sky130_fd_sc_hd__clkbuf_16)
    14    0.05                           clknet_1_1__leaf_clk (net)
                  0.11    0.00    0.83 ^ _404_/CLK (sky130_fd_sc_hd__dfrtp_4)
                  0.30    0.97    1.80 ^ _404_/Q (sky130_fd_sc_hd__dfrtp_4)
     4    0.06                           net4 (net)
                  0.30    0.01    1.81 ^ output4/A (sky130_fd_sc_hd__clkbuf_4)
                  0.18    0.41    2.22 ^ output4/X (sky130_fd_sc_hd__clkbuf_4)
     1    0.03                           A_out[2] (net)
                  0.18    0.00    2.22 ^ A_out[2] (out)
                                  2.22   data arrival time

                          0.00    0.00   clock clk (rise edge)
                          0.00    0.00   clock network delay (propagated)
                          0.25    0.25   clock uncertainty
                          0.00    0.25   clock reconvergence pessimism
                         -4.00   -3.75   output external delay
                                 -3.75   data required time
-----------------------------------------------------------------------------
                                 -3.75   data required time
                                 -2.22   data arrival time
-----------------------------------------------------------------------------
                                  5.97   slack (MET)


Startpoint: _413_ (rising edge-triggered flip-flop clocked by clk)
Endpoint: last_opcode_out[6] (output port clocked by clk)
Path Group: clk
Path Type: min
Corner: Slowest

Fanout     Cap    Slew   Delay    Time   Description
-----------------------------------------------------------------------------
                          0.00    0.00   clock clk (rise edge)
                          0.00    0.00   clock source latency
                  0.36    0.24    0.24 ^ clk (in)
     1    0.05                           clk (net)
                  0.36    0.00    0.24 ^ clkbuf_0_clk/A (sky130_fd_sc_hd__clkbuf_16)
                  0.07    0.33    0.58 ^ clkbuf_0_clk/X (sky130_fd_sc_hd__clkbuf_16)
     2    0.02                           clknet_0_clk (net)
                  0.07    0.00    0.58 ^ clkbuf_1_0__f_clk/A (sky130_fd_sc_hd__clkbuf_16)
                  0.11    0.25    0.83 ^ clkbuf_1_0__f_clk/X (sky130_fd_sc_hd__clkbuf_16)
    14    0.05                           clknet_1_0__leaf_clk (net)
                  0.11    0.00    0.83 ^ _413_/CLK (sky130_fd_sc_hd__dfrtp_4)
                  0.34    1.00    1.84 ^ _413_/Q (sky130_fd_sc_hd__dfrtp_4)
     3    0.07                           net27 (net)
                  0.34    0.01    1.85 ^ output27/A (sky130_fd_sc_hd__clkbuf_4)
                  0.19    0.43    2.28 ^ output27/X (sky130_fd_sc_hd__clkbuf_4)
     1    0.04                           last_opcode_out[6] (net)
                  0.19    0.00    2.28 ^ last_opcode_out[6] (out)
                                  2.28   data arrival time

                          0.00    0.00   clock clk (rise edge)
                          0.00    0.00   clock network delay (propagated)
                          0.25    0.25   clock uncertainty
                          0.00    0.25   clock reconvergence pessimism
                         -4.00   -3.75   output external delay
                                 -3.75   data required time
-----------------------------------------------------------------------------
                                 -3.75   data required time
                                 -2.28   data arrival time
-----------------------------------------------------------------------------
                                  6.03   slack (MET)


Startpoint: _410_ (rising edge-triggered flip-flop clocked by clk)
Endpoint: last_opcode_out[1] (output port clocked by clk)
Path Group: clk
Path Type: min
Corner: Slowest

Fanout     Cap    Slew   Delay    Time   Description
-----------------------------------------------------------------------------
                          0.00    0.00   clock clk (rise edge)
                          0.00    0.00   clock source latency
                  0.36    0.24    0.24 ^ clk (in)
     1    0.05                           clk (net)
                  0.36    0.00    0.24 ^ clkbuf_0_clk/A (sky130_fd_sc_hd__clkbuf_16)
                  0.07    0.33    0.58 ^ clkbuf_0_clk/X (sky130_fd_sc_hd__clkbuf_16)
     2    0.02                           clknet_0_clk (net)
                  0.07    0.00    0.58 ^ clkbuf_1_0__f_clk/A (sky130_fd_sc_hd__clkbuf_16)
                  0.11    0.25    0.83 ^ clkbuf_1_0__f_clk/X (sky130_fd_sc_hd__clkbuf_16)
    14    0.05                           clknet_1_0__leaf_clk (net)
                  0.11    0.00    0.83 ^ _410_/CLK (sky130_fd_sc_hd__dfrtp_4)
                  0.41    1.05    1.89 ^ _410_/Q (sky130_fd_sc_hd__dfrtp_4)
     3    0.08                           net23 (net)
                  0.41    0.01    1.90 ^ output23/A (sky130_fd_sc_hd__buf_2)
                  0.27    0.46    2.36 ^ output23/X (sky130_fd_sc_hd__buf_2)
     1    0.03                           last_opcode_out[1] (net)
                  0.27    0.00    2.36 ^ last_opcode_out[1] (out)
                                  2.36   data arrival time

                          0.00    0.00   clock clk (rise edge)
                          0.00    0.00   clock network delay (propagated)
                          0.25    0.25   clock uncertainty
                          0.00    0.25   clock reconvergence pessimism
                         -4.00   -3.75   output external delay
                                 -3.75   data required time
-----------------------------------------------------------------------------
                                 -3.75   data required time
                                 -2.36   data arrival time
-----------------------------------------------------------------------------
                                  6.11   slack (MET)


Startpoint: _413_ (rising edge-triggered flip-flop clocked by clk)
Endpoint: last_opcode_out[4] (output port clocked by clk)
Path Group: clk
Path Type: min
Corner: Slowest

Fanout     Cap    Slew   Delay    Time   Description
-----------------------------------------------------------------------------
                          0.00    0.00   clock clk (rise edge)
                          0.00    0.00   clock source latency
                  0.36    0.24    0.24 ^ clk (in)
     1    0.05                           clk (net)
                  0.36    0.00    0.24 ^ clkbuf_0_clk/A (sky130_fd_sc_hd__clkbuf_16)
                  0.07    0.33    0.58 ^ clkbuf_0_clk/X (sky130_fd_sc_hd__clkbuf_16)
     2    0.02                           clknet_0_clk (net)
                  0.07    0.00    0.58 ^ clkbuf_1_0__f_clk/A (sky130_fd_sc_hd__clkbuf_16)
                  0.11    0.25    0.83 ^ clkbuf_1_0__f_clk/X (sky130_fd_sc_hd__clkbuf_16)
    14    0.05                           clknet_1_0__leaf_clk (net)
                  0.11    0.00    0.83 ^ _413_/CLK (sky130_fd_sc_hd__dfrtp_4)
                  0.34    1.00    1.84 ^ _413_/Q (sky130_fd_sc_hd__dfrtp_4)
     3    0.07                           net27 (net)
                  0.34    0.00    1.84 ^ _428_/A (sky130_fd_sc_hd__clkbuf_1)
                  0.10    0.25    2.09 ^ _428_/X (sky130_fd_sc_hd__clkbuf_1)
     1    0.00                           net26 (net)
                  0.10    0.00    2.09 ^ output26/A (sky130_fd_sc_hd__clkbuf_4)
                  0.18    0.32    2.42 ^ output26/X (sky130_fd_sc_hd__clkbuf_4)
     1    0.03                           last_opcode_out[4] (net)
                  0.18    0.00    2.42 ^ last_opcode_out[4] (out)
                                  2.42   data arrival time

                          0.00    0.00   clock clk (rise edge)
                          0.00    0.00   clock network delay (propagated)
                          0.25    0.25   clock uncertainty
                          0.00    0.25   clock reconvergence pessimism
                         -4.00   -3.75   output external delay
                                 -3.75   data required time
-----------------------------------------------------------------------------
                                 -3.75   data required time
                                 -2.42   data arrival time
-----------------------------------------------------------------------------
                                  6.17   slack (MET)


Startpoint: _410_ (rising edge-triggered flip-flop clocked by clk)
Endpoint: last_opcode_out[0] (output port clocked by clk)
Path Group: clk
Path Type: min
Corner: Slowest

Fanout     Cap    Slew   Delay    Time   Description
-----------------------------------------------------------------------------
                          0.00    0.00   clock clk (rise edge)
                          0.00    0.00   clock source latency
                  0.36    0.24    0.24 ^ clk (in)
     1    0.05                           clk (net)
                  0.36    0.00    0.24 ^ clkbuf_0_clk/A (sky130_fd_sc_hd__clkbuf_16)
                  0.07    0.33    0.58 ^ clkbuf_0_clk/X (sky130_fd_sc_hd__clkbuf_16)
     2    0.02                           clknet_0_clk (net)
                  0.07    0.00    0.58 ^ clkbuf_1_0__f_clk/A (sky130_fd_sc_hd__clkbuf_16)
                  0.11    0.25    0.83 ^ clkbuf_1_0__f_clk/X (sky130_fd_sc_hd__clkbuf_16)
    14    0.05                           clknet_1_0__leaf_clk (net)
                  0.11    0.00    0.83 ^ _410_/CLK (sky130_fd_sc_hd__dfrtp_4)
                  0.41    1.05    1.89 ^ _410_/Q (sky130_fd_sc_hd__dfrtp_4)
     3    0.08                           net23 (net)
                  0.41    0.00    1.89 ^ _427_/A (sky130_fd_sc_hd__clkbuf_1)
                  0.08    0.26    2.15 ^ _427_/X (sky130_fd_sc_hd__clkbuf_1)
     1    0.00                           net22 (net)
                  0.08    0.00    2.15 ^ output22/A (sky130_fd_sc_hd__clkbuf_4)
                  0.18    0.32    2.46 ^ output22/X (sky130_fd_sc_hd__clkbuf_4)
     1    0.03                           last_opcode_out[0] (net)
                  0.18    0.00    2.46 ^ last_opcode_out[0] (out)
                                  2.46   data arrival time

                          0.00    0.00   clock clk (rise edge)
                          0.00    0.00   clock network delay (propagated)
                          0.25    0.25   clock uncertainty
                          0.00    0.25   clock reconvergence pessimism
                         -4.00   -3.75   output external delay
                                 -3.75   data required time
-----------------------------------------------------------------------------
                                 -3.75   data required time
                                 -2.46   data arrival time
-----------------------------------------------------------------------------
                                  6.21   slack (MET)



======================= Typical Corner ===================================

Startpoint: _408_ (rising edge-triggered flip-flop clocked by clk)
Endpoint: _408_ (rising edge-triggered flip-flop clocked by clk)
Path Group: clk
Path Type: min
Corner: Typical

Fanout     Cap    Slew   Delay    Time   Description
-----------------------------------------------------------------------------
                          0.00    0.00   clock clk (rise edge)
                          0.00    0.00   clock source latency
                  0.23    0.16    0.16 ^ clk (in)
     1    0.05                           clk (net)
                  0.23    0.00    0.16 ^ clkbuf_0_clk/A (sky130_fd_sc_hd__clkbuf_16)
                  0.05    0.18    0.34 ^ clkbuf_0_clk/X (sky130_fd_sc_hd__clkbuf_16)
     2    0.02                           clknet_0_clk (net)
                  0.05    0.00    0.34 ^ clkbuf_1_0__f_clk/A (sky130_fd_sc_hd__clkbuf_16)
                  0.07    0.14    0.48 ^ clkbuf_1_0__f_clk/X (sky130_fd_sc_hd__clkbuf_16)
    14    0.05                           clknet_1_0__leaf_clk (net)
                  0.07    0.00    0.48 ^ _408_/CLK (sky130_fd_sc_hd__dfrtp_4)
                  0.11    0.44    0.93 ^ _408_/Q (sky130_fd_sc_hd__dfrtp_4)
     3    0.03                           net8 (net)
                  0.11    0.00    0.93 ^ _344_/A1 (sky130_fd_sc_hd__o21a_1)
                  0.04    0.12    1.05 ^ _344_/X (sky130_fd_sc_hd__o21a_1)
     1    0.00                           _034_ (net)
                  0.04    0.00    1.05 ^ _408_/D (sky130_fd_sc_hd__dfrtp_4)
                                  1.05   data arrival time

                          0.00    0.00   clock clk (rise edge)
                          0.00    0.00   clock source latency
                  0.23    0.17    0.17 ^ clk (in)
     1    0.05                           clk (net)
                  0.23    0.00    0.17 ^ clkbuf_0_clk/A (sky130_fd_sc_hd__clkbuf_16)
                  0.05    0.20    0.37 ^ clkbuf_0_clk/X (sky130_fd_sc_hd__clkbuf_16)
     2    0.02                           clknet_0_clk (net)
                  0.05    0.00    0.37 ^ clkbuf_1_0__f_clk/A (sky130_fd_sc_hd__clkbuf_16)
                  0.07    0.16    0.53 ^ clkbuf_1_0__f_clk/X (sky130_fd_sc_hd__clkbuf_16)
    14    0.05                           clknet_1_0__leaf_clk (net)
                  0.07    0.00    0.53 ^ _408_/CLK (sky130_fd_sc_hd__dfrtp_4)
                          0.25    0.78   clock uncertainty
                         -0.05    0.73   clock reconvergence pessimism
                         -0.03    0.70   library hold time
                                  0.70   data required time
-----------------------------------------------------------------------------
                                  0.70   data required time
                                 -1.05   data arrival time
-----------------------------------------------------------------------------
                                  0.34   slack (MET)


Startpoint: _418_ (rising edge-triggered flip-flop clocked by clk)
Endpoint: _418_ (rising edge-triggered flip-flop clocked by clk)
Path Group: clk
Path Type: min
Corner: Typical

Fanout     Cap    Slew   Delay    Time   Description
-----------------------------------------------------------------------------
                          0.00    0.00   clock clk (rise edge)
                          0.00    0.00   clock source latency
                  0.23    0.16    0.16 ^ clk (in)
     1    0.05                           clk (net)
                  0.23    0.00    0.16 ^ clkbuf_0_clk/A (sky130_fd_sc_hd__clkbuf_16)
                  0.05    0.18    0.34 ^ clkbuf_0_clk/X (sky130_fd_sc_hd__clkbuf_16)
     2    0.02                           clknet_0_clk (net)
                  0.05    0.00    0.34 ^ clkbuf_1_1__f_clk/A (sky130_fd_sc_hd__clkbuf_16)
                  0.07    0.14    0.48 ^ clkbuf_1_1__f_clk/X (sky130_fd_sc_hd__clkbuf_16)
    14    0.05                           clknet_1_1__leaf_clk (net)
                  0.07    0.00    0.48 ^ _418_/CLK (sky130_fd_sc_hd__dfrtp_4)
                  0.15    0.48    0.96 ^ _418_/Q (sky130_fd_sc_hd__dfrtp_4)
     5    0.05                           net10 (net)
                  0.15    0.00    0.96 ^ _301_/A1 (sky130_fd_sc_hd__a21oi_1)
                  0.05    0.08    1.04 v _301_/Y (sky130_fd_sc_hd__a21oi_1)
     1    0.00                           _044_ (net)
                  0.05    0.00    1.04 v _418_/D (sky130_fd_sc_hd__dfrtp_4)
                                  1.04   data arrival time

                          0.00    0.00   clock clk (rise edge)
                          0.00    0.00   clock source latency
                  0.23    0.17    0.17 ^ clk (in)
     1    0.05                           clk (net)
                  0.23    0.00    0.17 ^ clkbuf_0_clk/A (sky130_fd_sc_hd__clkbuf_16)
                  0.05    0.20    0.37 ^ clkbuf_0_clk/X (sky130_fd_sc_hd__clkbuf_16)
     2    0.02                           clknet_0_clk (net)
                  0.05    0.00    0.37 ^ clkbuf_1_1__f_clk/A (sky130_fd_sc_hd__clkbuf_16)
                  0.07    0.16    0.53 ^ clkbuf_1_1__f_clk/X (sky130_fd_sc_hd__clkbuf_16)
    14    0.05                           clknet_1_1__leaf_clk (net)
                  0.07    0.00    0.53 ^ _418_/CLK (sky130_fd_sc_hd__dfrtp_4)
                          0.25    0.78   clock uncertainty
                         -0.05    0.73   clock reconvergence pessimism
                         -0.04    0.69   library hold time
                                  0.69   data required time
-----------------------------------------------------------------------------
                                  0.69   data required time
                                 -1.04   data arrival time
-----------------------------------------------------------------------------
                                  0.35   slack (MET)


Startpoint: _417_ (rising edge-triggered flip-flop clocked by clk)
Endpoint: _417_ (rising edge-triggered flip-flop clocked by clk)
Path Group: clk
Path Type: min
Corner: Typical

Fanout     Cap    Slew   Delay    Time   Description
-----------------------------------------------------------------------------
                          0.00    0.00   clock clk (rise edge)
                          0.00    0.00   clock source latency
                  0.23    0.16    0.16 ^ clk (in)
     1    0.05                           clk (net)
                  0.23    0.00    0.16 ^ clkbuf_0_clk/A (sky130_fd_sc_hd__clkbuf_16)
                  0.05    0.18    0.34 ^ clkbuf_0_clk/X (sky130_fd_sc_hd__clkbuf_16)
     2    0.02                           clknet_0_clk (net)
                  0.05    0.00    0.34 ^ clkbuf_1_0__f_clk/A (sky130_fd_sc_hd__clkbuf_16)
                  0.07    0.14    0.48 ^ clkbuf_1_0__f_clk/X (sky130_fd_sc_hd__clkbuf_16)
    14    0.05                           clknet_1_0__leaf_clk (net)
                  0.07    0.00    0.48 ^ _417_/CLK (sky130_fd_sc_hd__dfrtp_4)
                  0.12    0.45    0.93 ^ _417_/Q (sky130_fd_sc_hd__dfrtp_4)
     3    0.03                           net21 (net)
                  0.12    0.00    0.93 ^ _313_/A (sky130_fd_sc_hd__nand2_1)
                  0.04    0.06    0.99 v _313_/Y (sky130_fd_sc_hd__nand2_1)
     1    0.00                           _146_ (net)
                  0.04    0.00    0.99 v _314_/B1 (sky130_fd_sc_hd__o41ai_1)
                  0.06    0.06    1.05 ^ _314_/Y (sky130_fd_sc_hd__o41ai_1)
     1    0.00                           _043_ (net)
                  0.06    0.00    1.05 ^ _417_/D (sky130_fd_sc_hd__dfrtp_4)
                                  1.05   data arrival time

                          0.00    0.00   clock clk (rise edge)
                          0.00    0.00   clock source latency
                  0.23    0.17    0.17 ^ clk (in)
     1    0.05                           clk (net)
                  0.23    0.00    0.17 ^ clkbuf_0_clk/A (sky130_fd_sc_hd__clkbuf_16)
                  0.05    0.20    0.37 ^ clkbuf_0_clk/X (sky130_fd_sc_hd__clkbuf_16)
     2    0.02                           clknet_0_clk (net)
                  0.05    0.00    0.37 ^ clkbuf_1_0__f_clk/A (sky130_fd_sc_hd__clkbuf_16)
                  0.07    0.16    0.53 ^ clkbuf_1_0__f_clk/X (sky130_fd_sc_hd__clkbuf_16)
    14    0.05                           clknet_1_0__leaf_clk (net)
                  0.07    0.00    0.53 ^ _417_/CLK (sky130_fd_sc_hd__dfrtp_4)
                          0.25    0.78   clock uncertainty
                         -0.05    0.73   clock reconvergence pessimism
                         -0.03    0.70   library hold time
                                  0.70   data required time
-----------------------------------------------------------------------------
                                  0.70   data required time
                                 -1.05   data arrival time
-----------------------------------------------------------------------------
                                  0.35   slack (MET)


Startpoint: _415_ (rising edge-triggered flip-flop clocked by clk)
Endpoint: _415_ (rising edge-triggered flip-flop clocked by clk)
Path Group: clk
Path Type: min
Corner: Typical

Fanout     Cap    Slew   Delay    Time   Description
-----------------------------------------------------------------------------
                          0.00    0.00   clock clk (rise edge)
                          0.00    0.00   clock source latency
                  0.23    0.16    0.16 ^ clk (in)
     1    0.05                           clk (net)
                  0.23    0.00    0.16 ^ clkbuf_0_clk/A (sky130_fd_sc_hd__clkbuf_16)
                  0.05    0.18    0.34 ^ clkbuf_0_clk/X (sky130_fd_sc_hd__clkbuf_16)
     2    0.02                           clknet_0_clk (net)
                  0.05    0.00    0.34 ^ clkbuf_1_0__f_clk/A (sky130_fd_sc_hd__clkbuf_16)
                  0.07    0.14    0.48 ^ clkbuf_1_0__f_clk/X (sky130_fd_sc_hd__clkbuf_16)
    14    0.05                           clknet_1_0__leaf_clk (net)
                  0.07    0.00    0.48 ^ _415_/CLK (sky130_fd_sc_hd__dfrtp_4)
                  0.12    0.45    0.93 ^ _415_/Q (sky130_fd_sc_hd__dfrtp_4)
     2    0.03                           net19 (net)
                  0.12    0.00    0.93 ^ _327_/B2 (sky130_fd_sc_hd__a2bb2o_1)
                  0.04    0.13    1.06 ^ _327_/X (sky130_fd_sc_hd__a2bb2o_1)
     1    0.00                           _041_ (net)
                  0.04    0.00    1.06 ^ _415_/D (sky130_fd_sc_hd__dfrtp_4)
                                  1.06   data arrival time

                          0.00    0.00   clock clk (rise edge)
                          0.00    0.00   clock source latency
                  0.23    0.17    0.17 ^ clk (in)
     1    0.05                           clk (net)
                  0.23    0.00    0.17 ^ clkbuf_0_clk/A (sky130_fd_sc_hd__clkbuf_16)
                  0.05    0.20    0.37 ^ clkbuf_0_clk/X (sky130_fd_sc_hd__clkbuf_16)
     2    0.02                           clknet_0_clk (net)
                  0.05    0.00    0.37 ^ clkbuf_1_0__f_clk/A (sky130_fd_sc_hd__clkbuf_16)
                  0.07    0.16    0.53 ^ clkbuf_1_0__f_clk/X (sky130_fd_sc_hd__clkbuf_16)
    14    0.05                           clknet_1_0__leaf_clk (net)
                  0.07    0.00    0.53 ^ _415_/CLK (sky130_fd_sc_hd__dfrtp_4)
                          0.25    0.78   clock uncertainty
                         -0.05    0.73   clock reconvergence pessimism
                         -0.03    0.70   library hold time
                                  0.70   data required time
-----------------------------------------------------------------------------
                                  0.70   data required time
                                 -1.06   data arrival time
-----------------------------------------------------------------------------
                                  0.36   slack (MET)


Startpoint: _399_ (rising edge-triggered flip-flop clocked by clk)
Endpoint: _398_ (rising edge-triggered flip-flop clocked by clk)
Path Group: clk
Path Type: min
Corner: Typical

Fanout     Cap    Slew   Delay    Time   Description
-----------------------------------------------------------------------------
                          0.00    0.00   clock clk (rise edge)
                          0.00    0.00   clock source latency
                  0.23    0.16    0.16 ^ clk (in)
     1    0.05                           clk (net)
                  0.23    0.00    0.16 ^ clkbuf_0_clk/A (sky130_fd_sc_hd__clkbuf_16)
                  0.05    0.18    0.34 ^ clkbuf_0_clk/X (sky130_fd_sc_hd__clkbuf_16)
     2    0.02                           clknet_0_clk (net)
                  0.05    0.00    0.34 ^ clkbuf_1_1__f_clk/A (sky130_fd_sc_hd__clkbuf_16)
                  0.07    0.14    0.48 ^ clkbuf_1_1__f_clk/X (sky130_fd_sc_hd__clkbuf_16)
    14    0.05                           clknet_1_1__leaf_clk (net)
                  0.07    0.00    0.48 ^ _399_/CLK (sky130_fd_sc_hd__dfrtp_4)
                  0.14    0.46    0.95 ^ _399_/Q (sky130_fd_sc_hd__dfrtp_4)
     9    0.04                           U_PC.pc[1] (net)
                  0.14    0.00    0.95 ^ _357_/A1 (sky130_fd_sc_hd__a21bo_1)
                  0.04    0.12    1.07 ^ _357_/X (sky130_fd_sc_hd__a21bo_1)
     1    0.00                           U_PC.next_pc[0] (net)
                  0.04    0.00    1.07 ^ _398_/D (sky130_fd_sc_hd__dfrtp_4)
                                  1.07   data arrival time

                          0.00    0.00   clock clk (rise edge)
                          0.00    0.00   clock source latency
                  0.23    0.17    0.17 ^ clk (in)
     1    0.05                           clk (net)
                  0.23    0.00    0.17 ^ clkbuf_0_clk/A (sky130_fd_sc_hd__clkbuf_16)
                  0.05    0.20    0.37 ^ clkbuf_0_clk/X (sky130_fd_sc_hd__clkbuf_16)
     2    0.02                           clknet_0_clk (net)
                  0.05    0.00    0.37 ^ clkbuf_1_1__f_clk/A (sky130_fd_sc_hd__clkbuf_16)
                  0.07    0.16    0.53 ^ clkbuf_1_1__f_clk/X (sky130_fd_sc_hd__clkbuf_16)
    14    0.05                           clknet_1_1__leaf_clk (net)
                  0.07    0.00    0.53 ^ _398_/CLK (sky130_fd_sc_hd__dfrtp_4)
                          0.25    0.78   clock uncertainty
                         -0.05    0.73   clock reconvergence pessimism
                         -0.03    0.70   library hold time
                                  0.70   data required time
-----------------------------------------------------------------------------
                                  0.70   data required time
                                 -1.07   data arrival time
-----------------------------------------------------------------------------
                                  0.36   slack (MET)


Startpoint: _424_ (rising edge-triggered flip-flop clocked by clk)
Endpoint: _424_ (rising edge-triggered flip-flop clocked by clk)
Path Group: clk
Path Type: min
Corner: Typical

Fanout     Cap    Slew   Delay    Time   Description
-----------------------------------------------------------------------------
                          0.00    0.00   clock clk (rise edge)
                          0.00    0.00   clock source latency
                  0.23    0.16    0.16 ^ clk (in)
     1    0.05                           clk (net)
                  0.23    0.00    0.16 ^ clkbuf_0_clk/A (sky130_fd_sc_hd__clkbuf_16)
                  0.05    0.18    0.34 ^ clkbuf_0_clk/X (sky130_fd_sc_hd__clkbuf_16)
     2    0.02                           clknet_0_clk (net)
                  0.05    0.00    0.34 ^ clkbuf_1_0__f_clk/A (sky130_fd_sc_hd__clkbuf_16)
                  0.07    0.14    0.48 ^ clkbuf_1_0__f_clk/X (sky130_fd_sc_hd__clkbuf_16)
    14    0.05                           clknet_1_0__leaf_clk (net)
                  0.07    0.00    0.48 ^ _424_/CLK (sky130_fd_sc_hd__dfrtp_4)
                  0.15    0.47    0.96 ^ _424_/Q (sky130_fd_sc_hd__dfrtp_4)
     6    0.04                           net16 (net)
                  0.15    0.00    0.96 ^ _272_/A1 (sky130_fd_sc_hd__a21o_1)
                  0.04    0.12    1.08 ^ _272_/X (sky130_fd_sc_hd__a21o_1)
     1    0.00                           _050_ (net)
                  0.04    0.00    1.08 ^ _424_/D (sky130_fd_sc_hd__dfrtp_4)
                                  1.08   data arrival time

                          0.00    0.00   clock clk (rise edge)
                          0.00    0.00   clock source latency
                  0.23    0.17    0.17 ^ clk (in)
     1    0.05                           clk (net)
                  0.23    0.00    0.17 ^ clkbuf_0_clk/A (sky130_fd_sc_hd__clkbuf_16)
                  0.05    0.20    0.37 ^ clkbuf_0_clk/X (sky130_fd_sc_hd__clkbuf_16)
     2    0.02                           clknet_0_clk (net)
                  0.05    0.00    0.37 ^ clkbuf_1_0__f_clk/A (sky130_fd_sc_hd__clkbuf_16)
                  0.07    0.16    0.53 ^ clkbuf_1_0__f_clk/X (sky130_fd_sc_hd__clkbuf_16)
    14    0.05                           clknet_1_0__leaf_clk (net)
                  0.07    0.00    0.53 ^ _424_/CLK (sky130_fd_sc_hd__dfrtp_4)
                          0.25    0.78   clock uncertainty
                         -0.05    0.73   clock reconvergence pessimism
                         -0.03    0.70   library hold time
                                  0.70   data required time
-----------------------------------------------------------------------------
                                  0.70   data required time
                                 -1.08   data arrival time
-----------------------------------------------------------------------------
                                  0.38   slack (MET)


Startpoint: _414_ (rising edge-triggered flip-flop clocked by clk)
Endpoint: _414_ (rising edge-triggered flip-flop clocked by clk)
Path Group: clk
Path Type: min
Corner: Typical

Fanout     Cap    Slew   Delay    Time   Description
-----------------------------------------------------------------------------
                          0.00    0.00   clock clk (rise edge)
                          0.00    0.00   clock source latency
                  0.23    0.16    0.16 ^ clk (in)
     1    0.05                           clk (net)
                  0.23    0.00    0.16 ^ clkbuf_0_clk/A (sky130_fd_sc_hd__clkbuf_16)
                  0.05    0.18    0.34 ^ clkbuf_0_clk/X (sky130_fd_sc_hd__clkbuf_16)
     2    0.02                           clknet_0_clk (net)
                  0.05    0.00    0.34 ^ clkbuf_1_0__f_clk/A (sky130_fd_sc_hd__clkbuf_16)
                  0.07    0.14    0.48 ^ clkbuf_1_0__f_clk/X (sky130_fd_sc_hd__clkbuf_16)
    14    0.05                           clknet_1_0__leaf_clk (net)
                  0.07    0.00    0.48 ^ _414_/CLK (sky130_fd_sc_hd__dfrtp_4)
                  0.15    0.47    0.95 ^ _414_/Q (sky130_fd_sc_hd__dfrtp_4)
     2    0.04                           net18 (net)
                  0.15    0.00    0.95 ^ _333_/B2 (sky130_fd_sc_hd__a2bb2o_1)
                  0.05    0.15    1.10 ^ _333_/X (sky130_fd_sc_hd__a2bb2o_1)
     1    0.00                           _040_ (net)
                  0.05    0.00    1.10 ^ _414_/D (sky130_fd_sc_hd__dfrtp_4)
                                  1.10   data arrival time

                          0.00    0.00   clock clk (rise edge)
                          0.00    0.00   clock source latency
                  0.23    0.17    0.17 ^ clk (in)
     1    0.05                           clk (net)
                  0.23    0.00    0.17 ^ clkbuf_0_clk/A (sky130_fd_sc_hd__clkbuf_16)
                  0.05    0.20    0.37 ^ clkbuf_0_clk/X (sky130_fd_sc_hd__clkbuf_16)
     2    0.02                           clknet_0_clk (net)
                  0.05    0.00    0.37 ^ clkbuf_1_0__f_clk/A (sky130_fd_sc_hd__clkbuf_16)
                  0.07    0.16    0.53 ^ clkbuf_1_0__f_clk/X (sky130_fd_sc_hd__clkbuf_16)
    14    0.05                           clknet_1_0__leaf_clk (net)
                  0.07    0.00    0.53 ^ _414_/CLK (sky130_fd_sc_hd__dfrtp_4)
                          0.25    0.78   clock uncertainty
                         -0.05    0.73   clock reconvergence pessimism
                         -0.03    0.70   library hold time
                                  0.70   data required time
-----------------------------------------------------------------------------
                                  0.70   data required time
                                 -1.10   data arrival time
-----------------------------------------------------------------------------
                                  0.40   slack (MET)


Startpoint: _400_ (rising edge-triggered flip-flop clocked by clk)
Endpoint: _401_ (rising edge-triggered flip-flop clocked by clk)
Path Group: clk
Path Type: min
Corner: Typical

Fanout     Cap    Slew   Delay    Time   Description
-----------------------------------------------------------------------------
                          0.00    0.00   clock clk (rise edge)
                          0.00    0.00   clock source latency
                  0.23    0.16    0.16 ^ clk (in)
     1    0.05                           clk (net)
                  0.23    0.00    0.16 ^ clkbuf_0_clk/A (sky130_fd_sc_hd__clkbuf_16)
                  0.05    0.18    0.34 ^ clkbuf_0_clk/X (sky130_fd_sc_hd__clkbuf_16)
     2    0.02                           clknet_0_clk (net)
                  0.05    0.00    0.34 ^ clkbuf_1_1__f_clk/A (sky130_fd_sc_hd__clkbuf_16)
                  0.07    0.14    0.48 ^ clkbuf_1_1__f_clk/X (sky130_fd_sc_hd__clkbuf_16)
    14    0.05                           clknet_1_1__leaf_clk (net)
                  0.07    0.00    0.48 ^ _400_/CLK (sky130_fd_sc_hd__dfrtp_4)
                  0.11    0.44    0.92 ^ _400_/Q (sky130_fd_sc_hd__dfrtp_4)
     7    0.03                           U_PC.pc[2] (net)
                  0.11    0.00    0.92 ^ _365_/A (sky130_fd_sc_hd__inv_2)
                  0.03    0.03    0.96 v _365_/Y (sky130_fd_sc_hd__inv_2)
     1    0.00                           _179_ (net)
                  0.03    0.00    0.96 v _366_/A1 (sky130_fd_sc_hd__o21a_1)
                  0.03    0.16    1.11 v _366_/X (sky130_fd_sc_hd__o21a_1)
     1    0.00                           U_PC.next_pc[3] (net)
                  0.03    0.00    1.11 v _401_/D (sky130_fd_sc_hd__dfrtp_4)
                                  1.11   data arrival time

                          0.00    0.00   clock clk (rise edge)
                          0.00    0.00   clock source latency
                  0.23    0.17    0.17 ^ clk (in)
     1    0.05                           clk (net)
                  0.23    0.00    0.17 ^ clkbuf_0_clk/A (sky130_fd_sc_hd__clkbuf_16)
                  0.05    0.20    0.37 ^ clkbuf_0_clk/X (sky130_fd_sc_hd__clkbuf_16)
     2    0.02                           clknet_0_clk (net)
                  0.05    0.00    0.37 ^ clkbuf_1_1__f_clk/A (sky130_fd_sc_hd__clkbuf_16)
                  0.07    0.16    0.53 ^ clkbuf_1_1__f_clk/X (sky130_fd_sc_hd__clkbuf_16)
    14    0.05                           clknet_1_1__leaf_clk (net)
                  0.07    0.00    0.53 ^ _401_/CLK (sky130_fd_sc_hd__dfrtp_4)
                          0.25    0.78   clock uncertainty
                         -0.05    0.73   clock reconvergence pessimism
                         -0.03    0.70   library hold time
                                  0.70   data required time
-----------------------------------------------------------------------------
                                  0.70   data required time
                                 -1.11   data arrival time
-----------------------------------------------------------------------------
                                  0.41   slack (MET)


Startpoint: _402_ (rising edge-triggered flip-flop clocked by clk)
Endpoint: _402_ (rising edge-triggered flip-flop clocked by clk)
Path Group: clk
Path Type: min
Corner: Typical

Fanout     Cap    Slew   Delay    Time   Description
-----------------------------------------------------------------------------
                          0.00    0.00   clock clk (rise edge)
                          0.00    0.00   clock source latency
                  0.23    0.16    0.16 ^ clk (in)
     1    0.05                           clk (net)
                  0.23    0.00    0.16 ^ clkbuf_0_clk/A (sky130_fd_sc_hd__clkbuf_16)
                  0.05    0.18    0.34 ^ clkbuf_0_clk/X (sky130_fd_sc_hd__clkbuf_16)
     2    0.02                           clknet_0_clk (net)
                  0.05    0.00    0.34 ^ clkbuf_1_1__f_clk/A (sky130_fd_sc_hd__clkbuf_16)
                  0.07    0.14    0.48 ^ clkbuf_1_1__f_clk/X (sky130_fd_sc_hd__clkbuf_16)
    14    0.05                           clknet_1_1__leaf_clk (net)
                  0.07    0.00    0.48 ^ _402_/CLK (sky130_fd_sc_hd__dfrtp_4)
                  0.12    0.45    0.93 ^ _402_/Q (sky130_fd_sc_hd__dfrtp_4)
     4    0.03                           net2 (net)
                  0.12    0.00    0.93 ^ _355_/A0 (sky130_fd_sc_hd__mux2_1)
                  0.04    0.13    1.06 ^ _355_/X (sky130_fd_sc_hd__mux2_1)
     1    0.00                           _173_ (net)
                  0.04    0.00    1.06 ^ _356_/A (sky130_fd_sc_hd__clkbuf_1)
                  0.05    0.08    1.14 ^ _356_/X (sky130_fd_sc_hd__clkbuf_1)
     1    0.00                           _028_ (net)
                  0.05    0.00    1.14 ^ _402_/D (sky130_fd_sc_hd__dfrtp_4)
                                  1.14   data arrival time

                          0.00    0.00   clock clk (rise edge)
                          0.00    0.00   clock source latency
                  0.23    0.17    0.17 ^ clk (in)
     1    0.05                           clk (net)
                  0.23    0.00    0.17 ^ clkbuf_0_clk/A (sky130_fd_sc_hd__clkbuf_16)
                  0.05    0.20    0.37 ^ clkbuf_0_clk/X (sky130_fd_sc_hd__clkbuf_16)
     2    0.02                           clknet_0_clk (net)
                  0.05    0.00    0.37 ^ clkbuf_1_1__f_clk/A (sky130_fd_sc_hd__clkbuf_16)
                  0.07    0.16    0.53 ^ clkbuf_1_1__f_clk/X (sky130_fd_sc_hd__clkbuf_16)
    14    0.05                           clknet_1_1__leaf_clk (net)
                  0.07    0.00    0.53 ^ _402_/CLK (sky130_fd_sc_hd__dfrtp_4)
                          0.25    0.78   clock uncertainty
                         -0.05    0.73   clock reconvergence pessimism
                         -0.03    0.70   library hold time
                                  0.70   data required time
-----------------------------------------------------------------------------
                                  0.70   data required time
                                 -1.14   data arrival time
-----------------------------------------------------------------------------
                                  0.44   slack (MET)


Startpoint: _421_ (rising edge-triggered flip-flop clocked by clk)
Endpoint: _421_ (rising edge-triggered flip-flop clocked by clk)
Path Group: clk
Path Type: min
Corner: Typical

Fanout     Cap    Slew   Delay    Time   Description
-----------------------------------------------------------------------------
                          0.00    0.00   clock clk (rise edge)
                          0.00    0.00   clock source latency
                  0.23    0.16    0.16 ^ clk (in)
     1    0.05                           clk (net)
                  0.23    0.00    0.16 ^ clkbuf_0_clk/A (sky130_fd_sc_hd__clkbuf_16)
                  0.05    0.18    0.34 ^ clkbuf_0_clk/X (sky130_fd_sc_hd__clkbuf_16)
     2    0.02                           clknet_0_clk (net)
                  0.05    0.00    0.34 ^ clkbuf_1_1__f_clk/A (sky130_fd_sc_hd__clkbuf_16)
                  0.07    0.14    0.48 ^ clkbuf_1_1__f_clk/X (sky130_fd_sc_hd__clkbuf_16)
    14    0.05                           clknet_1_1__leaf_clk (net)
                  0.07    0.00    0.48 ^ _421_/CLK (sky130_fd_sc_hd__dfrtp_4)
                  0.13    0.45    0.93 ^ _421_/Q (sky130_fd_sc_hd__dfrtp_4)
     4    0.03                           net13 (net)
                  0.13    0.00    0.93 ^ _285_/A0 (sky130_fd_sc_hd__mux2_1)
                  0.04    0.13    1.07 ^ _285_/X (sky130_fd_sc_hd__mux2_1)
     1    0.00                           _122_ (net)
                  0.04    0.00    1.07 ^ _286_/A (sky130_fd_sc_hd__clkbuf_1)
                  0.05    0.08    1.14 ^ _286_/X (sky130_fd_sc_hd__clkbuf_1)
     1    0.00                           _047_ (net)
                  0.05    0.00    1.14 ^ _421_/D (sky130_fd_sc_hd__dfrtp_4)
                                  1.14   data arrival time

                          0.00    0.00   clock clk (rise edge)
                          0.00    0.00   clock source latency
                  0.23    0.17    0.17 ^ clk (in)
     1    0.05                           clk (net)
                  0.23    0.00    0.17 ^ clkbuf_0_clk/A (sky130_fd_sc_hd__clkbuf_16)
                  0.05    0.20    0.37 ^ clkbuf_0_clk/X (sky130_fd_sc_hd__clkbuf_16)
     2    0.02                           clknet_0_clk (net)
                  0.05    0.00    0.37 ^ clkbuf_1_1__f_clk/A (sky130_fd_sc_hd__clkbuf_16)
                  0.07    0.16    0.53 ^ clkbuf_1_1__f_clk/X (sky130_fd_sc_hd__clkbuf_16)
    14    0.05                           clknet_1_1__leaf_clk (net)
                  0.07    0.00    0.53 ^ _421_/CLK (sky130_fd_sc_hd__dfrtp_4)
                          0.25    0.78   clock uncertainty
                         -0.05    0.73   clock reconvergence pessimism
                         -0.03    0.70   library hold time
                                  0.70   data required time
-----------------------------------------------------------------------------
                                  0.70   data required time
                                 -1.14   data arrival time
-----------------------------------------------------------------------------
                                  0.44   slack (MET)


Startpoint: _416_ (rising edge-triggered flip-flop clocked by clk)
Endpoint: _416_ (rising edge-triggered flip-flop clocked by clk)
Path Group: clk
Path Type: min
Corner: Typical

Fanout     Cap    Slew   Delay    Time   Description
-----------------------------------------------------------------------------
                          0.00    0.00   clock clk (rise edge)
                          0.00    0.00   clock source latency
                  0.23    0.16    0.16 ^ clk (in)
     1    0.05                           clk (net)
                  0.23    0.00    0.16 ^ clkbuf_0_clk/A (sky130_fd_sc_hd__clkbuf_16)
                  0.05    0.18    0.34 ^ clkbuf_0_clk/X (sky130_fd_sc_hd__clkbuf_16)
     2    0.02                           clknet_0_clk (net)
                  0.05    0.00    0.34 ^ clkbuf_1_0__f_clk/A (sky130_fd_sc_hd__clkbuf_16)
                  0.07    0.14    0.48 ^ clkbuf_1_0__f_clk/X (sky130_fd_sc_hd__clkbuf_16)
    14    0.05                           clknet_1_0__leaf_clk (net)
                  0.07    0.00    0.48 ^ _416_/CLK (sky130_fd_sc_hd__dfrtp_4)
                  0.12    0.45    0.93 ^ _416_/Q (sky130_fd_sc_hd__dfrtp_4)
     2    0.03                           net20 (net)
                  0.12    0.00    0.93 ^ _316_/A (sky130_fd_sc_hd__or2_1)
                  0.04    0.11    1.04 ^ _316_/X (sky130_fd_sc_hd__or2_1)
     1    0.00                           _148_ (net)
                  0.04    0.00    1.04 ^ _317_/B1 (sky130_fd_sc_hd__o31a_1)
                  0.05    0.11    1.16 ^ _317_/X (sky130_fd_sc_hd__o31a_1)
     1    0.00                           _042_ (net)
                  0.05    0.00    1.16 ^ _416_/D (sky130_fd_sc_hd__dfrtp_4)
                                  1.16   data arrival time

                          0.00    0.00   clock clk (rise edge)
                          0.00    0.00   clock source latency
                  0.23    0.17    0.17 ^ clk (in)
     1    0.05                           clk (net)
                  0.23    0.00    0.17 ^ clkbuf_0_clk/A (sky130_fd_sc_hd__clkbuf_16)
                  0.05    0.20    0.37 ^ clkbuf_0_clk/X (sky130_fd_sc_hd__clkbuf_16)
     2    0.02                           clknet_0_clk (net)
                  0.05    0.00    0.37 ^ clkbuf_1_0__f_clk/A (sky130_fd_sc_hd__clkbuf_16)
                  0.07    0.16    0.53 ^ clkbuf_1_0__f_clk/X (sky130_fd_sc_hd__clkbuf_16)
    14    0.05                           clknet_1_0__leaf_clk (net)
                  0.07    0.00    0.53 ^ _416_/CLK (sky130_fd_sc_hd__dfrtp_4)
                          0.25    0.78   clock uncertainty
                         -0.05    0.73   clock reconvergence pessimism
                         -0.03    0.70   library hold time
                                  0.70   data required time
-----------------------------------------------------------------------------
                                  0.70   data required time
                                 -1.16   data arrival time
-----------------------------------------------------------------------------
                                  0.45   slack (MET)


Startpoint: _405_ (rising edge-triggered flip-flop clocked by clk)
Endpoint: _405_ (rising edge-triggered flip-flop clocked by clk)
Path Group: clk
Path Type: min
Corner: Typical

Fanout     Cap    Slew   Delay    Time   Description
-----------------------------------------------------------------------------
                          0.00    0.00   clock clk (rise edge)
                          0.00    0.00   clock source latency
                  0.23    0.16    0.16 ^ clk (in)
     1    0.05                           clk (net)
                  0.23    0.00    0.16 ^ clkbuf_0_clk/A (sky130_fd_sc_hd__clkbuf_16)
                  0.05    0.18    0.34 ^ clkbuf_0_clk/X (sky130_fd_sc_hd__clkbuf_16)
     2    0.02                           clknet_0_clk (net)
                  0.05    0.00    0.34 ^ clkbuf_1_1__f_clk/A (sky130_fd_sc_hd__clkbuf_16)
                  0.07    0.14    0.48 ^ clkbuf_1_1__f_clk/X (sky130_fd_sc_hd__clkbuf_16)
    14    0.05                           clknet_1_1__leaf_clk (net)
                  0.07    0.00    0.48 ^ _405_/CLK (sky130_fd_sc_hd__dfrtp_4)
                  0.14    0.47    0.95 ^ _405_/Q (sky130_fd_sc_hd__dfrtp_4)
     3    0.04                           net5 (net)
                  0.14    0.00    0.95 ^ _349_/A0 (sky130_fd_sc_hd__mux2_1)
                  0.04    0.14    1.08 ^ _349_/X (sky130_fd_sc_hd__mux2_1)
     1    0.00                           _170_ (net)
                  0.04    0.00    1.08 ^ _350_/A (sky130_fd_sc_hd__clkbuf_1)
                  0.04    0.07    1.16 ^ _350_/X (sky130_fd_sc_hd__clkbuf_1)
     1    0.00                           _031_ (net)
                  0.04    0.00    1.16 ^ _405_/D (sky130_fd_sc_hd__dfrtp_4)
                                  1.16   data arrival time

                          0.00    0.00   clock clk (rise edge)
                          0.00    0.00   clock source latency
                  0.23    0.17    0.17 ^ clk (in)
     1    0.05                           clk (net)
                  0.23    0.00    0.17 ^ clkbuf_0_clk/A (sky130_fd_sc_hd__clkbuf_16)
                  0.05    0.20    0.37 ^ clkbuf_0_clk/X (sky130_fd_sc_hd__clkbuf_16)
     2    0.02                           clknet_0_clk (net)
                  0.05    0.00    0.37 ^ clkbuf_1_1__f_clk/A (sky130_fd_sc_hd__clkbuf_16)
                  0.07    0.16    0.53 ^ clkbuf_1_1__f_clk/X (sky130_fd_sc_hd__clkbuf_16)
    14    0.05                           clknet_1_1__leaf_clk (net)
                  0.07    0.00    0.53 ^ _405_/CLK (sky130_fd_sc_hd__dfrtp_4)
                          0.25    0.78   clock uncertainty
                         -0.05    0.73   clock reconvergence pessimism
                         -0.03    0.70   library hold time
                                  0.70   data required time
-----------------------------------------------------------------------------
                                  0.70   data required time
                                 -1.16   data arrival time
-----------------------------------------------------------------------------
                                  0.46   slack (MET)


Startpoint: _409_ (rising edge-triggered flip-flop clocked by clk)
Endpoint: _409_ (rising edge-triggered flip-flop clocked by clk)
Path Group: clk
Path Type: min
Corner: Typical

Fanout     Cap    Slew   Delay    Time   Description
-----------------------------------------------------------------------------
                          0.00    0.00   clock clk (rise edge)
                          0.00    0.00   clock source latency
                  0.23    0.16    0.16 ^ clk (in)
     1    0.05                           clk (net)
                  0.23    0.00    0.16 ^ clkbuf_0_clk/A (sky130_fd_sc_hd__clkbuf_16)
                  0.05    0.18    0.34 ^ clkbuf_0_clk/X (sky130_fd_sc_hd__clkbuf_16)
     2    0.02                           clknet_0_clk (net)
                  0.05    0.00    0.34 ^ clkbuf_1_0__f_clk/A (sky130_fd_sc_hd__clkbuf_16)
                  0.07    0.14    0.48 ^ clkbuf_1_0__f_clk/X (sky130_fd_sc_hd__clkbuf_16)
    14    0.05                           clknet_1_0__leaf_clk (net)
                  0.07    0.00    0.48 ^ _409_/CLK (sky130_fd_sc_hd__dfrtp_4)
                  0.13    0.45    0.93 ^ _409_/Q (sky130_fd_sc_hd__dfrtp_4)
     3    0.03                           net9 (net)
                  0.13    0.00    0.94 ^ _341_/A (sky130_fd_sc_hd__or2_1)
                  0.05    0.12    1.05 ^ _341_/X (sky130_fd_sc_hd__or2_1)
     1    0.00                           _166_ (net)
                  0.05    0.00    1.05 ^ _342_/B1 (sky130_fd_sc_hd__o41a_1)
                  0.04    0.12    1.17 ^ _342_/X (sky130_fd_sc_hd__o41a_1)
     1    0.00                           _035_ (net)
                  0.04    0.00    1.17 ^ _409_/D (sky130_fd_sc_hd__dfrtp_4)
                                  1.17   data arrival time

                          0.00    0.00   clock clk (rise edge)
                          0.00    0.00   clock source latency
                  0.23    0.17    0.17 ^ clk (in)
     1    0.05                           clk (net)
                  0.23    0.00    0.17 ^ clkbuf_0_clk/A (sky130_fd_sc_hd__clkbuf_16)
                  0.05    0.20    0.37 ^ clkbuf_0_clk/X (sky130_fd_sc_hd__clkbuf_16)
     2    0.02                           clknet_0_clk (net)
                  0.05    0.00    0.37 ^ clkbuf_1_0__f_clk/A (sky130_fd_sc_hd__clkbuf_16)
                  0.07    0.16    0.53 ^ clkbuf_1_0__f_clk/X (sky130_fd_sc_hd__clkbuf_16)
    14    0.05                           clknet_1_0__leaf_clk (net)
                  0.07    0.00    0.53 ^ _409_/CLK (sky130_fd_sc_hd__dfrtp_4)
                          0.25    0.78   clock uncertainty
                         -0.05    0.73   clock reconvergence pessimism
                         -0.03    0.70   library hold time
                                  0.70   data required time
-----------------------------------------------------------------------------
                                  0.70   data required time
                                 -1.17   data arrival time
-----------------------------------------------------------------------------
                                  0.47   slack (MET)


Startpoint: _401_ (rising edge-triggered flip-flop clocked by clk)
Endpoint: _419_ (rising edge-triggered flip-flop clocked by clk)
Path Group: clk
Path Type: min
Corner: Typical

Fanout     Cap    Slew   Delay    Time   Description
-----------------------------------------------------------------------------
                          0.00    0.00   clock clk (rise edge)
                          0.00    0.00   clock source latency
                  0.23    0.16    0.16 ^ clk (in)
     1    0.05                           clk (net)
                  0.23    0.00    0.16 ^ clkbuf_0_clk/A (sky130_fd_sc_hd__clkbuf_16)
                  0.05    0.18    0.34 ^ clkbuf_0_clk/X (sky130_fd_sc_hd__clkbuf_16)
     2    0.02                           clknet_0_clk (net)
                  0.05    0.00    0.34 ^ clkbuf_1_1__f_clk/A (sky130_fd_sc_hd__clkbuf_16)
                  0.07    0.14    0.48 ^ clkbuf_1_1__f_clk/X (sky130_fd_sc_hd__clkbuf_16)
    14    0.05                           clknet_1_1__leaf_clk (net)
                  0.07    0.00    0.48 ^ _401_/CLK (sky130_fd_sc_hd__dfrtp_4)
                  0.10    0.43    0.91 ^ _401_/Q (sky130_fd_sc_hd__dfrtp_4)
     8    0.03                           U_PC.pc[3] (net)
                  0.10    0.00    0.92 ^ _232_/A (sky130_fd_sc_hd__nor3_2)
                  0.07    0.09    1.01 v _232_/Y (sky130_fd_sc_hd__nor3_2)
     5    0.03                           _073_ (net)
                  0.07    0.00    1.01 v _300_/A1 (sky130_fd_sc_hd__a21o_1)
                  0.04    0.16    1.17 v _300_/X (sky130_fd_sc_hd__a21o_1)
     1    0.00                           _045_ (net)
                  0.04    0.00    1.17 v _419_/D (sky130_fd_sc_hd__dfrtp_4)
                                  1.17   data arrival time

                          0.00    0.00   clock clk (rise edge)
                          0.00    0.00   clock source latency
                  0.23    0.17    0.17 ^ clk (in)
     1    0.05                           clk (net)
                  0.23    0.00    0.17 ^ clkbuf_0_clk/A (sky130_fd_sc_hd__clkbuf_16)
                  0.05    0.20    0.37 ^ clkbuf_0_clk/X (sky130_fd_sc_hd__clkbuf_16)
     2    0.02                           clknet_0_clk (net)
                  0.05    0.00    0.37 ^ clkbuf_1_1__f_clk/A (sky130_fd_sc_hd__clkbuf_16)
                  0.07    0.16    0.53 ^ clkbuf_1_1__f_clk/X (sky130_fd_sc_hd__clkbuf_16)
    14    0.05                           clknet_1_1__leaf_clk (net)
                  0.07    0.00    0.53 ^ _419_/CLK (sky130_fd_sc_hd__dfrtp_4)
                          0.25    0.78   clock uncertainty
                         -0.05    0.73   clock reconvergence pessimism
                         -0.03    0.70   library hold time
                                  0.70   data required time
-----------------------------------------------------------------------------
                                  0.70   data required time
                                 -1.17   data arrival time
-----------------------------------------------------------------------------
                                  0.47   slack (MET)


Startpoint: _400_ (rising edge-triggered flip-flop clocked by clk)
Endpoint: _400_ (rising edge-triggered flip-flop clocked by clk)
Path Group: clk
Path Type: min
Corner: Typical

Fanout     Cap    Slew   Delay    Time   Description
-----------------------------------------------------------------------------
                          0.00    0.00   clock clk (rise edge)
                          0.00    0.00   clock source latency
                  0.23    0.16    0.16 ^ clk (in)
     1    0.05                           clk (net)
                  0.23    0.00    0.16 ^ clkbuf_0_clk/A (sky130_fd_sc_hd__clkbuf_16)
                  0.05    0.18    0.34 ^ clkbuf_0_clk/X (sky130_fd_sc_hd__clkbuf_16)
     2    0.02                           clknet_0_clk (net)
                  0.05    0.00    0.34 ^ clkbuf_1_1__f_clk/A (sky130_fd_sc_hd__clkbuf_16)
                  0.07    0.14    0.48 ^ clkbuf_1_1__f_clk/X (sky130_fd_sc_hd__clkbuf_16)
    14    0.05                           clknet_1_1__leaf_clk (net)
                  0.07    0.00    0.48 ^ _400_/CLK (sky130_fd_sc_hd__dfrtp_4)
                  0.11    0.44    0.92 ^ _400_/Q (sky130_fd_sc_hd__dfrtp_4)
     7    0.03                           U_PC.pc[2] (net)
                  0.11    0.00    0.92 ^ _363_/A (sky130_fd_sc_hd__xnor2_1)
                  0.04    0.11    1.03 ^ _363_/Y (sky130_fd_sc_hd__xnor2_1)
     1    0.00                           _178_ (net)
                  0.04    0.00    1.03 ^ _364_/B1 (sky130_fd_sc_hd__o2bb2a_1)
                  0.05    0.13    1.17 ^ _364_/X (sky130_fd_sc_hd__o2bb2a_1)
     1    0.00                           U_PC.next_pc[2] (net)
                  0.05    0.00    1.17 ^ _400_/D (sky130_fd_sc_hd__dfrtp_4)
                                  1.17   data arrival time

                          0.00    0.00   clock clk (rise edge)
                          0.00    0.00   clock source latency
                  0.23    0.17    0.17 ^ clk (in)
     1    0.05                           clk (net)
                  0.23    0.00    0.17 ^ clkbuf_0_clk/A (sky130_fd_sc_hd__clkbuf_16)
                  0.05    0.20    0.37 ^ clkbuf_0_clk/X (sky130_fd_sc_hd__clkbuf_16)
     2    0.02                           clknet_0_clk (net)
                  0.05    0.00    0.37 ^ clkbuf_1_1__f_clk/A (sky130_fd_sc_hd__clkbuf_16)
                  0.07    0.16    0.53 ^ clkbuf_1_1__f_clk/X (sky130_fd_sc_hd__clkbuf_16)
    14    0.05                           clknet_1_1__leaf_clk (net)
                  0.07    0.00    0.53 ^ _400_/CLK (sky130_fd_sc_hd__dfrtp_4)
                          0.25    0.78   clock uncertainty
                         -0.05    0.73   clock reconvergence pessimism
                         -0.03    0.70   library hold time
                                  0.70   data required time
-----------------------------------------------------------------------------
                                  0.70   data required time
                                 -1.17   data arrival time
-----------------------------------------------------------------------------
                                  0.47   slack (MET)


Startpoint: _411_ (rising edge-triggered flip-flop clocked by clk)
Endpoint: _411_ (rising edge-triggered flip-flop clocked by clk)
Path Group: clk
Path Type: min
Corner: Typical

Fanout     Cap    Slew   Delay    Time   Description
-----------------------------------------------------------------------------
                          0.00    0.00   clock clk (rise edge)
                          0.00    0.00   clock source latency
                  0.23    0.16    0.16 ^ clk (in)
     1    0.05                           clk (net)
                  0.23    0.00    0.16 ^ clkbuf_0_clk/A (sky130_fd_sc_hd__clkbuf_16)
                  0.05    0.18    0.34 ^ clkbuf_0_clk/X (sky130_fd_sc_hd__clkbuf_16)
     2    0.02                           clknet_0_clk (net)
                  0.05    0.00    0.34 ^ clkbuf_1_1__f_clk/A (sky130_fd_sc_hd__clkbuf_16)
                  0.07    0.14    0.48 ^ clkbuf_1_1__f_clk/X (sky130_fd_sc_hd__clkbuf_16)
    14    0.05                           clknet_1_1__leaf_clk (net)
                  0.07    0.00    0.48 ^ _411_/CLK (sky130_fd_sc_hd__dfrtp_4)
                  0.12    0.45    0.93 ^ _411_/Q (sky130_fd_sc_hd__dfrtp_4)
     2    0.03                           net24 (net)
                  0.12    0.00    0.93 ^ _337_/A (sky130_fd_sc_hd__and3_1)
                  0.06    0.16    1.09 ^ _337_/X (sky130_fd_sc_hd__and3_1)
     1    0.00                           _164_ (net)
                  0.06    0.00    1.09 ^ _338_/A (sky130_fd_sc_hd__clkbuf_1)
                  0.04    0.08    1.17 ^ _338_/X (sky130_fd_sc_hd__clkbuf_1)
     1    0.00                           _037_ (net)
                  0.04    0.00    1.17 ^ _411_/D (sky130_fd_sc_hd__dfrtp_4)
                                  1.17   data arrival time

                          0.00    0.00   clock clk (rise edge)
                          0.00    0.00   clock source latency
                  0.23    0.17    0.17 ^ clk (in)
     1    0.05                           clk (net)
                  0.23    0.00    0.17 ^ clkbuf_0_clk/A (sky130_fd_sc_hd__clkbuf_16)
                  0.05    0.20    0.37 ^ clkbuf_0_clk/X (sky130_fd_sc_hd__clkbuf_16)
     2    0.02                           clknet_0_clk (net)
                  0.05    0.00    0.37 ^ clkbuf_1_1__f_clk/A (sky130_fd_sc_hd__clkbuf_16)
                  0.07    0.16    0.53 ^ clkbuf_1_1__f_clk/X (sky130_fd_sc_hd__clkbuf_16)
    14    0.05                           clknet_1_1__leaf_clk (net)
                  0.07    0.00    0.53 ^ _411_/CLK (sky130_fd_sc_hd__dfrtp_4)
                          0.25    0.78   clock uncertainty
                         -0.05    0.73   clock reconvergence pessimism
                         -0.03    0.70   library hold time
                                  0.70   data required time
-----------------------------------------------------------------------------
                                  0.70   data required time
                                 -1.17   data arrival time
-----------------------------------------------------------------------------
                                  0.47   slack (MET)


Startpoint: _401_ (rising edge-triggered flip-flop clocked by clk)
Endpoint: _420_ (rising edge-triggered flip-flop clocked by clk)
Path Group: clk
Path Type: min
Corner: Typical

Fanout     Cap    Slew   Delay    Time   Description
-----------------------------------------------------------------------------
                          0.00    0.00   clock clk (rise edge)
                          0.00    0.00   clock source latency
                  0.23    0.16    0.16 ^ clk (in)
     1    0.05                           clk (net)
                  0.23    0.00    0.16 ^ clkbuf_0_clk/A (sky130_fd_sc_hd__clkbuf_16)
                  0.05    0.18    0.34 ^ clkbuf_0_clk/X (sky130_fd_sc_hd__clkbuf_16)
     2    0.02                           clknet_0_clk (net)
                  0.05    0.00    0.34 ^ clkbuf_1_1__f_clk/A (sky130_fd_sc_hd__clkbuf_16)
                  0.07    0.14    0.48 ^ clkbuf_1_1__f_clk/X (sky130_fd_sc_hd__clkbuf_16)
    14    0.05                           clknet_1_1__leaf_clk (net)
                  0.07    0.00    0.48 ^ _401_/CLK (sky130_fd_sc_hd__dfrtp_4)
                  0.10    0.43    0.91 ^ _401_/Q (sky130_fd_sc_hd__dfrtp_4)
     8    0.03                           U_PC.pc[3] (net)
                  0.10    0.00    0.92 ^ _232_/A (sky130_fd_sc_hd__nor3_2)
                  0.07    0.09    1.01 v _232_/Y (sky130_fd_sc_hd__nor3_2)
     5    0.03                           _073_ (net)
                  0.07    0.00    1.01 v _292_/A1 (sky130_fd_sc_hd__a21bo_1)
                  0.03    0.17    1.17 v _292_/X (sky130_fd_sc_hd__a21bo_1)
     1    0.00                           _046_ (net)
                  0.03    0.00    1.17 v _420_/D (sky130_fd_sc_hd__dfrtp_4)
                                  1.17   data arrival time

                          0.00    0.00   clock clk (rise edge)
                          0.00    0.00   clock source latency
                  0.23    0.17    0.17 ^ clk (in)
     1    0.05                           clk (net)
                  0.23    0.00    0.17 ^ clkbuf_0_clk/A (sky130_fd_sc_hd__clkbuf_16)
                  0.05    0.20    0.37 ^ clkbuf_0_clk/X (sky130_fd_sc_hd__clkbuf_16)
     2    0.02                           clknet_0_clk (net)
                  0.05    0.00    0.37 ^ clkbuf_1_1__f_clk/A (sky130_fd_sc_hd__clkbuf_16)
                  0.07    0.16    0.53 ^ clkbuf_1_1__f_clk/X (sky130_fd_sc_hd__clkbuf_16)
    14    0.05                           clknet_1_1__leaf_clk (net)
                  0.07    0.00    0.53 ^ _420_/CLK (sky130_fd_sc_hd__dfrtp_4)
                          0.25    0.78   clock uncertainty
                         -0.05    0.73   clock reconvergence pessimism
                         -0.03    0.70   library hold time
                                  0.70   data required time
-----------------------------------------------------------------------------
                                  0.70   data required time
                                 -1.17   data arrival time
-----------------------------------------------------------------------------
                                  0.47   slack (MET)


Startpoint: _403_ (rising edge-triggered flip-flop clocked by clk)
Endpoint: _403_ (rising edge-triggered flip-flop clocked by clk)
Path Group: clk
Path Type: min
Corner: Typical

Fanout     Cap    Slew   Delay    Time   Description
-----------------------------------------------------------------------------
                          0.00    0.00   clock clk (rise edge)
                          0.00    0.00   clock source latency
                  0.23    0.16    0.16 ^ clk (in)
     1    0.05                           clk (net)
                  0.23    0.00    0.16 ^ clkbuf_0_clk/A (sky130_fd_sc_hd__clkbuf_16)
                  0.05    0.18    0.34 ^ clkbuf_0_clk/X (sky130_fd_sc_hd__clkbuf_16)
     2    0.02                           clknet_0_clk (net)
                  0.05    0.00    0.34 ^ clkbuf_1_1__f_clk/A (sky130_fd_sc_hd__clkbuf_16)
                  0.07    0.14    0.48 ^ clkbuf_1_1__f_clk/X (sky130_fd_sc_hd__clkbuf_16)
    14    0.05                           clknet_1_1__leaf_clk (net)
                  0.07    0.00    0.48 ^ _403_/CLK (sky130_fd_sc_hd__dfrtp_4)
                  0.15    0.47    0.95 ^ _403_/Q (sky130_fd_sc_hd__dfrtp_4)
     3    0.04                           net3 (net)
                  0.15    0.00    0.95 ^ _353_/A0 (sky130_fd_sc_hd__mux2_1)
                  0.04    0.14    1.10 ^ _353_/X (sky130_fd_sc_hd__mux2_1)
     1    0.00                           _172_ (net)
                  0.04    0.00    1.10 ^ _354_/A (sky130_fd_sc_hd__clkbuf_1)
                  0.04    0.08    1.17 ^ _354_/X (sky130_fd_sc_hd__clkbuf_1)
     1    0.00                           _029_ (net)
                  0.04    0.00    1.18 ^ _403_/D (sky130_fd_sc_hd__dfrtp_4)
                                  1.18   data arrival time

                          0.00    0.00   clock clk (rise edge)
                          0.00    0.00   clock source latency
                  0.23    0.17    0.17 ^ clk (in)
     1    0.05                           clk (net)
                  0.23    0.00    0.17 ^ clkbuf_0_clk/A (sky130_fd_sc_hd__clkbuf_16)
                  0.05    0.20    0.37 ^ clkbuf_0_clk/X (sky130_fd_sc_hd__clkbuf_16)
     2    0.02                           clknet_0_clk (net)
                  0.05    0.00    0.37 ^ clkbuf_1_1__f_clk/A (sky130_fd_sc_hd__clkbuf_16)
                  0.07    0.16    0.53 ^ clkbuf_1_1__f_clk/X (sky130_fd_sc_hd__clkbuf_16)
    14    0.05                           clknet_1_1__leaf_clk (net)
                  0.07    0.00    0.53 ^ _403_/CLK (sky130_fd_sc_hd__dfrtp_4)
                          0.25    0.78   clock uncertainty
                         -0.05    0.73   clock reconvergence pessimism
                         -0.03    0.70   library hold time
                                  0.70   data required time
-----------------------------------------------------------------------------
                                  0.70   data required time
                                 -1.18   data arrival time
-----------------------------------------------------------------------------
                                  0.47   slack (MET)


Startpoint: _407_ (rising edge-triggered flip-flop clocked by clk)
Endpoint: _407_ (rising edge-triggered flip-flop clocked by clk)
Path Group: clk
Path Type: min
Corner: Typical

Fanout     Cap    Slew   Delay    Time   Description
-----------------------------------------------------------------------------
                          0.00    0.00   clock clk (rise edge)
                          0.00    0.00   clock source latency
                  0.23    0.16    0.16 ^ clk (in)
     1    0.05                           clk (net)
                  0.23    0.00    0.16 ^ clkbuf_0_clk/A (sky130_fd_sc_hd__clkbuf_16)
                  0.05    0.18    0.34 ^ clkbuf_0_clk/X (sky130_fd_sc_hd__clkbuf_16)
     2    0.02                           clknet_0_clk (net)
                  0.05    0.00    0.34 ^ clkbuf_1_0__f_clk/A (sky130_fd_sc_hd__clkbuf_16)
                  0.07    0.14    0.48 ^ clkbuf_1_0__f_clk/X (sky130_fd_sc_hd__clkbuf_16)
    14    0.05                           clknet_1_0__leaf_clk (net)
                  0.07    0.00    0.48 ^ _407_/CLK (sky130_fd_sc_hd__dfrtp_4)
                  0.17    0.48    0.97 ^ _407_/Q (sky130_fd_sc_hd__dfrtp_4)
     3    0.05                           net7 (net)
                  0.17    0.00    0.97 ^ _345_/A0 (sky130_fd_sc_hd__mux2_1)
                  0.04    0.14    1.11 ^ _345_/X (sky130_fd_sc_hd__mux2_1)
     1    0.00                           _168_ (net)
                  0.04    0.00    1.11 ^ _346_/A (sky130_fd_sc_hd__clkbuf_1)
                  0.04    0.07    1.18 ^ _346_/X (sky130_fd_sc_hd__clkbuf_1)
     1    0.00                           _033_ (net)
                  0.04    0.00    1.18 ^ _407_/D (sky130_fd_sc_hd__dfrtp_4)
                                  1.18   data arrival time

                          0.00    0.00   clock clk (rise edge)
                          0.00    0.00   clock source latency
                  0.23    0.17    0.17 ^ clk (in)
     1    0.05                           clk (net)
                  0.23    0.00    0.17 ^ clkbuf_0_clk/A (sky130_fd_sc_hd__clkbuf_16)
                  0.05    0.20    0.37 ^ clkbuf_0_clk/X (sky130_fd_sc_hd__clkbuf_16)
     2    0.02                           clknet_0_clk (net)
                  0.05    0.00    0.37 ^ clkbuf_1_0__f_clk/A (sky130_fd_sc_hd__clkbuf_16)
                  0.07    0.16    0.53 ^ clkbuf_1_0__f_clk/X (sky130_fd_sc_hd__clkbuf_16)
    14    0.05                           clknet_1_0__leaf_clk (net)
                  0.07    0.00    0.53 ^ _407_/CLK (sky130_fd_sc_hd__dfrtp_4)
                          0.25    0.78   clock uncertainty
                         -0.05    0.73   clock reconvergence pessimism
                         -0.03    0.70   library hold time
                                  0.70   data required time
-----------------------------------------------------------------------------
                                  0.70   data required time
                                 -1.18   data arrival time
-----------------------------------------------------------------------------
                                  0.48   slack (MET)


Startpoint: _410_ (rising edge-triggered flip-flop clocked by clk)
Endpoint: _410_ (rising edge-triggered flip-flop clocked by clk)
Path Group: clk
Path Type: min
Corner: Typical

Fanout     Cap    Slew   Delay    Time   Description
-----------------------------------------------------------------------------
                          0.00    0.00   clock clk (rise edge)
                          0.00    0.00   clock source latency
                  0.23    0.16    0.16 ^ clk (in)
     1    0.05                           clk (net)
                  0.23    0.00    0.16 ^ clkbuf_0_clk/A (sky130_fd_sc_hd__clkbuf_16)
                  0.05    0.18    0.34 ^ clkbuf_0_clk/X (sky130_fd_sc_hd__clkbuf_16)
     2    0.02                           clknet_0_clk (net)
                  0.05    0.00    0.34 ^ clkbuf_1_0__f_clk/A (sky130_fd_sc_hd__clkbuf_16)
                  0.07    0.14    0.48 ^ clkbuf_1_0__f_clk/X (sky130_fd_sc_hd__clkbuf_16)
    14    0.05                           clknet_1_0__leaf_clk (net)
                  0.07    0.00    0.48 ^ _410_/CLK (sky130_fd_sc_hd__dfrtp_4)
                  0.25    0.54    1.03 ^ _410_/Q (sky130_fd_sc_hd__dfrtp_4)
     3    0.08                           net23 (net)
                  0.25    0.00    1.03 ^ _339_/A1 (sky130_fd_sc_hd__a31o_1)
                  0.04    0.16    1.19 ^ _339_/X (sky130_fd_sc_hd__a31o_1)
     1    0.00                           _036_ (net)
                  0.04    0.00    1.19 ^ _410_/D (sky130_fd_sc_hd__dfrtp_4)
                                  1.19   data arrival time

                          0.00    0.00   clock clk (rise edge)
                          0.00    0.00   clock source latency
                  0.23    0.17    0.17 ^ clk (in)
     1    0.05                           clk (net)
                  0.23    0.00    0.17 ^ clkbuf_0_clk/A (sky130_fd_sc_hd__clkbuf_16)
                  0.05    0.20    0.37 ^ clkbuf_0_clk/X (sky130_fd_sc_hd__clkbuf_16)
     2    0.02                           clknet_0_clk (net)
                  0.05    0.00    0.37 ^ clkbuf_1_0__f_clk/A (sky130_fd_sc_hd__clkbuf_16)
                  0.07    0.16    0.53 ^ clkbuf_1_0__f_clk/X (sky130_fd_sc_hd__clkbuf_16)
    14    0.05                           clknet_1_0__leaf_clk (net)
                  0.07    0.00    0.53 ^ _410_/CLK (sky130_fd_sc_hd__dfrtp_4)
                          0.25    0.78   clock uncertainty
                         -0.05    0.73   clock reconvergence pessimism
                         -0.03    0.70   library hold time
                                  0.70   data required time
-----------------------------------------------------------------------------
                                  0.70   data required time
                                 -1.19   data arrival time
-----------------------------------------------------------------------------
                                  0.49   slack (MET)


Startpoint: _404_ (rising edge-triggered flip-flop clocked by clk)
Endpoint: _404_ (rising edge-triggered flip-flop clocked by clk)
Path Group: clk
Path Type: min
Corner: Typical

Fanout     Cap    Slew   Delay    Time   Description
-----------------------------------------------------------------------------
                          0.00    0.00   clock clk (rise edge)
                          0.00    0.00   clock source latency
                  0.23    0.16    0.16 ^ clk (in)
     1    0.05                           clk (net)
                  0.23    0.00    0.16 ^ clkbuf_0_clk/A (sky130_fd_sc_hd__clkbuf_16)
                  0.05    0.18    0.34 ^ clkbuf_0_clk/X (sky130_fd_sc_hd__clkbuf_16)
     2    0.02                           clknet_0_clk (net)
                  0.05    0.00    0.34 ^ clkbuf_1_1__f_clk/A (sky130_fd_sc_hd__clkbuf_16)
                  0.07    0.14    0.48 ^ clkbuf_1_1__f_clk/X (sky130_fd_sc_hd__clkbuf_16)
    14    0.05                           clknet_1_1__leaf_clk (net)
                  0.07    0.00    0.48 ^ _404_/CLK (sky130_fd_sc_hd__dfrtp_4)
                  0.18    0.50    0.98 ^ _404_/Q (sky130_fd_sc_hd__dfrtp_4)
     4    0.06                           net4 (net)
                  0.18    0.00    0.98 ^ _351_/A0 (sky130_fd_sc_hd__mux2_1)
                  0.04    0.15    1.13 ^ _351_/X (sky130_fd_sc_hd__mux2_1)
     1    0.00                           _171_ (net)
                  0.04    0.00    1.13 ^ _352_/A (sky130_fd_sc_hd__clkbuf_1)
                  0.04    0.08    1.21 ^ _352_/X (sky130_fd_sc_hd__clkbuf_1)
     1    0.00                           _030_ (net)
                  0.04    0.00    1.21 ^ _404_/D (sky130_fd_sc_hd__dfrtp_4)
                                  1.21   data arrival time

                          0.00    0.00   clock clk (rise edge)
                          0.00    0.00   clock source latency
                  0.23    0.17    0.17 ^ clk (in)
     1    0.05                           clk (net)
                  0.23    0.00    0.17 ^ clkbuf_0_clk/A (sky130_fd_sc_hd__clkbuf_16)
                  0.05    0.20    0.37 ^ clkbuf_0_clk/X (sky130_fd_sc_hd__clkbuf_16)
     2    0.02                           clknet_0_clk (net)
                  0.05    0.00    0.37 ^ clkbuf_1_1__f_clk/A (sky130_fd_sc_hd__clkbuf_16)
                  0.07    0.16    0.53 ^ clkbuf_1_1__f_clk/X (sky130_fd_sc_hd__clkbuf_16)
    14    0.05                           clknet_1_1__leaf_clk (net)
                  0.07    0.00    0.53 ^ _404_/CLK (sky130_fd_sc_hd__dfrtp_4)
                          0.25    0.78   clock uncertainty
                         -0.05    0.73   clock reconvergence pessimism
                         -0.03    0.70   library hold time
                                  0.70   data required time
-----------------------------------------------------------------------------
                                  0.70   data required time
                                 -1.21   data arrival time
-----------------------------------------------------------------------------
                                  0.50   slack (MET)


Startpoint: _398_ (rising edge-triggered flip-flop clocked by clk)
Endpoint: _399_ (rising edge-triggered flip-flop clocked by clk)
Path Group: clk
Path Type: min
Corner: Typical

Fanout     Cap    Slew   Delay    Time   Description
-----------------------------------------------------------------------------
                          0.00    0.00   clock clk (rise edge)
                          0.00    0.00   clock source latency
                  0.23    0.16    0.16 ^ clk (in)
     1    0.05                           clk (net)
                  0.23    0.00    0.16 ^ clkbuf_0_clk/A (sky130_fd_sc_hd__clkbuf_16)
                  0.05    0.18    0.34 ^ clkbuf_0_clk/X (sky130_fd_sc_hd__clkbuf_16)
     2    0.02                           clknet_0_clk (net)
                  0.05    0.00    0.34 ^ clkbuf_1_1__f_clk/A (sky130_fd_sc_hd__clkbuf_16)
                  0.07    0.14    0.48 ^ clkbuf_1_1__f_clk/X (sky130_fd_sc_hd__clkbuf_16)
    14    0.05                           clknet_1_1__leaf_clk (net)
                  0.07    0.00    0.48 ^ _398_/CLK (sky130_fd_sc_hd__dfrtp_4)
                  0.13    0.46    0.94 ^ _398_/Q (sky130_fd_sc_hd__dfrtp_4)
    10    0.04                           U_PC.pc[0] (net)
                  0.13    0.00    0.94 ^ _359_/B (sky130_fd_sc_hd__and2b_1)
                  0.05    0.14    1.07 ^ _359_/X (sky130_fd_sc_hd__and2b_1)
     2    0.00                           _175_ (net)
                  0.05    0.00    1.07 ^ _360_/C (sky130_fd_sc_hd__or3_1)
                  0.04    0.09    1.16 ^ _360_/X (sky130_fd_sc_hd__or3_1)
     1    0.00                           _176_ (net)
                  0.04    0.00    1.16 ^ _361_/A (sky130_fd_sc_hd__clkbuf_1)
                  0.04    0.07    1.23 ^ _361_/X (sky130_fd_sc_hd__clkbuf_1)
     1    0.00                           U_PC.next_pc[1] (net)
                  0.04    0.00    1.23 ^ _399_/D (sky130_fd_sc_hd__dfrtp_4)
                                  1.23   data arrival time

                          0.00    0.00   clock clk (rise edge)
                          0.00    0.00   clock source latency
                  0.23    0.17    0.17 ^ clk (in)
     1    0.05                           clk (net)
                  0.23    0.00    0.17 ^ clkbuf_0_clk/A (sky130_fd_sc_hd__clkbuf_16)
                  0.05    0.20    0.37 ^ clkbuf_0_clk/X (sky130_fd_sc_hd__clkbuf_16)
     2    0.02                           clknet_0_clk (net)
                  0.05    0.00    0.37 ^ clkbuf_1_1__f_clk/A (sky130_fd_sc_hd__clkbuf_16)
                  0.07    0.16    0.53 ^ clkbuf_1_1__f_clk/X (sky130_fd_sc_hd__clkbuf_16)
    14    0.05                           clknet_1_1__leaf_clk (net)
                  0.07    0.00    0.53 ^ _399_/CLK (sky130_fd_sc_hd__dfrtp_4)
                          0.25    0.78   clock uncertainty
                         -0.05    0.73   clock reconvergence pessimism
                         -0.03    0.70   library hold time
                                  0.70   data required time
-----------------------------------------------------------------------------
                                  0.70   data required time
                                 -1.23   data arrival time
-----------------------------------------------------------------------------
                                  0.53   slack (MET)


Startpoint: _413_ (rising edge-triggered flip-flop clocked by clk)
Endpoint: _413_ (rising edge-triggered flip-flop clocked by clk)
Path Group: clk
Path Type: min
Corner: Typical

Fanout     Cap    Slew   Delay    Time   Description
-----------------------------------------------------------------------------
                          0.00    0.00   clock clk (rise edge)
                          0.00    0.00   clock source latency
                  0.23    0.16    0.16 ^ clk (in)
     1    0.05                           clk (net)
                  0.23    0.00    0.16 ^ clkbuf_0_clk/A (sky130_fd_sc_hd__clkbuf_16)
                  0.05    0.18    0.34 ^ clkbuf_0_clk/X (sky130_fd_sc_hd__clkbuf_16)
     2    0.02                           clknet_0_clk (net)
                  0.05    0.00    0.34 ^ clkbuf_1_0__f_clk/A (sky130_fd_sc_hd__clkbuf_16)
                  0.07    0.14    0.48 ^ clkbuf_1_0__f_clk/X (sky130_fd_sc_hd__clkbuf_16)
    14    0.05                           clknet_1_0__leaf_clk (net)
                  0.07    0.00    0.48 ^ _413_/CLK (sky130_fd_sc_hd__dfrtp_4)
                  0.21    0.52    1.00 ^ _413_/Q (sky130_fd_sc_hd__dfrtp_4)
     3    0.07                           net27 (net)
                  0.21    0.00    1.00 ^ _334_/A (sky130_fd_sc_hd__and3_1)
                  0.05    0.17    1.17 ^ _334_/X (sky130_fd_sc_hd__and3_1)
     1    0.00                           _163_ (net)
                  0.05    0.00    1.17 ^ _335_/A (sky130_fd_sc_hd__clkbuf_1)
                  0.04    0.08    1.25 ^ _335_/X (sky130_fd_sc_hd__clkbuf_1)
     1    0.00                           _039_ (net)
                  0.04    0.00    1.25 ^ _413_/D (sky130_fd_sc_hd__dfrtp_4)
                                  1.25   data arrival time

                          0.00    0.00   clock clk (rise edge)
                          0.00    0.00   clock source latency
                  0.23    0.17    0.17 ^ clk (in)
     1    0.05                           clk (net)
                  0.23    0.00    0.17 ^ clkbuf_0_clk/A (sky130_fd_sc_hd__clkbuf_16)
                  0.05    0.20    0.37 ^ clkbuf_0_clk/X (sky130_fd_sc_hd__clkbuf_16)
     2    0.02                           clknet_0_clk (net)
                  0.05    0.00    0.37 ^ clkbuf_1_0__f_clk/A (sky130_fd_sc_hd__clkbuf_16)
                  0.07    0.16    0.53 ^ clkbuf_1_0__f_clk/X (sky130_fd_sc_hd__clkbuf_16)
    14    0.05                           clknet_1_0__leaf_clk (net)
                  0.07    0.00    0.53 ^ _413_/CLK (sky130_fd_sc_hd__dfrtp_4)
                          0.25    0.78   clock uncertainty
                         -0.05    0.73   clock reconvergence pessimism
                         -0.03    0.70   library hold time
                                  0.70   data required time
-----------------------------------------------------------------------------
                                  0.70   data required time
                                 -1.25   data arrival time
-----------------------------------------------------------------------------
                                  0.54   slack (MET)


Startpoint: _423_ (rising edge-triggered flip-flop clocked by clk)
Endpoint: _423_ (rising edge-triggered flip-flop clocked by clk)
Path Group: clk
Path Type: min
Corner: Typical

Fanout     Cap    Slew   Delay    Time   Description
-----------------------------------------------------------------------------
                          0.00    0.00   clock clk (rise edge)
                          0.00    0.00   clock source latency
                  0.23    0.16    0.16 ^ clk (in)
     1    0.05                           clk (net)
                  0.23    0.00    0.16 ^ clkbuf_0_clk/A (sky130_fd_sc_hd__clkbuf_16)
                  0.05    0.18    0.34 ^ clkbuf_0_clk/X (sky130_fd_sc_hd__clkbuf_16)
     2    0.02                           clknet_0_clk (net)
                  0.05    0.00    0.34 ^ clkbuf_1_0__f_clk/A (sky130_fd_sc_hd__clkbuf_16)
                  0.07    0.14    0.48 ^ clkbuf_1_0__f_clk/X (sky130_fd_sc_hd__clkbuf_16)
    14    0.05                           clknet_1_0__leaf_clk (net)
                  0.07    0.00    0.48 ^ _423_/CLK (sky130_fd_sc_hd__dfrtp_4)
                  0.15    0.47    0.95 ^ _423_/Q (sky130_fd_sc_hd__dfrtp_4)
     3    0.04                           net15 (net)
                  0.15    0.00    0.95 ^ _210_/A (sky130_fd_sc_hd__and2_1)
                  0.19    0.24    1.19 ^ _210_/X (sky130_fd_sc_hd__and2_1)
     5    0.02                           _196_ (net)
                  0.19    0.00    1.19 ^ _278_/B1 (sky130_fd_sc_hd__a21o_1)
                  0.04    0.10    1.29 ^ _278_/X (sky130_fd_sc_hd__a21o_1)
     1    0.00                           _049_ (net)
                  0.04    0.00    1.29 ^ _423_/D (sky130_fd_sc_hd__dfrtp_4)
                                  1.29   data arrival time

                          0.00    0.00   clock clk (rise edge)
                          0.00    0.00   clock source latency
                  0.23    0.17    0.17 ^ clk (in)
     1    0.05                           clk (net)
                  0.23    0.00    0.17 ^ clkbuf_0_clk/A (sky130_fd_sc_hd__clkbuf_16)
                  0.05    0.20    0.37 ^ clkbuf_0_clk/X (sky130_fd_sc_hd__clkbuf_16)
     2    0.02                           clknet_0_clk (net)
                  0.05    0.00    0.37 ^ clkbuf_1_0__f_clk/A (sky130_fd_sc_hd__clkbuf_16)
                  0.07    0.16    0.53 ^ clkbuf_1_0__f_clk/X (sky130_fd_sc_hd__clkbuf_16)
    14    0.05                           clknet_1_0__leaf_clk (net)
                  0.07    0.00    0.53 ^ _423_/CLK (sky130_fd_sc_hd__dfrtp_4)
                          0.25    0.78   clock uncertainty
                         -0.05    0.73   clock reconvergence pessimism
                         -0.03    0.70   library hold time
                                  0.70   data required time
-----------------------------------------------------------------------------
                                  0.70   data required time
                                 -1.29   data arrival time
-----------------------------------------------------------------------------
                                  0.59   slack (MET)


Startpoint: _422_ (rising edge-triggered flip-flop clocked by clk)
Endpoint: _422_ (rising edge-triggered flip-flop clocked by clk)
Path Group: clk
Path Type: min
Corner: Typical

Fanout     Cap    Slew   Delay    Time   Description
-----------------------------------------------------------------------------
                          0.00    0.00   clock clk (rise edge)
                          0.00    0.00   clock source latency
                  0.23    0.16    0.16 ^ clk (in)
     1    0.05                           clk (net)
                  0.23    0.00    0.16 ^ clkbuf_0_clk/A (sky130_fd_sc_hd__clkbuf_16)
                  0.05    0.18    0.34 ^ clkbuf_0_clk/X (sky130_fd_sc_hd__clkbuf_16)
     2    0.02                           clknet_0_clk (net)
                  0.05    0.00    0.34 ^ clkbuf_1_0__f_clk/A (sky130_fd_sc_hd__clkbuf_16)
                  0.07    0.14    0.48 ^ clkbuf_1_0__f_clk/X (sky130_fd_sc_hd__clkbuf_16)
    14    0.05                           clknet_1_0__leaf_clk (net)
                  0.07    0.00    0.48 ^ _422_/CLK (sky130_fd_sc_hd__dfrtp_4)
                  0.16    0.48    0.96 ^ _422_/Q (sky130_fd_sc_hd__dfrtp_4)
     5    0.05                           net14 (net)
                  0.16    0.00    0.96 ^ _214_/A (sky130_fd_sc_hd__and2_1)
                  0.11    0.18    1.15 ^ _214_/X (sky130_fd_sc_hd__and2_1)
     3    0.01                           _055_ (net)
                  0.11    0.00    1.15 ^ _280_/A (sky130_fd_sc_hd__or2_1)
                  0.05    0.12    1.26 ^ _280_/X (sky130_fd_sc_hd__or2_1)
     1    0.00                           _118_ (net)
                  0.05    0.00    1.26 ^ _281_/A (sky130_fd_sc_hd__clkbuf_1)
                  0.05    0.08    1.35 ^ _281_/X (sky130_fd_sc_hd__clkbuf_1)
     1    0.00                           _048_ (net)
                  0.05    0.00    1.35 ^ _422_/D (sky130_fd_sc_hd__dfrtp_4)
                                  1.35   data arrival time

                          0.00    0.00   clock clk (rise edge)
                          0.00    0.00   clock source latency
                  0.23    0.17    0.17 ^ clk (in)
     1    0.05                           clk (net)
                  0.23    0.00    0.17 ^ clkbuf_0_clk/A (sky130_fd_sc_hd__clkbuf_16)
                  0.05    0.20    0.37 ^ clkbuf_0_clk/X (sky130_fd_sc_hd__clkbuf_16)
     2    0.02                           clknet_0_clk (net)
                  0.05    0.00    0.37 ^ clkbuf_1_0__f_clk/A (sky130_fd_sc_hd__clkbuf_16)
                  0.07    0.16    0.53 ^ clkbuf_1_0__f_clk/X (sky130_fd_sc_hd__clkbuf_16)
    14    0.05                           clknet_1_0__leaf_clk (net)
                  0.07    0.00    0.53 ^ _422_/CLK (sky130_fd_sc_hd__dfrtp_4)
                          0.25    0.78   clock uncertainty
                         -0.05    0.73   clock reconvergence pessimism
                         -0.03    0.70   library hold time
                                  0.70   data required time
-----------------------------------------------------------------------------
                                  0.70   data required time
                                 -1.35   data arrival time
-----------------------------------------------------------------------------
                                  0.64   slack (MET)


Startpoint: _425_ (rising edge-triggered flip-flop clocked by clk)
Endpoint: _425_ (rising edge-triggered flip-flop clocked by clk)
Path Group: clk
Path Type: min
Corner: Typical

Fanout     Cap    Slew   Delay    Time   Description
-----------------------------------------------------------------------------
                          0.00    0.00   clock clk (rise edge)
                          0.00    0.00   clock source latency
                  0.23    0.16    0.16 ^ clk (in)
     1    0.05                           clk (net)
                  0.23    0.00    0.16 ^ clkbuf_0_clk/A (sky130_fd_sc_hd__clkbuf_16)
                  0.05    0.18    0.34 ^ clkbuf_0_clk/X (sky130_fd_sc_hd__clkbuf_16)
     2    0.02                           clknet_0_clk (net)
                  0.05    0.00    0.34 ^ clkbuf_1_0__f_clk/A (sky130_fd_sc_hd__clkbuf_16)
                  0.07    0.14    0.48 ^ clkbuf_1_0__f_clk/X (sky130_fd_sc_hd__clkbuf_16)
    14    0.05                           clknet_1_0__leaf_clk (net)
                  0.07    0.00    0.48 ^ _425_/CLK (sky130_fd_sc_hd__dfrtp_4)
                  0.14    0.46    0.95 ^ _425_/Q (sky130_fd_sc_hd__dfrtp_4)
     3    0.04                           net17 (net)
                  0.14    0.00    0.95 ^ _199_/A (sky130_fd_sc_hd__and2_2)
                  0.11    0.21    1.16 ^ _199_/X (sky130_fd_sc_hd__and2_2)
     7    0.02                           _185_ (net)
                  0.11    0.00    1.16 ^ _268_/A (sky130_fd_sc_hd__or2_1)
                  0.05    0.11    1.27 ^ _268_/X (sky130_fd_sc_hd__or2_1)
     1    0.00                           _109_ (net)
                  0.05    0.00    1.27 ^ _269_/A (sky130_fd_sc_hd__clkbuf_1)
                  0.05    0.08    1.35 ^ _269_/X (sky130_fd_sc_hd__clkbuf_1)
     1    0.00                           _051_ (net)
                  0.05    0.00    1.35 ^ _425_/D (sky130_fd_sc_hd__dfrtp_4)
                                  1.35   data arrival time

                          0.00    0.00   clock clk (rise edge)
                          0.00    0.00   clock source latency
                  0.23    0.17    0.17 ^ clk (in)
     1    0.05                           clk (net)
                  0.23    0.00    0.17 ^ clkbuf_0_clk/A (sky130_fd_sc_hd__clkbuf_16)
                  0.05    0.20    0.37 ^ clkbuf_0_clk/X (sky130_fd_sc_hd__clkbuf_16)
     2    0.02                           clknet_0_clk (net)
                  0.05    0.00    0.37 ^ clkbuf_1_0__f_clk/A (sky130_fd_sc_hd__clkbuf_16)
                  0.07    0.16    0.53 ^ clkbuf_1_0__f_clk/X (sky130_fd_sc_hd__clkbuf_16)
    14    0.05                           clknet_1_0__leaf_clk (net)
                  0.07    0.00    0.53 ^ _425_/CLK (sky130_fd_sc_hd__dfrtp_4)
                          0.25    0.78   clock uncertainty
                         -0.05    0.73   clock reconvergence pessimism
                         -0.03    0.70   library hold time
                                  0.70   data required time
-----------------------------------------------------------------------------
                                  0.70   data required time
                                 -1.35   data arrival time
-----------------------------------------------------------------------------
                                  0.65   slack (MET)


Startpoint: _399_ (rising edge-triggered flip-flop clocked by clk)
Endpoint: _412_ (rising edge-triggered flip-flop clocked by clk)
Path Group: clk
Path Type: min
Corner: Typical

Fanout     Cap    Slew   Delay    Time   Description
-----------------------------------------------------------------------------
                          0.00    0.00   clock clk (rise edge)
                          0.00    0.00   clock source latency
                  0.23    0.16    0.16 ^ clk (in)
     1    0.05                           clk (net)
                  0.23    0.00    0.16 ^ clkbuf_0_clk/A (sky130_fd_sc_hd__clkbuf_16)
                  0.05    0.18    0.34 ^ clkbuf_0_clk/X (sky130_fd_sc_hd__clkbuf_16)
     2    0.02                           clknet_0_clk (net)
                  0.05    0.00    0.34 ^ clkbuf_1_1__f_clk/A (sky130_fd_sc_hd__clkbuf_16)
                  0.07    0.14    0.48 ^ clkbuf_1_1__f_clk/X (sky130_fd_sc_hd__clkbuf_16)
    14    0.05                           clknet_1_1__leaf_clk (net)
                  0.07    0.00    0.48 ^ _399_/CLK (sky130_fd_sc_hd__dfrtp_4)
                  0.14    0.46    0.95 ^ _399_/Q (sky130_fd_sc_hd__dfrtp_4)
     9    0.04                           U_PC.pc[1] (net)
                  0.14    0.00    0.95 ^ _265_/A (sky130_fd_sc_hd__and2_1)
                  0.04    0.13    1.08 ^ _265_/X (sky130_fd_sc_hd__and2_1)
     1    0.00                           _106_ (net)
                  0.04    0.00    1.08 ^ _266_/A (sky130_fd_sc_hd__clkbuf_4)
                  0.14    0.19    1.27 ^ _266_/X (sky130_fd_sc_hd__clkbuf_4)
     9    0.04                           _107_ (net)
                  0.14    0.00    1.27 ^ _336_/B1 (sky130_fd_sc_hd__a21o_1)
                  0.04    0.10    1.37 ^ _336_/X (sky130_fd_sc_hd__a21o_1)
     1    0.00                           _038_ (net)
                  0.04    0.00    1.37 ^ _412_/D (sky130_fd_sc_hd__dfrtp_2)
                                  1.37   data arrival time

                          0.00    0.00   clock clk (rise edge)
                          0.00    0.00   clock source latency
                  0.23    0.17    0.17 ^ clk (in)
     1    0.05                           clk (net)
                  0.23    0.00    0.17 ^ clkbuf_0_clk/A (sky130_fd_sc_hd__clkbuf_16)
                  0.05    0.20    0.37 ^ clkbuf_0_clk/X (sky130_fd_sc_hd__clkbuf_16)
     2    0.02                           clknet_0_clk (net)
                  0.05    0.00    0.37 ^ clkbuf_1_1__f_clk/A (sky130_fd_sc_hd__clkbuf_16)
                  0.07    0.16    0.53 ^ clkbuf_1_1__f_clk/X (sky130_fd_sc_hd__clkbuf_16)
    14    0.05                           clknet_1_1__leaf_clk (net)
                  0.07    0.00    0.53 ^ _412_/CLK (sky130_fd_sc_hd__dfrtp_2)
                          0.25    0.78   clock uncertainty
                         -0.05    0.73   clock reconvergence pessimism
                         -0.03    0.70   library hold time
                                  0.70   data required time
-----------------------------------------------------------------------------
                                  0.70   data required time
                                 -1.37   data arrival time
-----------------------------------------------------------------------------
                                  0.67   slack (MET)


Startpoint: _406_ (rising edge-triggered flip-flop clocked by clk)
Endpoint: _406_ (rising edge-triggered flip-flop clocked by clk)
Path Group: clk
Path Type: min
Corner: Typical

Fanout     Cap    Slew   Delay    Time   Description
-----------------------------------------------------------------------------
                          0.00    0.00   clock clk (rise edge)
                          0.00    0.00   clock source latency
                  0.23    0.16    0.16 ^ clk (in)
     1    0.05                           clk (net)
                  0.23    0.00    0.16 ^ clkbuf_0_clk/A (sky130_fd_sc_hd__clkbuf_16)
                  0.05    0.18    0.34 ^ clkbuf_0_clk/X (sky130_fd_sc_hd__clkbuf_16)
     2    0.02                           clknet_0_clk (net)
                  0.05    0.00    0.34 ^ clkbuf_1_0__f_clk/A (sky130_fd_sc_hd__clkbuf_16)
                  0.07    0.14    0.48 ^ clkbuf_1_0__f_clk/X (sky130_fd_sc_hd__clkbuf_16)
    14    0.05                           clknet_1_0__leaf_clk (net)
                  0.07    0.00    0.48 ^ _406_/CLK (sky130_fd_sc_hd__dfrtp_2)
                  0.13    0.40    0.89 ^ _406_/Q (sky130_fd_sc_hd__dfrtp_2)
     3    0.02                           net6 (net)
                  0.13    0.00    0.89 ^ _212_/A (sky130_fd_sc_hd__and3_1)
                  0.13    0.22    1.10 ^ _212_/X (sky130_fd_sc_hd__and3_1)
     4    0.01                           _053_ (net)
                  0.13    0.00    1.10 ^ _306_/A (sky130_fd_sc_hd__or2_1)
                  0.05    0.12    1.22 ^ _306_/X (sky130_fd_sc_hd__or2_1)
     2    0.00                           _139_ (net)
                  0.05    0.00    1.22 ^ _347_/B (sky130_fd_sc_hd__or3b_1)
                  0.04    0.09    1.32 ^ _347_/X (sky130_fd_sc_hd__or3b_1)
     1    0.00                           _169_ (net)
                  0.04    0.00    1.32 ^ _348_/B1 (sky130_fd_sc_hd__o21a_1)
                  0.04    0.10    1.41 ^ _348_/X (sky130_fd_sc_hd__o21a_1)
     1    0.00                           _032_ (net)
                  0.04    0.00    1.41 ^ _406_/D (sky130_fd_sc_hd__dfrtp_2)
                                  1.41   data arrival time

                          0.00    0.00   clock clk (rise edge)
                          0.00    0.00   clock source latency
                  0.23    0.17    0.17 ^ clk (in)
     1    0.05                           clk (net)
                  0.23    0.00    0.17 ^ clkbuf_0_clk/A (sky130_fd_sc_hd__clkbuf_16)
                  0.05    0.20    0.37 ^ clkbuf_0_clk/X (sky130_fd_sc_hd__clkbuf_16)
     2    0.02                           clknet_0_clk (net)
                  0.05    0.00    0.37 ^ clkbuf_1_0__f_clk/A (sky130_fd_sc_hd__clkbuf_16)
                  0.07    0.16    0.53 ^ clkbuf_1_0__f_clk/X (sky130_fd_sc_hd__clkbuf_16)
    14    0.05                           clknet_1_0__leaf_clk (net)
                  0.07    0.00    0.53 ^ _406_/CLK (sky130_fd_sc_hd__dfrtp_2)
                          0.25    0.78   clock uncertainty
                         -0.05    0.73   clock reconvergence pessimism
                         -0.03    0.70   library hold time
                                  0.70   data required time
-----------------------------------------------------------------------------
                                  0.70   data required time
                                 -1.41   data arrival time
-----------------------------------------------------------------------------
                                  0.71   slack (MET)


Startpoint: rst (input port clocked by clk)
Endpoint: _425_ (removal check against rising-edge clock clk)
Path Group: asynchronous
Path Type: min
Corner: Typical

Fanout     Cap    Slew   Delay    Time   Description
-----------------------------------------------------------------------------
                          0.00    0.00   clock clk (rise edge)
                          0.00    0.00   clock network delay (propagated)
                          4.00    4.00 v input external delay
                  0.01    0.01    4.01 v rst (in)
     1    0.00                           rst (net)
                  0.01    0.00    4.01 v input1/A (sky130_fd_sc_hd__buf_1)
                  0.09    0.12    4.12 v input1/X (sky130_fd_sc_hd__buf_1)
     1    0.01                           net1 (net)
                  0.09    0.00    4.12 v _367_/A (sky130_fd_sc_hd__buf_4)
                  0.08    0.20    4.32 v _367_/X (sky130_fd_sc_hd__buf_4)
    10    0.05                           _180_ (net)
                  0.08    0.00    4.32 v _397_/A (sky130_fd_sc_hd__inv_2)
                  0.03    0.05    4.38 ^ _397_/Y (sky130_fd_sc_hd__inv_2)
     1    0.00                           _027_ (net)
                  0.03    0.00    4.38 ^ _425_/RESET_B (sky130_fd_sc_hd__dfrtp_4)
                                  4.38   data arrival time

                          0.00    0.00   clock clk (rise edge)
                          0.00    0.00   clock source latency
                  0.23    0.17    0.17 ^ clk (in)
     1    0.05                           clk (net)
                  0.23    0.00    0.17 ^ clkbuf_0_clk/A (sky130_fd_sc_hd__clkbuf_16)
                  0.05    0.20    0.37 ^ clkbuf_0_clk/X (sky130_fd_sc_hd__clkbuf_16)
     2    0.02                           clknet_0_clk (net)
                  0.05    0.00    0.37 ^ clkbuf_1_0__f_clk/A (sky130_fd_sc_hd__clkbuf_16)
                  0.07    0.16    0.53 ^ clkbuf_1_0__f_clk/X (sky130_fd_sc_hd__clkbuf_16)
    14    0.05                           clknet_1_0__leaf_clk (net)
                  0.07    0.00    0.53 ^ _425_/CLK (sky130_fd_sc_hd__dfrtp_4)
                          0.25    0.78   clock uncertainty
                          0.00    0.78   clock reconvergence pessimism
                          0.32    1.11   library removal time
                                  1.11   data required time
-----------------------------------------------------------------------------
                                  1.11   data required time
                                 -4.38   data arrival time
-----------------------------------------------------------------------------
                                  3.27   slack (MET)


Startpoint: rst (input port clocked by clk)
Endpoint: _424_ (removal check against rising-edge clock clk)
Path Group: asynchronous
Path Type: min
Corner: Typical

Fanout     Cap    Slew   Delay    Time   Description
-----------------------------------------------------------------------------
                          0.00    0.00   clock clk (rise edge)
                          0.00    0.00   clock network delay (propagated)
                          4.00    4.00 v input external delay
                  0.01    0.01    4.01 v rst (in)
     1    0.00                           rst (net)
                  0.01    0.00    4.01 v input1/A (sky130_fd_sc_hd__buf_1)
                  0.09    0.12    4.12 v input1/X (sky130_fd_sc_hd__buf_1)
     1    0.01                           net1 (net)
                  0.09    0.00    4.12 v _367_/A (sky130_fd_sc_hd__buf_4)
                  0.08    0.20    4.32 v _367_/X (sky130_fd_sc_hd__buf_4)
    10    0.05                           _180_ (net)
                  0.08    0.00    4.32 v _396_/A (sky130_fd_sc_hd__inv_2)
                  0.03    0.05    4.38 ^ _396_/Y (sky130_fd_sc_hd__inv_2)
     1    0.00                           _026_ (net)
                  0.03    0.00    4.38 ^ _424_/RESET_B (sky130_fd_sc_hd__dfrtp_4)
                                  4.38   data arrival time

                          0.00    0.00   clock clk (rise edge)
                          0.00    0.00   clock source latency
                  0.23    0.17    0.17 ^ clk (in)
     1    0.05                           clk (net)
                  0.23    0.00    0.17 ^ clkbuf_0_clk/A (sky130_fd_sc_hd__clkbuf_16)
                  0.05    0.20    0.37 ^ clkbuf_0_clk/X (sky130_fd_sc_hd__clkbuf_16)
     2    0.02                           clknet_0_clk (net)
                  0.05    0.00    0.37 ^ clkbuf_1_0__f_clk/A (sky130_fd_sc_hd__clkbuf_16)
                  0.07    0.16    0.53 ^ clkbuf_1_0__f_clk/X (sky130_fd_sc_hd__clkbuf_16)
    14    0.05                           clknet_1_0__leaf_clk (net)
                  0.07    0.00    0.53 ^ _424_/CLK (sky130_fd_sc_hd__dfrtp_4)
                          0.25    0.78   clock uncertainty
                          0.00    0.78   clock reconvergence pessimism
                          0.32    1.11   library removal time
                                  1.11   data required time
-----------------------------------------------------------------------------
                                  1.11   data required time
                                 -4.38   data arrival time
-----------------------------------------------------------------------------
                                  3.27   slack (MET)


Startpoint: rst (input port clocked by clk)
Endpoint: _422_ (removal check against rising-edge clock clk)
Path Group: asynchronous
Path Type: min
Corner: Typical

Fanout     Cap    Slew   Delay    Time   Description
-----------------------------------------------------------------------------
                          0.00    0.00   clock clk (rise edge)
                          0.00    0.00   clock network delay (propagated)
                          4.00    4.00 v input external delay
                  0.01    0.01    4.01 v rst (in)
     1    0.00                           rst (net)
                  0.01    0.00    4.01 v input1/A (sky130_fd_sc_hd__buf_1)
                  0.09    0.12    4.12 v input1/X (sky130_fd_sc_hd__buf_1)
     1    0.01                           net1 (net)
                  0.09    0.00    4.12 v _367_/A (sky130_fd_sc_hd__buf_4)
                  0.08    0.20    4.32 v _367_/X (sky130_fd_sc_hd__buf_4)
    10    0.05                           _180_ (net)
                  0.08    0.00    4.32 v _394_/A (sky130_fd_sc_hd__inv_2)
                  0.03    0.05    4.38 ^ _394_/Y (sky130_fd_sc_hd__inv_2)
     1    0.00                           _024_ (net)
                  0.03    0.00    4.38 ^ _422_/RESET_B (sky130_fd_sc_hd__dfrtp_4)
                                  4.38   data arrival time

                          0.00    0.00   clock clk (rise edge)
                          0.00    0.00   clock source latency
                  0.23    0.17    0.17 ^ clk (in)
     1    0.05                           clk (net)
                  0.23    0.00    0.17 ^ clkbuf_0_clk/A (sky130_fd_sc_hd__clkbuf_16)
                  0.05    0.20    0.37 ^ clkbuf_0_clk/X (sky130_fd_sc_hd__clkbuf_16)
     2    0.02                           clknet_0_clk (net)
                  0.05    0.00    0.37 ^ clkbuf_1_0__f_clk/A (sky130_fd_sc_hd__clkbuf_16)
                  0.07    0.16    0.53 ^ clkbuf_1_0__f_clk/X (sky130_fd_sc_hd__clkbuf_16)
    14    0.05                           clknet_1_0__leaf_clk (net)
                  0.07    0.00    0.53 ^ _422_/CLK (sky130_fd_sc_hd__dfrtp_4)
                          0.25    0.78   clock uncertainty
                          0.00    0.78   clock reconvergence pessimism
                          0.32    1.11   library removal time
                                  1.11   data required time
-----------------------------------------------------------------------------
                                  1.11   data required time
                                 -4.38   data arrival time
-----------------------------------------------------------------------------
                                  3.27   slack (MET)


Startpoint: rst (input port clocked by clk)
Endpoint: _420_ (removal check against rising-edge clock clk)
Path Group: asynchronous
Path Type: min
Corner: Typical

Fanout     Cap    Slew   Delay    Time   Description
-----------------------------------------------------------------------------
                          0.00    0.00   clock clk (rise edge)
                          0.00    0.00   clock network delay (propagated)
                          4.00    4.00 v input external delay
                  0.01    0.01    4.01 v rst (in)
     1    0.00                           rst (net)
                  0.01    0.00    4.01 v input1/A (sky130_fd_sc_hd__buf_1)
                  0.09    0.12    4.12 v input1/X (sky130_fd_sc_hd__buf_1)
     1    0.01                           net1 (net)
                  0.09    0.00    4.12 v _367_/A (sky130_fd_sc_hd__buf_4)
                  0.08    0.20    4.32 v _367_/X (sky130_fd_sc_hd__buf_4)
    10    0.05                           _180_ (net)
                  0.08    0.00    4.32 v _392_/A (sky130_fd_sc_hd__inv_2)
                  0.03    0.05    4.38 ^ _392_/Y (sky130_fd_sc_hd__inv_2)
     1    0.00                           _022_ (net)
                  0.03    0.00    4.38 ^ _420_/RESET_B (sky130_fd_sc_hd__dfrtp_4)
                                  4.38   data arrival time

                          0.00    0.00   clock clk (rise edge)
                          0.00    0.00   clock source latency
                  0.23    0.17    0.17 ^ clk (in)
     1    0.05                           clk (net)
                  0.23    0.00    0.17 ^ clkbuf_0_clk/A (sky130_fd_sc_hd__clkbuf_16)
                  0.05    0.20    0.37 ^ clkbuf_0_clk/X (sky130_fd_sc_hd__clkbuf_16)
     2    0.02                           clknet_0_clk (net)
                  0.05    0.00    0.37 ^ clkbuf_1_1__f_clk/A (sky130_fd_sc_hd__clkbuf_16)
                  0.07    0.16    0.53 ^ clkbuf_1_1__f_clk/X (sky130_fd_sc_hd__clkbuf_16)
    14    0.05                           clknet_1_1__leaf_clk (net)
                  0.07    0.00    0.53 ^ _420_/CLK (sky130_fd_sc_hd__dfrtp_4)
                          0.25    0.78   clock uncertainty
                          0.00    0.78   clock reconvergence pessimism
                          0.32    1.11   library removal time
                                  1.11   data required time
-----------------------------------------------------------------------------
                                  1.11   data required time
                                 -4.38   data arrival time
-----------------------------------------------------------------------------
                                  3.27   slack (MET)


Startpoint: rst (input port clocked by clk)
Endpoint: _419_ (removal check against rising-edge clock clk)
Path Group: asynchronous
Path Type: min
Corner: Typical

Fanout     Cap    Slew   Delay    Time   Description
-----------------------------------------------------------------------------
                          0.00    0.00   clock clk (rise edge)
                          0.00    0.00   clock network delay (propagated)
                          4.00    4.00 v input external delay
                  0.01    0.01    4.01 v rst (in)
     1    0.00                           rst (net)
                  0.01    0.00    4.01 v input1/A (sky130_fd_sc_hd__buf_1)
                  0.09    0.12    4.12 v input1/X (sky130_fd_sc_hd__buf_1)
     1    0.01                           net1 (net)
                  0.09    0.00    4.12 v _367_/A (sky130_fd_sc_hd__buf_4)
                  0.08    0.20    4.32 v _367_/X (sky130_fd_sc_hd__buf_4)
    10    0.05                           _180_ (net)
                  0.08    0.00    4.33 v _391_/A (sky130_fd_sc_hd__inv_2)
                  0.03    0.05    4.38 ^ _391_/Y (sky130_fd_sc_hd__inv_2)
     1    0.00                           _021_ (net)
                  0.03    0.00    4.38 ^ _419_/RESET_B (sky130_fd_sc_hd__dfrtp_4)
                                  4.38   data arrival time

                          0.00    0.00   clock clk (rise edge)
                          0.00    0.00   clock source latency
                  0.23    0.17    0.17 ^ clk (in)
     1    0.05                           clk (net)
                  0.23    0.00    0.17 ^ clkbuf_0_clk/A (sky130_fd_sc_hd__clkbuf_16)
                  0.05    0.20    0.37 ^ clkbuf_0_clk/X (sky130_fd_sc_hd__clkbuf_16)
     2    0.02                           clknet_0_clk (net)
                  0.05    0.00    0.37 ^ clkbuf_1_1__f_clk/A (sky130_fd_sc_hd__clkbuf_16)
                  0.07    0.16    0.53 ^ clkbuf_1_1__f_clk/X (sky130_fd_sc_hd__clkbuf_16)
    14    0.05                           clknet_1_1__leaf_clk (net)
                  0.07    0.00    0.53 ^ _419_/CLK (sky130_fd_sc_hd__dfrtp_4)
                          0.25    0.78   clock uncertainty
                          0.00    0.78   clock reconvergence pessimism
                          0.32    1.11   library removal time
                                  1.11   data required time
-----------------------------------------------------------------------------
                                  1.11   data required time
                                 -4.38   data arrival time
-----------------------------------------------------------------------------
                                  3.27   slack (MET)


Startpoint: rst (input port clocked by clk)
Endpoint: _418_ (removal check against rising-edge clock clk)
Path Group: asynchronous
Path Type: min
Corner: Typical

Fanout     Cap    Slew   Delay    Time   Description
-----------------------------------------------------------------------------
                          0.00    0.00   clock clk (rise edge)
                          0.00    0.00   clock network delay (propagated)
                          4.00    4.00 v input external delay
                  0.01    0.01    4.01 v rst (in)
     1    0.00                           rst (net)
                  0.01    0.00    4.01 v input1/A (sky130_fd_sc_hd__buf_1)
                  0.09    0.12    4.12 v input1/X (sky130_fd_sc_hd__buf_1)
     1    0.01                           net1 (net)
                  0.09    0.00    4.12 v _367_/A (sky130_fd_sc_hd__buf_4)
                  0.08    0.20    4.32 v _367_/X (sky130_fd_sc_hd__buf_4)
    10    0.05                           _180_ (net)
                  0.08    0.00    4.33 v _390_/A (sky130_fd_sc_hd__inv_2)
                  0.03    0.05    4.38 ^ _390_/Y (sky130_fd_sc_hd__inv_2)
     1    0.00                           _020_ (net)
                  0.03    0.00    4.38 ^ _418_/RESET_B (sky130_fd_sc_hd__dfrtp_4)
                                  4.38   data arrival time

                          0.00    0.00   clock clk (rise edge)
                          0.00    0.00   clock source latency
                  0.23    0.17    0.17 ^ clk (in)
     1    0.05                           clk (net)
                  0.23    0.00    0.17 ^ clkbuf_0_clk/A (sky130_fd_sc_hd__clkbuf_16)
                  0.05    0.20    0.37 ^ clkbuf_0_clk/X (sky130_fd_sc_hd__clkbuf_16)
     2    0.02                           clknet_0_clk (net)
                  0.05    0.00    0.37 ^ clkbuf_1_1__f_clk/A (sky130_fd_sc_hd__clkbuf_16)
                  0.07    0.16    0.53 ^ clkbuf_1_1__f_clk/X (sky130_fd_sc_hd__clkbuf_16)
    14    0.05                           clknet_1_1__leaf_clk (net)
                  0.07    0.00    0.53 ^ _418_/CLK (sky130_fd_sc_hd__dfrtp_4)
                          0.25    0.78   clock uncertainty
                          0.00    0.78   clock reconvergence pessimism
                          0.32    1.11   library removal time
                                  1.11   data required time
-----------------------------------------------------------------------------
                                  1.11   data required time
                                 -4.38   data arrival time
-----------------------------------------------------------------------------
                                  3.27   slack (MET)


Startpoint: rst (input port clocked by clk)
Endpoint: _421_ (removal check against rising-edge clock clk)
Path Group: asynchronous
Path Type: min
Corner: Typical

Fanout     Cap    Slew   Delay    Time   Description
-----------------------------------------------------------------------------
                          0.00    0.00   clock clk (rise edge)
                          0.00    0.00   clock network delay (propagated)
                          4.00    4.00 v input external delay
                  0.01    0.01    4.01 v rst (in)
     1    0.00                           rst (net)
                  0.01    0.00    4.01 v input1/A (sky130_fd_sc_hd__buf_1)
                  0.09    0.12    4.12 v input1/X (sky130_fd_sc_hd__buf_1)
     1    0.01                           net1 (net)
                  0.09    0.00    4.12 v _367_/A (sky130_fd_sc_hd__buf_4)
                  0.08    0.20    4.32 v _367_/X (sky130_fd_sc_hd__buf_4)
    10    0.05                           _180_ (net)
                  0.08    0.00    4.33 v _393_/A (sky130_fd_sc_hd__inv_2)
                  0.03    0.05    4.38 ^ _393_/Y (sky130_fd_sc_hd__inv_2)
     1    0.00                           _023_ (net)
                  0.03    0.00    4.38 ^ _421_/RESET_B (sky130_fd_sc_hd__dfrtp_4)
                                  4.38   data arrival time

                          0.00    0.00   clock clk (rise edge)
                          0.00    0.00   clock source latency
                  0.23    0.17    0.17 ^ clk (in)
     1    0.05                           clk (net)
                  0.23    0.00    0.17 ^ clkbuf_0_clk/A (sky130_fd_sc_hd__clkbuf_16)
                  0.05    0.20    0.37 ^ clkbuf_0_clk/X (sky130_fd_sc_hd__clkbuf_16)
     2    0.02                           clknet_0_clk (net)
                  0.05    0.00    0.37 ^ clkbuf_1_1__f_clk/A (sky130_fd_sc_hd__clkbuf_16)
                  0.07    0.16    0.53 ^ clkbuf_1_1__f_clk/X (sky130_fd_sc_hd__clkbuf_16)
    14    0.05                           clknet_1_1__leaf_clk (net)
                  0.07    0.00    0.53 ^ _421_/CLK (sky130_fd_sc_hd__dfrtp_4)
                          0.25    0.78   clock uncertainty
                          0.00    0.78   clock reconvergence pessimism
                          0.32    1.11   library removal time
                                  1.11   data required time
-----------------------------------------------------------------------------
                                  1.11   data required time
                                 -4.38   data arrival time
-----------------------------------------------------------------------------
                                  3.27   slack (MET)


Startpoint: rst (input port clocked by clk)
Endpoint: _423_ (removal check against rising-edge clock clk)
Path Group: asynchronous
Path Type: min
Corner: Typical

Fanout     Cap    Slew   Delay    Time   Description
-----------------------------------------------------------------------------
                          0.00    0.00   clock clk (rise edge)
                          0.00    0.00   clock network delay (propagated)
                          4.00    4.00 v input external delay
                  0.01    0.01    4.01 v rst (in)
     1    0.00                           rst (net)
                  0.01    0.00    4.01 v input1/A (sky130_fd_sc_hd__buf_1)
                  0.09    0.12    4.12 v input1/X (sky130_fd_sc_hd__buf_1)
     1    0.01                           net1 (net)
                  0.09    0.00    4.12 v _367_/A (sky130_fd_sc_hd__buf_4)
                  0.08    0.20    4.32 v _367_/X (sky130_fd_sc_hd__buf_4)
    10    0.05                           _180_ (net)
                  0.08    0.00    4.32 v _395_/A (sky130_fd_sc_hd__inv_2)
                  0.05    0.07    4.40 ^ _395_/Y (sky130_fd_sc_hd__inv_2)
     1    0.01                           _025_ (net)
                  0.05    0.00    4.40 ^ _423_/RESET_B (sky130_fd_sc_hd__dfrtp_4)
                                  4.40   data arrival time

                          0.00    0.00   clock clk (rise edge)
                          0.00    0.00   clock source latency
                  0.23    0.17    0.17 ^ clk (in)
     1    0.05                           clk (net)
                  0.23    0.00    0.17 ^ clkbuf_0_clk/A (sky130_fd_sc_hd__clkbuf_16)
                  0.05    0.20    0.37 ^ clkbuf_0_clk/X (sky130_fd_sc_hd__clkbuf_16)
     2    0.02                           clknet_0_clk (net)
                  0.05    0.00    0.37 ^ clkbuf_1_0__f_clk/A (sky130_fd_sc_hd__clkbuf_16)
                  0.07    0.16    0.53 ^ clkbuf_1_0__f_clk/X (sky130_fd_sc_hd__clkbuf_16)
    14    0.05                           clknet_1_0__leaf_clk (net)
                  0.07    0.00    0.53 ^ _423_/CLK (sky130_fd_sc_hd__dfrtp_4)
                          0.25    0.78   clock uncertainty
                          0.00    0.78   clock reconvergence pessimism
                          0.33    1.11   library removal time
                                  1.11   data required time
-----------------------------------------------------------------------------
                                  1.11   data required time
                                 -4.40   data arrival time
-----------------------------------------------------------------------------
                                  3.28   slack (MET)


Startpoint: rst (input port clocked by clk)
Endpoint: _408_ (removal check against rising-edge clock clk)
Path Group: asynchronous
Path Type: min
Corner: Typical

Fanout     Cap    Slew   Delay    Time   Description
-----------------------------------------------------------------------------
                          0.00    0.00   clock clk (rise edge)
                          0.00    0.00   clock network delay (propagated)
                          4.00    4.00 v input external delay
                  0.01    0.01    4.01 v rst (in)
     1    0.00                           rst (net)
                  0.01    0.00    4.01 v input1/A (sky130_fd_sc_hd__buf_1)
                  0.09    0.12    4.12 v input1/X (sky130_fd_sc_hd__buf_1)
     1    0.01                           net1 (net)
                  0.09    0.00    4.12 v _367_/A (sky130_fd_sc_hd__buf_4)
                  0.08    0.20    4.32 v _367_/X (sky130_fd_sc_hd__buf_4)
    10    0.05                           _180_ (net)
                  0.08    0.00    4.32 v _379_/A (sky130_fd_sc_hd__buf_4)
                  0.09    0.20    4.52 v _379_/X (sky130_fd_sc_hd__buf_4)
    10    0.06                           _182_ (net)
                  0.09    0.00    4.53 v _380_/A (sky130_fd_sc_hd__inv_2)
                  0.04    0.06    4.58 ^ _380_/Y (sky130_fd_sc_hd__inv_2)
     1    0.00                           _010_ (net)
                  0.04    0.00    4.58 ^ _408_/RESET_B (sky130_fd_sc_hd__dfrtp_4)
                                  4.58   data arrival time

                          0.00    0.00   clock clk (rise edge)
                          0.00    0.00   clock source latency
                  0.23    0.17    0.17 ^ clk (in)
     1    0.05                           clk (net)
                  0.23    0.00    0.17 ^ clkbuf_0_clk/A (sky130_fd_sc_hd__clkbuf_16)
                  0.05    0.20    0.37 ^ clkbuf_0_clk/X (sky130_fd_sc_hd__clkbuf_16)
     2    0.02                           clknet_0_clk (net)
                  0.05    0.00    0.37 ^ clkbuf_1_0__f_clk/A (sky130_fd_sc_hd__clkbuf_16)
                  0.07    0.16    0.53 ^ clkbuf_1_0__f_clk/X (sky130_fd_sc_hd__clkbuf_16)
    14    0.05                           clknet_1_0__leaf_clk (net)
                  0.07    0.00    0.53 ^ _408_/CLK (sky130_fd_sc_hd__dfrtp_4)
                          0.25    0.78   clock uncertainty
                          0.00    0.78   clock reconvergence pessimism
                          0.33    1.11   library removal time
                                  1.11   data required time
-----------------------------------------------------------------------------
                                  1.11   data required time
                                 -4.58   data arrival time
-----------------------------------------------------------------------------
                                  3.47   slack (MET)


Startpoint: rst (input port clocked by clk)
Endpoint: _416_ (removal check against rising-edge clock clk)
Path Group: asynchronous
Path Type: min
Corner: Typical

Fanout     Cap    Slew   Delay    Time   Description
-----------------------------------------------------------------------------
                          0.00    0.00   clock clk (rise edge)
                          0.00    0.00   clock network delay (propagated)
                          4.00    4.00 v input external delay
                  0.01    0.01    4.01 v rst (in)
     1    0.00                           rst (net)
                  0.01    0.00    4.01 v input1/A (sky130_fd_sc_hd__buf_1)
                  0.09    0.12    4.12 v input1/X (sky130_fd_sc_hd__buf_1)
     1    0.01                           net1 (net)
                  0.09    0.00    4.12 v _367_/A (sky130_fd_sc_hd__buf_4)
                  0.08    0.20    4.32 v _367_/X (sky130_fd_sc_hd__buf_4)
    10    0.05                           _180_ (net)
                  0.08    0.00    4.32 v _379_/A (sky130_fd_sc_hd__buf_4)
                  0.09    0.20    4.52 v _379_/X (sky130_fd_sc_hd__buf_4)
    10    0.06                           _182_ (net)
                  0.09    0.00    4.53 v _388_/A (sky130_fd_sc_hd__inv_2)
                  0.04    0.06    4.58 ^ _388_/Y (sky130_fd_sc_hd__inv_2)
     1    0.00                           _018_ (net)
                  0.04    0.00    4.58 ^ _416_/RESET_B (sky130_fd_sc_hd__dfrtp_4)
                                  4.58   data arrival time

                          0.00    0.00   clock clk (rise edge)
                          0.00    0.00   clock source latency
                  0.23    0.17    0.17 ^ clk (in)
     1    0.05                           clk (net)
                  0.23    0.00    0.17 ^ clkbuf_0_clk/A (sky130_fd_sc_hd__clkbuf_16)
                  0.05    0.20    0.37 ^ clkbuf_0_clk/X (sky130_fd_sc_hd__clkbuf_16)
     2    0.02                           clknet_0_clk (net)
                  0.05    0.00    0.37 ^ clkbuf_1_0__f_clk/A (sky130_fd_sc_hd__clkbuf_16)
                  0.07    0.16    0.53 ^ clkbuf_1_0__f_clk/X (sky130_fd_sc_hd__clkbuf_16)
    14    0.05                           clknet_1_0__leaf_clk (net)
                  0.07    0.00    0.53 ^ _416_/CLK (sky130_fd_sc_hd__dfrtp_4)
                          0.25    0.78   clock uncertainty
                          0.00    0.78   clock reconvergence pessimism
                          0.33    1.11   library removal time
                                  1.11   data required time
-----------------------------------------------------------------------------
                                  1.11   data required time
                                 -4.58   data arrival time
-----------------------------------------------------------------------------
                                  3.47   slack (MET)


Startpoint: rst (input port clocked by clk)
Endpoint: _415_ (removal check against rising-edge clock clk)
Path Group: asynchronous
Path Type: min
Corner: Typical

Fanout     Cap    Slew   Delay    Time   Description
-----------------------------------------------------------------------------
                          0.00    0.00   clock clk (rise edge)
                          0.00    0.00   clock network delay (propagated)
                          4.00    4.00 v input external delay
                  0.01    0.01    4.01 v rst (in)
     1    0.00                           rst (net)
                  0.01    0.00    4.01 v input1/A (sky130_fd_sc_hd__buf_1)
                  0.09    0.12    4.12 v input1/X (sky130_fd_sc_hd__buf_1)
     1    0.01                           net1 (net)
                  0.09    0.00    4.12 v _367_/A (sky130_fd_sc_hd__buf_4)
                  0.08    0.20    4.32 v _367_/X (sky130_fd_sc_hd__buf_4)
    10    0.05                           _180_ (net)
                  0.08    0.00    4.32 v _379_/A (sky130_fd_sc_hd__buf_4)
                  0.09    0.20    4.52 v _379_/X (sky130_fd_sc_hd__buf_4)
    10    0.06                           _182_ (net)
                  0.09    0.00    4.53 v _387_/A (sky130_fd_sc_hd__inv_2)
                  0.04    0.06    4.59 ^ _387_/Y (sky130_fd_sc_hd__inv_2)
     1    0.00                           _017_ (net)
                  0.04    0.00    4.59 ^ _415_/RESET_B (sky130_fd_sc_hd__dfrtp_4)
                                  4.59   data arrival time

                          0.00    0.00   clock clk (rise edge)
                          0.00    0.00   clock source latency
                  0.23    0.17    0.17 ^ clk (in)
     1    0.05                           clk (net)
                  0.23    0.00    0.17 ^ clkbuf_0_clk/A (sky130_fd_sc_hd__clkbuf_16)
                  0.05    0.20    0.37 ^ clkbuf_0_clk/X (sky130_fd_sc_hd__clkbuf_16)
     2    0.02                           clknet_0_clk (net)
                  0.05    0.00    0.37 ^ clkbuf_1_0__f_clk/A (sky130_fd_sc_hd__clkbuf_16)
                  0.07    0.16    0.53 ^ clkbuf_1_0__f_clk/X (sky130_fd_sc_hd__clkbuf_16)
    14    0.05                           clknet_1_0__leaf_clk (net)
                  0.07    0.00    0.53 ^ _415_/CLK (sky130_fd_sc_hd__dfrtp_4)
                          0.25    0.78   clock uncertainty
                          0.00    0.78   clock reconvergence pessimism
                          0.32    1.11   library removal time
                                  1.11   data required time
-----------------------------------------------------------------------------
                                  1.11   data required time
                                 -4.59   data arrival time
-----------------------------------------------------------------------------
                                  3.48   slack (MET)


Startpoint: rst (input port clocked by clk)
Endpoint: _406_ (removal check against rising-edge clock clk)
Path Group: asynchronous
Path Type: min
Corner: Typical

Fanout     Cap    Slew   Delay    Time   Description
-----------------------------------------------------------------------------
                          0.00    0.00   clock clk (rise edge)
                          0.00    0.00   clock network delay (propagated)
                          4.00    4.00 v input external delay
                  0.01    0.01    4.01 v rst (in)
     1    0.00                           rst (net)
                  0.01    0.00    4.01 v input1/A (sky130_fd_sc_hd__buf_1)
                  0.09    0.12    4.12 v input1/X (sky130_fd_sc_hd__buf_1)
     1    0.01                           net1 (net)
                  0.09    0.00    4.12 v _367_/A (sky130_fd_sc_hd__buf_4)
                  0.08    0.20    4.32 v _367_/X (sky130_fd_sc_hd__buf_4)
    10    0.05                           _180_ (net)
                  0.08    0.00    4.33 v _368_/A (sky130_fd_sc_hd__buf_4)
                  0.09    0.20    4.53 v _368_/X (sky130_fd_sc_hd__buf_4)
    10    0.07                           _181_ (net)
                  0.09    0.00    4.53 v _377_/A (sky130_fd_sc_hd__inv_2)
                  0.04    0.06    4.59 ^ _377_/Y (sky130_fd_sc_hd__inv_2)
     1    0.00                           _008_ (net)
                  0.04    0.00    4.59 ^ _406_/RESET_B (sky130_fd_sc_hd__dfrtp_2)
                                  4.59   data arrival time

                          0.00    0.00   clock clk (rise edge)
                          0.00    0.00   clock source latency
                  0.23    0.17    0.17 ^ clk (in)
     1    0.05                           clk (net)
                  0.23    0.00    0.17 ^ clkbuf_0_clk/A (sky130_fd_sc_hd__clkbuf_16)
                  0.05    0.20    0.37 ^ clkbuf_0_clk/X (sky130_fd_sc_hd__clkbuf_16)
     2    0.02                           clknet_0_clk (net)
                  0.05    0.00    0.37 ^ clkbuf_1_0__f_clk/A (sky130_fd_sc_hd__clkbuf_16)
                  0.07    0.16    0.53 ^ clkbuf_1_0__f_clk/X (sky130_fd_sc_hd__clkbuf_16)
    14    0.05                           clknet_1_0__leaf_clk (net)
                  0.07    0.00    0.53 ^ _406_/CLK (sky130_fd_sc_hd__dfrtp_2)
                          0.25    0.78   clock uncertainty
                          0.00    0.78   clock reconvergence pessimism
                          0.33    1.11   library removal time
                                  1.11   data required time
-----------------------------------------------------------------------------
                                  1.11   data required time
                                 -4.59   data arrival time
-----------------------------------------------------------------------------
                                  3.48   slack (MET)


Startpoint: rst (input port clocked by clk)
Endpoint: _414_ (removal check against rising-edge clock clk)
Path Group: asynchronous
Path Type: min
Corner: Typical

Fanout     Cap    Slew   Delay    Time   Description
-----------------------------------------------------------------------------
                          0.00    0.00   clock clk (rise edge)
                          0.00    0.00   clock network delay (propagated)
                          4.00    4.00 v input external delay
                  0.01    0.01    4.01 v rst (in)
     1    0.00                           rst (net)
                  0.01    0.00    4.01 v input1/A (sky130_fd_sc_hd__buf_1)
                  0.09    0.12    4.12 v input1/X (sky130_fd_sc_hd__buf_1)
     1    0.01                           net1 (net)
                  0.09    0.00    4.12 v _367_/A (sky130_fd_sc_hd__buf_4)
                  0.08    0.20    4.32 v _367_/X (sky130_fd_sc_hd__buf_4)
    10    0.05                           _180_ (net)
                  0.08    0.00    4.32 v _379_/A (sky130_fd_sc_hd__buf_4)
                  0.09    0.20    4.52 v _379_/X (sky130_fd_sc_hd__buf_4)
    10    0.06                           _182_ (net)
                  0.09    0.00    4.53 v _386_/A (sky130_fd_sc_hd__inv_2)
                  0.04    0.06    4.59 ^ _386_/Y (sky130_fd_sc_hd__inv_2)
     1    0.00                           _016_ (net)
                  0.04    0.00    4.59 ^ _414_/RESET_B (sky130_fd_sc_hd__dfrtp_4)
                                  4.59   data arrival time

                          0.00    0.00   clock clk (rise edge)
                          0.00    0.00   clock source latency
                  0.23    0.17    0.17 ^ clk (in)
     1    0.05                           clk (net)
                  0.23    0.00    0.17 ^ clkbuf_0_clk/A (sky130_fd_sc_hd__clkbuf_16)
                  0.05    0.20    0.37 ^ clkbuf_0_clk/X (sky130_fd_sc_hd__clkbuf_16)
     2    0.02                           clknet_0_clk (net)
                  0.05    0.00    0.37 ^ clkbuf_1_0__f_clk/A (sky130_fd_sc_hd__clkbuf_16)
                  0.07    0.16    0.53 ^ clkbuf_1_0__f_clk/X (sky130_fd_sc_hd__clkbuf_16)
    14    0.05                           clknet_1_0__leaf_clk (net)
                  0.07    0.00    0.53 ^ _414_/CLK (sky130_fd_sc_hd__dfrtp_4)
                          0.25    0.78   clock uncertainty
                          0.00    0.78   clock reconvergence pessimism
                          0.33    1.11   library removal time
                                  1.11   data required time
-----------------------------------------------------------------------------
                                  1.11   data required time
                                 -4.59   data arrival time
-----------------------------------------------------------------------------
                                  3.48   slack (MET)


Startpoint: rst (input port clocked by clk)
Endpoint: _417_ (removal check against rising-edge clock clk)
Path Group: asynchronous
Path Type: min
Corner: Typical

Fanout     Cap    Slew   Delay    Time   Description
-----------------------------------------------------------------------------
                          0.00    0.00   clock clk (rise edge)
                          0.00    0.00   clock network delay (propagated)
                          4.00    4.00 v input external delay
                  0.01    0.01    4.01 v rst (in)
     1    0.00                           rst (net)
                  0.01    0.00    4.01 v input1/A (sky130_fd_sc_hd__buf_1)
                  0.09    0.12    4.12 v input1/X (sky130_fd_sc_hd__buf_1)
     1    0.01                           net1 (net)
                  0.09    0.00    4.12 v _367_/A (sky130_fd_sc_hd__buf_4)
                  0.08    0.20    4.32 v _367_/X (sky130_fd_sc_hd__buf_4)
    10    0.05                           _180_ (net)
                  0.08    0.00    4.32 v _379_/A (sky130_fd_sc_hd__buf_4)
                  0.09    0.20    4.52 v _379_/X (sky130_fd_sc_hd__buf_4)
    10    0.06                           _182_ (net)
                  0.09    0.01    4.53 v _389_/A (sky130_fd_sc_hd__inv_2)
                  0.04    0.06    4.59 ^ _389_/Y (sky130_fd_sc_hd__inv_2)
     1    0.00                           _019_ (net)
                  0.04    0.00    4.59 ^ _417_/RESET_B (sky130_fd_sc_hd__dfrtp_4)
                                  4.59   data arrival time

                          0.00    0.00   clock clk (rise edge)
                          0.00    0.00   clock source latency
                  0.23    0.17    0.17 ^ clk (in)
     1    0.05                           clk (net)
                  0.23    0.00    0.17 ^ clkbuf_0_clk/A (sky130_fd_sc_hd__clkbuf_16)
                  0.05    0.20    0.37 ^ clkbuf_0_clk/X (sky130_fd_sc_hd__clkbuf_16)
     2    0.02                           clknet_0_clk (net)
                  0.05    0.00    0.37 ^ clkbuf_1_0__f_clk/A (sky130_fd_sc_hd__clkbuf_16)
                  0.07    0.16    0.53 ^ clkbuf_1_0__f_clk/X (sky130_fd_sc_hd__clkbuf_16)
    14    0.05                           clknet_1_0__leaf_clk (net)
                  0.07    0.00    0.53 ^ _417_/CLK (sky130_fd_sc_hd__dfrtp_4)
                          0.25    0.78   clock uncertainty
                          0.00    0.78   clock reconvergence pessimism
                          0.33    1.11   library removal time
                                  1.11   data required time
-----------------------------------------------------------------------------
                                  1.11   data required time
                                 -4.59   data arrival time
-----------------------------------------------------------------------------
                                  3.48   slack (MET)


Startpoint: rst (input port clocked by clk)
Endpoint: _410_ (removal check against rising-edge clock clk)
Path Group: asynchronous
Path Type: min
Corner: Typical

Fanout     Cap    Slew   Delay    Time   Description
-----------------------------------------------------------------------------
                          0.00    0.00   clock clk (rise edge)
                          0.00    0.00   clock network delay (propagated)
                          4.00    4.00 v input external delay
                  0.01    0.01    4.01 v rst (in)
     1    0.00                           rst (net)
                  0.01    0.00    4.01 v input1/A (sky130_fd_sc_hd__buf_1)
                  0.09    0.12    4.12 v input1/X (sky130_fd_sc_hd__buf_1)
     1    0.01                           net1 (net)
                  0.09    0.00    4.12 v _367_/A (sky130_fd_sc_hd__buf_4)
                  0.08    0.20    4.32 v _367_/X (sky130_fd_sc_hd__buf_4)
    10    0.05                           _180_ (net)
                  0.08    0.00    4.32 v _379_/A (sky130_fd_sc_hd__buf_4)
                  0.09    0.20    4.52 v _379_/X (sky130_fd_sc_hd__buf_4)
    10    0.06                           _182_ (net)
                  0.09    0.01    4.53 v _382_/A (sky130_fd_sc_hd__inv_2)
                  0.04    0.06    4.59 ^ _382_/Y (sky130_fd_sc_hd__inv_2)
     1    0.00                           _012_ (net)
                  0.04    0.00    4.59 ^ _410_/RESET_B (sky130_fd_sc_hd__dfrtp_4)
                                  4.59   data arrival time

                          0.00    0.00   clock clk (rise edge)
                          0.00    0.00   clock source latency
                  0.23    0.17    0.17 ^ clk (in)
     1    0.05                           clk (net)
                  0.23    0.00    0.17 ^ clkbuf_0_clk/A (sky130_fd_sc_hd__clkbuf_16)
                  0.05    0.20    0.37 ^ clkbuf_0_clk/X (sky130_fd_sc_hd__clkbuf_16)
     2    0.02                           clknet_0_clk (net)
                  0.05    0.00    0.37 ^ clkbuf_1_0__f_clk/A (sky130_fd_sc_hd__clkbuf_16)
                  0.07    0.16    0.53 ^ clkbuf_1_0__f_clk/X (sky130_fd_sc_hd__clkbuf_16)
    14    0.05                           clknet_1_0__leaf_clk (net)
                  0.07    0.00    0.53 ^ _410_/CLK (sky130_fd_sc_hd__dfrtp_4)
                          0.25    0.78   clock uncertainty
                          0.00    0.78   clock reconvergence pessimism
                          0.33    1.11   library removal time
                                  1.11   data required time
-----------------------------------------------------------------------------
                                  1.11   data required time
                                 -4.59   data arrival time
-----------------------------------------------------------------------------
                                  3.48   slack (MET)


Startpoint: rst (input port clocked by clk)
Endpoint: _402_ (removal check against rising-edge clock clk)
Path Group: asynchronous
Path Type: min
Corner: Typical

Fanout     Cap    Slew   Delay    Time   Description
-----------------------------------------------------------------------------
                          0.00    0.00   clock clk (rise edge)
                          0.00    0.00   clock network delay (propagated)
                          4.00    4.00 v input external delay
                  0.01    0.01    4.01 v rst (in)
     1    0.00                           rst (net)
                  0.01    0.00    4.01 v input1/A (sky130_fd_sc_hd__buf_1)
                  0.09    0.12    4.12 v input1/X (sky130_fd_sc_hd__buf_1)
     1    0.01                           net1 (net)
                  0.09    0.00    4.12 v _367_/A (sky130_fd_sc_hd__buf_4)
                  0.08    0.20    4.32 v _367_/X (sky130_fd_sc_hd__buf_4)
    10    0.05                           _180_ (net)
                  0.08    0.00    4.33 v _368_/A (sky130_fd_sc_hd__buf_4)
                  0.09    0.20    4.53 v _368_/X (sky130_fd_sc_hd__buf_4)
    10    0.07                           _181_ (net)
                  0.09    0.00    4.53 v _373_/A (sky130_fd_sc_hd__inv_2)
                  0.04    0.06    4.59 ^ _373_/Y (sky130_fd_sc_hd__inv_2)
     1    0.00                           _004_ (net)
                  0.04    0.00    4.59 ^ _402_/RESET_B (sky130_fd_sc_hd__dfrtp_4)
                                  4.59   data arrival time

                          0.00    0.00   clock clk (rise edge)
                          0.00    0.00   clock source latency
                  0.23    0.17    0.17 ^ clk (in)
     1    0.05                           clk (net)
                  0.23    0.00    0.17 ^ clkbuf_0_clk/A (sky130_fd_sc_hd__clkbuf_16)
                  0.05    0.20    0.37 ^ clkbuf_0_clk/X (sky130_fd_sc_hd__clkbuf_16)
     2    0.02                           clknet_0_clk (net)
                  0.05    0.00    0.37 ^ clkbuf_1_1__f_clk/A (sky130_fd_sc_hd__clkbuf_16)
                  0.07    0.16    0.53 ^ clkbuf_1_1__f_clk/X (sky130_fd_sc_hd__clkbuf_16)
    14    0.05                           clknet_1_1__leaf_clk (net)
                  0.07    0.00    0.53 ^ _402_/CLK (sky130_fd_sc_hd__dfrtp_4)
                          0.25    0.78   clock uncertainty
                          0.00    0.78   clock reconvergence pessimism
                          0.33    1.11   library removal time
                                  1.11   data required time
-----------------------------------------------------------------------------
                                  1.11   data required time
                                 -4.59   data arrival time
-----------------------------------------------------------------------------
                                  3.48   slack (MET)


Startpoint: rst (input port clocked by clk)
Endpoint: _409_ (removal check against rising-edge clock clk)
Path Group: asynchronous
Path Type: min
Corner: Typical

Fanout     Cap    Slew   Delay    Time   Description
-----------------------------------------------------------------------------
                          0.00    0.00   clock clk (rise edge)
                          0.00    0.00   clock network delay (propagated)
                          4.00    4.00 v input external delay
                  0.01    0.01    4.01 v rst (in)
     1    0.00                           rst (net)
                  0.01    0.00    4.01 v input1/A (sky130_fd_sc_hd__buf_1)
                  0.09    0.12    4.12 v input1/X (sky130_fd_sc_hd__buf_1)
     1    0.01                           net1 (net)
                  0.09    0.00    4.12 v _367_/A (sky130_fd_sc_hd__buf_4)
                  0.08    0.20    4.32 v _367_/X (sky130_fd_sc_hd__buf_4)
    10    0.05                           _180_ (net)
                  0.08    0.00    4.32 v _379_/A (sky130_fd_sc_hd__buf_4)
                  0.09    0.20    4.52 v _379_/X (sky130_fd_sc_hd__buf_4)
    10    0.06                           _182_ (net)
                  0.09    0.01    4.53 v _381_/A (sky130_fd_sc_hd__inv_2)
                  0.04    0.06    4.59 ^ _381_/Y (sky130_fd_sc_hd__inv_2)
     1    0.00                           _011_ (net)
                  0.04    0.00    4.59 ^ _409_/RESET_B (sky130_fd_sc_hd__dfrtp_4)
                                  4.59   data arrival time

                          0.00    0.00   clock clk (rise edge)
                          0.00    0.00   clock source latency
                  0.23    0.17    0.17 ^ clk (in)
     1    0.05                           clk (net)
                  0.23    0.00    0.17 ^ clkbuf_0_clk/A (sky130_fd_sc_hd__clkbuf_16)
                  0.05    0.20    0.37 ^ clkbuf_0_clk/X (sky130_fd_sc_hd__clkbuf_16)
     2    0.02                           clknet_0_clk (net)
                  0.05    0.00    0.37 ^ clkbuf_1_0__f_clk/A (sky130_fd_sc_hd__clkbuf_16)
                  0.07    0.16    0.53 ^ clkbuf_1_0__f_clk/X (sky130_fd_sc_hd__clkbuf_16)
    14    0.05                           clknet_1_0__leaf_clk (net)
                  0.07    0.00    0.53 ^ _409_/CLK (sky130_fd_sc_hd__dfrtp_4)
                          0.25    0.78   clock uncertainty
                          0.00    0.78   clock reconvergence pessimism
                          0.33    1.11   library removal time
                                  1.11   data required time
-----------------------------------------------------------------------------
                                  1.11   data required time
                                 -4.59   data arrival time
-----------------------------------------------------------------------------
                                  3.48   slack (MET)


Startpoint: rst (input port clocked by clk)
Endpoint: _413_ (removal check against rising-edge clock clk)
Path Group: asynchronous
Path Type: min
Corner: Typical

Fanout     Cap    Slew   Delay    Time   Description
-----------------------------------------------------------------------------
                          0.00    0.00   clock clk (rise edge)
                          0.00    0.00   clock network delay (propagated)
                          4.00    4.00 v input external delay
                  0.01    0.01    4.01 v rst (in)
     1    0.00                           rst (net)
                  0.01    0.00    4.01 v input1/A (sky130_fd_sc_hd__buf_1)
                  0.09    0.12    4.12 v input1/X (sky130_fd_sc_hd__buf_1)
     1    0.01                           net1 (net)
                  0.09    0.00    4.12 v _367_/A (sky130_fd_sc_hd__buf_4)
                  0.08    0.20    4.32 v _367_/X (sky130_fd_sc_hd__buf_4)
    10    0.05                           _180_ (net)
                  0.08    0.00    4.32 v _379_/A (sky130_fd_sc_hd__buf_4)
                  0.09    0.20    4.52 v _379_/X (sky130_fd_sc_hd__buf_4)
    10    0.06                           _182_ (net)
                  0.09    0.01    4.53 v _385_/A (sky130_fd_sc_hd__inv_2)
                  0.04    0.06    4.59 ^ _385_/Y (sky130_fd_sc_hd__inv_2)
     1    0.00                           _015_ (net)
                  0.04    0.00    4.59 ^ _413_/RESET_B (sky130_fd_sc_hd__dfrtp_4)
                                  4.59   data arrival time

                          0.00    0.00   clock clk (rise edge)
                          0.00    0.00   clock source latency
                  0.23    0.17    0.17 ^ clk (in)
     1    0.05                           clk (net)
                  0.23    0.00    0.17 ^ clkbuf_0_clk/A (sky130_fd_sc_hd__clkbuf_16)
                  0.05    0.20    0.37 ^ clkbuf_0_clk/X (sky130_fd_sc_hd__clkbuf_16)
     2    0.02                           clknet_0_clk (net)
                  0.05    0.00    0.37 ^ clkbuf_1_0__f_clk/A (sky130_fd_sc_hd__clkbuf_16)
                  0.07    0.16    0.53 ^ clkbuf_1_0__f_clk/X (sky130_fd_sc_hd__clkbuf_16)
    14    0.05                           clknet_1_0__leaf_clk (net)
                  0.07    0.00    0.53 ^ _413_/CLK (sky130_fd_sc_hd__dfrtp_4)
                          0.25    0.78   clock uncertainty
                          0.00    0.78   clock reconvergence pessimism
                          0.33    1.11   library removal time
                                  1.11   data required time
-----------------------------------------------------------------------------
                                  1.11   data required time
                                 -4.59   data arrival time
-----------------------------------------------------------------------------
                                  3.48   slack (MET)


Startpoint: rst (input port clocked by clk)
Endpoint: _412_ (removal check against rising-edge clock clk)
Path Group: asynchronous
Path Type: min
Corner: Typical

Fanout     Cap    Slew   Delay    Time   Description
-----------------------------------------------------------------------------
                          0.00    0.00   clock clk (rise edge)
                          0.00    0.00   clock network delay (propagated)
                          4.00    4.00 v input external delay
                  0.01    0.01    4.01 v rst (in)
     1    0.00                           rst (net)
                  0.01    0.00    4.01 v input1/A (sky130_fd_sc_hd__buf_1)
                  0.09    0.12    4.12 v input1/X (sky130_fd_sc_hd__buf_1)
     1    0.01                           net1 (net)
                  0.09    0.00    4.12 v _367_/A (sky130_fd_sc_hd__buf_4)
                  0.08    0.20    4.32 v _367_/X (sky130_fd_sc_hd__buf_4)
    10    0.05                           _180_ (net)
                  0.08    0.00    4.32 v _379_/A (sky130_fd_sc_hd__buf_4)
                  0.09    0.20    4.52 v _379_/X (sky130_fd_sc_hd__buf_4)
    10    0.06                           _182_ (net)
                  0.09    0.01    4.53 v _384_/A (sky130_fd_sc_hd__inv_2)
                  0.04    0.06    4.59 ^ _384_/Y (sky130_fd_sc_hd__inv_2)
     1    0.00                           _014_ (net)
                  0.04    0.00    4.59 ^ _412_/RESET_B (sky130_fd_sc_hd__dfrtp_2)
                                  4.59   data arrival time

                          0.00    0.00   clock clk (rise edge)
                          0.00    0.00   clock source latency
                  0.23    0.17    0.17 ^ clk (in)
     1    0.05                           clk (net)
                  0.23    0.00    0.17 ^ clkbuf_0_clk/A (sky130_fd_sc_hd__clkbuf_16)
                  0.05    0.20    0.37 ^ clkbuf_0_clk/X (sky130_fd_sc_hd__clkbuf_16)
     2    0.02                           clknet_0_clk (net)
                  0.05    0.00    0.37 ^ clkbuf_1_1__f_clk/A (sky130_fd_sc_hd__clkbuf_16)
                  0.07    0.16    0.53 ^ clkbuf_1_1__f_clk/X (sky130_fd_sc_hd__clkbuf_16)
    14    0.05                           clknet_1_1__leaf_clk (net)
                  0.07    0.00    0.53 ^ _412_/CLK (sky130_fd_sc_hd__dfrtp_2)
                          0.25    0.78   clock uncertainty
                          0.00    0.78   clock reconvergence pessimism
                          0.32    1.11   library removal time
                                  1.11   data required time
-----------------------------------------------------------------------------
                                  1.11   data required time
                                 -4.59   data arrival time
-----------------------------------------------------------------------------
                                  3.48   slack (MET)


Startpoint: rst (input port clocked by clk)
Endpoint: _403_ (removal check against rising-edge clock clk)
Path Group: asynchronous
Path Type: min
Corner: Typical

Fanout     Cap    Slew   Delay    Time   Description
-----------------------------------------------------------------------------
                          0.00    0.00   clock clk (rise edge)
                          0.00    0.00   clock network delay (propagated)
                          4.00    4.00 v input external delay
                  0.01    0.01    4.01 v rst (in)
     1    0.00                           rst (net)
                  0.01    0.00    4.01 v input1/A (sky130_fd_sc_hd__buf_1)
                  0.09    0.12    4.12 v input1/X (sky130_fd_sc_hd__buf_1)
     1    0.01                           net1 (net)
                  0.09    0.00    4.12 v _367_/A (sky130_fd_sc_hd__buf_4)
                  0.08    0.20    4.32 v _367_/X (sky130_fd_sc_hd__buf_4)
    10    0.05                           _180_ (net)
                  0.08    0.00    4.33 v _368_/A (sky130_fd_sc_hd__buf_4)
                  0.09    0.20    4.53 v _368_/X (sky130_fd_sc_hd__buf_4)
    10    0.07                           _181_ (net)
                  0.09    0.00    4.53 v _374_/A (sky130_fd_sc_hd__inv_2)
                  0.04    0.06    4.59 ^ _374_/Y (sky130_fd_sc_hd__inv_2)
     1    0.00                           _005_ (net)
                  0.04    0.00    4.59 ^ _403_/RESET_B (sky130_fd_sc_hd__dfrtp_4)
                                  4.59   data arrival time

                          0.00    0.00   clock clk (rise edge)
                          0.00    0.00   clock source latency
                  0.23    0.17    0.17 ^ clk (in)
     1    0.05                           clk (net)
                  0.23    0.00    0.17 ^ clkbuf_0_clk/A (sky130_fd_sc_hd__clkbuf_16)
                  0.05    0.20    0.37 ^ clkbuf_0_clk/X (sky130_fd_sc_hd__clkbuf_16)
     2    0.02                           clknet_0_clk (net)
                  0.05    0.00    0.37 ^ clkbuf_1_1__f_clk/A (sky130_fd_sc_hd__clkbuf_16)
                  0.07    0.16    0.53 ^ clkbuf_1_1__f_clk/X (sky130_fd_sc_hd__clkbuf_16)
    14    0.05                           clknet_1_1__leaf_clk (net)
                  0.07    0.00    0.53 ^ _403_/CLK (sky130_fd_sc_hd__dfrtp_4)
                          0.25    0.78   clock uncertainty
                          0.00    0.78   clock reconvergence pessimism
                          0.32    1.11   library removal time
                                  1.11   data required time
-----------------------------------------------------------------------------
                                  1.11   data required time
                                 -4.59   data arrival time
-----------------------------------------------------------------------------
                                  3.48   slack (MET)


Startpoint: rst (input port clocked by clk)
Endpoint: _411_ (removal check against rising-edge clock clk)
Path Group: asynchronous
Path Type: min
Corner: Typical

Fanout     Cap    Slew   Delay    Time   Description
-----------------------------------------------------------------------------
                          0.00    0.00   clock clk (rise edge)
                          0.00    0.00   clock network delay (propagated)
                          4.00    4.00 v input external delay
                  0.01    0.01    4.01 v rst (in)
     1    0.00                           rst (net)
                  0.01    0.00    4.01 v input1/A (sky130_fd_sc_hd__buf_1)
                  0.09    0.12    4.12 v input1/X (sky130_fd_sc_hd__buf_1)
     1    0.01                           net1 (net)
                  0.09    0.00    4.12 v _367_/A (sky130_fd_sc_hd__buf_4)
                  0.08    0.20    4.32 v _367_/X (sky130_fd_sc_hd__buf_4)
    10    0.05                           _180_ (net)
                  0.08    0.00    4.32 v _379_/A (sky130_fd_sc_hd__buf_4)
                  0.09    0.20    4.52 v _379_/X (sky130_fd_sc_hd__buf_4)
    10    0.06                           _182_ (net)
                  0.09    0.01    4.53 v _383_/A (sky130_fd_sc_hd__inv_2)
                  0.04    0.06    4.59 ^ _383_/Y (sky130_fd_sc_hd__inv_2)
     1    0.00                           _013_ (net)
                  0.04    0.00    4.59 ^ _411_/RESET_B (sky130_fd_sc_hd__dfrtp_4)
                                  4.59   data arrival time

                          0.00    0.00   clock clk (rise edge)
                          0.00    0.00   clock source latency
                  0.23    0.17    0.17 ^ clk (in)
     1    0.05                           clk (net)
                  0.23    0.00    0.17 ^ clkbuf_0_clk/A (sky130_fd_sc_hd__clkbuf_16)
                  0.05    0.20    0.37 ^ clkbuf_0_clk/X (sky130_fd_sc_hd__clkbuf_16)
     2    0.02                           clknet_0_clk (net)
                  0.05    0.00    0.37 ^ clkbuf_1_1__f_clk/A (sky130_fd_sc_hd__clkbuf_16)
                  0.07    0.16    0.53 ^ clkbuf_1_1__f_clk/X (sky130_fd_sc_hd__clkbuf_16)
    14    0.05                           clknet_1_1__leaf_clk (net)
                  0.07    0.00    0.53 ^ _411_/CLK (sky130_fd_sc_hd__dfrtp_4)
                          0.25    0.78   clock uncertainty
                          0.00    0.78   clock reconvergence pessimism
                          0.33    1.11   library removal time
                                  1.11   data required time
-----------------------------------------------------------------------------
                                  1.11   data required time
                                 -4.59   data arrival time
-----------------------------------------------------------------------------
                                  3.48   slack (MET)


Startpoint: rst (input port clocked by clk)
Endpoint: _399_ (removal check against rising-edge clock clk)
Path Group: asynchronous
Path Type: min
Corner: Typical

Fanout     Cap    Slew   Delay    Time   Description
-----------------------------------------------------------------------------
                          0.00    0.00   clock clk (rise edge)
                          0.00    0.00   clock network delay (propagated)
                          4.00    4.00 v input external delay
                  0.01    0.01    4.01 v rst (in)
     1    0.00                           rst (net)
                  0.01    0.00    4.01 v input1/A (sky130_fd_sc_hd__buf_1)
                  0.09    0.12    4.12 v input1/X (sky130_fd_sc_hd__buf_1)
     1    0.01                           net1 (net)
                  0.09    0.00    4.12 v _367_/A (sky130_fd_sc_hd__buf_4)
                  0.08    0.20    4.32 v _367_/X (sky130_fd_sc_hd__buf_4)
    10    0.05                           _180_ (net)
                  0.08    0.00    4.33 v _368_/A (sky130_fd_sc_hd__buf_4)
                  0.09    0.20    4.53 v _368_/X (sky130_fd_sc_hd__buf_4)
    10    0.07                           _181_ (net)
                  0.09    0.00    4.53 v _370_/A (sky130_fd_sc_hd__inv_2)
                  0.04    0.06    4.59 ^ _370_/Y (sky130_fd_sc_hd__inv_2)
     1    0.00                           _001_ (net)
                  0.04    0.00    4.59 ^ _399_/RESET_B (sky130_fd_sc_hd__dfrtp_4)
                                  4.59   data arrival time

                          0.00    0.00   clock clk (rise edge)
                          0.00    0.00   clock source latency
                  0.23    0.17    0.17 ^ clk (in)
     1    0.05                           clk (net)
                  0.23    0.00    0.17 ^ clkbuf_0_clk/A (sky130_fd_sc_hd__clkbuf_16)
                  0.05    0.20    0.37 ^ clkbuf_0_clk/X (sky130_fd_sc_hd__clkbuf_16)
     2    0.02                           clknet_0_clk (net)
                  0.05    0.00    0.37 ^ clkbuf_1_1__f_clk/A (sky130_fd_sc_hd__clkbuf_16)
                  0.07    0.16    0.53 ^ clkbuf_1_1__f_clk/X (sky130_fd_sc_hd__clkbuf_16)
    14    0.05                           clknet_1_1__leaf_clk (net)
                  0.07    0.00    0.53 ^ _399_/CLK (sky130_fd_sc_hd__dfrtp_4)
                          0.25    0.78   clock uncertainty
                          0.00    0.78   clock reconvergence pessimism
                          0.32    1.11   library removal time
                                  1.11   data required time
-----------------------------------------------------------------------------
                                  1.11   data required time
                                 -4.59   data arrival time
-----------------------------------------------------------------------------
                                  3.48   slack (MET)


Startpoint: rst (input port clocked by clk)
Endpoint: _407_ (removal check against rising-edge clock clk)
Path Group: asynchronous
Path Type: min
Corner: Typical

Fanout     Cap    Slew   Delay    Time   Description
-----------------------------------------------------------------------------
                          0.00    0.00   clock clk (rise edge)
                          0.00    0.00   clock network delay (propagated)
                          4.00    4.00 v input external delay
                  0.01    0.01    4.01 v rst (in)
     1    0.00                           rst (net)
                  0.01    0.00    4.01 v input1/A (sky130_fd_sc_hd__buf_1)
                  0.09    0.12    4.12 v input1/X (sky130_fd_sc_hd__buf_1)
     1    0.01                           net1 (net)
                  0.09    0.00    4.12 v _367_/A (sky130_fd_sc_hd__buf_4)
                  0.08    0.20    4.32 v _367_/X (sky130_fd_sc_hd__buf_4)
    10    0.05                           _180_ (net)
                  0.08    0.00    4.33 v _368_/A (sky130_fd_sc_hd__buf_4)
                  0.09    0.20    4.53 v _368_/X (sky130_fd_sc_hd__buf_4)
    10    0.07                           _181_ (net)
                  0.09    0.00    4.53 v _378_/A (sky130_fd_sc_hd__inv_2)
                  0.04    0.06    4.59 ^ _378_/Y (sky130_fd_sc_hd__inv_2)
     1    0.00                           _009_ (net)
                  0.04    0.00    4.59 ^ _407_/RESET_B (sky130_fd_sc_hd__dfrtp_4)
                                  4.59   data arrival time

                          0.00    0.00   clock clk (rise edge)
                          0.00    0.00   clock source latency
                  0.23    0.17    0.17 ^ clk (in)
     1    0.05                           clk (net)
                  0.23    0.00    0.17 ^ clkbuf_0_clk/A (sky130_fd_sc_hd__clkbuf_16)
                  0.05    0.20    0.37 ^ clkbuf_0_clk/X (sky130_fd_sc_hd__clkbuf_16)
     2    0.02                           clknet_0_clk (net)
                  0.05    0.00    0.37 ^ clkbuf_1_0__f_clk/A (sky130_fd_sc_hd__clkbuf_16)
                  0.07    0.16    0.53 ^ clkbuf_1_0__f_clk/X (sky130_fd_sc_hd__clkbuf_16)
    14    0.05                           clknet_1_0__leaf_clk (net)
                  0.07    0.00    0.53 ^ _407_/CLK (sky130_fd_sc_hd__dfrtp_4)
                          0.25    0.78   clock uncertainty
                          0.00    0.78   clock reconvergence pessimism
                          0.33    1.11   library removal time
                                  1.11   data required time
-----------------------------------------------------------------------------
                                  1.11   data required time
                                 -4.59   data arrival time
-----------------------------------------------------------------------------
                                  3.48   slack (MET)


Startpoint: rst (input port clocked by clk)
Endpoint: _404_ (removal check against rising-edge clock clk)
Path Group: asynchronous
Path Type: min
Corner: Typical

Fanout     Cap    Slew   Delay    Time   Description
-----------------------------------------------------------------------------
                          0.00    0.00   clock clk (rise edge)
                          0.00    0.00   clock network delay (propagated)
                          4.00    4.00 v input external delay
                  0.01    0.01    4.01 v rst (in)
     1    0.00                           rst (net)
                  0.01    0.00    4.01 v input1/A (sky130_fd_sc_hd__buf_1)
                  0.09    0.12    4.12 v input1/X (sky130_fd_sc_hd__buf_1)
     1    0.01                           net1 (net)
                  0.09    0.00    4.12 v _367_/A (sky130_fd_sc_hd__buf_4)
                  0.08    0.20    4.32 v _367_/X (sky130_fd_sc_hd__buf_4)
    10    0.05                           _180_ (net)
                  0.08    0.00    4.33 v _368_/A (sky130_fd_sc_hd__buf_4)
                  0.09    0.20    4.53 v _368_/X (sky130_fd_sc_hd__buf_4)
    10    0.07                           _181_ (net)
                  0.09    0.00    4.53 v _375_/A (sky130_fd_sc_hd__inv_2)
                  0.04    0.06    4.59 ^ _375_/Y (sky130_fd_sc_hd__inv_2)
     1    0.00                           _006_ (net)
                  0.04    0.00    4.59 ^ _404_/RESET_B (sky130_fd_sc_hd__dfrtp_4)
                                  4.59   data arrival time

                          0.00    0.00   clock clk (rise edge)
                          0.00    0.00   clock source latency
                  0.23    0.17    0.17 ^ clk (in)
     1    0.05                           clk (net)
                  0.23    0.00    0.17 ^ clkbuf_0_clk/A (sky130_fd_sc_hd__clkbuf_16)
                  0.05    0.20    0.37 ^ clkbuf_0_clk/X (sky130_fd_sc_hd__clkbuf_16)
     2    0.02                           clknet_0_clk (net)
                  0.05    0.00    0.37 ^ clkbuf_1_1__f_clk/A (sky130_fd_sc_hd__clkbuf_16)
                  0.07    0.16    0.53 ^ clkbuf_1_1__f_clk/X (sky130_fd_sc_hd__clkbuf_16)
    14    0.05                           clknet_1_1__leaf_clk (net)
                  0.07    0.00    0.53 ^ _404_/CLK (sky130_fd_sc_hd__dfrtp_4)
                          0.25    0.78   clock uncertainty
                          0.00    0.78   clock reconvergence pessimism
                          0.32    1.11   library removal time
                                  1.11   data required time
-----------------------------------------------------------------------------
                                  1.11   data required time
                                 -4.59   data arrival time
-----------------------------------------------------------------------------
                                  3.48   slack (MET)


Startpoint: rst (input port clocked by clk)
Endpoint: _401_ (removal check against rising-edge clock clk)
Path Group: asynchronous
Path Type: min
Corner: Typical

Fanout     Cap    Slew   Delay    Time   Description
-----------------------------------------------------------------------------
                          0.00    0.00   clock clk (rise edge)
                          0.00    0.00   clock network delay (propagated)
                          4.00    4.00 v input external delay
                  0.01    0.01    4.01 v rst (in)
     1    0.00                           rst (net)
                  0.01    0.00    4.01 v input1/A (sky130_fd_sc_hd__buf_1)
                  0.09    0.12    4.12 v input1/X (sky130_fd_sc_hd__buf_1)
     1    0.01                           net1 (net)
                  0.09    0.00    4.12 v _367_/A (sky130_fd_sc_hd__buf_4)
                  0.08    0.20    4.32 v _367_/X (sky130_fd_sc_hd__buf_4)
    10    0.05                           _180_ (net)
                  0.08    0.00    4.33 v _368_/A (sky130_fd_sc_hd__buf_4)
                  0.09    0.20    4.53 v _368_/X (sky130_fd_sc_hd__buf_4)
    10    0.07                           _181_ (net)
                  0.09    0.00    4.53 v _372_/A (sky130_fd_sc_hd__inv_2)
                  0.04    0.06    4.59 ^ _372_/Y (sky130_fd_sc_hd__inv_2)
     1    0.00                           _003_ (net)
                  0.04    0.00    4.59 ^ _401_/RESET_B (sky130_fd_sc_hd__dfrtp_4)
                                  4.59   data arrival time

                          0.00    0.00   clock clk (rise edge)
                          0.00    0.00   clock source latency
                  0.23    0.17    0.17 ^ clk (in)
     1    0.05                           clk (net)
                  0.23    0.00    0.17 ^ clkbuf_0_clk/A (sky130_fd_sc_hd__clkbuf_16)
                  0.05    0.20    0.37 ^ clkbuf_0_clk/X (sky130_fd_sc_hd__clkbuf_16)
     2    0.02                           clknet_0_clk (net)
                  0.05    0.00    0.37 ^ clkbuf_1_1__f_clk/A (sky130_fd_sc_hd__clkbuf_16)
                  0.07    0.16    0.53 ^ clkbuf_1_1__f_clk/X (sky130_fd_sc_hd__clkbuf_16)
    14    0.05                           clknet_1_1__leaf_clk (net)
                  0.07    0.00    0.53 ^ _401_/CLK (sky130_fd_sc_hd__dfrtp_4)
                          0.25    0.78   clock uncertainty
                          0.00    0.78   clock reconvergence pessimism
                          0.32    1.11   library removal time
                                  1.11   data required time
-----------------------------------------------------------------------------
                                  1.11   data required time
                                 -4.59   data arrival time
-----------------------------------------------------------------------------
                                  3.48   slack (MET)


Startpoint: rst (input port clocked by clk)
Endpoint: _400_ (removal check against rising-edge clock clk)
Path Group: asynchronous
Path Type: min
Corner: Typical

Fanout     Cap    Slew   Delay    Time   Description
-----------------------------------------------------------------------------
                          0.00    0.00   clock clk (rise edge)
                          0.00    0.00   clock network delay (propagated)
                          4.00    4.00 v input external delay
                  0.01    0.01    4.01 v rst (in)
     1    0.00                           rst (net)
                  0.01    0.00    4.01 v input1/A (sky130_fd_sc_hd__buf_1)
                  0.09    0.12    4.12 v input1/X (sky130_fd_sc_hd__buf_1)
     1    0.01                           net1 (net)
                  0.09    0.00    4.12 v _367_/A (sky130_fd_sc_hd__buf_4)
                  0.08    0.20    4.32 v _367_/X (sky130_fd_sc_hd__buf_4)
    10    0.05                           _180_ (net)
                  0.08    0.00    4.33 v _368_/A (sky130_fd_sc_hd__buf_4)
                  0.09    0.20    4.53 v _368_/X (sky130_fd_sc_hd__buf_4)
    10    0.07                           _181_ (net)
                  0.09    0.00    4.53 v _371_/A (sky130_fd_sc_hd__inv_2)
                  0.04    0.06    4.59 ^ _371_/Y (sky130_fd_sc_hd__inv_2)
     1    0.00                           _002_ (net)
                  0.04    0.00    4.59 ^ _400_/RESET_B (sky130_fd_sc_hd__dfrtp_4)
                                  4.59   data arrival time

                          0.00    0.00   clock clk (rise edge)
                          0.00    0.00   clock source latency
                  0.23    0.17    0.17 ^ clk (in)
     1    0.05                           clk (net)
                  0.23    0.00    0.17 ^ clkbuf_0_clk/A (sky130_fd_sc_hd__clkbuf_16)
                  0.05    0.20    0.37 ^ clkbuf_0_clk/X (sky130_fd_sc_hd__clkbuf_16)
     2    0.02                           clknet_0_clk (net)
                  0.05    0.00    0.37 ^ clkbuf_1_1__f_clk/A (sky130_fd_sc_hd__clkbuf_16)
                  0.07    0.16    0.53 ^ clkbuf_1_1__f_clk/X (sky130_fd_sc_hd__clkbuf_16)
    14    0.05                           clknet_1_1__leaf_clk (net)
                  0.07    0.00    0.53 ^ _400_/CLK (sky130_fd_sc_hd__dfrtp_4)
                          0.25    0.78   clock uncertainty
                          0.00    0.78   clock reconvergence pessimism
                          0.32    1.11   library removal time
                                  1.11   data required time
-----------------------------------------------------------------------------
                                  1.11   data required time
                                 -4.59   data arrival time
-----------------------------------------------------------------------------
                                  3.48   slack (MET)


Startpoint: rst (input port clocked by clk)
Endpoint: _398_ (removal check against rising-edge clock clk)
Path Group: asynchronous
Path Type: min
Corner: Typical

Fanout     Cap    Slew   Delay    Time   Description
-----------------------------------------------------------------------------
                          0.00    0.00   clock clk (rise edge)
                          0.00    0.00   clock network delay (propagated)
                          4.00    4.00 v input external delay
                  0.01    0.01    4.01 v rst (in)
     1    0.00                           rst (net)
                  0.01    0.00    4.01 v input1/A (sky130_fd_sc_hd__buf_1)
                  0.09    0.12    4.12 v input1/X (sky130_fd_sc_hd__buf_1)
     1    0.01                           net1 (net)
                  0.09    0.00    4.12 v _367_/A (sky130_fd_sc_hd__buf_4)
                  0.08    0.20    4.32 v _367_/X (sky130_fd_sc_hd__buf_4)
    10    0.05                           _180_ (net)
                  0.08    0.00    4.33 v _368_/A (sky130_fd_sc_hd__buf_4)
                  0.09    0.20    4.53 v _368_/X (sky130_fd_sc_hd__buf_4)
    10    0.07                           _181_ (net)
                  0.09    0.00    4.53 v _369_/A (sky130_fd_sc_hd__inv_2)
                  0.04    0.06    4.59 ^ _369_/Y (sky130_fd_sc_hd__inv_2)
     1    0.00                           _000_ (net)
                  0.04    0.00    4.59 ^ _398_/RESET_B (sky130_fd_sc_hd__dfrtp_4)
                                  4.59   data arrival time

                          0.00    0.00   clock clk (rise edge)
                          0.00    0.00   clock source latency
                  0.23    0.17    0.17 ^ clk (in)
     1    0.05                           clk (net)
                  0.23    0.00    0.17 ^ clkbuf_0_clk/A (sky130_fd_sc_hd__clkbuf_16)
                  0.05    0.20    0.37 ^ clkbuf_0_clk/X (sky130_fd_sc_hd__clkbuf_16)
     2    0.02                           clknet_0_clk (net)
                  0.05    0.00    0.37 ^ clkbuf_1_1__f_clk/A (sky130_fd_sc_hd__clkbuf_16)
                  0.07    0.16    0.53 ^ clkbuf_1_1__f_clk/X (sky130_fd_sc_hd__clkbuf_16)
    14    0.05                           clknet_1_1__leaf_clk (net)
                  0.07    0.00    0.53 ^ _398_/CLK (sky130_fd_sc_hd__dfrtp_4)
                          0.25    0.78   clock uncertainty
                          0.00    0.78   clock reconvergence pessimism
                          0.33    1.11   library removal time
                                  1.11   data required time
-----------------------------------------------------------------------------
                                  1.11   data required time
                                 -4.59   data arrival time
-----------------------------------------------------------------------------
                                  3.48   slack (MET)


Startpoint: rst (input port clocked by clk)
Endpoint: _405_ (removal check against rising-edge clock clk)
Path Group: asynchronous
Path Type: min
Corner: Typical

Fanout     Cap    Slew   Delay    Time   Description
-----------------------------------------------------------------------------
                          0.00    0.00   clock clk (rise edge)
                          0.00    0.00   clock network delay (propagated)
                          4.00    4.00 v input external delay
                  0.01    0.01    4.01 v rst (in)
     1    0.00                           rst (net)
                  0.01    0.00    4.01 v input1/A (sky130_fd_sc_hd__buf_1)
                  0.09    0.12    4.12 v input1/X (sky130_fd_sc_hd__buf_1)
     1    0.01                           net1 (net)
                  0.09    0.00    4.12 v _367_/A (sky130_fd_sc_hd__buf_4)
                  0.08    0.20    4.32 v _367_/X (sky130_fd_sc_hd__buf_4)
    10    0.05                           _180_ (net)
                  0.08    0.00    4.33 v _368_/A (sky130_fd_sc_hd__buf_4)
                  0.09    0.20    4.53 v _368_/X (sky130_fd_sc_hd__buf_4)
    10    0.07                           _181_ (net)
                  0.09    0.00    4.53 v _376_/A (sky130_fd_sc_hd__inv_2)
                  0.04    0.06    4.59 ^ _376_/Y (sky130_fd_sc_hd__inv_2)
     1    0.00                           _007_ (net)
                  0.04    0.00    4.59 ^ _405_/RESET_B (sky130_fd_sc_hd__dfrtp_4)
                                  4.59   data arrival time

                          0.00    0.00   clock clk (rise edge)
                          0.00    0.00   clock source latency
                  0.23    0.17    0.17 ^ clk (in)
     1    0.05                           clk (net)
                  0.23    0.00    0.17 ^ clkbuf_0_clk/A (sky130_fd_sc_hd__clkbuf_16)
                  0.05    0.20    0.37 ^ clkbuf_0_clk/X (sky130_fd_sc_hd__clkbuf_16)
     2    0.02                           clknet_0_clk (net)
                  0.05    0.00    0.37 ^ clkbuf_1_1__f_clk/A (sky130_fd_sc_hd__clkbuf_16)
                  0.07    0.16    0.53 ^ clkbuf_1_1__f_clk/X (sky130_fd_sc_hd__clkbuf_16)
    14    0.05                           clknet_1_1__leaf_clk (net)
                  0.07    0.00    0.53 ^ _405_/CLK (sky130_fd_sc_hd__dfrtp_4)
                          0.25    0.78   clock uncertainty
                          0.00    0.78   clock reconvergence pessimism
                          0.33    1.11   library removal time
                                  1.11   data required time
-----------------------------------------------------------------------------
                                  1.11   data required time
                                 -4.59   data arrival time
-----------------------------------------------------------------------------
                                  3.48   slack (MET)


Startpoint: _406_ (rising edge-triggered flip-flop clocked by clk)
Endpoint: A_out[4] (output port clocked by clk)
Path Group: clk
Path Type: min
Corner: Typical

Fanout     Cap    Slew   Delay    Time   Description
-----------------------------------------------------------------------------
                          0.00    0.00   clock clk (rise edge)
                          0.00    0.00   clock source latency
                  0.23    0.16    0.16 ^ clk (in)
     1    0.05                           clk (net)
                  0.23    0.00    0.16 ^ clkbuf_0_clk/A (sky130_fd_sc_hd__clkbuf_16)
                  0.05    0.18    0.34 ^ clkbuf_0_clk/X (sky130_fd_sc_hd__clkbuf_16)
     2    0.02                           clknet_0_clk (net)
                  0.05    0.00    0.34 ^ clkbuf_1_0__f_clk/A (sky130_fd_sc_hd__clkbuf_16)
                  0.07    0.14    0.48 ^ clkbuf_1_0__f_clk/X (sky130_fd_sc_hd__clkbuf_16)
    14    0.05                           clknet_1_0__leaf_clk (net)
                  0.07    0.00    0.48 ^ _406_/CLK (sky130_fd_sc_hd__dfrtp_2)
                  0.13    0.40    0.89 ^ _406_/Q (sky130_fd_sc_hd__dfrtp_2)
     3    0.02                           net6 (net)
                  0.13    0.00    0.89 ^ output6/A (sky130_fd_sc_hd__clkbuf_4)
                  0.11    0.21    1.09 ^ output6/X (sky130_fd_sc_hd__clkbuf_4)
     1    0.03                           A_out[4] (net)
                  0.11    0.00    1.09 ^ A_out[4] (out)
                                  1.09   data arrival time

                          0.00    0.00   clock clk (rise edge)
                          0.00    0.00   clock network delay (propagated)
                          0.25    0.25   clock uncertainty
                          0.00    0.25   clock reconvergence pessimism
                         -4.00   -3.75   output external delay
                                 -3.75   data required time
-----------------------------------------------------------------------------
                                 -3.75   data required time
                                 -1.09   data arrival time
-----------------------------------------------------------------------------
                                  4.84   slack (MET)


Startpoint: _412_ (rising edge-triggered flip-flop clocked by clk)
Endpoint: last_opcode_out[3] (output port clocked by clk)
Path Group: clk
Path Type: min
Corner: Typical

Fanout     Cap    Slew   Delay    Time   Description
-----------------------------------------------------------------------------
                          0.00    0.00   clock clk (rise edge)
                          0.00    0.00   clock source latency
                  0.23    0.16    0.16 ^ clk (in)
     1    0.05                           clk (net)
                  0.23    0.00    0.16 ^ clkbuf_0_clk/A (sky130_fd_sc_hd__clkbuf_16)
                  0.05    0.18    0.34 ^ clkbuf_0_clk/X (sky130_fd_sc_hd__clkbuf_16)
     2    0.02                           clknet_0_clk (net)
                  0.05    0.00    0.34 ^ clkbuf_1_1__f_clk/A (sky130_fd_sc_hd__clkbuf_16)
                  0.07    0.14    0.48 ^ clkbuf_1_1__f_clk/X (sky130_fd_sc_hd__clkbuf_16)
    14    0.05                           clknet_1_1__leaf_clk (net)
                  0.07    0.00    0.48 ^ _412_/CLK (sky130_fd_sc_hd__dfrtp_2)
                  0.13    0.40    0.89 ^ _412_/Q (sky130_fd_sc_hd__dfrtp_2)
     2    0.02                           net25 (net)
                  0.13    0.00    0.89 ^ output25/A (sky130_fd_sc_hd__clkbuf_4)
                  0.11    0.21    1.09 ^ output25/X (sky130_fd_sc_hd__clkbuf_4)
     1    0.03                           last_opcode_out[3] (net)
                  0.11    0.00    1.10 ^ last_opcode_out[3] (out)
                                  1.10   data arrival time

                          0.00    0.00   clock clk (rise edge)
                          0.00    0.00   clock network delay (propagated)
                          0.25    0.25   clock uncertainty
                          0.00    0.25   clock reconvergence pessimism
                         -4.00   -3.75   output external delay
                                 -3.75   data required time
-----------------------------------------------------------------------------
                                 -3.75   data required time
                                 -1.10   data arrival time
-----------------------------------------------------------------------------
                                  4.85   slack (MET)


Startpoint: _415_ (rising edge-triggered flip-flop clocked by clk)
Endpoint: flags_out[1] (output port clocked by clk)
Path Group: clk
Path Type: min
Corner: Typical

Fanout     Cap    Slew   Delay    Time   Description
-----------------------------------------------------------------------------
                          0.00    0.00   clock clk (rise edge)
                          0.00    0.00   clock source latency
                  0.23    0.16    0.16 ^ clk (in)
     1    0.05                           clk (net)
                  0.23    0.00    0.16 ^ clkbuf_0_clk/A (sky130_fd_sc_hd__clkbuf_16)
                  0.05    0.18    0.34 ^ clkbuf_0_clk/X (sky130_fd_sc_hd__clkbuf_16)
     2    0.02                           clknet_0_clk (net)
                  0.05    0.00    0.34 ^ clkbuf_1_0__f_clk/A (sky130_fd_sc_hd__clkbuf_16)
                  0.07    0.14    0.48 ^ clkbuf_1_0__f_clk/X (sky130_fd_sc_hd__clkbuf_16)
    14    0.05                           clknet_1_0__leaf_clk (net)
                  0.07    0.00    0.48 ^ _415_/CLK (sky130_fd_sc_hd__dfrtp_4)
                  0.12    0.45    0.93 ^ _415_/Q (sky130_fd_sc_hd__dfrtp_4)
     2    0.03                           net19 (net)
                  0.12    0.00    0.93 ^ output19/A (sky130_fd_sc_hd__clkbuf_4)
                  0.11    0.20    1.13 ^ output19/X (sky130_fd_sc_hd__clkbuf_4)
     1    0.03                           flags_out[1] (net)
                  0.11    0.00    1.13 ^ flags_out[1] (out)
                                  1.13   data arrival time

                          0.00    0.00   clock clk (rise edge)
                          0.00    0.00   clock network delay (propagated)
                          0.25    0.25   clock uncertainty
                          0.00    0.25   clock reconvergence pessimism
                         -4.00   -3.75   output external delay
                                 -3.75   data required time
-----------------------------------------------------------------------------
                                 -3.75   data required time
                                 -1.13   data arrival time
-----------------------------------------------------------------------------
                                  4.88   slack (MET)


Startpoint: _402_ (rising edge-triggered flip-flop clocked by clk)
Endpoint: A_out[0] (output port clocked by clk)
Path Group: clk
Path Type: min
Corner: Typical

Fanout     Cap    Slew   Delay    Time   Description
-----------------------------------------------------------------------------
                          0.00    0.00   clock clk (rise edge)
                          0.00    0.00   clock source latency
                  0.23    0.16    0.16 ^ clk (in)
     1    0.05                           clk (net)
                  0.23    0.00    0.16 ^ clkbuf_0_clk/A (sky130_fd_sc_hd__clkbuf_16)
                  0.05    0.18    0.34 ^ clkbuf_0_clk/X (sky130_fd_sc_hd__clkbuf_16)
     2    0.02                           clknet_0_clk (net)
                  0.05    0.00    0.34 ^ clkbuf_1_1__f_clk/A (sky130_fd_sc_hd__clkbuf_16)
                  0.07    0.14    0.48 ^ clkbuf_1_1__f_clk/X (sky130_fd_sc_hd__clkbuf_16)
    14    0.05                           clknet_1_1__leaf_clk (net)
                  0.07    0.00    0.48 ^ _402_/CLK (sky130_fd_sc_hd__dfrtp_4)
                  0.12    0.45    0.93 ^ _402_/Q (sky130_fd_sc_hd__dfrtp_4)
     4    0.03                           net2 (net)
                  0.12    0.00    0.93 ^ output2/A (sky130_fd_sc_hd__clkbuf_4)
                  0.11    0.20    1.13 ^ output2/X (sky130_fd_sc_hd__clkbuf_4)
     1    0.03                           A_out[0] (net)
                  0.11    0.00    1.13 ^ A_out[0] (out)
                                  1.13   data arrival time

                          0.00    0.00   clock clk (rise edge)
                          0.00    0.00   clock network delay (propagated)
                          0.25    0.25   clock uncertainty
                          0.00    0.25   clock reconvergence pessimism
                         -4.00   -3.75   output external delay
                                 -3.75   data required time
-----------------------------------------------------------------------------
                                 -3.75   data required time
                                 -1.13   data arrival time
-----------------------------------------------------------------------------
                                  4.88   slack (MET)


Startpoint: _411_ (rising edge-triggered flip-flop clocked by clk)
Endpoint: last_opcode_out[2] (output port clocked by clk)
Path Group: clk
Path Type: min
Corner: Typical

Fanout     Cap    Slew   Delay    Time   Description
-----------------------------------------------------------------------------
                          0.00    0.00   clock clk (rise edge)
                          0.00    0.00   clock source latency
                  0.23    0.16    0.16 ^ clk (in)
     1    0.05                           clk (net)
                  0.23    0.00    0.16 ^ clkbuf_0_clk/A (sky130_fd_sc_hd__clkbuf_16)
                  0.05    0.18    0.34 ^ clkbuf_0_clk/X (sky130_fd_sc_hd__clkbuf_16)
     2    0.02                           clknet_0_clk (net)
                  0.05    0.00    0.34 ^ clkbuf_1_1__f_clk/A (sky130_fd_sc_hd__clkbuf_16)
                  0.07    0.14    0.48 ^ clkbuf_1_1__f_clk/X (sky130_fd_sc_hd__clkbuf_16)
    14    0.05                           clknet_1_1__leaf_clk (net)
                  0.07    0.00    0.48 ^ _411_/CLK (sky130_fd_sc_hd__dfrtp_4)
                  0.12    0.45    0.93 ^ _411_/Q (sky130_fd_sc_hd__dfrtp_4)
     2    0.03                           net24 (net)
                  0.12    0.00    0.94 ^ output24/A (sky130_fd_sc_hd__clkbuf_4)
                  0.11    0.20    1.14 ^ output24/X (sky130_fd_sc_hd__clkbuf_4)
     1    0.03                           last_opcode_out[2] (net)
                  0.11    0.00    1.14 ^ last_opcode_out[2] (out)
                                  1.14   data arrival time

                          0.00    0.00   clock clk (rise edge)
                          0.00    0.00   clock network delay (propagated)
                          0.25    0.25   clock uncertainty
                          0.00    0.25   clock reconvergence pessimism
                         -4.00   -3.75   output external delay
                                 -3.75   data required time
-----------------------------------------------------------------------------
                                 -3.75   data required time
                                 -1.14   data arrival time
-----------------------------------------------------------------------------
                                  4.89   slack (MET)


Startpoint: _417_ (rising edge-triggered flip-flop clocked by clk)
Endpoint: flags_out[3] (output port clocked by clk)
Path Group: clk
Path Type: min
Corner: Typical

Fanout     Cap    Slew   Delay    Time   Description
-----------------------------------------------------------------------------
                          0.00    0.00   clock clk (rise edge)
                          0.00    0.00   clock source latency
                  0.23    0.16    0.16 ^ clk (in)
     1    0.05                           clk (net)
                  0.23    0.00    0.16 ^ clkbuf_0_clk/A (sky130_fd_sc_hd__clkbuf_16)
                  0.05    0.18    0.34 ^ clkbuf_0_clk/X (sky130_fd_sc_hd__clkbuf_16)
     2    0.02                           clknet_0_clk (net)
                  0.05    0.00    0.34 ^ clkbuf_1_0__f_clk/A (sky130_fd_sc_hd__clkbuf_16)
                  0.07    0.14    0.48 ^ clkbuf_1_0__f_clk/X (sky130_fd_sc_hd__clkbuf_16)
    14    0.05                           clknet_1_0__leaf_clk (net)
                  0.07    0.00    0.48 ^ _417_/CLK (sky130_fd_sc_hd__dfrtp_4)
                  0.12    0.45    0.93 ^ _417_/Q (sky130_fd_sc_hd__dfrtp_4)
     3    0.03                           net21 (net)
                  0.12    0.00    0.94 ^ output21/A (sky130_fd_sc_hd__clkbuf_4)
                  0.11    0.20    1.14 ^ output21/X (sky130_fd_sc_hd__clkbuf_4)
     1    0.03                           flags_out[3] (net)
                  0.11    0.00    1.14 ^ flags_out[3] (out)
                                  1.14   data arrival time

                          0.00    0.00   clock clk (rise edge)
                          0.00    0.00   clock network delay (propagated)
                          0.25    0.25   clock uncertainty
                          0.00    0.25   clock reconvergence pessimism
                         -4.00   -3.75   output external delay
                                 -3.75   data required time
-----------------------------------------------------------------------------
                                 -3.75   data required time
                                 -1.14   data arrival time
-----------------------------------------------------------------------------
                                  4.89   slack (MET)


Startpoint: _421_ (rising edge-triggered flip-flop clocked by clk)
Endpoint: B_out[3] (output port clocked by clk)
Path Group: clk
Path Type: min
Corner: Typical

Fanout     Cap    Slew   Delay    Time   Description
-----------------------------------------------------------------------------
                          0.00    0.00   clock clk (rise edge)
                          0.00    0.00   clock source latency
                  0.23    0.16    0.16 ^ clk (in)
     1    0.05                           clk (net)
                  0.23    0.00    0.16 ^ clkbuf_0_clk/A (sky130_fd_sc_hd__clkbuf_16)
                  0.05    0.18    0.34 ^ clkbuf_0_clk/X (sky130_fd_sc_hd__clkbuf_16)
     2    0.02                           clknet_0_clk (net)
                  0.05    0.00    0.34 ^ clkbuf_1_1__f_clk/A (sky130_fd_sc_hd__clkbuf_16)
                  0.07    0.14    0.48 ^ clkbuf_1_1__f_clk/X (sky130_fd_sc_hd__clkbuf_16)
    14    0.05                           clknet_1_1__leaf_clk (net)
                  0.07    0.00    0.48 ^ _421_/CLK (sky130_fd_sc_hd__dfrtp_4)
                  0.13    0.45    0.93 ^ _421_/Q (sky130_fd_sc_hd__dfrtp_4)
     4    0.03                           net13 (net)
                  0.13    0.00    0.94 ^ output13/A (sky130_fd_sc_hd__clkbuf_4)
                  0.11    0.20    1.14 ^ output13/X (sky130_fd_sc_hd__clkbuf_4)
     1    0.03                           B_out[3] (net)
                  0.11    0.00    1.14 ^ B_out[3] (out)
                                  1.14   data arrival time

                          0.00    0.00   clock clk (rise edge)
                          0.00    0.00   clock network delay (propagated)
                          0.25    0.25   clock uncertainty
                          0.00    0.25   clock reconvergence pessimism
                         -4.00   -3.75   output external delay
                                 -3.75   data required time
-----------------------------------------------------------------------------
                                 -3.75   data required time
                                 -1.14   data arrival time
-----------------------------------------------------------------------------
                                  4.89   slack (MET)


Startpoint: _408_ (rising edge-triggered flip-flop clocked by clk)
Endpoint: A_out[6] (output port clocked by clk)
Path Group: clk
Path Type: min
Corner: Typical

Fanout     Cap    Slew   Delay    Time   Description
-----------------------------------------------------------------------------
                          0.00    0.00   clock clk (rise edge)
                          0.00    0.00   clock source latency
                  0.23    0.16    0.16 ^ clk (in)
     1    0.05                           clk (net)
                  0.23    0.00    0.16 ^ clkbuf_0_clk/A (sky130_fd_sc_hd__clkbuf_16)
                  0.05    0.18    0.34 ^ clkbuf_0_clk/X (sky130_fd_sc_hd__clkbuf_16)
     2    0.02                           clknet_0_clk (net)
                  0.05    0.00    0.34 ^ clkbuf_1_0__f_clk/A (sky130_fd_sc_hd__clkbuf_16)
                  0.07    0.14    0.48 ^ clkbuf_1_0__f_clk/X (sky130_fd_sc_hd__clkbuf_16)
    14    0.05                           clknet_1_0__leaf_clk (net)
                  0.07    0.00    0.48 ^ _408_/CLK (sky130_fd_sc_hd__dfrtp_4)
                  0.11    0.44    0.93 ^ _408_/Q (sky130_fd_sc_hd__dfrtp_4)
     3    0.03                           net8 (net)
                  0.11    0.00    0.93 ^ output8/A (sky130_fd_sc_hd__buf_2)
                  0.17    0.21    1.14 ^ output8/X (sky130_fd_sc_hd__buf_2)
     1    0.03                           A_out[6] (net)
                  0.17    0.00    1.14 ^ A_out[6] (out)
                                  1.14   data arrival time

                          0.00    0.00   clock clk (rise edge)
                          0.00    0.00   clock network delay (propagated)
                          0.25    0.25   clock uncertainty
                          0.00    0.25   clock reconvergence pessimism
                         -4.00   -3.75   output external delay
                                 -3.75   data required time
-----------------------------------------------------------------------------
                                 -3.75   data required time
                                 -1.14   data arrival time
-----------------------------------------------------------------------------
                                  4.89   slack (MET)


Startpoint: _409_ (rising edge-triggered flip-flop clocked by clk)
Endpoint: A_out[7] (output port clocked by clk)
Path Group: clk
Path Type: min
Corner: Typical

Fanout     Cap    Slew   Delay    Time   Description
-----------------------------------------------------------------------------
                          0.00    0.00   clock clk (rise edge)
                          0.00    0.00   clock source latency
                  0.23    0.16    0.16 ^ clk (in)
     1    0.05                           clk (net)
                  0.23    0.00    0.16 ^ clkbuf_0_clk/A (sky130_fd_sc_hd__clkbuf_16)
                  0.05    0.18    0.34 ^ clkbuf_0_clk/X (sky130_fd_sc_hd__clkbuf_16)
     2    0.02                           clknet_0_clk (net)
                  0.05    0.00    0.34 ^ clkbuf_1_0__f_clk/A (sky130_fd_sc_hd__clkbuf_16)
                  0.07    0.14    0.48 ^ clkbuf_1_0__f_clk/X (sky130_fd_sc_hd__clkbuf_16)
    14    0.05                           clknet_1_0__leaf_clk (net)
                  0.07    0.00    0.48 ^ _409_/CLK (sky130_fd_sc_hd__dfrtp_4)
                  0.13    0.45    0.93 ^ _409_/Q (sky130_fd_sc_hd__dfrtp_4)
     3    0.03                           net9 (net)
                  0.13    0.00    0.94 ^ output9/A (sky130_fd_sc_hd__clkbuf_4)
                  0.11    0.20    1.14 ^ output9/X (sky130_fd_sc_hd__clkbuf_4)
     1    0.03                           A_out[7] (net)
                  0.11    0.00    1.14 ^ A_out[7] (out)
                                  1.14   data arrival time

                          0.00    0.00   clock clk (rise edge)
                          0.00    0.00   clock network delay (propagated)
                          0.25    0.25   clock uncertainty
                          0.00    0.25   clock reconvergence pessimism
                         -4.00   -3.75   output external delay
                                 -3.75   data required time
-----------------------------------------------------------------------------
                                 -3.75   data required time
                                 -1.14   data arrival time
-----------------------------------------------------------------------------
                                  4.89   slack (MET)


Startpoint: _416_ (rising edge-triggered flip-flop clocked by clk)
Endpoint: flags_out[2] (output port clocked by clk)
Path Group: clk
Path Type: min
Corner: Typical

Fanout     Cap    Slew   Delay    Time   Description
-----------------------------------------------------------------------------
                          0.00    0.00   clock clk (rise edge)
                          0.00    0.00   clock source latency
                  0.23    0.16    0.16 ^ clk (in)
     1    0.05                           clk (net)
                  0.23    0.00    0.16 ^ clkbuf_0_clk/A (sky130_fd_sc_hd__clkbuf_16)
                  0.05    0.18    0.34 ^ clkbuf_0_clk/X (sky130_fd_sc_hd__clkbuf_16)
     2    0.02                           clknet_0_clk (net)
                  0.05    0.00    0.34 ^ clkbuf_1_0__f_clk/A (sky130_fd_sc_hd__clkbuf_16)
                  0.07    0.14    0.48 ^ clkbuf_1_0__f_clk/X (sky130_fd_sc_hd__clkbuf_16)
    14    0.05                           clknet_1_0__leaf_clk (net)
                  0.07    0.00    0.48 ^ _416_/CLK (sky130_fd_sc_hd__dfrtp_4)
                  0.12    0.45    0.93 ^ _416_/Q (sky130_fd_sc_hd__dfrtp_4)
     2    0.03                           net20 (net)
                  0.12    0.00    0.93 ^ output20/A (sky130_fd_sc_hd__buf_2)
                  0.17    0.21    1.15 ^ output20/X (sky130_fd_sc_hd__buf_2)
     1    0.03                           flags_out[2] (net)
                  0.17    0.00    1.15 ^ flags_out[2] (out)
                                  1.15   data arrival time

                          0.00    0.00   clock clk (rise edge)
                          0.00    0.00   clock network delay (propagated)
                          0.25    0.25   clock uncertainty
                          0.00    0.25   clock reconvergence pessimism
                         -4.00   -3.75   output external delay
                                 -3.75   data required time
-----------------------------------------------------------------------------
                                 -3.75   data required time
                                 -1.15   data arrival time
-----------------------------------------------------------------------------
                                  4.90   slack (MET)


Startpoint: _425_ (rising edge-triggered flip-flop clocked by clk)
Endpoint: B_out[7] (output port clocked by clk)
Path Group: clk
Path Type: min
Corner: Typical

Fanout     Cap    Slew   Delay    Time   Description
-----------------------------------------------------------------------------
                          0.00    0.00   clock clk (rise edge)
                          0.00    0.00   clock source latency
                  0.23    0.16    0.16 ^ clk (in)
     1    0.05                           clk (net)
                  0.23    0.00    0.16 ^ clkbuf_0_clk/A (sky130_fd_sc_hd__clkbuf_16)
                  0.05    0.18    0.34 ^ clkbuf_0_clk/X (sky130_fd_sc_hd__clkbuf_16)
     2    0.02                           clknet_0_clk (net)
                  0.05    0.00    0.34 ^ clkbuf_1_0__f_clk/A (sky130_fd_sc_hd__clkbuf_16)
                  0.07    0.14    0.48 ^ clkbuf_1_0__f_clk/X (sky130_fd_sc_hd__clkbuf_16)
    14    0.05                           clknet_1_0__leaf_clk (net)
                  0.07    0.00    0.48 ^ _425_/CLK (sky130_fd_sc_hd__dfrtp_4)
                  0.14    0.46    0.95 ^ _425_/Q (sky130_fd_sc_hd__dfrtp_4)
     3    0.04                           net17 (net)
                  0.14    0.00    0.95 ^ output17/A (sky130_fd_sc_hd__clkbuf_4)
                  0.11    0.21    1.16 ^ output17/X (sky130_fd_sc_hd__clkbuf_4)
     1    0.03                           B_out[7] (net)
                  0.11    0.00    1.16 ^ B_out[7] (out)
                                  1.16   data arrival time

                          0.00    0.00   clock clk (rise edge)
                          0.00    0.00   clock network delay (propagated)
                          0.25    0.25   clock uncertainty
                          0.00    0.25   clock reconvergence pessimism
                         -4.00   -3.75   output external delay
                                 -3.75   data required time
-----------------------------------------------------------------------------
                                 -3.75   data required time
                                 -1.16   data arrival time
-----------------------------------------------------------------------------
                                  4.91   slack (MET)


Startpoint: _405_ (rising edge-triggered flip-flop clocked by clk)
Endpoint: A_out[3] (output port clocked by clk)
Path Group: clk
Path Type: min
Corner: Typical

Fanout     Cap    Slew   Delay    Time   Description
-----------------------------------------------------------------------------
                          0.00    0.00   clock clk (rise edge)
                          0.00    0.00   clock source latency
                  0.23    0.16    0.16 ^ clk (in)
     1    0.05                           clk (net)
                  0.23    0.00    0.16 ^ clkbuf_0_clk/A (sky130_fd_sc_hd__clkbuf_16)
                  0.05    0.18    0.34 ^ clkbuf_0_clk/X (sky130_fd_sc_hd__clkbuf_16)
     2    0.02                           clknet_0_clk (net)
                  0.05    0.00    0.34 ^ clkbuf_1_1__f_clk/A (sky130_fd_sc_hd__clkbuf_16)
                  0.07    0.14    0.48 ^ clkbuf_1_1__f_clk/X (sky130_fd_sc_hd__clkbuf_16)
    14    0.05                           clknet_1_1__leaf_clk (net)
                  0.07    0.00    0.48 ^ _405_/CLK (sky130_fd_sc_hd__dfrtp_4)
                  0.14    0.47    0.95 ^ _405_/Q (sky130_fd_sc_hd__dfrtp_4)
     3    0.04                           net5 (net)
                  0.15    0.01    0.95 ^ output5/A (sky130_fd_sc_hd__clkbuf_4)
                  0.11    0.21    1.16 ^ output5/X (sky130_fd_sc_hd__clkbuf_4)
     1    0.03                           A_out[3] (net)
                  0.11    0.00    1.16 ^ A_out[3] (out)
                                  1.16   data arrival time

                          0.00    0.00   clock clk (rise edge)
                          0.00    0.00   clock network delay (propagated)
                          0.25    0.25   clock uncertainty
                          0.00    0.25   clock reconvergence pessimism
                         -4.00   -3.75   output external delay
                                 -3.75   data required time
-----------------------------------------------------------------------------
                                 -3.75   data required time
                                 -1.16   data arrival time
-----------------------------------------------------------------------------
                                  4.91   slack (MET)


Startpoint: _423_ (rising edge-triggered flip-flop clocked by clk)
Endpoint: B_out[5] (output port clocked by clk)
Path Group: clk
Path Type: min
Corner: Typical

Fanout     Cap    Slew   Delay    Time   Description
-----------------------------------------------------------------------------
                          0.00    0.00   clock clk (rise edge)
                          0.00    0.00   clock source latency
                  0.23    0.16    0.16 ^ clk (in)
     1    0.05                           clk (net)
                  0.23    0.00    0.16 ^ clkbuf_0_clk/A (sky130_fd_sc_hd__clkbuf_16)
                  0.05    0.18    0.34 ^ clkbuf_0_clk/X (sky130_fd_sc_hd__clkbuf_16)
     2    0.02                           clknet_0_clk (net)
                  0.05    0.00    0.34 ^ clkbuf_1_0__f_clk/A (sky130_fd_sc_hd__clkbuf_16)
                  0.07    0.14    0.48 ^ clkbuf_1_0__f_clk/X (sky130_fd_sc_hd__clkbuf_16)
    14    0.05                           clknet_1_0__leaf_clk (net)
                  0.07    0.00    0.48 ^ _423_/CLK (sky130_fd_sc_hd__dfrtp_4)
                  0.15    0.47    0.95 ^ _423_/Q (sky130_fd_sc_hd__dfrtp_4)
     3    0.04                           net15 (net)
                  0.15    0.00    0.96 ^ output15/A (sky130_fd_sc_hd__clkbuf_4)
                  0.11    0.21    1.17 ^ output15/X (sky130_fd_sc_hd__clkbuf_4)
     1    0.03                           B_out[5] (net)
                  0.11    0.00    1.17 ^ B_out[5] (out)
                                  1.17   data arrival time

                          0.00    0.00   clock clk (rise edge)
                          0.00    0.00   clock network delay (propagated)
                          0.25    0.25   clock uncertainty
                          0.00    0.25   clock reconvergence pessimism
                         -4.00   -3.75   output external delay
                                 -3.75   data required time
-----------------------------------------------------------------------------
                                 -3.75   data required time
                                 -1.17   data arrival time
-----------------------------------------------------------------------------
                                  4.92   slack (MET)


Startpoint: _414_ (rising edge-triggered flip-flop clocked by clk)
Endpoint: flags_out[0] (output port clocked by clk)
Path Group: clk
Path Type: min
Corner: Typical

Fanout     Cap    Slew   Delay    Time   Description
-----------------------------------------------------------------------------
                          0.00    0.00   clock clk (rise edge)
                          0.00    0.00   clock source latency
                  0.23    0.16    0.16 ^ clk (in)
     1    0.05                           clk (net)
                  0.23    0.00    0.16 ^ clkbuf_0_clk/A (sky130_fd_sc_hd__clkbuf_16)
                  0.05    0.18    0.34 ^ clkbuf_0_clk/X (sky130_fd_sc_hd__clkbuf_16)
     2    0.02                           clknet_0_clk (net)
                  0.05    0.00    0.34 ^ clkbuf_1_0__f_clk/A (sky130_fd_sc_hd__clkbuf_16)
                  0.07    0.14    0.48 ^ clkbuf_1_0__f_clk/X (sky130_fd_sc_hd__clkbuf_16)
    14    0.05                           clknet_1_0__leaf_clk (net)
                  0.07    0.00    0.48 ^ _414_/CLK (sky130_fd_sc_hd__dfrtp_4)
                  0.15    0.47    0.95 ^ _414_/Q (sky130_fd_sc_hd__dfrtp_4)
     2    0.04                           net18 (net)
                  0.15    0.01    0.96 ^ output18/A (sky130_fd_sc_hd__clkbuf_4)
                  0.11    0.21    1.17 ^ output18/X (sky130_fd_sc_hd__clkbuf_4)
     1    0.03                           flags_out[0] (net)
                  0.11    0.00    1.17 ^ flags_out[0] (out)
                                  1.17   data arrival time

                          0.00    0.00   clock clk (rise edge)
                          0.00    0.00   clock network delay (propagated)
                          0.25    0.25   clock uncertainty
                          0.00    0.25   clock reconvergence pessimism
                         -4.00   -3.75   output external delay
                                 -3.75   data required time
-----------------------------------------------------------------------------
                                 -3.75   data required time
                                 -1.17   data arrival time
-----------------------------------------------------------------------------
                                  4.92   slack (MET)


Startpoint: _403_ (rising edge-triggered flip-flop clocked by clk)
Endpoint: A_out[1] (output port clocked by clk)
Path Group: clk
Path Type: min
Corner: Typical

Fanout     Cap    Slew   Delay    Time   Description
-----------------------------------------------------------------------------
                          0.00    0.00   clock clk (rise edge)
                          0.00    0.00   clock source latency
                  0.23    0.16    0.16 ^ clk (in)
     1    0.05                           clk (net)
                  0.23    0.00    0.16 ^ clkbuf_0_clk/A (sky130_fd_sc_hd__clkbuf_16)
                  0.05    0.18    0.34 ^ clkbuf_0_clk/X (sky130_fd_sc_hd__clkbuf_16)
     2    0.02                           clknet_0_clk (net)
                  0.05    0.00    0.34 ^ clkbuf_1_1__f_clk/A (sky130_fd_sc_hd__clkbuf_16)
                  0.07    0.14    0.48 ^ clkbuf_1_1__f_clk/X (sky130_fd_sc_hd__clkbuf_16)
    14    0.05                           clknet_1_1__leaf_clk (net)
                  0.07    0.00    0.48 ^ _403_/CLK (sky130_fd_sc_hd__dfrtp_4)
                  0.15    0.47    0.95 ^ _403_/Q (sky130_fd_sc_hd__dfrtp_4)
     3    0.04                           net3 (net)
                  0.15    0.01    0.96 ^ output3/A (sky130_fd_sc_hd__clkbuf_4)
                  0.11    0.21    1.17 ^ output3/X (sky130_fd_sc_hd__clkbuf_4)
     1    0.03                           A_out[1] (net)
                  0.11    0.00    1.17 ^ A_out[1] (out)
                                  1.17   data arrival time

                          0.00    0.00   clock clk (rise edge)
                          0.00    0.00   clock network delay (propagated)
                          0.25    0.25   clock uncertainty
                          0.00    0.25   clock reconvergence pessimism
                         -4.00   -3.75   output external delay
                                 -3.75   data required time
-----------------------------------------------------------------------------
                                 -3.75   data required time
                                 -1.17   data arrival time
-----------------------------------------------------------------------------
                                  4.92   slack (MET)


Startpoint: _418_ (rising edge-triggered flip-flop clocked by clk)
Endpoint: B_out[0] (output port clocked by clk)
Path Group: clk
Path Type: min
Corner: Typical

Fanout     Cap    Slew   Delay    Time   Description
-----------------------------------------------------------------------------
                          0.00    0.00   clock clk (rise edge)
                          0.00    0.00   clock source latency
                  0.23    0.16    0.16 ^ clk (in)
     1    0.05                           clk (net)
                  0.23    0.00    0.16 ^ clkbuf_0_clk/A (sky130_fd_sc_hd__clkbuf_16)
                  0.05    0.18    0.34 ^ clkbuf_0_clk/X (sky130_fd_sc_hd__clkbuf_16)
     2    0.02                           clknet_0_clk (net)
                  0.05    0.00    0.34 ^ clkbuf_1_1__f_clk/A (sky130_fd_sc_hd__clkbuf_16)
                  0.07    0.14    0.48 ^ clkbuf_1_1__f_clk/X (sky130_fd_sc_hd__clkbuf_16)
    14    0.05                           clknet_1_1__leaf_clk (net)
                  0.07    0.00    0.48 ^ _418_/CLK (sky130_fd_sc_hd__dfrtp_4)
                  0.15    0.48    0.96 ^ _418_/Q (sky130_fd_sc_hd__dfrtp_4)
     5    0.05                           net10 (net)
                  0.15    0.00    0.96 ^ output10/A (sky130_fd_sc_hd__clkbuf_4)
                  0.11    0.21    1.17 ^ output10/X (sky130_fd_sc_hd__clkbuf_4)
     1    0.03                           B_out[0] (net)
                  0.11    0.00    1.17 ^ B_out[0] (out)
                                  1.17   data arrival time

                          0.00    0.00   clock clk (rise edge)
                          0.00    0.00   clock network delay (propagated)
                          0.25    0.25   clock uncertainty
                          0.00    0.25   clock reconvergence pessimism
                         -4.00   -3.75   output external delay
                                 -3.75   data required time
-----------------------------------------------------------------------------
                                 -3.75   data required time
                                 -1.17   data arrival time
-----------------------------------------------------------------------------
                                  4.92   slack (MET)


Startpoint: _419_ (rising edge-triggered flip-flop clocked by clk)
Endpoint: B_out[1] (output port clocked by clk)
Path Group: clk
Path Type: min
Corner: Typical

Fanout     Cap    Slew   Delay    Time   Description
-----------------------------------------------------------------------------
                          0.00    0.00   clock clk (rise edge)
                          0.00    0.00   clock source latency
                  0.23    0.16    0.16 ^ clk (in)
     1    0.05                           clk (net)
                  0.23    0.00    0.16 ^ clkbuf_0_clk/A (sky130_fd_sc_hd__clkbuf_16)
                  0.05    0.18    0.34 ^ clkbuf_0_clk/X (sky130_fd_sc_hd__clkbuf_16)
     2    0.02                           clknet_0_clk (net)
                  0.05    0.00    0.34 ^ clkbuf_1_1__f_clk/A (sky130_fd_sc_hd__clkbuf_16)
                  0.07    0.14    0.48 ^ clkbuf_1_1__f_clk/X (sky130_fd_sc_hd__clkbuf_16)
    14    0.05                           clknet_1_1__leaf_clk (net)
                  0.07    0.00    0.48 ^ _419_/CLK (sky130_fd_sc_hd__dfrtp_4)
                  0.16    0.48    0.96 ^ _419_/Q (sky130_fd_sc_hd__dfrtp_4)
     4    0.05                           net11 (net)
                  0.16    0.00    0.96 ^ output11/A (sky130_fd_sc_hd__clkbuf_4)
                  0.11    0.21    1.18 ^ output11/X (sky130_fd_sc_hd__clkbuf_4)
     1    0.03                           B_out[1] (net)
                  0.11    0.00    1.18 ^ B_out[1] (out)
                                  1.18   data arrival time

                          0.00    0.00   clock clk (rise edge)
                          0.00    0.00   clock network delay (propagated)
                          0.25    0.25   clock uncertainty
                          0.00    0.25   clock reconvergence pessimism
                         -4.00   -3.75   output external delay
                                 -3.75   data required time
-----------------------------------------------------------------------------
                                 -3.75   data required time
                                 -1.18   data arrival time
-----------------------------------------------------------------------------
                                  4.93   slack (MET)


Startpoint: _422_ (rising edge-triggered flip-flop clocked by clk)
Endpoint: B_out[4] (output port clocked by clk)
Path Group: clk
Path Type: min
Corner: Typical

Fanout     Cap    Slew   Delay    Time   Description
-----------------------------------------------------------------------------
                          0.00    0.00   clock clk (rise edge)
                          0.00    0.00   clock source latency
                  0.23    0.16    0.16 ^ clk (in)
     1    0.05                           clk (net)
                  0.23    0.00    0.16 ^ clkbuf_0_clk/A (sky130_fd_sc_hd__clkbuf_16)
                  0.05    0.18    0.34 ^ clkbuf_0_clk/X (sky130_fd_sc_hd__clkbuf_16)
     2    0.02                           clknet_0_clk (net)
                  0.05    0.00    0.34 ^ clkbuf_1_0__f_clk/A (sky130_fd_sc_hd__clkbuf_16)
                  0.07    0.14    0.48 ^ clkbuf_1_0__f_clk/X (sky130_fd_sc_hd__clkbuf_16)
    14    0.05                           clknet_1_0__leaf_clk (net)
                  0.07    0.00    0.48 ^ _422_/CLK (sky130_fd_sc_hd__dfrtp_4)
                  0.16    0.48    0.96 ^ _422_/Q (sky130_fd_sc_hd__dfrtp_4)
     5    0.05                           net14 (net)
                  0.16    0.01    0.97 ^ output14/A (sky130_fd_sc_hd__clkbuf_4)
                  0.11    0.21    1.18 ^ output14/X (sky130_fd_sc_hd__clkbuf_4)
     1    0.03                           B_out[4] (net)
                  0.11    0.00    1.18 ^ B_out[4] (out)
                                  1.18   data arrival time

                          0.00    0.00   clock clk (rise edge)
                          0.00    0.00   clock network delay (propagated)
                          0.25    0.25   clock uncertainty
                          0.00    0.25   clock reconvergence pessimism
                         -4.00   -3.75   output external delay
                                 -3.75   data required time
-----------------------------------------------------------------------------
                                 -3.75   data required time
                                 -1.18   data arrival time
-----------------------------------------------------------------------------
                                  4.93   slack (MET)


Startpoint: _424_ (rising edge-triggered flip-flop clocked by clk)
Endpoint: B_out[6] (output port clocked by clk)
Path Group: clk
Path Type: min
Corner: Typical

Fanout     Cap    Slew   Delay    Time   Description
-----------------------------------------------------------------------------
                          0.00    0.00   clock clk (rise edge)
                          0.00    0.00   clock source latency
                  0.23    0.16    0.16 ^ clk (in)
     1    0.05                           clk (net)
                  0.23    0.00    0.16 ^ clkbuf_0_clk/A (sky130_fd_sc_hd__clkbuf_16)
                  0.05    0.18    0.34 ^ clkbuf_0_clk/X (sky130_fd_sc_hd__clkbuf_16)
     2    0.02                           clknet_0_clk (net)
                  0.05    0.00    0.34 ^ clkbuf_1_0__f_clk/A (sky130_fd_sc_hd__clkbuf_16)
                  0.07    0.14    0.48 ^ clkbuf_1_0__f_clk/X (sky130_fd_sc_hd__clkbuf_16)
    14    0.05                           clknet_1_0__leaf_clk (net)
                  0.07    0.00    0.48 ^ _424_/CLK (sky130_fd_sc_hd__dfrtp_4)
                  0.15    0.47    0.96 ^ _424_/Q (sky130_fd_sc_hd__dfrtp_4)
     6    0.04                           net16 (net)
                  0.15    0.00    0.96 ^ output16/A (sky130_fd_sc_hd__buf_2)
                  0.17    0.22    1.18 ^ output16/X (sky130_fd_sc_hd__buf_2)
     1    0.03                           B_out[6] (net)
                  0.17    0.00    1.18 ^ B_out[6] (out)
                                  1.18   data arrival time

                          0.00    0.00   clock clk (rise edge)
                          0.00    0.00   clock network delay (propagated)
                          0.25    0.25   clock uncertainty
                          0.00    0.25   clock reconvergence pessimism
                         -4.00   -3.75   output external delay
                                 -3.75   data required time
-----------------------------------------------------------------------------
                                 -3.75   data required time
                                 -1.18   data arrival time
-----------------------------------------------------------------------------
                                  4.93   slack (MET)


Startpoint: _407_ (rising edge-triggered flip-flop clocked by clk)
Endpoint: A_out[5] (output port clocked by clk)
Path Group: clk
Path Type: min
Corner: Typical

Fanout     Cap    Slew   Delay    Time   Description
-----------------------------------------------------------------------------
                          0.00    0.00   clock clk (rise edge)
                          0.00    0.00   clock source latency
                  0.23    0.16    0.16 ^ clk (in)
     1    0.05                           clk (net)
                  0.23    0.00    0.16 ^ clkbuf_0_clk/A (sky130_fd_sc_hd__clkbuf_16)
                  0.05    0.18    0.34 ^ clkbuf_0_clk/X (sky130_fd_sc_hd__clkbuf_16)
     2    0.02                           clknet_0_clk (net)
                  0.05    0.00    0.34 ^ clkbuf_1_0__f_clk/A (sky130_fd_sc_hd__clkbuf_16)
                  0.07    0.14    0.48 ^ clkbuf_1_0__f_clk/X (sky130_fd_sc_hd__clkbuf_16)
    14    0.05                           clknet_1_0__leaf_clk (net)
                  0.07    0.00    0.48 ^ _407_/CLK (sky130_fd_sc_hd__dfrtp_4)
                  0.17    0.48    0.97 ^ _407_/Q (sky130_fd_sc_hd__dfrtp_4)
     3    0.05                           net7 (net)
                  0.17    0.01    0.97 ^ output7/A (sky130_fd_sc_hd__buf_2)
                  0.17    0.23    1.20 ^ output7/X (sky130_fd_sc_hd__buf_2)
     1    0.03                           A_out[5] (net)
                  0.17    0.00    1.20 ^ A_out[5] (out)
                                  1.20   data arrival time

                          0.00    0.00   clock clk (rise edge)
                          0.00    0.00   clock network delay (propagated)
                          0.25    0.25   clock uncertainty
                          0.00    0.25   clock reconvergence pessimism
                         -4.00   -3.75   output external delay
                                 -3.75   data required time
-----------------------------------------------------------------------------
                                 -3.75   data required time
                                 -1.20   data arrival time
-----------------------------------------------------------------------------
                                  4.95   slack (MET)


Startpoint: _404_ (rising edge-triggered flip-flop clocked by clk)
Endpoint: A_out[2] (output port clocked by clk)
Path Group: clk
Path Type: min
Corner: Typical

Fanout     Cap    Slew   Delay    Time   Description
-----------------------------------------------------------------------------
                          0.00    0.00   clock clk (rise edge)
                          0.00    0.00   clock source latency
                  0.23    0.16    0.16 ^ clk (in)
     1    0.05                           clk (net)
                  0.23    0.00    0.16 ^ clkbuf_0_clk/A (sky130_fd_sc_hd__clkbuf_16)
                  0.05    0.18    0.34 ^ clkbuf_0_clk/X (sky130_fd_sc_hd__clkbuf_16)
     2    0.02                           clknet_0_clk (net)
                  0.05    0.00    0.34 ^ clkbuf_1_1__f_clk/A (sky130_fd_sc_hd__clkbuf_16)
                  0.07    0.14    0.48 ^ clkbuf_1_1__f_clk/X (sky130_fd_sc_hd__clkbuf_16)
    14    0.05                           clknet_1_1__leaf_clk (net)
                  0.07    0.00    0.48 ^ _404_/CLK (sky130_fd_sc_hd__dfrtp_4)
                  0.18    0.50    0.98 ^ _404_/Q (sky130_fd_sc_hd__dfrtp_4)
     4    0.06                           net4 (net)
                  0.18    0.01    0.99 ^ output4/A (sky130_fd_sc_hd__clkbuf_4)
                  0.11    0.22    1.21 ^ output4/X (sky130_fd_sc_hd__clkbuf_4)
     1    0.03                           A_out[2] (net)
                  0.11    0.00    1.21 ^ A_out[2] (out)
                                  1.21   data arrival time

                          0.00    0.00   clock clk (rise edge)
                          0.00    0.00   clock network delay (propagated)
                          0.25    0.25   clock uncertainty
                          0.00    0.25   clock reconvergence pessimism
                         -4.00   -3.75   output external delay
                                 -3.75   data required time
-----------------------------------------------------------------------------
                                 -3.75   data required time
                                 -1.21   data arrival time
-----------------------------------------------------------------------------
                                  4.96   slack (MET)


Startpoint: _420_ (rising edge-triggered flip-flop clocked by clk)
Endpoint: B_out[2] (output port clocked by clk)
Path Group: clk
Path Type: min
Corner: Typical

Fanout     Cap    Slew   Delay    Time   Description
-----------------------------------------------------------------------------
                          0.00    0.00   clock clk (rise edge)
                          0.00    0.00   clock source latency
                  0.23    0.16    0.16 ^ clk (in)
     1    0.05                           clk (net)
                  0.23    0.00    0.16 ^ clkbuf_0_clk/A (sky130_fd_sc_hd__clkbuf_16)
                  0.05    0.18    0.34 ^ clkbuf_0_clk/X (sky130_fd_sc_hd__clkbuf_16)
     2    0.02                           clknet_0_clk (net)
                  0.05    0.00    0.34 ^ clkbuf_1_1__f_clk/A (sky130_fd_sc_hd__clkbuf_16)
                  0.07    0.14    0.48 ^ clkbuf_1_1__f_clk/X (sky130_fd_sc_hd__clkbuf_16)
    14    0.05                           clknet_1_1__leaf_clk (net)
                  0.07    0.00    0.48 ^ _420_/CLK (sky130_fd_sc_hd__dfrtp_4)
                  0.17    0.49    0.98 ^ _420_/Q (sky130_fd_sc_hd__dfrtp_4)
     4    0.05                           net12 (net)
                  0.17    0.00    0.98 ^ output12/A (sky130_fd_sc_hd__buf_2)
                  0.17    0.23    1.21 ^ output12/X (sky130_fd_sc_hd__buf_2)
     1    0.03                           B_out[2] (net)
                  0.17    0.00    1.21 ^ B_out[2] (out)
                                  1.21   data arrival time

                          0.00    0.00   clock clk (rise edge)
                          0.00    0.00   clock network delay (propagated)
                          0.25    0.25   clock uncertainty
                          0.00    0.25   clock reconvergence pessimism
                         -4.00   -3.75   output external delay
                                 -3.75   data required time
-----------------------------------------------------------------------------
                                 -3.75   data required time
                                 -1.21   data arrival time
-----------------------------------------------------------------------------
                                  4.96   slack (MET)


Startpoint: _413_ (rising edge-triggered flip-flop clocked by clk)
Endpoint: last_opcode_out[6] (output port clocked by clk)
Path Group: clk
Path Type: min
Corner: Typical

Fanout     Cap    Slew   Delay    Time   Description
-----------------------------------------------------------------------------
                          0.00    0.00   clock clk (rise edge)
                          0.00    0.00   clock source latency
                  0.23    0.16    0.16 ^ clk (in)
     1    0.05                           clk (net)
                  0.23    0.00    0.16 ^ clkbuf_0_clk/A (sky130_fd_sc_hd__clkbuf_16)
                  0.05    0.18    0.34 ^ clkbuf_0_clk/X (sky130_fd_sc_hd__clkbuf_16)
     2    0.02                           clknet_0_clk (net)
                  0.05    0.00    0.34 ^ clkbuf_1_0__f_clk/A (sky130_fd_sc_hd__clkbuf_16)
                  0.07    0.14    0.48 ^ clkbuf_1_0__f_clk/X (sky130_fd_sc_hd__clkbuf_16)
    14    0.05                           clknet_1_0__leaf_clk (net)
                  0.07    0.00    0.48 ^ _413_/CLK (sky130_fd_sc_hd__dfrtp_4)
                  0.21    0.52    1.00 ^ _413_/Q (sky130_fd_sc_hd__dfrtp_4)
     3    0.07                           net27 (net)
                  0.21    0.01    1.01 ^ output27/A (sky130_fd_sc_hd__clkbuf_4)
                  0.12    0.23    1.24 ^ output27/X (sky130_fd_sc_hd__clkbuf_4)
     1    0.04                           last_opcode_out[6] (net)
                  0.12    0.00    1.24 ^ last_opcode_out[6] (out)
                                  1.24   data arrival time

                          0.00    0.00   clock clk (rise edge)
                          0.00    0.00   clock network delay (propagated)
                          0.25    0.25   clock uncertainty
                          0.00    0.25   clock reconvergence pessimism
                         -4.00   -3.75   output external delay
                                 -3.75   data required time
-----------------------------------------------------------------------------
                                 -3.75   data required time
                                 -1.24   data arrival time
-----------------------------------------------------------------------------
                                  4.99   slack (MET)


Startpoint: _410_ (rising edge-triggered flip-flop clocked by clk)
Endpoint: last_opcode_out[1] (output port clocked by clk)
Path Group: clk
Path Type: min
Corner: Typical

Fanout     Cap    Slew   Delay    Time   Description
-----------------------------------------------------------------------------
                          0.00    0.00   clock clk (rise edge)
                          0.00    0.00   clock source latency
                  0.23    0.16    0.16 ^ clk (in)
     1    0.05                           clk (net)
                  0.23    0.00    0.16 ^ clkbuf_0_clk/A (sky130_fd_sc_hd__clkbuf_16)
                  0.05    0.18    0.34 ^ clkbuf_0_clk/X (sky130_fd_sc_hd__clkbuf_16)
     2    0.02                           clknet_0_clk (net)
                  0.05    0.00    0.34 ^ clkbuf_1_0__f_clk/A (sky130_fd_sc_hd__clkbuf_16)
                  0.07    0.14    0.48 ^ clkbuf_1_0__f_clk/X (sky130_fd_sc_hd__clkbuf_16)
    14    0.05                           clknet_1_0__leaf_clk (net)
                  0.07    0.00    0.48 ^ _410_/CLK (sky130_fd_sc_hd__dfrtp_4)
                  0.15    0.57    1.05 v _410_/Q (sky130_fd_sc_hd__dfrtp_4)
     3    0.08                           net23 (net)
                  0.15    0.01    1.06 v output23/A (sky130_fd_sc_hd__buf_2)
                  0.09    0.22    1.28 v output23/X (sky130_fd_sc_hd__buf_2)
     1    0.03                           last_opcode_out[1] (net)
                  0.09    0.00    1.28 v last_opcode_out[1] (out)
                                  1.28   data arrival time

                          0.00    0.00   clock clk (rise edge)
                          0.00    0.00   clock network delay (propagated)
                          0.25    0.25   clock uncertainty
                          0.00    0.25   clock reconvergence pessimism
                         -4.00   -3.75   output external delay
                                 -3.75   data required time
-----------------------------------------------------------------------------
                                 -3.75   data required time
                                 -1.28   data arrival time
-----------------------------------------------------------------------------
                                  5.03   slack (MET)


Startpoint: _413_ (rising edge-triggered flip-flop clocked by clk)
Endpoint: last_opcode_out[4] (output port clocked by clk)
Path Group: clk
Path Type: min
Corner: Typical

Fanout     Cap    Slew   Delay    Time   Description
-----------------------------------------------------------------------------
                          0.00    0.00   clock clk (rise edge)
                          0.00    0.00   clock source latency
                  0.23    0.16    0.16 ^ clk (in)
     1    0.05                           clk (net)
                  0.23    0.00    0.16 ^ clkbuf_0_clk/A (sky130_fd_sc_hd__clkbuf_16)
                  0.05    0.18    0.34 ^ clkbuf_0_clk/X (sky130_fd_sc_hd__clkbuf_16)
     2    0.02                           clknet_0_clk (net)
                  0.05    0.00    0.34 ^ clkbuf_1_0__f_clk/A (sky130_fd_sc_hd__clkbuf_16)
                  0.07    0.14    0.48 ^ clkbuf_1_0__f_clk/X (sky130_fd_sc_hd__clkbuf_16)
    14    0.05                           clknet_1_0__leaf_clk (net)
                  0.07    0.00    0.48 ^ _413_/CLK (sky130_fd_sc_hd__dfrtp_4)
                  0.21    0.52    1.00 ^ _413_/Q (sky130_fd_sc_hd__dfrtp_4)
     3    0.07                           net27 (net)
                  0.21    0.00    1.00 ^ _428_/A (sky130_fd_sc_hd__clkbuf_1)
                  0.06    0.12    1.12 ^ _428_/X (sky130_fd_sc_hd__clkbuf_1)
     1    0.00                           net26 (net)
                  0.06    0.00    1.12 ^ output26/A (sky130_fd_sc_hd__clkbuf_4)
                  0.11    0.18    1.30 ^ output26/X (sky130_fd_sc_hd__clkbuf_4)
     1    0.03                           last_opcode_out[4] (net)
                  0.11    0.00    1.30 ^ last_opcode_out[4] (out)
                                  1.30   data arrival time

                          0.00    0.00   clock clk (rise edge)
                          0.00    0.00   clock network delay (propagated)
                          0.25    0.25   clock uncertainty
                          0.00    0.25   clock reconvergence pessimism
                         -4.00   -3.75   output external delay
                                 -3.75   data required time
-----------------------------------------------------------------------------
                                 -3.75   data required time
                                 -1.30   data arrival time
-----------------------------------------------------------------------------
                                  5.05   slack (MET)


Startpoint: _410_ (rising edge-triggered flip-flop clocked by clk)
Endpoint: last_opcode_out[0] (output port clocked by clk)
Path Group: clk
Path Type: min
Corner: Typical

Fanout     Cap    Slew   Delay    Time   Description
-----------------------------------------------------------------------------
                          0.00    0.00   clock clk (rise edge)
                          0.00    0.00   clock source latency
                  0.23    0.16    0.16 ^ clk (in)
     1    0.05                           clk (net)
                  0.23    0.00    0.16 ^ clkbuf_0_clk/A (sky130_fd_sc_hd__clkbuf_16)
                  0.05    0.18    0.34 ^ clkbuf_0_clk/X (sky130_fd_sc_hd__clkbuf_16)
     2    0.02                           clknet_0_clk (net)
                  0.05    0.00    0.34 ^ clkbuf_1_0__f_clk/A (sky130_fd_sc_hd__clkbuf_16)
                  0.07    0.14    0.48 ^ clkbuf_1_0__f_clk/X (sky130_fd_sc_hd__clkbuf_16)
    14    0.05                           clknet_1_0__leaf_clk (net)
                  0.07    0.00    0.48 ^ _410_/CLK (sky130_fd_sc_hd__dfrtp_4)
                  0.25    0.54    1.03 ^ _410_/Q (sky130_fd_sc_hd__dfrtp_4)
     3    0.08                           net23 (net)
                  0.25    0.00    1.03 ^ _427_/A (sky130_fd_sc_hd__clkbuf_1)
                  0.05    0.12    1.15 ^ _427_/X (sky130_fd_sc_hd__clkbuf_1)
     1    0.00                           net22 (net)
                  0.05    0.00    1.15 ^ output22/A (sky130_fd_sc_hd__clkbuf_4)
                  0.11    0.18    1.32 ^ output22/X (sky130_fd_sc_hd__clkbuf_4)
     1    0.03                           last_opcode_out[0] (net)
                  0.11    0.00    1.32 ^ last_opcode_out[0] (out)
                                  1.32   data arrival time

                          0.00    0.00   clock clk (rise edge)
                          0.00    0.00   clock network delay (propagated)
                          0.25    0.25   clock uncertainty
                          0.00    0.25   clock reconvergence pessimism
                         -4.00   -3.75   output external delay
                                 -3.75   data required time
-----------------------------------------------------------------------------
                                 -3.75   data required time
                                 -1.32   data arrival time
-----------------------------------------------------------------------------
                                  5.07   slack (MET)



