OpenROAD 41a51eaf4ca2171c92ff38afb91eb37bbd3f36da 
This program is licensed under the BSD-3 license. See the LICENSE file for details.
Components of this program may be licensed under more restrictive licenses which must be honored.
[INFO]: Reading ODB at '/home/zerotoasic/Documents/proyecto3/arqui-comp-proyecto-3/runs/computer_final/results/cts/computer.odb'…
define_corners Typical
read_liberty -corner Typical /home/zerotoasic/asic_tools/pdk/sky130A/libs.ref/sky130_fd_sc_hd/lib/sky130_fd_sc_hd__tt_025C_1v80.lib
Using 1e-12 for capacitance...
Using 1e+03 for resistance...
Using 1e-09 for time...
Using 1e+00 for voltage...
Using 1e-03 for current...
Using 1e-09 for power...
Using 1e-06 for distance...
Reading design constraints file at '/home/zerotoasic/Documents/proyecto3/arqui-comp-proyecto-3/runs/computer_final/results/cts/computer.sdc'…
[INFO]: Setting RC values...
min_report

===========================================================================
report_checks -path_delay min (Hold)
============================================================================
======================= Typical Corner ===================================

Startpoint: _412_ (rising edge-triggered flip-flop clocked by clk)
Endpoint: _412_ (rising edge-triggered flip-flop clocked by clk)
Path Group: clk
Path Type: min

Fanout     Cap    Slew   Delay    Time   Description
-----------------------------------------------------------------------------
                          0.00    0.00   clock clk (rise edge)
                          0.00    0.00   clock source latency
                  0.20    0.14    0.14 ^ clk (in)
     1    0.04                           clk (net)
                  0.20    0.00    0.14 ^ clkbuf_0_clk/A (sky130_fd_sc_hd__clkbuf_16)
                  0.04    0.17    0.30 ^ clkbuf_0_clk/X (sky130_fd_sc_hd__clkbuf_16)
     2    0.02                           clknet_0_clk (net)
                  0.04    0.00    0.30 ^ clkbuf_1_1__f_clk/A (sky130_fd_sc_hd__clkbuf_16)
                  0.06    0.14    0.44 ^ clkbuf_1_1__f_clk/X (sky130_fd_sc_hd__clkbuf_16)
    14    0.04                           clknet_1_1__leaf_clk (net)
                  0.06    0.00    0.44 ^ _412_/CLK (sky130_fd_sc_hd__dfrtp_2)
                  0.12    0.39    0.83 ^ _412_/Q (sky130_fd_sc_hd__dfrtp_2)
     2    0.02                           net25 (net)
                  0.12    0.00    0.83 ^ _336_/A1 (sky130_fd_sc_hd__a21o_1)
                  0.04    0.11    0.94 ^ _336_/X (sky130_fd_sc_hd__a21o_1)
     1    0.00                           _038_ (net)
                  0.04    0.00    0.94 ^ _412_/D (sky130_fd_sc_hd__dfrtp_2)
                                  0.94   data arrival time

                          0.00    0.00   clock clk (rise edge)
                          0.00    0.00   clock source latency
                  0.20    0.15    0.15 ^ clk (in)
     1    0.04                           clk (net)
                  0.20    0.00    0.15 ^ clkbuf_0_clk/A (sky130_fd_sc_hd__clkbuf_16)
                  0.04    0.19    0.34 ^ clkbuf_0_clk/X (sky130_fd_sc_hd__clkbuf_16)
     2    0.02                           clknet_0_clk (net)
                  0.04    0.00    0.34 ^ clkbuf_1_1__f_clk/A (sky130_fd_sc_hd__clkbuf_16)
                  0.06    0.15    0.49 ^ clkbuf_1_1__f_clk/X (sky130_fd_sc_hd__clkbuf_16)
    14    0.04                           clknet_1_1__leaf_clk (net)
                  0.06    0.00    0.49 ^ _412_/CLK (sky130_fd_sc_hd__dfrtp_2)
                          0.25    0.74   clock uncertainty
                         -0.05    0.69   clock reconvergence pessimism
                         -0.03    0.66   library hold time
                                  0.66   data required time
-----------------------------------------------------------------------------
                                  0.66   data required time
                                 -0.94   data arrival time
-----------------------------------------------------------------------------
                                  0.28   slack (MET)


Startpoint: _406_ (rising edge-triggered flip-flop clocked by clk)
Endpoint: _406_ (rising edge-triggered flip-flop clocked by clk)
Path Group: clk
Path Type: min

Fanout     Cap    Slew   Delay    Time   Description
-----------------------------------------------------------------------------
                          0.00    0.00   clock clk (rise edge)
                          0.00    0.00   clock source latency
                  0.20    0.14    0.14 ^ clk (in)
     1    0.04                           clk (net)
                  0.20    0.00    0.14 ^ clkbuf_0_clk/A (sky130_fd_sc_hd__clkbuf_16)
                  0.04    0.17    0.30 ^ clkbuf_0_clk/X (sky130_fd_sc_hd__clkbuf_16)
     2    0.02                           clknet_0_clk (net)
                  0.04    0.00    0.30 ^ clkbuf_1_0__f_clk/A (sky130_fd_sc_hd__clkbuf_16)
                  0.06    0.14    0.44 ^ clkbuf_1_0__f_clk/X (sky130_fd_sc_hd__clkbuf_16)
    14    0.04                           clknet_1_0__leaf_clk (net)
                  0.06    0.00    0.44 ^ _406_/CLK (sky130_fd_sc_hd__dfrtp_2)
                  0.12    0.39    0.83 ^ _406_/Q (sky130_fd_sc_hd__dfrtp_2)
     3    0.02                           net6 (net)
                  0.12    0.00    0.83 ^ _348_/A1 (sky130_fd_sc_hd__o21a_1)
                  0.04    0.12    0.96 ^ _348_/X (sky130_fd_sc_hd__o21a_1)
     1    0.00                           _032_ (net)
                  0.04    0.00    0.96 ^ _406_/D (sky130_fd_sc_hd__dfrtp_2)
                                  0.96   data arrival time

                          0.00    0.00   clock clk (rise edge)
                          0.00    0.00   clock source latency
                  0.20    0.15    0.15 ^ clk (in)
     1    0.04                           clk (net)
                  0.20    0.00    0.15 ^ clkbuf_0_clk/A (sky130_fd_sc_hd__clkbuf_16)
                  0.04    0.19    0.34 ^ clkbuf_0_clk/X (sky130_fd_sc_hd__clkbuf_16)
     2    0.02                           clknet_0_clk (net)
                  0.04    0.00    0.34 ^ clkbuf_1_0__f_clk/A (sky130_fd_sc_hd__clkbuf_16)
                  0.06    0.15    0.49 ^ clkbuf_1_0__f_clk/X (sky130_fd_sc_hd__clkbuf_16)
    14    0.04                           clknet_1_0__leaf_clk (net)
                  0.06    0.00    0.49 ^ _406_/CLK (sky130_fd_sc_hd__dfrtp_2)
                          0.25    0.74   clock uncertainty
                         -0.05    0.69   clock reconvergence pessimism
                         -0.03    0.66   library hold time
                                  0.66   data required time
-----------------------------------------------------------------------------
                                  0.66   data required time
                                 -0.96   data arrival time
-----------------------------------------------------------------------------
                                  0.29   slack (MET)


Startpoint: _401_ (rising edge-triggered flip-flop clocked by clk)
Endpoint: _401_ (rising edge-triggered flip-flop clocked by clk)
Path Group: clk
Path Type: min

Fanout     Cap    Slew   Delay    Time   Description
-----------------------------------------------------------------------------
                          0.00    0.00   clock clk (rise edge)
                          0.00    0.00   clock source latency
                  0.20    0.14    0.14 ^ clk (in)
     1    0.04                           clk (net)
                  0.20    0.00    0.14 ^ clkbuf_0_clk/A (sky130_fd_sc_hd__clkbuf_16)
                  0.04    0.17    0.30 ^ clkbuf_0_clk/X (sky130_fd_sc_hd__clkbuf_16)
     2    0.02                           clknet_0_clk (net)
                  0.04    0.00    0.30 ^ clkbuf_1_1__f_clk/A (sky130_fd_sc_hd__clkbuf_16)
                  0.06    0.14    0.44 ^ clkbuf_1_1__f_clk/X (sky130_fd_sc_hd__clkbuf_16)
    14    0.04                           clknet_1_1__leaf_clk (net)
                  0.06    0.00    0.44 ^ _401_/CLK (sky130_fd_sc_hd__dfrtp_4)
                  0.10    0.43    0.87 ^ _401_/Q (sky130_fd_sc_hd__dfrtp_4)
     8    0.02                           U_PC.pc[3] (net)
                  0.10    0.00    0.87 ^ _366_/B1 (sky130_fd_sc_hd__o21a_1)
                  0.04    0.11    0.98 ^ _366_/X (sky130_fd_sc_hd__o21a_1)
     1    0.00                           U_PC.next_pc[3] (net)
                  0.04    0.00    0.98 ^ _401_/D (sky130_fd_sc_hd__dfrtp_4)
                                  0.98   data arrival time

                          0.00    0.00   clock clk (rise edge)
                          0.00    0.00   clock source latency
                  0.20    0.15    0.15 ^ clk (in)
     1    0.04                           clk (net)
                  0.20    0.00    0.15 ^ clkbuf_0_clk/A (sky130_fd_sc_hd__clkbuf_16)
                  0.04    0.19    0.34 ^ clkbuf_0_clk/X (sky130_fd_sc_hd__clkbuf_16)
     2    0.02                           clknet_0_clk (net)
                  0.04    0.00    0.34 ^ clkbuf_1_1__f_clk/A (sky130_fd_sc_hd__clkbuf_16)
                  0.06    0.15    0.49 ^ clkbuf_1_1__f_clk/X (sky130_fd_sc_hd__clkbuf_16)
    14    0.04                           clknet_1_1__leaf_clk (net)
                  0.06    0.00    0.49 ^ _401_/CLK (sky130_fd_sc_hd__dfrtp_4)
                          0.25    0.74   clock uncertainty
                         -0.05    0.69   clock reconvergence pessimism
                         -0.03    0.66   library hold time
                                  0.66   data required time
-----------------------------------------------------------------------------
                                  0.66   data required time
                                 -0.98   data arrival time
-----------------------------------------------------------------------------
                                  0.32   slack (MET)


Startpoint: _408_ (rising edge-triggered flip-flop clocked by clk)
Endpoint: _408_ (rising edge-triggered flip-flop clocked by clk)
Path Group: clk
Path Type: min

Fanout     Cap    Slew   Delay    Time   Description
-----------------------------------------------------------------------------
                          0.00    0.00   clock clk (rise edge)
                          0.00    0.00   clock source latency
                  0.20    0.14    0.14 ^ clk (in)
     1    0.04                           clk (net)
                  0.20    0.00    0.14 ^ clkbuf_0_clk/A (sky130_fd_sc_hd__clkbuf_16)
                  0.04    0.17    0.30 ^ clkbuf_0_clk/X (sky130_fd_sc_hd__clkbuf_16)
     2    0.02                           clknet_0_clk (net)
                  0.04    0.00    0.30 ^ clkbuf_1_0__f_clk/A (sky130_fd_sc_hd__clkbuf_16)
                  0.06    0.14    0.44 ^ clkbuf_1_0__f_clk/X (sky130_fd_sc_hd__clkbuf_16)
    14    0.04                           clknet_1_0__leaf_clk (net)
                  0.06    0.00    0.44 ^ _408_/CLK (sky130_fd_sc_hd__dfrtp_4)
                  0.10    0.42    0.87 ^ _408_/Q (sky130_fd_sc_hd__dfrtp_4)
     3    0.02                           net8 (net)
                  0.10    0.00    0.87 ^ _344_/A1 (sky130_fd_sc_hd__o21a_1)
                  0.04    0.12    0.98 ^ _344_/X (sky130_fd_sc_hd__o21a_1)
     1    0.00                           _034_ (net)
                  0.04    0.00    0.98 ^ _408_/D (sky130_fd_sc_hd__dfrtp_4)
                                  0.98   data arrival time

                          0.00    0.00   clock clk (rise edge)
                          0.00    0.00   clock source latency
                  0.20    0.15    0.15 ^ clk (in)
     1    0.04                           clk (net)
                  0.20    0.00    0.15 ^ clkbuf_0_clk/A (sky130_fd_sc_hd__clkbuf_16)
                  0.04    0.19    0.34 ^ clkbuf_0_clk/X (sky130_fd_sc_hd__clkbuf_16)
     2    0.02                           clknet_0_clk (net)
                  0.04    0.00    0.34 ^ clkbuf_1_0__f_clk/A (sky130_fd_sc_hd__clkbuf_16)
                  0.06    0.15    0.49 ^ clkbuf_1_0__f_clk/X (sky130_fd_sc_hd__clkbuf_16)
    14    0.04                           clknet_1_0__leaf_clk (net)
                  0.06    0.00    0.49 ^ _408_/CLK (sky130_fd_sc_hd__dfrtp_4)
                          0.25    0.74   clock uncertainty
                         -0.05    0.69   clock reconvergence pessimism
                         -0.03    0.66   library hold time
                                  0.66   data required time
-----------------------------------------------------------------------------
                                  0.66   data required time
                                 -0.98   data arrival time
-----------------------------------------------------------------------------
                                  0.32   slack (MET)


Startpoint: _417_ (rising edge-triggered flip-flop clocked by clk)
Endpoint: _417_ (rising edge-triggered flip-flop clocked by clk)
Path Group: clk
Path Type: min

Fanout     Cap    Slew   Delay    Time   Description
-----------------------------------------------------------------------------
                          0.00    0.00   clock clk (rise edge)
                          0.00    0.00   clock source latency
                  0.20    0.14    0.14 ^ clk (in)
     1    0.04                           clk (net)
                  0.20    0.00    0.14 ^ clkbuf_0_clk/A (sky130_fd_sc_hd__clkbuf_16)
                  0.04    0.17    0.30 ^ clkbuf_0_clk/X (sky130_fd_sc_hd__clkbuf_16)
     2    0.02                           clknet_0_clk (net)
                  0.04    0.00    0.30 ^ clkbuf_1_0__f_clk/A (sky130_fd_sc_hd__clkbuf_16)
                  0.06    0.14    0.44 ^ clkbuf_1_0__f_clk/X (sky130_fd_sc_hd__clkbuf_16)
    14    0.04                           clknet_1_0__leaf_clk (net)
                  0.06    0.00    0.44 ^ _417_/CLK (sky130_fd_sc_hd__dfrtp_4)
                  0.11    0.44    0.88 ^ _417_/Q (sky130_fd_sc_hd__dfrtp_4)
     3    0.03                           net21 (net)
                  0.11    0.00    0.88 ^ _313_/A (sky130_fd_sc_hd__nand2_1)
                  0.04    0.05    0.93 v _313_/Y (sky130_fd_sc_hd__nand2_1)
     1    0.00                           _146_ (net)
                  0.04    0.00    0.93 v _314_/B1 (sky130_fd_sc_hd__o41ai_1)
                  0.05    0.05    0.98 ^ _314_/Y (sky130_fd_sc_hd__o41ai_1)
     1    0.00                           _043_ (net)
                  0.05    0.00    0.98 ^ _417_/D (sky130_fd_sc_hd__dfrtp_4)
                                  0.98   data arrival time

                          0.00    0.00   clock clk (rise edge)
                          0.00    0.00   clock source latency
                  0.20    0.15    0.15 ^ clk (in)
     1    0.04                           clk (net)
                  0.20    0.00    0.15 ^ clkbuf_0_clk/A (sky130_fd_sc_hd__clkbuf_16)
                  0.04    0.19    0.34 ^ clkbuf_0_clk/X (sky130_fd_sc_hd__clkbuf_16)
     2    0.02                           clknet_0_clk (net)
                  0.04    0.00    0.34 ^ clkbuf_1_0__f_clk/A (sky130_fd_sc_hd__clkbuf_16)
                  0.06    0.15    0.49 ^ clkbuf_1_0__f_clk/X (sky130_fd_sc_hd__clkbuf_16)
    14    0.04                           clknet_1_0__leaf_clk (net)
                  0.06    0.00    0.49 ^ _417_/CLK (sky130_fd_sc_hd__dfrtp_4)
                          0.25    0.74   clock uncertainty
                         -0.05    0.69   clock reconvergence pessimism
                         -0.03    0.66   library hold time
                                  0.66   data required time
-----------------------------------------------------------------------------
                                  0.66   data required time
                                 -0.98   data arrival time
-----------------------------------------------------------------------------
                                  0.33   slack (MET)


Startpoint: _418_ (rising edge-triggered flip-flop clocked by clk)
Endpoint: _418_ (rising edge-triggered flip-flop clocked by clk)
Path Group: clk
Path Type: min

Fanout     Cap    Slew   Delay    Time   Description
-----------------------------------------------------------------------------
                          0.00    0.00   clock clk (rise edge)
                          0.00    0.00   clock source latency
                  0.20    0.14    0.14 ^ clk (in)
     1    0.04                           clk (net)
                  0.20    0.00    0.14 ^ clkbuf_0_clk/A (sky130_fd_sc_hd__clkbuf_16)
                  0.04    0.17    0.30 ^ clkbuf_0_clk/X (sky130_fd_sc_hd__clkbuf_16)
     2    0.02                           clknet_0_clk (net)
                  0.04    0.00    0.30 ^ clkbuf_1_1__f_clk/A (sky130_fd_sc_hd__clkbuf_16)
                  0.06    0.14    0.44 ^ clkbuf_1_1__f_clk/X (sky130_fd_sc_hd__clkbuf_16)
    14    0.04                           clknet_1_1__leaf_clk (net)
                  0.06    0.00    0.44 ^ _418_/CLK (sky130_fd_sc_hd__dfrtp_4)
                  0.14    0.46    0.90 ^ _418_/Q (sky130_fd_sc_hd__dfrtp_4)
     5    0.04                           net10 (net)
                  0.14    0.00    0.90 ^ _301_/A1 (sky130_fd_sc_hd__a21oi_1)
                  0.05    0.08    0.98 v _301_/Y (sky130_fd_sc_hd__a21oi_1)
     1    0.00                           _044_ (net)
                  0.05    0.00    0.98 v _418_/D (sky130_fd_sc_hd__dfrtp_4)
                                  0.98   data arrival time

                          0.00    0.00   clock clk (rise edge)
                          0.00    0.00   clock source latency
                  0.20    0.15    0.15 ^ clk (in)
     1    0.04                           clk (net)
                  0.20    0.00    0.15 ^ clkbuf_0_clk/A (sky130_fd_sc_hd__clkbuf_16)
                  0.04    0.19    0.34 ^ clkbuf_0_clk/X (sky130_fd_sc_hd__clkbuf_16)
     2    0.02                           clknet_0_clk (net)
                  0.04    0.00    0.34 ^ clkbuf_1_1__f_clk/A (sky130_fd_sc_hd__clkbuf_16)
                  0.06    0.15    0.49 ^ clkbuf_1_1__f_clk/X (sky130_fd_sc_hd__clkbuf_16)
    14    0.04                           clknet_1_1__leaf_clk (net)
                  0.06    0.00    0.49 ^ _418_/CLK (sky130_fd_sc_hd__dfrtp_4)
                          0.25    0.74   clock uncertainty
                         -0.05    0.69   clock reconvergence pessimism
                         -0.04    0.65   library hold time
                                  0.65   data required time
-----------------------------------------------------------------------------
                                  0.65   data required time
                                 -0.98   data arrival time
-----------------------------------------------------------------------------
                                  0.33   slack (MET)


Startpoint: _415_ (rising edge-triggered flip-flop clocked by clk)
Endpoint: _415_ (rising edge-triggered flip-flop clocked by clk)
Path Group: clk
Path Type: min

Fanout     Cap    Slew   Delay    Time   Description
-----------------------------------------------------------------------------
                          0.00    0.00   clock clk (rise edge)
                          0.00    0.00   clock source latency
                  0.20    0.14    0.14 ^ clk (in)
     1    0.04                           clk (net)
                  0.20    0.00    0.14 ^ clkbuf_0_clk/A (sky130_fd_sc_hd__clkbuf_16)
                  0.04    0.17    0.30 ^ clkbuf_0_clk/X (sky130_fd_sc_hd__clkbuf_16)
     2    0.02                           clknet_0_clk (net)
                  0.04    0.00    0.30 ^ clkbuf_1_0__f_clk/A (sky130_fd_sc_hd__clkbuf_16)
                  0.06    0.14    0.44 ^ clkbuf_1_0__f_clk/X (sky130_fd_sc_hd__clkbuf_16)
    14    0.04                           clknet_1_0__leaf_clk (net)
                  0.06    0.00    0.44 ^ _415_/CLK (sky130_fd_sc_hd__dfrtp_4)
                  0.10    0.43    0.87 ^ _415_/Q (sky130_fd_sc_hd__dfrtp_4)
     2    0.02                           net19 (net)
                  0.10    0.00    0.87 ^ _327_/B2 (sky130_fd_sc_hd__a2bb2o_1)
                  0.04    0.13    0.99 ^ _327_/X (sky130_fd_sc_hd__a2bb2o_1)
     1    0.00                           _041_ (net)
                  0.04    0.00    0.99 ^ _415_/D (sky130_fd_sc_hd__dfrtp_4)
                                  0.99   data arrival time

                          0.00    0.00   clock clk (rise edge)
                          0.00    0.00   clock source latency
                  0.20    0.15    0.15 ^ clk (in)
     1    0.04                           clk (net)
                  0.20    0.00    0.15 ^ clkbuf_0_clk/A (sky130_fd_sc_hd__clkbuf_16)
                  0.04    0.19    0.34 ^ clkbuf_0_clk/X (sky130_fd_sc_hd__clkbuf_16)
     2    0.02                           clknet_0_clk (net)
                  0.04    0.00    0.34 ^ clkbuf_1_0__f_clk/A (sky130_fd_sc_hd__clkbuf_16)
                  0.06    0.15    0.49 ^ clkbuf_1_0__f_clk/X (sky130_fd_sc_hd__clkbuf_16)
    14    0.04                           clknet_1_0__leaf_clk (net)
                  0.06    0.00    0.49 ^ _415_/CLK (sky130_fd_sc_hd__dfrtp_4)
                          0.25    0.74   clock uncertainty
                         -0.05    0.69   clock reconvergence pessimism
                         -0.03    0.66   library hold time
                                  0.66   data required time
-----------------------------------------------------------------------------
                                  0.66   data required time
                                 -0.99   data arrival time
-----------------------------------------------------------------------------
                                  0.33   slack (MET)


Startpoint: _399_ (rising edge-triggered flip-flop clocked by clk)
Endpoint: _398_ (rising edge-triggered flip-flop clocked by clk)
Path Group: clk
Path Type: min

Fanout     Cap    Slew   Delay    Time   Description
-----------------------------------------------------------------------------
                          0.00    0.00   clock clk (rise edge)
                          0.00    0.00   clock source latency
                  0.20    0.14    0.14 ^ clk (in)
     1    0.04                           clk (net)
                  0.20    0.00    0.14 ^ clkbuf_0_clk/A (sky130_fd_sc_hd__clkbuf_16)
                  0.04    0.17    0.30 ^ clkbuf_0_clk/X (sky130_fd_sc_hd__clkbuf_16)
     2    0.02                           clknet_0_clk (net)
                  0.04    0.00    0.30 ^ clkbuf_1_1__f_clk/A (sky130_fd_sc_hd__clkbuf_16)
                  0.06    0.14    0.44 ^ clkbuf_1_1__f_clk/X (sky130_fd_sc_hd__clkbuf_16)
    14    0.04                           clknet_1_1__leaf_clk (net)
                  0.06    0.00    0.44 ^ _399_/CLK (sky130_fd_sc_hd__dfrtp_4)
                  0.12    0.45    0.89 ^ _399_/Q (sky130_fd_sc_hd__dfrtp_4)
     9    0.03                           U_PC.pc[1] (net)
                  0.12    0.00    0.89 ^ _357_/A1 (sky130_fd_sc_hd__a21bo_1)
                  0.03    0.11    1.00 ^ _357_/X (sky130_fd_sc_hd__a21bo_1)
     1    0.00                           U_PC.next_pc[0] (net)
                  0.03    0.00    1.00 ^ _398_/D (sky130_fd_sc_hd__dfrtp_4)
                                  1.00   data arrival time

                          0.00    0.00   clock clk (rise edge)
                          0.00    0.00   clock source latency
                  0.20    0.15    0.15 ^ clk (in)
     1    0.04                           clk (net)
                  0.20    0.00    0.15 ^ clkbuf_0_clk/A (sky130_fd_sc_hd__clkbuf_16)
                  0.04    0.19    0.34 ^ clkbuf_0_clk/X (sky130_fd_sc_hd__clkbuf_16)
     2    0.02                           clknet_0_clk (net)
                  0.04    0.00    0.34 ^ clkbuf_1_1__f_clk/A (sky130_fd_sc_hd__clkbuf_16)
                  0.06    0.15    0.49 ^ clkbuf_1_1__f_clk/X (sky130_fd_sc_hd__clkbuf_16)
    14    0.04                           clknet_1_1__leaf_clk (net)
                  0.06    0.00    0.49 ^ _398_/CLK (sky130_fd_sc_hd__dfrtp_4)
                          0.25    0.74   clock uncertainty
                         -0.05    0.69   clock reconvergence pessimism
                         -0.03    0.66   library hold time
                                  0.66   data required time
-----------------------------------------------------------------------------
                                  0.66   data required time
                                 -1.00   data arrival time
-----------------------------------------------------------------------------
                                  0.34   slack (MET)


Startpoint: _424_ (rising edge-triggered flip-flop clocked by clk)
Endpoint: _424_ (rising edge-triggered flip-flop clocked by clk)
Path Group: clk
Path Type: min

Fanout     Cap    Slew   Delay    Time   Description
-----------------------------------------------------------------------------
                          0.00    0.00   clock clk (rise edge)
                          0.00    0.00   clock source latency
                  0.20    0.14    0.14 ^ clk (in)
     1    0.04                           clk (net)
                  0.20    0.00    0.14 ^ clkbuf_0_clk/A (sky130_fd_sc_hd__clkbuf_16)
                  0.04    0.17    0.30 ^ clkbuf_0_clk/X (sky130_fd_sc_hd__clkbuf_16)
     2    0.02                           clknet_0_clk (net)
                  0.04    0.00    0.30 ^ clkbuf_1_0__f_clk/A (sky130_fd_sc_hd__clkbuf_16)
                  0.06    0.14    0.44 ^ clkbuf_1_0__f_clk/X (sky130_fd_sc_hd__clkbuf_16)
    14    0.04                           clknet_1_0__leaf_clk (net)
                  0.06    0.00    0.44 ^ _424_/CLK (sky130_fd_sc_hd__dfrtp_4)
                  0.12    0.45    0.89 ^ _424_/Q (sky130_fd_sc_hd__dfrtp_4)
     6    0.03                           net16 (net)
                  0.12    0.00    0.89 ^ _272_/A1 (sky130_fd_sc_hd__a21o_1)
                  0.03    0.12    1.01 ^ _272_/X (sky130_fd_sc_hd__a21o_1)
     1    0.00                           _050_ (net)
                  0.03    0.00    1.01 ^ _424_/D (sky130_fd_sc_hd__dfrtp_4)
                                  1.01   data arrival time

                          0.00    0.00   clock clk (rise edge)
                          0.00    0.00   clock source latency
                  0.20    0.15    0.15 ^ clk (in)
     1    0.04                           clk (net)
                  0.20    0.00    0.15 ^ clkbuf_0_clk/A (sky130_fd_sc_hd__clkbuf_16)
                  0.04    0.19    0.34 ^ clkbuf_0_clk/X (sky130_fd_sc_hd__clkbuf_16)
     2    0.02                           clknet_0_clk (net)
                  0.04    0.00    0.34 ^ clkbuf_1_0__f_clk/A (sky130_fd_sc_hd__clkbuf_16)
                  0.06    0.15    0.49 ^ clkbuf_1_0__f_clk/X (sky130_fd_sc_hd__clkbuf_16)
    14    0.04                           clknet_1_0__leaf_clk (net)
                  0.06    0.00    0.49 ^ _424_/CLK (sky130_fd_sc_hd__dfrtp_4)
                          0.25    0.74   clock uncertainty
                         -0.05    0.69   clock reconvergence pessimism
                         -0.03    0.66   library hold time
                                  0.66   data required time
-----------------------------------------------------------------------------
                                  0.66   data required time
                                 -1.01   data arrival time
-----------------------------------------------------------------------------
                                  0.35   slack (MET)


Startpoint: _414_ (rising edge-triggered flip-flop clocked by clk)
Endpoint: _414_ (rising edge-triggered flip-flop clocked by clk)
Path Group: clk
Path Type: min

Fanout     Cap    Slew   Delay    Time   Description
-----------------------------------------------------------------------------
                          0.00    0.00   clock clk (rise edge)
                          0.00    0.00   clock source latency
                  0.20    0.14    0.14 ^ clk (in)
     1    0.04                           clk (net)
                  0.20    0.00    0.14 ^ clkbuf_0_clk/A (sky130_fd_sc_hd__clkbuf_16)
                  0.04    0.17    0.30 ^ clkbuf_0_clk/X (sky130_fd_sc_hd__clkbuf_16)
     2    0.02                           clknet_0_clk (net)
                  0.04    0.00    0.30 ^ clkbuf_1_0__f_clk/A (sky130_fd_sc_hd__clkbuf_16)
                  0.06    0.14    0.44 ^ clkbuf_1_0__f_clk/X (sky130_fd_sc_hd__clkbuf_16)
    14    0.04                           clknet_1_0__leaf_clk (net)
                  0.06    0.00    0.44 ^ _414_/CLK (sky130_fd_sc_hd__dfrtp_4)
                  0.11    0.44    0.88 ^ _414_/Q (sky130_fd_sc_hd__dfrtp_4)
     2    0.03                           net18 (net)
                  0.11    0.00    0.88 ^ _333_/B2 (sky130_fd_sc_hd__a2bb2o_1)
                  0.04    0.13    1.01 ^ _333_/X (sky130_fd_sc_hd__a2bb2o_1)
     1    0.00                           _040_ (net)
                  0.04    0.00    1.01 ^ _414_/D (sky130_fd_sc_hd__dfrtp_4)
                                  1.01   data arrival time

                          0.00    0.00   clock clk (rise edge)
                          0.00    0.00   clock source latency
                  0.20    0.15    0.15 ^ clk (in)
     1    0.04                           clk (net)
                  0.20    0.00    0.15 ^ clkbuf_0_clk/A (sky130_fd_sc_hd__clkbuf_16)
                  0.04    0.19    0.34 ^ clkbuf_0_clk/X (sky130_fd_sc_hd__clkbuf_16)
     2    0.02                           clknet_0_clk (net)
                  0.04    0.00    0.34 ^ clkbuf_1_0__f_clk/A (sky130_fd_sc_hd__clkbuf_16)
                  0.06    0.15    0.49 ^ clkbuf_1_0__f_clk/X (sky130_fd_sc_hd__clkbuf_16)
    14    0.04                           clknet_1_0__leaf_clk (net)
                  0.06    0.00    0.49 ^ _414_/CLK (sky130_fd_sc_hd__dfrtp_4)
                          0.25    0.74   clock uncertainty
                         -0.05    0.69   clock reconvergence pessimism
                         -0.03    0.66   library hold time
                                  0.66   data required time
-----------------------------------------------------------------------------
                                  0.66   data required time
                                 -1.01   data arrival time
-----------------------------------------------------------------------------
                                  0.35   slack (MET)


Startpoint: _421_ (rising edge-triggered flip-flop clocked by clk)
Endpoint: _421_ (rising edge-triggered flip-flop clocked by clk)
Path Group: clk
Path Type: min

Fanout     Cap    Slew   Delay    Time   Description
-----------------------------------------------------------------------------
                          0.00    0.00   clock clk (rise edge)
                          0.00    0.00   clock source latency
                  0.20    0.14    0.14 ^ clk (in)
     1    0.04                           clk (net)
                  0.20    0.00    0.14 ^ clkbuf_0_clk/A (sky130_fd_sc_hd__clkbuf_16)
                  0.04    0.17    0.30 ^ clkbuf_0_clk/X (sky130_fd_sc_hd__clkbuf_16)
     2    0.02                           clknet_0_clk (net)
                  0.04    0.00    0.30 ^ clkbuf_1_1__f_clk/A (sky130_fd_sc_hd__clkbuf_16)
                  0.06    0.14    0.44 ^ clkbuf_1_1__f_clk/X (sky130_fd_sc_hd__clkbuf_16)
    14    0.04                           clknet_1_1__leaf_clk (net)
                  0.06    0.00    0.44 ^ _421_/CLK (sky130_fd_sc_hd__dfrtp_4)
                  0.11    0.43    0.88 ^ _421_/Q (sky130_fd_sc_hd__dfrtp_4)
     4    0.03                           net13 (net)
                  0.11    0.00    0.88 ^ _285_/A0 (sky130_fd_sc_hd__mux2_1)
                  0.04    0.13    1.00 ^ _285_/X (sky130_fd_sc_hd__mux2_1)
     1    0.00                           _122_ (net)
                  0.04    0.00    1.00 ^ _286_/A (sky130_fd_sc_hd__clkbuf_1)
                  0.04    0.07    1.08 ^ _286_/X (sky130_fd_sc_hd__clkbuf_1)
     1    0.00                           _047_ (net)
                  0.04    0.00    1.08 ^ _421_/D (sky130_fd_sc_hd__dfrtp_4)
                                  1.08   data arrival time

                          0.00    0.00   clock clk (rise edge)
                          0.00    0.00   clock source latency
                  0.20    0.15    0.15 ^ clk (in)
     1    0.04                           clk (net)
                  0.20    0.00    0.15 ^ clkbuf_0_clk/A (sky130_fd_sc_hd__clkbuf_16)
                  0.04    0.19    0.34 ^ clkbuf_0_clk/X (sky130_fd_sc_hd__clkbuf_16)
     2    0.02                           clknet_0_clk (net)
                  0.04    0.00    0.34 ^ clkbuf_1_1__f_clk/A (sky130_fd_sc_hd__clkbuf_16)
                  0.06    0.15    0.49 ^ clkbuf_1_1__f_clk/X (sky130_fd_sc_hd__clkbuf_16)
    14    0.04                           clknet_1_1__leaf_clk (net)
                  0.06    0.00    0.49 ^ _421_/CLK (sky130_fd_sc_hd__dfrtp_4)
                          0.25    0.74   clock uncertainty
                         -0.05    0.69   clock reconvergence pessimism
                         -0.03    0.66   library hold time
                                  0.66   data required time
-----------------------------------------------------------------------------
                                  0.66   data required time
                                 -1.08   data arrival time
-----------------------------------------------------------------------------
                                  0.42   slack (MET)


Startpoint: _402_ (rising edge-triggered flip-flop clocked by clk)
Endpoint: _402_ (rising edge-triggered flip-flop clocked by clk)
Path Group: clk
Path Type: min

Fanout     Cap    Slew   Delay    Time   Description
-----------------------------------------------------------------------------
                          0.00    0.00   clock clk (rise edge)
                          0.00    0.00   clock source latency
                  0.20    0.14    0.14 ^ clk (in)
     1    0.04                           clk (net)
                  0.20    0.00    0.14 ^ clkbuf_0_clk/A (sky130_fd_sc_hd__clkbuf_16)
                  0.04    0.17    0.30 ^ clkbuf_0_clk/X (sky130_fd_sc_hd__clkbuf_16)
     2    0.02                           clknet_0_clk (net)
                  0.04    0.00    0.30 ^ clkbuf_1_1__f_clk/A (sky130_fd_sc_hd__clkbuf_16)
                  0.06    0.14    0.44 ^ clkbuf_1_1__f_clk/X (sky130_fd_sc_hd__clkbuf_16)
    14    0.04                           clknet_1_1__leaf_clk (net)
                  0.06    0.00    0.44 ^ _402_/CLK (sky130_fd_sc_hd__dfrtp_4)
                  0.11    0.43    0.88 ^ _402_/Q (sky130_fd_sc_hd__dfrtp_4)
     4    0.03                           net2 (net)
                  0.11    0.00    0.88 ^ _355_/A0 (sky130_fd_sc_hd__mux2_1)
                  0.04    0.13    1.00 ^ _355_/X (sky130_fd_sc_hd__mux2_1)
     1    0.00                           _173_ (net)
                  0.04    0.00    1.00 ^ _356_/A (sky130_fd_sc_hd__clkbuf_1)
                  0.04    0.07    1.08 ^ _356_/X (sky130_fd_sc_hd__clkbuf_1)
     1    0.00                           _028_ (net)
                  0.04    0.00    1.08 ^ _402_/D (sky130_fd_sc_hd__dfrtp_4)
                                  1.08   data arrival time

                          0.00    0.00   clock clk (rise edge)
                          0.00    0.00   clock source latency
                  0.20    0.15    0.15 ^ clk (in)
     1    0.04                           clk (net)
                  0.20    0.00    0.15 ^ clkbuf_0_clk/A (sky130_fd_sc_hd__clkbuf_16)
                  0.04    0.19    0.34 ^ clkbuf_0_clk/X (sky130_fd_sc_hd__clkbuf_16)
     2    0.02                           clknet_0_clk (net)
                  0.04    0.00    0.34 ^ clkbuf_1_1__f_clk/A (sky130_fd_sc_hd__clkbuf_16)
                  0.06    0.15    0.49 ^ clkbuf_1_1__f_clk/X (sky130_fd_sc_hd__clkbuf_16)
    14    0.04                           clknet_1_1__leaf_clk (net)
                  0.06    0.00    0.49 ^ _402_/CLK (sky130_fd_sc_hd__dfrtp_4)
                          0.25    0.74   clock uncertainty
                         -0.05    0.69   clock reconvergence pessimism
                         -0.03    0.66   library hold time
                                  0.66   data required time
-----------------------------------------------------------------------------
                                  0.66   data required time
                                 -1.08   data arrival time
-----------------------------------------------------------------------------
                                  0.42   slack (MET)


Startpoint: _410_ (rising edge-triggered flip-flop clocked by clk)
Endpoint: _410_ (rising edge-triggered flip-flop clocked by clk)
Path Group: clk
Path Type: min

Fanout     Cap    Slew   Delay    Time   Description
-----------------------------------------------------------------------------
                          0.00    0.00   clock clk (rise edge)
                          0.00    0.00   clock source latency
                  0.20    0.14    0.14 ^ clk (in)
     1    0.04                           clk (net)
                  0.20    0.00    0.14 ^ clkbuf_0_clk/A (sky130_fd_sc_hd__clkbuf_16)
                  0.04    0.17    0.30 ^ clkbuf_0_clk/X (sky130_fd_sc_hd__clkbuf_16)
     2    0.02                           clknet_0_clk (net)
                  0.04    0.00    0.30 ^ clkbuf_1_0__f_clk/A (sky130_fd_sc_hd__clkbuf_16)
                  0.06    0.14    0.44 ^ clkbuf_1_0__f_clk/X (sky130_fd_sc_hd__clkbuf_16)
    14    0.04                           clknet_1_0__leaf_clk (net)
                  0.06    0.00    0.44 ^ _410_/CLK (sky130_fd_sc_hd__dfrtp_4)
                  0.17    0.49    0.93 ^ _410_/Q (sky130_fd_sc_hd__dfrtp_4)
     3    0.05                           net23 (net)
                  0.17    0.00    0.93 ^ _339_/A1 (sky130_fd_sc_hd__a31o_1)
                  0.04    0.15    1.08 ^ _339_/X (sky130_fd_sc_hd__a31o_1)
     1    0.00                           _036_ (net)
                  0.04    0.00    1.08 ^ _410_/D (sky130_fd_sc_hd__dfrtp_4)
                                  1.08   data arrival time

                          0.00    0.00   clock clk (rise edge)
                          0.00    0.00   clock source latency
                  0.20    0.15    0.15 ^ clk (in)
     1    0.04                           clk (net)
                  0.20    0.00    0.15 ^ clkbuf_0_clk/A (sky130_fd_sc_hd__clkbuf_16)
                  0.04    0.19    0.34 ^ clkbuf_0_clk/X (sky130_fd_sc_hd__clkbuf_16)
     2    0.02                           clknet_0_clk (net)
                  0.04    0.00    0.34 ^ clkbuf_1_0__f_clk/A (sky130_fd_sc_hd__clkbuf_16)
                  0.06    0.15    0.49 ^ clkbuf_1_0__f_clk/X (sky130_fd_sc_hd__clkbuf_16)
    14    0.04                           clknet_1_0__leaf_clk (net)
                  0.06    0.00    0.49 ^ _410_/CLK (sky130_fd_sc_hd__dfrtp_4)
                          0.25    0.74   clock uncertainty
                         -0.05    0.69   clock reconvergence pessimism
                         -0.03    0.66   library hold time
                                  0.66   data required time
-----------------------------------------------------------------------------
                                  0.66   data required time
                                 -1.08   data arrival time
-----------------------------------------------------------------------------
                                  0.42   slack (MET)


Startpoint: _405_ (rising edge-triggered flip-flop clocked by clk)
Endpoint: _405_ (rising edge-triggered flip-flop clocked by clk)
Path Group: clk
Path Type: min

Fanout     Cap    Slew   Delay    Time   Description
-----------------------------------------------------------------------------
                          0.00    0.00   clock clk (rise edge)
                          0.00    0.00   clock source latency
                  0.20    0.14    0.14 ^ clk (in)
     1    0.04                           clk (net)
                  0.20    0.00    0.14 ^ clkbuf_0_clk/A (sky130_fd_sc_hd__clkbuf_16)
                  0.04    0.17    0.30 ^ clkbuf_0_clk/X (sky130_fd_sc_hd__clkbuf_16)
     2    0.02                           clknet_0_clk (net)
                  0.04    0.00    0.30 ^ clkbuf_1_1__f_clk/A (sky130_fd_sc_hd__clkbuf_16)
                  0.06    0.14    0.44 ^ clkbuf_1_1__f_clk/X (sky130_fd_sc_hd__clkbuf_16)
    14    0.04                           clknet_1_1__leaf_clk (net)
                  0.06    0.00    0.44 ^ _405_/CLK (sky130_fd_sc_hd__dfrtp_4)
                  0.11    0.44    0.88 ^ _405_/Q (sky130_fd_sc_hd__dfrtp_4)
     3    0.03                           net5 (net)
                  0.11    0.00    0.88 ^ _349_/A0 (sky130_fd_sc_hd__mux2_1)
                  0.04    0.13    1.01 ^ _349_/X (sky130_fd_sc_hd__mux2_1)
     1    0.00                           _170_ (net)
                  0.04    0.00    1.01 ^ _350_/A (sky130_fd_sc_hd__clkbuf_1)
                  0.04    0.07    1.08 ^ _350_/X (sky130_fd_sc_hd__clkbuf_1)
     1    0.00                           _031_ (net)
                  0.04    0.00    1.08 ^ _405_/D (sky130_fd_sc_hd__dfrtp_4)
                                  1.08   data arrival time

                          0.00    0.00   clock clk (rise edge)
                          0.00    0.00   clock source latency
                  0.20    0.15    0.15 ^ clk (in)
     1    0.04                           clk (net)
                  0.20    0.00    0.15 ^ clkbuf_0_clk/A (sky130_fd_sc_hd__clkbuf_16)
                  0.04    0.19    0.34 ^ clkbuf_0_clk/X (sky130_fd_sc_hd__clkbuf_16)
     2    0.02                           clknet_0_clk (net)
                  0.04    0.00    0.34 ^ clkbuf_1_1__f_clk/A (sky130_fd_sc_hd__clkbuf_16)
                  0.06    0.15    0.49 ^ clkbuf_1_1__f_clk/X (sky130_fd_sc_hd__clkbuf_16)
    14    0.04                           clknet_1_1__leaf_clk (net)
                  0.06    0.00    0.49 ^ _405_/CLK (sky130_fd_sc_hd__dfrtp_4)
                          0.25    0.74   clock uncertainty
                         -0.05    0.69   clock reconvergence pessimism
                         -0.03    0.66   library hold time
                                  0.66   data required time
-----------------------------------------------------------------------------
                                  0.66   data required time
                                 -1.08   data arrival time
-----------------------------------------------------------------------------
                                  0.42   slack (MET)


Startpoint: _416_ (rising edge-triggered flip-flop clocked by clk)
Endpoint: _416_ (rising edge-triggered flip-flop clocked by clk)
Path Group: clk
Path Type: min

Fanout     Cap    Slew   Delay    Time   Description
-----------------------------------------------------------------------------
                          0.00    0.00   clock clk (rise edge)
                          0.00    0.00   clock source latency
                  0.20    0.14    0.14 ^ clk (in)
     1    0.04                           clk (net)
                  0.20    0.00    0.14 ^ clkbuf_0_clk/A (sky130_fd_sc_hd__clkbuf_16)
                  0.04    0.17    0.30 ^ clkbuf_0_clk/X (sky130_fd_sc_hd__clkbuf_16)
     2    0.02                           clknet_0_clk (net)
                  0.04    0.00    0.30 ^ clkbuf_1_0__f_clk/A (sky130_fd_sc_hd__clkbuf_16)
                  0.06    0.14    0.44 ^ clkbuf_1_0__f_clk/X (sky130_fd_sc_hd__clkbuf_16)
    14    0.04                           clknet_1_0__leaf_clk (net)
                  0.06    0.00    0.44 ^ _416_/CLK (sky130_fd_sc_hd__dfrtp_4)
                  0.10    0.43    0.87 ^ _416_/Q (sky130_fd_sc_hd__dfrtp_4)
     2    0.02                           net20 (net)
                  0.10    0.00    0.87 ^ _316_/A (sky130_fd_sc_hd__or2_1)
                  0.04    0.10    0.97 ^ _316_/X (sky130_fd_sc_hd__or2_1)
     1    0.00                           _148_ (net)
                  0.04    0.00    0.97 ^ _317_/B1 (sky130_fd_sc_hd__o31a_1)
                  0.04    0.11    1.08 ^ _317_/X (sky130_fd_sc_hd__o31a_1)
     1    0.00                           _042_ (net)
                  0.04    0.00    1.08 ^ _416_/D (sky130_fd_sc_hd__dfrtp_4)
                                  1.08   data arrival time

                          0.00    0.00   clock clk (rise edge)
                          0.00    0.00   clock source latency
                  0.20    0.15    0.15 ^ clk (in)
     1    0.04                           clk (net)
                  0.20    0.00    0.15 ^ clkbuf_0_clk/A (sky130_fd_sc_hd__clkbuf_16)
                  0.04    0.19    0.34 ^ clkbuf_0_clk/X (sky130_fd_sc_hd__clkbuf_16)
     2    0.02                           clknet_0_clk (net)
                  0.04    0.00    0.34 ^ clkbuf_1_0__f_clk/A (sky130_fd_sc_hd__clkbuf_16)
                  0.06    0.15    0.49 ^ clkbuf_1_0__f_clk/X (sky130_fd_sc_hd__clkbuf_16)
    14    0.04                           clknet_1_0__leaf_clk (net)
                  0.06    0.00    0.49 ^ _416_/CLK (sky130_fd_sc_hd__dfrtp_4)
                          0.25    0.74   clock uncertainty
                         -0.05    0.69   clock reconvergence pessimism
                         -0.03    0.66   library hold time
                                  0.66   data required time
-----------------------------------------------------------------------------
                                  0.66   data required time
                                 -1.08   data arrival time
-----------------------------------------------------------------------------
                                  0.42   slack (MET)


Startpoint: _411_ (rising edge-triggered flip-flop clocked by clk)
Endpoint: _411_ (rising edge-triggered flip-flop clocked by clk)
Path Group: clk
Path Type: min

Fanout     Cap    Slew   Delay    Time   Description
-----------------------------------------------------------------------------
                          0.00    0.00   clock clk (rise edge)
                          0.00    0.00   clock source latency
                  0.20    0.14    0.14 ^ clk (in)
     1    0.04                           clk (net)
                  0.20    0.00    0.14 ^ clkbuf_0_clk/A (sky130_fd_sc_hd__clkbuf_16)
                  0.04    0.17    0.30 ^ clkbuf_0_clk/X (sky130_fd_sc_hd__clkbuf_16)
     2    0.02                           clknet_0_clk (net)
                  0.04    0.00    0.30 ^ clkbuf_1_1__f_clk/A (sky130_fd_sc_hd__clkbuf_16)
                  0.06    0.14    0.44 ^ clkbuf_1_1__f_clk/X (sky130_fd_sc_hd__clkbuf_16)
    14    0.04                           clknet_1_1__leaf_clk (net)
                  0.06    0.00    0.44 ^ _411_/CLK (sky130_fd_sc_hd__dfrtp_4)
                  0.10    0.43    0.87 ^ _411_/Q (sky130_fd_sc_hd__dfrtp_4)
     2    0.03                           net24 (net)
                  0.10    0.00    0.87 ^ _337_/A (sky130_fd_sc_hd__and3_1)
                  0.05    0.15    1.02 ^ _337_/X (sky130_fd_sc_hd__and3_1)
     1    0.00                           _164_ (net)
                  0.05    0.00    1.02 ^ _338_/A (sky130_fd_sc_hd__clkbuf_1)
                  0.04    0.08    1.10 ^ _338_/X (sky130_fd_sc_hd__clkbuf_1)
     1    0.00                           _037_ (net)
                  0.04    0.00    1.10 ^ _411_/D (sky130_fd_sc_hd__dfrtp_4)
                                  1.10   data arrival time

                          0.00    0.00   clock clk (rise edge)
                          0.00    0.00   clock source latency
                  0.20    0.15    0.15 ^ clk (in)
     1    0.04                           clk (net)
                  0.20    0.00    0.15 ^ clkbuf_0_clk/A (sky130_fd_sc_hd__clkbuf_16)
                  0.04    0.19    0.34 ^ clkbuf_0_clk/X (sky130_fd_sc_hd__clkbuf_16)
     2    0.02                           clknet_0_clk (net)
                  0.04    0.00    0.34 ^ clkbuf_1_1__f_clk/A (sky130_fd_sc_hd__clkbuf_16)
                  0.06    0.15    0.49 ^ clkbuf_1_1__f_clk/X (sky130_fd_sc_hd__clkbuf_16)
    14    0.04                           clknet_1_1__leaf_clk (net)
                  0.06    0.00    0.49 ^ _411_/CLK (sky130_fd_sc_hd__dfrtp_4)
                          0.25    0.74   clock uncertainty
                         -0.05    0.69   clock reconvergence pessimism
                         -0.03    0.66   library hold time
                                  0.66   data required time
-----------------------------------------------------------------------------
                                  0.66   data required time
                                 -1.10   data arrival time
-----------------------------------------------------------------------------
                                  0.44   slack (MET)


Startpoint: _407_ (rising edge-triggered flip-flop clocked by clk)
Endpoint: _407_ (rising edge-triggered flip-flop clocked by clk)
Path Group: clk
Path Type: min

Fanout     Cap    Slew   Delay    Time   Description
-----------------------------------------------------------------------------
                          0.00    0.00   clock clk (rise edge)
                          0.00    0.00   clock source latency
                  0.20    0.14    0.14 ^ clk (in)
     1    0.04                           clk (net)
                  0.20    0.00    0.14 ^ clkbuf_0_clk/A (sky130_fd_sc_hd__clkbuf_16)
                  0.04    0.17    0.30 ^ clkbuf_0_clk/X (sky130_fd_sc_hd__clkbuf_16)
     2    0.02                           clknet_0_clk (net)
                  0.04    0.00    0.30 ^ clkbuf_1_0__f_clk/A (sky130_fd_sc_hd__clkbuf_16)
                  0.06    0.14    0.44 ^ clkbuf_1_0__f_clk/X (sky130_fd_sc_hd__clkbuf_16)
    14    0.04                           clknet_1_0__leaf_clk (net)
                  0.06    0.00    0.44 ^ _407_/CLK (sky130_fd_sc_hd__dfrtp_4)
                  0.13    0.45    0.89 ^ _407_/Q (sky130_fd_sc_hd__dfrtp_4)
     3    0.04                           net7 (net)
                  0.13    0.00    0.89 ^ _345_/A0 (sky130_fd_sc_hd__mux2_1)
                  0.04    0.13    1.03 ^ _345_/X (sky130_fd_sc_hd__mux2_1)
     1    0.00                           _168_ (net)
                  0.04    0.00    1.03 ^ _346_/A (sky130_fd_sc_hd__clkbuf_1)
                  0.04    0.07    1.10 ^ _346_/X (sky130_fd_sc_hd__clkbuf_1)
     1    0.00                           _033_ (net)
                  0.04    0.00    1.10 ^ _407_/D (sky130_fd_sc_hd__dfrtp_4)
                                  1.10   data arrival time

                          0.00    0.00   clock clk (rise edge)
                          0.00    0.00   clock source latency
                  0.20    0.15    0.15 ^ clk (in)
     1    0.04                           clk (net)
                  0.20    0.00    0.15 ^ clkbuf_0_clk/A (sky130_fd_sc_hd__clkbuf_16)
                  0.04    0.19    0.34 ^ clkbuf_0_clk/X (sky130_fd_sc_hd__clkbuf_16)
     2    0.02                           clknet_0_clk (net)
                  0.04    0.00    0.34 ^ clkbuf_1_0__f_clk/A (sky130_fd_sc_hd__clkbuf_16)
                  0.06    0.15    0.49 ^ clkbuf_1_0__f_clk/X (sky130_fd_sc_hd__clkbuf_16)
    14    0.04                           clknet_1_0__leaf_clk (net)
                  0.06    0.00    0.49 ^ _407_/CLK (sky130_fd_sc_hd__dfrtp_4)
                          0.25    0.74   clock uncertainty
                         -0.05    0.69   clock reconvergence pessimism
                         -0.03    0.66   library hold time
                                  0.66   data required time
-----------------------------------------------------------------------------
                                  0.66   data required time
                                 -1.10   data arrival time
-----------------------------------------------------------------------------
                                  0.44   slack (MET)


Startpoint: _409_ (rising edge-triggered flip-flop clocked by clk)
Endpoint: _409_ (rising edge-triggered flip-flop clocked by clk)
Path Group: clk
Path Type: min

Fanout     Cap    Slew   Delay    Time   Description
-----------------------------------------------------------------------------
                          0.00    0.00   clock clk (rise edge)
                          0.00    0.00   clock source latency
                  0.20    0.14    0.14 ^ clk (in)
     1    0.04                           clk (net)
                  0.20    0.00    0.14 ^ clkbuf_0_clk/A (sky130_fd_sc_hd__clkbuf_16)
                  0.04    0.17    0.30 ^ clkbuf_0_clk/X (sky130_fd_sc_hd__clkbuf_16)
     2    0.02                           clknet_0_clk (net)
                  0.04    0.00    0.30 ^ clkbuf_1_0__f_clk/A (sky130_fd_sc_hd__clkbuf_16)
                  0.06    0.14    0.44 ^ clkbuf_1_0__f_clk/X (sky130_fd_sc_hd__clkbuf_16)
    14    0.04                           clknet_1_0__leaf_clk (net)
                  0.06    0.00    0.44 ^ _409_/CLK (sky130_fd_sc_hd__dfrtp_4)
                  0.11    0.44    0.88 ^ _409_/Q (sky130_fd_sc_hd__dfrtp_4)
     3    0.03                           net9 (net)
                  0.11    0.00    0.88 ^ _341_/A (sky130_fd_sc_hd__or2_1)
                  0.04    0.11    0.99 ^ _341_/X (sky130_fd_sc_hd__or2_1)
     1    0.00                           _166_ (net)
                  0.04    0.00    0.99 ^ _342_/B1 (sky130_fd_sc_hd__o41a_1)
                  0.04    0.11    1.10 ^ _342_/X (sky130_fd_sc_hd__o41a_1)
     1    0.00                           _035_ (net)
                  0.04    0.00    1.10 ^ _409_/D (sky130_fd_sc_hd__dfrtp_4)
                                  1.10   data arrival time

                          0.00    0.00   clock clk (rise edge)
                          0.00    0.00   clock source latency
                  0.20    0.15    0.15 ^ clk (in)
     1    0.04                           clk (net)
                  0.20    0.00    0.15 ^ clkbuf_0_clk/A (sky130_fd_sc_hd__clkbuf_16)
                  0.04    0.19    0.34 ^ clkbuf_0_clk/X (sky130_fd_sc_hd__clkbuf_16)
     2    0.02                           clknet_0_clk (net)
                  0.04    0.00    0.34 ^ clkbuf_1_0__f_clk/A (sky130_fd_sc_hd__clkbuf_16)
                  0.06    0.15    0.49 ^ clkbuf_1_0__f_clk/X (sky130_fd_sc_hd__clkbuf_16)
    14    0.04                           clknet_1_0__leaf_clk (net)
                  0.06    0.00    0.49 ^ _409_/CLK (sky130_fd_sc_hd__dfrtp_4)
                          0.25    0.74   clock uncertainty
                         -0.05    0.69   clock reconvergence pessimism
                         -0.03    0.66   library hold time
                                  0.66   data required time
-----------------------------------------------------------------------------
                                  0.66   data required time
                                 -1.10   data arrival time
-----------------------------------------------------------------------------
                                  0.44   slack (MET)


Startpoint: _403_ (rising edge-triggered flip-flop clocked by clk)
Endpoint: _403_ (rising edge-triggered flip-flop clocked by clk)
Path Group: clk
Path Type: min

Fanout     Cap    Slew   Delay    Time   Description
-----------------------------------------------------------------------------
                          0.00    0.00   clock clk (rise edge)
                          0.00    0.00   clock source latency
                  0.20    0.14    0.14 ^ clk (in)
     1    0.04                           clk (net)
                  0.20    0.00    0.14 ^ clkbuf_0_clk/A (sky130_fd_sc_hd__clkbuf_16)
                  0.04    0.17    0.30 ^ clkbuf_0_clk/X (sky130_fd_sc_hd__clkbuf_16)
     2    0.02                           clknet_0_clk (net)
                  0.04    0.00    0.30 ^ clkbuf_1_1__f_clk/A (sky130_fd_sc_hd__clkbuf_16)
                  0.06    0.14    0.44 ^ clkbuf_1_1__f_clk/X (sky130_fd_sc_hd__clkbuf_16)
    14    0.04                           clknet_1_1__leaf_clk (net)
                  0.06    0.00    0.44 ^ _403_/CLK (sky130_fd_sc_hd__dfrtp_4)
                  0.13    0.45    0.89 ^ _403_/Q (sky130_fd_sc_hd__dfrtp_4)
     3    0.04                           net3 (net)
                  0.13    0.00    0.89 ^ _353_/A0 (sky130_fd_sc_hd__mux2_1)
                  0.04    0.14    1.03 ^ _353_/X (sky130_fd_sc_hd__mux2_1)
     1    0.00                           _172_ (net)
                  0.04    0.00    1.03 ^ _354_/A (sky130_fd_sc_hd__clkbuf_1)
                  0.04    0.07    1.10 ^ _354_/X (sky130_fd_sc_hd__clkbuf_1)
     1    0.00                           _029_ (net)
                  0.04    0.00    1.10 ^ _403_/D (sky130_fd_sc_hd__dfrtp_4)
                                  1.10   data arrival time

                          0.00    0.00   clock clk (rise edge)
                          0.00    0.00   clock source latency
                  0.20    0.15    0.15 ^ clk (in)
     1    0.04                           clk (net)
                  0.20    0.00    0.15 ^ clkbuf_0_clk/A (sky130_fd_sc_hd__clkbuf_16)
                  0.04    0.19    0.34 ^ clkbuf_0_clk/X (sky130_fd_sc_hd__clkbuf_16)
     2    0.02                           clknet_0_clk (net)
                  0.04    0.00    0.34 ^ clkbuf_1_1__f_clk/A (sky130_fd_sc_hd__clkbuf_16)
                  0.06    0.15    0.49 ^ clkbuf_1_1__f_clk/X (sky130_fd_sc_hd__clkbuf_16)
    14    0.04                           clknet_1_1__leaf_clk (net)
                  0.06    0.00    0.49 ^ _403_/CLK (sky130_fd_sc_hd__dfrtp_4)
                          0.25    0.74   clock uncertainty
                         -0.05    0.69   clock reconvergence pessimism
                         -0.03    0.66   library hold time
                                  0.66   data required time
-----------------------------------------------------------------------------
                                  0.66   data required time
                                 -1.10   data arrival time
-----------------------------------------------------------------------------
                                  0.44   slack (MET)


Startpoint: _401_ (rising edge-triggered flip-flop clocked by clk)
Endpoint: _419_ (rising edge-triggered flip-flop clocked by clk)
Path Group: clk
Path Type: min

Fanout     Cap    Slew   Delay    Time   Description
-----------------------------------------------------------------------------
                          0.00    0.00   clock clk (rise edge)
                          0.00    0.00   clock source latency
                  0.20    0.14    0.14 ^ clk (in)
     1    0.04                           clk (net)
                  0.20    0.00    0.14 ^ clkbuf_0_clk/A (sky130_fd_sc_hd__clkbuf_16)
                  0.04    0.17    0.30 ^ clkbuf_0_clk/X (sky130_fd_sc_hd__clkbuf_16)
     2    0.02                           clknet_0_clk (net)
                  0.04    0.00    0.30 ^ clkbuf_1_1__f_clk/A (sky130_fd_sc_hd__clkbuf_16)
                  0.06    0.14    0.44 ^ clkbuf_1_1__f_clk/X (sky130_fd_sc_hd__clkbuf_16)
    14    0.04                           clknet_1_1__leaf_clk (net)
                  0.06    0.00    0.44 ^ _401_/CLK (sky130_fd_sc_hd__dfrtp_4)
                  0.10    0.43    0.87 ^ _401_/Q (sky130_fd_sc_hd__dfrtp_4)
     8    0.02                           U_PC.pc[3] (net)
                  0.10    0.00    0.87 ^ _232_/A (sky130_fd_sc_hd__nor3_2)
                  0.06    0.08    0.95 v _232_/Y (sky130_fd_sc_hd__nor3_2)
     5    0.02                           _073_ (net)
                  0.06    0.00    0.95 v _300_/A1 (sky130_fd_sc_hd__a21o_1)
                  0.03    0.15    1.10 v _300_/X (sky130_fd_sc_hd__a21o_1)
     1    0.00                           _045_ (net)
                  0.03    0.00    1.10 v _419_/D (sky130_fd_sc_hd__dfrtp_4)
                                  1.10   data arrival time

                          0.00    0.00   clock clk (rise edge)
                          0.00    0.00   clock source latency
                  0.20    0.15    0.15 ^ clk (in)
     1    0.04                           clk (net)
                  0.20    0.00    0.15 ^ clkbuf_0_clk/A (sky130_fd_sc_hd__clkbuf_16)
                  0.04    0.19    0.34 ^ clkbuf_0_clk/X (sky130_fd_sc_hd__clkbuf_16)
     2    0.02                           clknet_0_clk (net)
                  0.04    0.00    0.34 ^ clkbuf_1_1__f_clk/A (sky130_fd_sc_hd__clkbuf_16)
                  0.06    0.15    0.49 ^ clkbuf_1_1__f_clk/X (sky130_fd_sc_hd__clkbuf_16)
    14    0.04                           clknet_1_1__leaf_clk (net)
                  0.06    0.00    0.49 ^ _419_/CLK (sky130_fd_sc_hd__dfrtp_4)
                          0.25    0.74   clock uncertainty
                         -0.05    0.69   clock reconvergence pessimism
                         -0.03    0.66   library hold time
                                  0.66   data required time
-----------------------------------------------------------------------------
                                  0.66   data required time
                                 -1.10   data arrival time
-----------------------------------------------------------------------------
                                  0.44   slack (MET)


Startpoint: _401_ (rising edge-triggered flip-flop clocked by clk)
Endpoint: _420_ (rising edge-triggered flip-flop clocked by clk)
Path Group: clk
Path Type: min

Fanout     Cap    Slew   Delay    Time   Description
-----------------------------------------------------------------------------
                          0.00    0.00   clock clk (rise edge)
                          0.00    0.00   clock source latency
                  0.20    0.14    0.14 ^ clk (in)
     1    0.04                           clk (net)
                  0.20    0.00    0.14 ^ clkbuf_0_clk/A (sky130_fd_sc_hd__clkbuf_16)
                  0.04    0.17    0.30 ^ clkbuf_0_clk/X (sky130_fd_sc_hd__clkbuf_16)
     2    0.02                           clknet_0_clk (net)
                  0.04    0.00    0.30 ^ clkbuf_1_1__f_clk/A (sky130_fd_sc_hd__clkbuf_16)
                  0.06    0.14    0.44 ^ clkbuf_1_1__f_clk/X (sky130_fd_sc_hd__clkbuf_16)
    14    0.04                           clknet_1_1__leaf_clk (net)
                  0.06    0.00    0.44 ^ _401_/CLK (sky130_fd_sc_hd__dfrtp_4)
                  0.10    0.43    0.87 ^ _401_/Q (sky130_fd_sc_hd__dfrtp_4)
     8    0.02                           U_PC.pc[3] (net)
                  0.10    0.00    0.87 ^ _232_/A (sky130_fd_sc_hd__nor3_2)
                  0.06    0.08    0.95 v _232_/Y (sky130_fd_sc_hd__nor3_2)
     5    0.02                           _073_ (net)
                  0.06    0.00    0.95 v _292_/A1 (sky130_fd_sc_hd__a21bo_1)
                  0.03    0.16    1.11 v _292_/X (sky130_fd_sc_hd__a21bo_1)
     1    0.00                           _046_ (net)
                  0.03    0.00    1.11 v _420_/D (sky130_fd_sc_hd__dfrtp_4)
                                  1.11   data arrival time

                          0.00    0.00   clock clk (rise edge)
                          0.00    0.00   clock source latency
                  0.20    0.15    0.15 ^ clk (in)
     1    0.04                           clk (net)
                  0.20    0.00    0.15 ^ clkbuf_0_clk/A (sky130_fd_sc_hd__clkbuf_16)
                  0.04    0.19    0.34 ^ clkbuf_0_clk/X (sky130_fd_sc_hd__clkbuf_16)
     2    0.02                           clknet_0_clk (net)
                  0.04    0.00    0.34 ^ clkbuf_1_1__f_clk/A (sky130_fd_sc_hd__clkbuf_16)
                  0.06    0.15    0.49 ^ clkbuf_1_1__f_clk/X (sky130_fd_sc_hd__clkbuf_16)
    14    0.04                           clknet_1_1__leaf_clk (net)
                  0.06    0.00    0.49 ^ _420_/CLK (sky130_fd_sc_hd__dfrtp_4)
                          0.25    0.74   clock uncertainty
                         -0.05    0.69   clock reconvergence pessimism
                         -0.03    0.66   library hold time
                                  0.66   data required time
-----------------------------------------------------------------------------
                                  0.66   data required time
                                 -1.11   data arrival time
-----------------------------------------------------------------------------
                                  0.45   slack (MET)


Startpoint: _400_ (rising edge-triggered flip-flop clocked by clk)
Endpoint: _400_ (rising edge-triggered flip-flop clocked by clk)
Path Group: clk
Path Type: min

Fanout     Cap    Slew   Delay    Time   Description
-----------------------------------------------------------------------------
                          0.00    0.00   clock clk (rise edge)
                          0.00    0.00   clock source latency
                  0.20    0.14    0.14 ^ clk (in)
     1    0.04                           clk (net)
                  0.20    0.00    0.14 ^ clkbuf_0_clk/A (sky130_fd_sc_hd__clkbuf_16)
                  0.04    0.17    0.30 ^ clkbuf_0_clk/X (sky130_fd_sc_hd__clkbuf_16)
     2    0.02                           clknet_0_clk (net)
                  0.04    0.00    0.30 ^ clkbuf_1_1__f_clk/A (sky130_fd_sc_hd__clkbuf_16)
                  0.06    0.14    0.44 ^ clkbuf_1_1__f_clk/X (sky130_fd_sc_hd__clkbuf_16)
    14    0.04                           clknet_1_1__leaf_clk (net)
                  0.06    0.00    0.44 ^ _400_/CLK (sky130_fd_sc_hd__dfrtp_4)
                  0.10    0.43    0.87 ^ _400_/Q (sky130_fd_sc_hd__dfrtp_4)
     7    0.03                           U_PC.pc[2] (net)
                  0.10    0.00    0.87 ^ _363_/A (sky130_fd_sc_hd__xnor2_1)
                  0.04    0.11    0.98 ^ _363_/Y (sky130_fd_sc_hd__xnor2_1)
     1    0.00                           _178_ (net)
                  0.04    0.00    0.98 ^ _364_/B1 (sky130_fd_sc_hd__o2bb2a_1)
                  0.05    0.13    1.11 ^ _364_/X (sky130_fd_sc_hd__o2bb2a_1)
     1    0.00                           U_PC.next_pc[2] (net)
                  0.05    0.00    1.11 ^ _400_/D (sky130_fd_sc_hd__dfrtp_4)
                                  1.11   data arrival time

                          0.00    0.00   clock clk (rise edge)
                          0.00    0.00   clock source latency
                  0.20    0.15    0.15 ^ clk (in)
     1    0.04                           clk (net)
                  0.20    0.00    0.15 ^ clkbuf_0_clk/A (sky130_fd_sc_hd__clkbuf_16)
                  0.04    0.19    0.34 ^ clkbuf_0_clk/X (sky130_fd_sc_hd__clkbuf_16)
     2    0.02                           clknet_0_clk (net)
                  0.04    0.00    0.34 ^ clkbuf_1_1__f_clk/A (sky130_fd_sc_hd__clkbuf_16)
                  0.06    0.15    0.49 ^ clkbuf_1_1__f_clk/X (sky130_fd_sc_hd__clkbuf_16)
    14    0.04                           clknet_1_1__leaf_clk (net)
                  0.06    0.00    0.49 ^ _400_/CLK (sky130_fd_sc_hd__dfrtp_4)
                          0.25    0.74   clock uncertainty
                         -0.05    0.69   clock reconvergence pessimism
                         -0.03    0.66   library hold time
                                  0.66   data required time
-----------------------------------------------------------------------------
                                  0.66   data required time
                                 -1.11   data arrival time
-----------------------------------------------------------------------------
                                  0.45   slack (MET)


Startpoint: _404_ (rising edge-triggered flip-flop clocked by clk)
Endpoint: _404_ (rising edge-triggered flip-flop clocked by clk)
Path Group: clk
Path Type: min

Fanout     Cap    Slew   Delay    Time   Description
-----------------------------------------------------------------------------
                          0.00    0.00   clock clk (rise edge)
                          0.00    0.00   clock source latency
                  0.20    0.14    0.14 ^ clk (in)
     1    0.04                           clk (net)
                  0.20    0.00    0.14 ^ clkbuf_0_clk/A (sky130_fd_sc_hd__clkbuf_16)
                  0.04    0.17    0.30 ^ clkbuf_0_clk/X (sky130_fd_sc_hd__clkbuf_16)
     2    0.02                           clknet_0_clk (net)
                  0.04    0.00    0.30 ^ clkbuf_1_1__f_clk/A (sky130_fd_sc_hd__clkbuf_16)
                  0.06    0.14    0.44 ^ clkbuf_1_1__f_clk/X (sky130_fd_sc_hd__clkbuf_16)
    14    0.04                           clknet_1_1__leaf_clk (net)
                  0.06    0.00    0.44 ^ _404_/CLK (sky130_fd_sc_hd__dfrtp_4)
                  0.14    0.47    0.91 ^ _404_/Q (sky130_fd_sc_hd__dfrtp_4)
     4    0.04                           net4 (net)
                  0.14    0.00    0.91 ^ _351_/A0 (sky130_fd_sc_hd__mux2_1)
                  0.04    0.14    1.05 ^ _351_/X (sky130_fd_sc_hd__mux2_1)
     1    0.00                           _171_ (net)
                  0.04    0.00    1.05 ^ _352_/A (sky130_fd_sc_hd__clkbuf_1)
                  0.04    0.07    1.12 ^ _352_/X (sky130_fd_sc_hd__clkbuf_1)
     1    0.00                           _030_ (net)
                  0.04    0.00    1.12 ^ _404_/D (sky130_fd_sc_hd__dfrtp_4)
                                  1.12   data arrival time

                          0.00    0.00   clock clk (rise edge)
                          0.00    0.00   clock source latency
                  0.20    0.15    0.15 ^ clk (in)
     1    0.04                           clk (net)
                  0.20    0.00    0.15 ^ clkbuf_0_clk/A (sky130_fd_sc_hd__clkbuf_16)
                  0.04    0.19    0.34 ^ clkbuf_0_clk/X (sky130_fd_sc_hd__clkbuf_16)
     2    0.02                           clknet_0_clk (net)
                  0.04    0.00    0.34 ^ clkbuf_1_1__f_clk/A (sky130_fd_sc_hd__clkbuf_16)
                  0.06    0.15    0.49 ^ clkbuf_1_1__f_clk/X (sky130_fd_sc_hd__clkbuf_16)
    14    0.04                           clknet_1_1__leaf_clk (net)
                  0.06    0.00    0.49 ^ _404_/CLK (sky130_fd_sc_hd__dfrtp_4)
                          0.25    0.74   clock uncertainty
                         -0.05    0.69   clock reconvergence pessimism
                         -0.03    0.66   library hold time
                                  0.66   data required time
-----------------------------------------------------------------------------
                                  0.66   data required time
                                 -1.12   data arrival time
-----------------------------------------------------------------------------
                                  0.46   slack (MET)


Startpoint: _398_ (rising edge-triggered flip-flop clocked by clk)
Endpoint: _399_ (rising edge-triggered flip-flop clocked by clk)
Path Group: clk
Path Type: min

Fanout     Cap    Slew   Delay    Time   Description
-----------------------------------------------------------------------------
                          0.00    0.00   clock clk (rise edge)
                          0.00    0.00   clock source latency
                  0.20    0.14    0.14 ^ clk (in)
     1    0.04                           clk (net)
                  0.20    0.00    0.14 ^ clkbuf_0_clk/A (sky130_fd_sc_hd__clkbuf_16)
                  0.04    0.17    0.30 ^ clkbuf_0_clk/X (sky130_fd_sc_hd__clkbuf_16)
     2    0.02                           clknet_0_clk (net)
                  0.04    0.00    0.30 ^ clkbuf_1_1__f_clk/A (sky130_fd_sc_hd__clkbuf_16)
                  0.06    0.14    0.44 ^ clkbuf_1_1__f_clk/X (sky130_fd_sc_hd__clkbuf_16)
    14    0.04                           clknet_1_1__leaf_clk (net)
                  0.06    0.00    0.44 ^ _398_/CLK (sky130_fd_sc_hd__dfrtp_4)
                  0.11    0.44    0.88 ^ _398_/Q (sky130_fd_sc_hd__dfrtp_4)
    10    0.03                           U_PC.pc[0] (net)
                  0.11    0.00    0.88 ^ _359_/B (sky130_fd_sc_hd__and2b_1)
                  0.05    0.13    1.01 ^ _359_/X (sky130_fd_sc_hd__and2b_1)
     2    0.00                           _175_ (net)
                  0.05    0.00    1.01 ^ _360_/C (sky130_fd_sc_hd__or3_1)
                  0.04    0.09    1.09 ^ _360_/X (sky130_fd_sc_hd__or3_1)
     1    0.00                           _176_ (net)
                  0.04    0.00    1.09 ^ _361_/A (sky130_fd_sc_hd__clkbuf_1)
                  0.04    0.07    1.16 ^ _361_/X (sky130_fd_sc_hd__clkbuf_1)
     1    0.00                           U_PC.next_pc[1] (net)
                  0.04    0.00    1.16 ^ _399_/D (sky130_fd_sc_hd__dfrtp_4)
                                  1.16   data arrival time

                          0.00    0.00   clock clk (rise edge)
                          0.00    0.00   clock source latency
                  0.20    0.15    0.15 ^ clk (in)
     1    0.04                           clk (net)
                  0.20    0.00    0.15 ^ clkbuf_0_clk/A (sky130_fd_sc_hd__clkbuf_16)
                  0.04    0.19    0.34 ^ clkbuf_0_clk/X (sky130_fd_sc_hd__clkbuf_16)
     2    0.02                           clknet_0_clk (net)
                  0.04    0.00    0.34 ^ clkbuf_1_1__f_clk/A (sky130_fd_sc_hd__clkbuf_16)
                  0.06    0.15    0.49 ^ clkbuf_1_1__f_clk/X (sky130_fd_sc_hd__clkbuf_16)
    14    0.04                           clknet_1_1__leaf_clk (net)
                  0.06    0.00    0.49 ^ _399_/CLK (sky130_fd_sc_hd__dfrtp_4)
                          0.25    0.74   clock uncertainty
                         -0.05    0.69   clock reconvergence pessimism
                         -0.03    0.66   library hold time
                                  0.66   data required time
-----------------------------------------------------------------------------
                                  0.66   data required time
                                 -1.16   data arrival time
-----------------------------------------------------------------------------
                                  0.50   slack (MET)


Startpoint: _413_ (rising edge-triggered flip-flop clocked by clk)
Endpoint: _413_ (rising edge-triggered flip-flop clocked by clk)
Path Group: clk
Path Type: min

Fanout     Cap    Slew   Delay    Time   Description
-----------------------------------------------------------------------------
                          0.00    0.00   clock clk (rise edge)
                          0.00    0.00   clock source latency
                  0.20    0.14    0.14 ^ clk (in)
     1    0.04                           clk (net)
                  0.20    0.00    0.14 ^ clkbuf_0_clk/A (sky130_fd_sc_hd__clkbuf_16)
                  0.04    0.17    0.30 ^ clkbuf_0_clk/X (sky130_fd_sc_hd__clkbuf_16)
     2    0.02                           clknet_0_clk (net)
                  0.04    0.00    0.30 ^ clkbuf_1_0__f_clk/A (sky130_fd_sc_hd__clkbuf_16)
                  0.06    0.14    0.44 ^ clkbuf_1_0__f_clk/X (sky130_fd_sc_hd__clkbuf_16)
    14    0.04                           clknet_1_0__leaf_clk (net)
                  0.06    0.00    0.44 ^ _413_/CLK (sky130_fd_sc_hd__dfrtp_4)
                  0.17    0.49    0.93 ^ _413_/Q (sky130_fd_sc_hd__dfrtp_4)
     3    0.05                           net27 (net)
                  0.17    0.00    0.93 ^ _334_/A (sky130_fd_sc_hd__and3_1)
                  0.05    0.16    1.09 ^ _334_/X (sky130_fd_sc_hd__and3_1)
     1    0.00                           _163_ (net)
                  0.05    0.00    1.09 ^ _335_/A (sky130_fd_sc_hd__clkbuf_1)
                  0.04    0.08    1.17 ^ _335_/X (sky130_fd_sc_hd__clkbuf_1)
     1    0.00                           _039_ (net)
                  0.04    0.00    1.17 ^ _413_/D (sky130_fd_sc_hd__dfrtp_4)
                                  1.17   data arrival time

                          0.00    0.00   clock clk (rise edge)
                          0.00    0.00   clock source latency
                  0.20    0.15    0.15 ^ clk (in)
     1    0.04                           clk (net)
                  0.20    0.00    0.15 ^ clkbuf_0_clk/A (sky130_fd_sc_hd__clkbuf_16)
                  0.04    0.19    0.34 ^ clkbuf_0_clk/X (sky130_fd_sc_hd__clkbuf_16)
     2    0.02                           clknet_0_clk (net)
                  0.04    0.00    0.34 ^ clkbuf_1_0__f_clk/A (sky130_fd_sc_hd__clkbuf_16)
                  0.06    0.15    0.49 ^ clkbuf_1_0__f_clk/X (sky130_fd_sc_hd__clkbuf_16)
    14    0.04                           clknet_1_0__leaf_clk (net)
                  0.06    0.00    0.49 ^ _413_/CLK (sky130_fd_sc_hd__dfrtp_4)
                          0.25    0.74   clock uncertainty
                         -0.05    0.69   clock reconvergence pessimism
                         -0.03    0.66   library hold time
                                  0.66   data required time
-----------------------------------------------------------------------------
                                  0.66   data required time
                                 -1.17   data arrival time
-----------------------------------------------------------------------------
                                  0.51   slack (MET)


Startpoint: _423_ (rising edge-triggered flip-flop clocked by clk)
Endpoint: _423_ (rising edge-triggered flip-flop clocked by clk)
Path Group: clk
Path Type: min

Fanout     Cap    Slew   Delay    Time   Description
-----------------------------------------------------------------------------
                          0.00    0.00   clock clk (rise edge)
                          0.00    0.00   clock source latency
                  0.20    0.14    0.14 ^ clk (in)
     1    0.04                           clk (net)
                  0.20    0.00    0.14 ^ clkbuf_0_clk/A (sky130_fd_sc_hd__clkbuf_16)
                  0.04    0.17    0.30 ^ clkbuf_0_clk/X (sky130_fd_sc_hd__clkbuf_16)
     2    0.02                           clknet_0_clk (net)
                  0.04    0.00    0.30 ^ clkbuf_1_0__f_clk/A (sky130_fd_sc_hd__clkbuf_16)
                  0.06    0.14    0.44 ^ clkbuf_1_0__f_clk/X (sky130_fd_sc_hd__clkbuf_16)
    14    0.04                           clknet_1_0__leaf_clk (net)
                  0.06    0.00    0.44 ^ _423_/CLK (sky130_fd_sc_hd__dfrtp_4)
                  0.11    0.43    0.87 ^ _423_/Q (sky130_fd_sc_hd__dfrtp_4)
     3    0.03                           net15 (net)
                  0.11    0.00    0.87 ^ _210_/A (sky130_fd_sc_hd__and2_1)
                  0.17    0.22    1.09 ^ _210_/X (sky130_fd_sc_hd__and2_1)
     5    0.02                           _196_ (net)
                  0.17    0.00    1.09 ^ _278_/B1 (sky130_fd_sc_hd__a21o_1)
                  0.04    0.10    1.19 ^ _278_/X (sky130_fd_sc_hd__a21o_1)
     1    0.00                           _049_ (net)
                  0.04    0.00    1.19 ^ _423_/D (sky130_fd_sc_hd__dfrtp_4)
                                  1.19   data arrival time

                          0.00    0.00   clock clk (rise edge)
                          0.00    0.00   clock source latency
                  0.20    0.15    0.15 ^ clk (in)
     1    0.04                           clk (net)
                  0.20    0.00    0.15 ^ clkbuf_0_clk/A (sky130_fd_sc_hd__clkbuf_16)
                  0.04    0.19    0.34 ^ clkbuf_0_clk/X (sky130_fd_sc_hd__clkbuf_16)
     2    0.02                           clknet_0_clk (net)
                  0.04    0.00    0.34 ^ clkbuf_1_0__f_clk/A (sky130_fd_sc_hd__clkbuf_16)
                  0.06    0.15    0.49 ^ clkbuf_1_0__f_clk/X (sky130_fd_sc_hd__clkbuf_16)
    14    0.04                           clknet_1_0__leaf_clk (net)
                  0.06    0.00    0.49 ^ _423_/CLK (sky130_fd_sc_hd__dfrtp_4)
                          0.25    0.74   clock uncertainty
                         -0.05    0.69   clock reconvergence pessimism
                         -0.03    0.66   library hold time
                                  0.66   data required time
-----------------------------------------------------------------------------
                                  0.66   data required time
                                 -1.19   data arrival time
-----------------------------------------------------------------------------
                                  0.53   slack (MET)


Startpoint: _422_ (rising edge-triggered flip-flop clocked by clk)
Endpoint: _422_ (rising edge-triggered flip-flop clocked by clk)
Path Group: clk
Path Type: min

Fanout     Cap    Slew   Delay    Time   Description
-----------------------------------------------------------------------------
                          0.00    0.00   clock clk (rise edge)
                          0.00    0.00   clock source latency
                  0.20    0.14    0.14 ^ clk (in)
     1    0.04                           clk (net)
                  0.20    0.00    0.14 ^ clkbuf_0_clk/A (sky130_fd_sc_hd__clkbuf_16)
                  0.04    0.17    0.30 ^ clkbuf_0_clk/X (sky130_fd_sc_hd__clkbuf_16)
     2    0.02                           clknet_0_clk (net)
                  0.04    0.00    0.30 ^ clkbuf_1_0__f_clk/A (sky130_fd_sc_hd__clkbuf_16)
                  0.06    0.14    0.44 ^ clkbuf_1_0__f_clk/X (sky130_fd_sc_hd__clkbuf_16)
    14    0.04                           clknet_1_0__leaf_clk (net)
                  0.06    0.00    0.44 ^ _422_/CLK (sky130_fd_sc_hd__dfrtp_4)
                  0.14    0.46    0.90 ^ _422_/Q (sky130_fd_sc_hd__dfrtp_4)
     5    0.04                           net14 (net)
                  0.14    0.00    0.90 ^ _214_/A (sky130_fd_sc_hd__and2_1)
                  0.09    0.17    1.07 ^ _214_/X (sky130_fd_sc_hd__and2_1)
     3    0.01                           _055_ (net)
                  0.09    0.00    1.07 ^ _280_/A (sky130_fd_sc_hd__or2_1)
                  0.05    0.11    1.18 ^ _280_/X (sky130_fd_sc_hd__or2_1)
     1    0.00                           _118_ (net)
                  0.05    0.00    1.18 ^ _281_/A (sky130_fd_sc_hd__clkbuf_1)
                  0.04    0.08    1.25 ^ _281_/X (sky130_fd_sc_hd__clkbuf_1)
     1    0.00                           _048_ (net)
                  0.04    0.00    1.25 ^ _422_/D (sky130_fd_sc_hd__dfrtp_4)
                                  1.25   data arrival time

                          0.00    0.00   clock clk (rise edge)
                          0.00    0.00   clock source latency
                  0.20    0.15    0.15 ^ clk (in)
     1    0.04                           clk (net)
                  0.20    0.00    0.15 ^ clkbuf_0_clk/A (sky130_fd_sc_hd__clkbuf_16)
                  0.04    0.19    0.34 ^ clkbuf_0_clk/X (sky130_fd_sc_hd__clkbuf_16)
     2    0.02                           clknet_0_clk (net)
                  0.04    0.00    0.34 ^ clkbuf_1_0__f_clk/A (sky130_fd_sc_hd__clkbuf_16)
                  0.06    0.15    0.49 ^ clkbuf_1_0__f_clk/X (sky130_fd_sc_hd__clkbuf_16)
    14    0.04                           clknet_1_0__leaf_clk (net)
                  0.06    0.00    0.49 ^ _422_/CLK (sky130_fd_sc_hd__dfrtp_4)
                          0.25    0.74   clock uncertainty
                         -0.05    0.69   clock reconvergence pessimism
                         -0.03    0.66   library hold time
                                  0.66   data required time
-----------------------------------------------------------------------------
                                  0.66   data required time
                                 -1.25   data arrival time
-----------------------------------------------------------------------------
                                  0.59   slack (MET)


Startpoint: _425_ (rising edge-triggered flip-flop clocked by clk)
Endpoint: _425_ (rising edge-triggered flip-flop clocked by clk)
Path Group: clk
Path Type: min

Fanout     Cap    Slew   Delay    Time   Description
-----------------------------------------------------------------------------
                          0.00    0.00   clock clk (rise edge)
                          0.00    0.00   clock source latency
                  0.20    0.14    0.14 ^ clk (in)
     1    0.04                           clk (net)
                  0.20    0.00    0.14 ^ clkbuf_0_clk/A (sky130_fd_sc_hd__clkbuf_16)
                  0.04    0.17    0.30 ^ clkbuf_0_clk/X (sky130_fd_sc_hd__clkbuf_16)
     2    0.02                           clknet_0_clk (net)
                  0.04    0.00    0.30 ^ clkbuf_1_0__f_clk/A (sky130_fd_sc_hd__clkbuf_16)
                  0.06    0.14    0.44 ^ clkbuf_1_0__f_clk/X (sky130_fd_sc_hd__clkbuf_16)
    14    0.04                           clknet_1_0__leaf_clk (net)
                  0.06    0.00    0.44 ^ _425_/CLK (sky130_fd_sc_hd__dfrtp_4)
                  0.12    0.44    0.88 ^ _425_/Q (sky130_fd_sc_hd__dfrtp_4)
     3    0.03                           net17 (net)
                  0.12    0.00    0.88 ^ _199_/A (sky130_fd_sc_hd__and2_1)
                  0.17    0.22    1.10 ^ _199_/X (sky130_fd_sc_hd__and2_1)
     7    0.02                           _185_ (net)
                  0.17    0.00    1.10 ^ _268_/A (sky130_fd_sc_hd__or2_1)
                  0.04    0.12    1.22 ^ _268_/X (sky130_fd_sc_hd__or2_1)
     1    0.00                           _109_ (net)
                  0.04    0.00    1.22 ^ _269_/A (sky130_fd_sc_hd__clkbuf_1)
                  0.04    0.08    1.30 ^ _269_/X (sky130_fd_sc_hd__clkbuf_1)
     1    0.00                           _051_ (net)
                  0.04    0.00    1.30 ^ _425_/D (sky130_fd_sc_hd__dfrtp_4)
                                  1.30   data arrival time

                          0.00    0.00   clock clk (rise edge)
                          0.00    0.00   clock source latency
                  0.20    0.15    0.15 ^ clk (in)
     1    0.04                           clk (net)
                  0.20    0.00    0.15 ^ clkbuf_0_clk/A (sky130_fd_sc_hd__clkbuf_16)
                  0.04    0.19    0.34 ^ clkbuf_0_clk/X (sky130_fd_sc_hd__clkbuf_16)
     2    0.02                           clknet_0_clk (net)
                  0.04    0.00    0.34 ^ clkbuf_1_0__f_clk/A (sky130_fd_sc_hd__clkbuf_16)
                  0.06    0.15    0.49 ^ clkbuf_1_0__f_clk/X (sky130_fd_sc_hd__clkbuf_16)
    14    0.04                           clknet_1_0__leaf_clk (net)
                  0.06    0.00    0.49 ^ _425_/CLK (sky130_fd_sc_hd__dfrtp_4)
                          0.25    0.74   clock uncertainty
                         -0.05    0.69   clock reconvergence pessimism
                         -0.03    0.66   library hold time
                                  0.66   data required time
-----------------------------------------------------------------------------
                                  0.66   data required time
                                 -1.30   data arrival time
-----------------------------------------------------------------------------
                                  0.64   slack (MET)


Startpoint: rst (input port clocked by clk)
Endpoint: _425_ (removal check against rising-edge clock clk)
Path Group: asynchronous
Path Type: min

Fanout     Cap    Slew   Delay    Time   Description
-----------------------------------------------------------------------------
                          0.00    0.00   clock clk (rise edge)
                          0.00    0.00   clock network delay (propagated)
                          4.00    4.00 v input external delay
                  0.01    0.00    4.00 v rst (in)
     1    0.00                           rst (net)
                  0.01    0.00    4.00 v input1/A (sky130_fd_sc_hd__buf_1)
                  0.07    0.10    4.11 v input1/X (sky130_fd_sc_hd__buf_1)
     1    0.01                           net1 (net)
                  0.07    0.00    4.11 v _367_/A (sky130_fd_sc_hd__buf_4)
                  0.08    0.19    4.30 v _367_/X (sky130_fd_sc_hd__buf_4)
    10    0.05                           _180_ (net)
                  0.08    0.00    4.30 v _397_/A (sky130_fd_sc_hd__inv_2)
                  0.03    0.05    4.35 ^ _397_/Y (sky130_fd_sc_hd__inv_2)
     1    0.00                           _027_ (net)
                  0.03    0.00    4.35 ^ _425_/RESET_B (sky130_fd_sc_hd__dfrtp_4)
                                  4.35   data arrival time

                          0.00    0.00   clock clk (rise edge)
                          0.00    0.00   clock source latency
                  0.20    0.15    0.15 ^ clk (in)
     1    0.04                           clk (net)
                  0.20    0.00    0.15 ^ clkbuf_0_clk/A (sky130_fd_sc_hd__clkbuf_16)
                  0.04    0.19    0.34 ^ clkbuf_0_clk/X (sky130_fd_sc_hd__clkbuf_16)
     2    0.02                           clknet_0_clk (net)
                  0.04    0.00    0.34 ^ clkbuf_1_0__f_clk/A (sky130_fd_sc_hd__clkbuf_16)
                  0.06    0.15    0.49 ^ clkbuf_1_0__f_clk/X (sky130_fd_sc_hd__clkbuf_16)
    14    0.04                           clknet_1_0__leaf_clk (net)
                  0.06    0.00    0.49 ^ _425_/CLK (sky130_fd_sc_hd__dfrtp_4)
                          0.25    0.74   clock uncertainty
                          0.00    0.74   clock reconvergence pessimism
                          0.32    1.06   library removal time
                                  1.06   data required time
-----------------------------------------------------------------------------
                                  1.06   data required time
                                 -4.35   data arrival time
-----------------------------------------------------------------------------
                                  3.29   slack (MET)


Startpoint: rst (input port clocked by clk)
Endpoint: _422_ (removal check against rising-edge clock clk)
Path Group: asynchronous
Path Type: min

Fanout     Cap    Slew   Delay    Time   Description
-----------------------------------------------------------------------------
                          0.00    0.00   clock clk (rise edge)
                          0.00    0.00   clock network delay (propagated)
                          4.00    4.00 v input external delay
                  0.01    0.00    4.00 v rst (in)
     1    0.00                           rst (net)
                  0.01    0.00    4.00 v input1/A (sky130_fd_sc_hd__buf_1)
                  0.07    0.10    4.11 v input1/X (sky130_fd_sc_hd__buf_1)
     1    0.01                           net1 (net)
                  0.07    0.00    4.11 v _367_/A (sky130_fd_sc_hd__buf_4)
                  0.08    0.19    4.30 v _367_/X (sky130_fd_sc_hd__buf_4)
    10    0.05                           _180_ (net)
                  0.08    0.00    4.30 v _394_/A (sky130_fd_sc_hd__inv_2)
                  0.03    0.05    4.35 ^ _394_/Y (sky130_fd_sc_hd__inv_2)
     1    0.00                           _024_ (net)
                  0.03    0.00    4.35 ^ _422_/RESET_B (sky130_fd_sc_hd__dfrtp_4)
                                  4.35   data arrival time

                          0.00    0.00   clock clk (rise edge)
                          0.00    0.00   clock source latency
                  0.20    0.15    0.15 ^ clk (in)
     1    0.04                           clk (net)
                  0.20    0.00    0.15 ^ clkbuf_0_clk/A (sky130_fd_sc_hd__clkbuf_16)
                  0.04    0.19    0.34 ^ clkbuf_0_clk/X (sky130_fd_sc_hd__clkbuf_16)
     2    0.02                           clknet_0_clk (net)
                  0.04    0.00    0.34 ^ clkbuf_1_0__f_clk/A (sky130_fd_sc_hd__clkbuf_16)
                  0.06    0.15    0.49 ^ clkbuf_1_0__f_clk/X (sky130_fd_sc_hd__clkbuf_16)
    14    0.04                           clknet_1_0__leaf_clk (net)
                  0.06    0.00    0.49 ^ _422_/CLK (sky130_fd_sc_hd__dfrtp_4)
                          0.25    0.74   clock uncertainty
                          0.00    0.74   clock reconvergence pessimism
                          0.32    1.06   library removal time
                                  1.06   data required time
-----------------------------------------------------------------------------
                                  1.06   data required time
                                 -4.35   data arrival time
-----------------------------------------------------------------------------
                                  3.29   slack (MET)


Startpoint: rst (input port clocked by clk)
Endpoint: _424_ (removal check against rising-edge clock clk)
Path Group: asynchronous
Path Type: min

Fanout     Cap    Slew   Delay    Time   Description
-----------------------------------------------------------------------------
                          0.00    0.00   clock clk (rise edge)
                          0.00    0.00   clock network delay (propagated)
                          4.00    4.00 v input external delay
                  0.01    0.00    4.00 v rst (in)
     1    0.00                           rst (net)
                  0.01    0.00    4.00 v input1/A (sky130_fd_sc_hd__buf_1)
                  0.07    0.10    4.11 v input1/X (sky130_fd_sc_hd__buf_1)
     1    0.01                           net1 (net)
                  0.07    0.00    4.11 v _367_/A (sky130_fd_sc_hd__buf_4)
                  0.08    0.19    4.30 v _367_/X (sky130_fd_sc_hd__buf_4)
    10    0.05                           _180_ (net)
                  0.08    0.00    4.30 v _396_/A (sky130_fd_sc_hd__inv_2)
                  0.03    0.05    4.35 ^ _396_/Y (sky130_fd_sc_hd__inv_2)
     1    0.00                           _026_ (net)
                  0.03    0.00    4.35 ^ _424_/RESET_B (sky130_fd_sc_hd__dfrtp_4)
                                  4.35   data arrival time

                          0.00    0.00   clock clk (rise edge)
                          0.00    0.00   clock source latency
                  0.20    0.15    0.15 ^ clk (in)
     1    0.04                           clk (net)
                  0.20    0.00    0.15 ^ clkbuf_0_clk/A (sky130_fd_sc_hd__clkbuf_16)
                  0.04    0.19    0.34 ^ clkbuf_0_clk/X (sky130_fd_sc_hd__clkbuf_16)
     2    0.02                           clknet_0_clk (net)
                  0.04    0.00    0.34 ^ clkbuf_1_0__f_clk/A (sky130_fd_sc_hd__clkbuf_16)
                  0.06    0.15    0.49 ^ clkbuf_1_0__f_clk/X (sky130_fd_sc_hd__clkbuf_16)
    14    0.04                           clknet_1_0__leaf_clk (net)
                  0.06    0.00    0.49 ^ _424_/CLK (sky130_fd_sc_hd__dfrtp_4)
                          0.25    0.74   clock uncertainty
                          0.00    0.74   clock reconvergence pessimism
                          0.32    1.06   library removal time
                                  1.06   data required time
-----------------------------------------------------------------------------
                                  1.06   data required time
                                 -4.35   data arrival time
-----------------------------------------------------------------------------
                                  3.29   slack (MET)


Startpoint: rst (input port clocked by clk)
Endpoint: _420_ (removal check against rising-edge clock clk)
Path Group: asynchronous
Path Type: min

Fanout     Cap    Slew   Delay    Time   Description
-----------------------------------------------------------------------------
                          0.00    0.00   clock clk (rise edge)
                          0.00    0.00   clock network delay (propagated)
                          4.00    4.00 v input external delay
                  0.01    0.00    4.00 v rst (in)
     1    0.00                           rst (net)
                  0.01    0.00    4.00 v input1/A (sky130_fd_sc_hd__buf_1)
                  0.07    0.10    4.11 v input1/X (sky130_fd_sc_hd__buf_1)
     1    0.01                           net1 (net)
                  0.07    0.00    4.11 v _367_/A (sky130_fd_sc_hd__buf_4)
                  0.08    0.19    4.30 v _367_/X (sky130_fd_sc_hd__buf_4)
    10    0.05                           _180_ (net)
                  0.08    0.00    4.30 v _392_/A (sky130_fd_sc_hd__inv_2)
                  0.03    0.05    4.35 ^ _392_/Y (sky130_fd_sc_hd__inv_2)
     1    0.00                           _022_ (net)
                  0.03    0.00    4.35 ^ _420_/RESET_B (sky130_fd_sc_hd__dfrtp_4)
                                  4.35   data arrival time

                          0.00    0.00   clock clk (rise edge)
                          0.00    0.00   clock source latency
                  0.20    0.15    0.15 ^ clk (in)
     1    0.04                           clk (net)
                  0.20    0.00    0.15 ^ clkbuf_0_clk/A (sky130_fd_sc_hd__clkbuf_16)
                  0.04    0.19    0.34 ^ clkbuf_0_clk/X (sky130_fd_sc_hd__clkbuf_16)
     2    0.02                           clknet_0_clk (net)
                  0.04    0.00    0.34 ^ clkbuf_1_1__f_clk/A (sky130_fd_sc_hd__clkbuf_16)
                  0.06    0.15    0.49 ^ clkbuf_1_1__f_clk/X (sky130_fd_sc_hd__clkbuf_16)
    14    0.04                           clknet_1_1__leaf_clk (net)
                  0.06    0.00    0.49 ^ _420_/CLK (sky130_fd_sc_hd__dfrtp_4)
                          0.25    0.74   clock uncertainty
                          0.00    0.74   clock reconvergence pessimism
                          0.32    1.06   library removal time
                                  1.06   data required time
-----------------------------------------------------------------------------
                                  1.06   data required time
                                 -4.35   data arrival time
-----------------------------------------------------------------------------
                                  3.29   slack (MET)


Startpoint: rst (input port clocked by clk)
Endpoint: _419_ (removal check against rising-edge clock clk)
Path Group: asynchronous
Path Type: min

Fanout     Cap    Slew   Delay    Time   Description
-----------------------------------------------------------------------------
                          0.00    0.00   clock clk (rise edge)
                          0.00    0.00   clock network delay (propagated)
                          4.00    4.00 v input external delay
                  0.01    0.00    4.00 v rst (in)
     1    0.00                           rst (net)
                  0.01    0.00    4.00 v input1/A (sky130_fd_sc_hd__buf_1)
                  0.07    0.10    4.11 v input1/X (sky130_fd_sc_hd__buf_1)
     1    0.01                           net1 (net)
                  0.07    0.00    4.11 v _367_/A (sky130_fd_sc_hd__buf_4)
                  0.08    0.19    4.30 v _367_/X (sky130_fd_sc_hd__buf_4)
    10    0.05                           _180_ (net)
                  0.08    0.00    4.30 v _391_/A (sky130_fd_sc_hd__inv_2)
                  0.03    0.05    4.35 ^ _391_/Y (sky130_fd_sc_hd__inv_2)
     1    0.00                           _021_ (net)
                  0.03    0.00    4.35 ^ _419_/RESET_B (sky130_fd_sc_hd__dfrtp_4)
                                  4.35   data arrival time

                          0.00    0.00   clock clk (rise edge)
                          0.00    0.00   clock source latency
                  0.20    0.15    0.15 ^ clk (in)
     1    0.04                           clk (net)
                  0.20    0.00    0.15 ^ clkbuf_0_clk/A (sky130_fd_sc_hd__clkbuf_16)
                  0.04    0.19    0.34 ^ clkbuf_0_clk/X (sky130_fd_sc_hd__clkbuf_16)
     2    0.02                           clknet_0_clk (net)
                  0.04    0.00    0.34 ^ clkbuf_1_1__f_clk/A (sky130_fd_sc_hd__clkbuf_16)
                  0.06    0.15    0.49 ^ clkbuf_1_1__f_clk/X (sky130_fd_sc_hd__clkbuf_16)
    14    0.04                           clknet_1_1__leaf_clk (net)
                  0.06    0.00    0.49 ^ _419_/CLK (sky130_fd_sc_hd__dfrtp_4)
                          0.25    0.74   clock uncertainty
                          0.00    0.74   clock reconvergence pessimism
                          0.32    1.06   library removal time
                                  1.06   data required time
-----------------------------------------------------------------------------
                                  1.06   data required time
                                 -4.35   data arrival time
-----------------------------------------------------------------------------
                                  3.29   slack (MET)


Startpoint: rst (input port clocked by clk)
Endpoint: _418_ (removal check against rising-edge clock clk)
Path Group: asynchronous
Path Type: min

Fanout     Cap    Slew   Delay    Time   Description
-----------------------------------------------------------------------------
                          0.00    0.00   clock clk (rise edge)
                          0.00    0.00   clock network delay (propagated)
                          4.00    4.00 v input external delay
                  0.01    0.00    4.00 v rst (in)
     1    0.00                           rst (net)
                  0.01    0.00    4.00 v input1/A (sky130_fd_sc_hd__buf_1)
                  0.07    0.10    4.11 v input1/X (sky130_fd_sc_hd__buf_1)
     1    0.01                           net1 (net)
                  0.07    0.00    4.11 v _367_/A (sky130_fd_sc_hd__buf_4)
                  0.08    0.19    4.30 v _367_/X (sky130_fd_sc_hd__buf_4)
    10    0.05                           _180_ (net)
                  0.08    0.00    4.30 v _390_/A (sky130_fd_sc_hd__inv_2)
                  0.03    0.05    4.35 ^ _390_/Y (sky130_fd_sc_hd__inv_2)
     1    0.00                           _020_ (net)
                  0.03    0.00    4.35 ^ _418_/RESET_B (sky130_fd_sc_hd__dfrtp_4)
                                  4.35   data arrival time

                          0.00    0.00   clock clk (rise edge)
                          0.00    0.00   clock source latency
                  0.20    0.15    0.15 ^ clk (in)
     1    0.04                           clk (net)
                  0.20    0.00    0.15 ^ clkbuf_0_clk/A (sky130_fd_sc_hd__clkbuf_16)
                  0.04    0.19    0.34 ^ clkbuf_0_clk/X (sky130_fd_sc_hd__clkbuf_16)
     2    0.02                           clknet_0_clk (net)
                  0.04    0.00    0.34 ^ clkbuf_1_1__f_clk/A (sky130_fd_sc_hd__clkbuf_16)
                  0.06    0.15    0.49 ^ clkbuf_1_1__f_clk/X (sky130_fd_sc_hd__clkbuf_16)
    14    0.04                           clknet_1_1__leaf_clk (net)
                  0.06    0.00    0.49 ^ _418_/CLK (sky130_fd_sc_hd__dfrtp_4)
                          0.25    0.74   clock uncertainty
                          0.00    0.74   clock reconvergence pessimism
                          0.32    1.06   library removal time
                                  1.06   data required time
-----------------------------------------------------------------------------
                                  1.06   data required time
                                 -4.35   data arrival time
-----------------------------------------------------------------------------
                                  3.29   slack (MET)


Startpoint: rst (input port clocked by clk)
Endpoint: _421_ (removal check against rising-edge clock clk)
Path Group: asynchronous
Path Type: min

Fanout     Cap    Slew   Delay    Time   Description
-----------------------------------------------------------------------------
                          0.00    0.00   clock clk (rise edge)
                          0.00    0.00   clock network delay (propagated)
                          4.00    4.00 v input external delay
                  0.01    0.00    4.00 v rst (in)
     1    0.00                           rst (net)
                  0.01    0.00    4.00 v input1/A (sky130_fd_sc_hd__buf_1)
                  0.07    0.10    4.11 v input1/X (sky130_fd_sc_hd__buf_1)
     1    0.01                           net1 (net)
                  0.07    0.00    4.11 v _367_/A (sky130_fd_sc_hd__buf_4)
                  0.08    0.19    4.30 v _367_/X (sky130_fd_sc_hd__buf_4)
    10    0.05                           _180_ (net)
                  0.08    0.00    4.30 v _393_/A (sky130_fd_sc_hd__inv_2)
                  0.03    0.05    4.35 ^ _393_/Y (sky130_fd_sc_hd__inv_2)
     1    0.00                           _023_ (net)
                  0.03    0.00    4.35 ^ _421_/RESET_B (sky130_fd_sc_hd__dfrtp_4)
                                  4.35   data arrival time

                          0.00    0.00   clock clk (rise edge)
                          0.00    0.00   clock source latency
                  0.20    0.15    0.15 ^ clk (in)
     1    0.04                           clk (net)
                  0.20    0.00    0.15 ^ clkbuf_0_clk/A (sky130_fd_sc_hd__clkbuf_16)
                  0.04    0.19    0.34 ^ clkbuf_0_clk/X (sky130_fd_sc_hd__clkbuf_16)
     2    0.02                           clknet_0_clk (net)
                  0.04    0.00    0.34 ^ clkbuf_1_1__f_clk/A (sky130_fd_sc_hd__clkbuf_16)
                  0.06    0.15    0.49 ^ clkbuf_1_1__f_clk/X (sky130_fd_sc_hd__clkbuf_16)
    14    0.04                           clknet_1_1__leaf_clk (net)
                  0.06    0.00    0.49 ^ _421_/CLK (sky130_fd_sc_hd__dfrtp_4)
                          0.25    0.74   clock uncertainty
                          0.00    0.74   clock reconvergence pessimism
                          0.32    1.06   library removal time
                                  1.06   data required time
-----------------------------------------------------------------------------
                                  1.06   data required time
                                 -4.35   data arrival time
-----------------------------------------------------------------------------
                                  3.29   slack (MET)


Startpoint: rst (input port clocked by clk)
Endpoint: _423_ (removal check against rising-edge clock clk)
Path Group: asynchronous
Path Type: min

Fanout     Cap    Slew   Delay    Time   Description
-----------------------------------------------------------------------------
                          0.00    0.00   clock clk (rise edge)
                          0.00    0.00   clock network delay (propagated)
                          4.00    4.00 v input external delay
                  0.01    0.00    4.00 v rst (in)
     1    0.00                           rst (net)
                  0.01    0.00    4.00 v input1/A (sky130_fd_sc_hd__buf_1)
                  0.07    0.10    4.11 v input1/X (sky130_fd_sc_hd__buf_1)
     1    0.01                           net1 (net)
                  0.07    0.00    4.11 v _367_/A (sky130_fd_sc_hd__buf_4)
                  0.08    0.19    4.30 v _367_/X (sky130_fd_sc_hd__buf_4)
    10    0.05                           _180_ (net)
                  0.08    0.00    4.30 v _395_/A (sky130_fd_sc_hd__inv_2)
                  0.04    0.06    4.36 ^ _395_/Y (sky130_fd_sc_hd__inv_2)
     1    0.01                           _025_ (net)
                  0.04    0.00    4.36 ^ _423_/RESET_B (sky130_fd_sc_hd__dfrtp_4)
                                  4.36   data arrival time

                          0.00    0.00   clock clk (rise edge)
                          0.00    0.00   clock source latency
                  0.20    0.15    0.15 ^ clk (in)
     1    0.04                           clk (net)
                  0.20    0.00    0.15 ^ clkbuf_0_clk/A (sky130_fd_sc_hd__clkbuf_16)
                  0.04    0.19    0.34 ^ clkbuf_0_clk/X (sky130_fd_sc_hd__clkbuf_16)
     2    0.02                           clknet_0_clk (net)
                  0.04    0.00    0.34 ^ clkbuf_1_0__f_clk/A (sky130_fd_sc_hd__clkbuf_16)
                  0.06    0.15    0.49 ^ clkbuf_1_0__f_clk/X (sky130_fd_sc_hd__clkbuf_16)
    14    0.04                           clknet_1_0__leaf_clk (net)
                  0.06    0.00    0.49 ^ _423_/CLK (sky130_fd_sc_hd__dfrtp_4)
                          0.25    0.74   clock uncertainty
                          0.00    0.74   clock reconvergence pessimism
                          0.32    1.06   library removal time
                                  1.06   data required time
-----------------------------------------------------------------------------
                                  1.06   data required time
                                 -4.36   data arrival time
-----------------------------------------------------------------------------
                                  3.30   slack (MET)


Startpoint: rst (input port clocked by clk)
Endpoint: _416_ (removal check against rising-edge clock clk)
Path Group: asynchronous
Path Type: min

Fanout     Cap    Slew   Delay    Time   Description
-----------------------------------------------------------------------------
                          0.00    0.00   clock clk (rise edge)
                          0.00    0.00   clock network delay (propagated)
                          4.00    4.00 v input external delay
                  0.01    0.00    4.00 v rst (in)
     1    0.00                           rst (net)
                  0.01    0.00    4.00 v input1/A (sky130_fd_sc_hd__buf_1)
                  0.07    0.10    4.11 v input1/X (sky130_fd_sc_hd__buf_1)
     1    0.01                           net1 (net)
                  0.07    0.00    4.11 v _367_/A (sky130_fd_sc_hd__buf_4)
                  0.08    0.19    4.30 v _367_/X (sky130_fd_sc_hd__buf_4)
    10    0.05                           _180_ (net)
                  0.08    0.00    4.30 v _379_/A (sky130_fd_sc_hd__buf_4)
                  0.08    0.20    4.49 v _379_/X (sky130_fd_sc_hd__buf_4)
    10    0.06                           _182_ (net)
                  0.08    0.00    4.49 v _388_/A (sky130_fd_sc_hd__inv_2)
                  0.03    0.05    4.55 ^ _388_/Y (sky130_fd_sc_hd__inv_2)
     1    0.00                           _018_ (net)
                  0.03    0.00    4.55 ^ _416_/RESET_B (sky130_fd_sc_hd__dfrtp_4)
                                  4.55   data arrival time

                          0.00    0.00   clock clk (rise edge)
                          0.00    0.00   clock source latency
                  0.20    0.15    0.15 ^ clk (in)
     1    0.04                           clk (net)
                  0.20    0.00    0.15 ^ clkbuf_0_clk/A (sky130_fd_sc_hd__clkbuf_16)
                  0.04    0.19    0.34 ^ clkbuf_0_clk/X (sky130_fd_sc_hd__clkbuf_16)
     2    0.02                           clknet_0_clk (net)
                  0.04    0.00    0.34 ^ clkbuf_1_0__f_clk/A (sky130_fd_sc_hd__clkbuf_16)
                  0.06    0.15    0.49 ^ clkbuf_1_0__f_clk/X (sky130_fd_sc_hd__clkbuf_16)
    14    0.04                           clknet_1_0__leaf_clk (net)
                  0.06    0.00    0.49 ^ _416_/CLK (sky130_fd_sc_hd__dfrtp_4)
                          0.25    0.74   clock uncertainty
                          0.00    0.74   clock reconvergence pessimism
                          0.32    1.06   library removal time
                                  1.06   data required time
-----------------------------------------------------------------------------
                                  1.06   data required time
                                 -4.55   data arrival time
-----------------------------------------------------------------------------
                                  3.49   slack (MET)


Startpoint: rst (input port clocked by clk)
Endpoint: _408_ (removal check against rising-edge clock clk)
Path Group: asynchronous
Path Type: min

Fanout     Cap    Slew   Delay    Time   Description
-----------------------------------------------------------------------------
                          0.00    0.00   clock clk (rise edge)
                          0.00    0.00   clock network delay (propagated)
                          4.00    4.00 v input external delay
                  0.01    0.00    4.00 v rst (in)
     1    0.00                           rst (net)
                  0.01    0.00    4.00 v input1/A (sky130_fd_sc_hd__buf_1)
                  0.07    0.10    4.11 v input1/X (sky130_fd_sc_hd__buf_1)
     1    0.01                           net1 (net)
                  0.07    0.00    4.11 v _367_/A (sky130_fd_sc_hd__buf_4)
                  0.08    0.19    4.30 v _367_/X (sky130_fd_sc_hd__buf_4)
    10    0.05                           _180_ (net)
                  0.08    0.00    4.30 v _379_/A (sky130_fd_sc_hd__buf_4)
                  0.08    0.20    4.49 v _379_/X (sky130_fd_sc_hd__buf_4)
    10    0.06                           _182_ (net)
                  0.08    0.00    4.49 v _380_/A (sky130_fd_sc_hd__inv_2)
                  0.03    0.06    4.55 ^ _380_/Y (sky130_fd_sc_hd__inv_2)
     1    0.00                           _010_ (net)
                  0.03    0.00    4.55 ^ _408_/RESET_B (sky130_fd_sc_hd__dfrtp_4)
                                  4.55   data arrival time

                          0.00    0.00   clock clk (rise edge)
                          0.00    0.00   clock source latency
                  0.20    0.15    0.15 ^ clk (in)
     1    0.04                           clk (net)
                  0.20    0.00    0.15 ^ clkbuf_0_clk/A (sky130_fd_sc_hd__clkbuf_16)
                  0.04    0.19    0.34 ^ clkbuf_0_clk/X (sky130_fd_sc_hd__clkbuf_16)
     2    0.02                           clknet_0_clk (net)
                  0.04    0.00    0.34 ^ clkbuf_1_0__f_clk/A (sky130_fd_sc_hd__clkbuf_16)
                  0.06    0.15    0.49 ^ clkbuf_1_0__f_clk/X (sky130_fd_sc_hd__clkbuf_16)
    14    0.04                           clknet_1_0__leaf_clk (net)
                  0.06    0.00    0.49 ^ _408_/CLK (sky130_fd_sc_hd__dfrtp_4)
                          0.25    0.74   clock uncertainty
                          0.00    0.74   clock reconvergence pessimism
                          0.32    1.06   library removal time
                                  1.06   data required time
-----------------------------------------------------------------------------
                                  1.06   data required time
                                 -4.55   data arrival time
-----------------------------------------------------------------------------
                                  3.49   slack (MET)


Startpoint: rst (input port clocked by clk)
Endpoint: _415_ (removal check against rising-edge clock clk)
Path Group: asynchronous
Path Type: min

Fanout     Cap    Slew   Delay    Time   Description
-----------------------------------------------------------------------------
                          0.00    0.00   clock clk (rise edge)
                          0.00    0.00   clock network delay (propagated)
                          4.00    4.00 v input external delay
                  0.01    0.00    4.00 v rst (in)
     1    0.00                           rst (net)
                  0.01    0.00    4.00 v input1/A (sky130_fd_sc_hd__buf_1)
                  0.07    0.10    4.11 v input1/X (sky130_fd_sc_hd__buf_1)
     1    0.01                           net1 (net)
                  0.07    0.00    4.11 v _367_/A (sky130_fd_sc_hd__buf_4)
                  0.08    0.19    4.30 v _367_/X (sky130_fd_sc_hd__buf_4)
    10    0.05                           _180_ (net)
                  0.08    0.00    4.30 v _379_/A (sky130_fd_sc_hd__buf_4)
                  0.08    0.20    4.49 v _379_/X (sky130_fd_sc_hd__buf_4)
    10    0.06                           _182_ (net)
                  0.08    0.00    4.49 v _387_/A (sky130_fd_sc_hd__inv_2)
                  0.03    0.05    4.55 ^ _387_/Y (sky130_fd_sc_hd__inv_2)
     1    0.00                           _017_ (net)
                  0.03    0.00    4.55 ^ _415_/RESET_B (sky130_fd_sc_hd__dfrtp_4)
                                  4.55   data arrival time

                          0.00    0.00   clock clk (rise edge)
                          0.00    0.00   clock source latency
                  0.20    0.15    0.15 ^ clk (in)
     1    0.04                           clk (net)
                  0.20    0.00    0.15 ^ clkbuf_0_clk/A (sky130_fd_sc_hd__clkbuf_16)
                  0.04    0.19    0.34 ^ clkbuf_0_clk/X (sky130_fd_sc_hd__clkbuf_16)
     2    0.02                           clknet_0_clk (net)
                  0.04    0.00    0.34 ^ clkbuf_1_0__f_clk/A (sky130_fd_sc_hd__clkbuf_16)
                  0.06    0.15    0.49 ^ clkbuf_1_0__f_clk/X (sky130_fd_sc_hd__clkbuf_16)
    14    0.04                           clknet_1_0__leaf_clk (net)
                  0.06    0.00    0.49 ^ _415_/CLK (sky130_fd_sc_hd__dfrtp_4)
                          0.25    0.74   clock uncertainty
                          0.00    0.74   clock reconvergence pessimism
                          0.32    1.06   library removal time
                                  1.06   data required time
-----------------------------------------------------------------------------
                                  1.06   data required time
                                 -4.55   data arrival time
-----------------------------------------------------------------------------
                                  3.49   slack (MET)


Startpoint: rst (input port clocked by clk)
Endpoint: _417_ (removal check against rising-edge clock clk)
Path Group: asynchronous
Path Type: min

Fanout     Cap    Slew   Delay    Time   Description
-----------------------------------------------------------------------------
                          0.00    0.00   clock clk (rise edge)
                          0.00    0.00   clock network delay (propagated)
                          4.00    4.00 v input external delay
                  0.01    0.00    4.00 v rst (in)
     1    0.00                           rst (net)
                  0.01    0.00    4.00 v input1/A (sky130_fd_sc_hd__buf_1)
                  0.07    0.10    4.11 v input1/X (sky130_fd_sc_hd__buf_1)
     1    0.01                           net1 (net)
                  0.07    0.00    4.11 v _367_/A (sky130_fd_sc_hd__buf_4)
                  0.08    0.19    4.30 v _367_/X (sky130_fd_sc_hd__buf_4)
    10    0.05                           _180_ (net)
                  0.08    0.00    4.30 v _379_/A (sky130_fd_sc_hd__buf_4)
                  0.08    0.20    4.49 v _379_/X (sky130_fd_sc_hd__buf_4)
    10    0.06                           _182_ (net)
                  0.08    0.00    4.49 v _389_/A (sky130_fd_sc_hd__inv_2)
                  0.03    0.05    4.55 ^ _389_/Y (sky130_fd_sc_hd__inv_2)
     1    0.00                           _019_ (net)
                  0.03    0.00    4.55 ^ _417_/RESET_B (sky130_fd_sc_hd__dfrtp_4)
                                  4.55   data arrival time

                          0.00    0.00   clock clk (rise edge)
                          0.00    0.00   clock source latency
                  0.20    0.15    0.15 ^ clk (in)
     1    0.04                           clk (net)
                  0.20    0.00    0.15 ^ clkbuf_0_clk/A (sky130_fd_sc_hd__clkbuf_16)
                  0.04    0.19    0.34 ^ clkbuf_0_clk/X (sky130_fd_sc_hd__clkbuf_16)
     2    0.02                           clknet_0_clk (net)
                  0.04    0.00    0.34 ^ clkbuf_1_0__f_clk/A (sky130_fd_sc_hd__clkbuf_16)
                  0.06    0.15    0.49 ^ clkbuf_1_0__f_clk/X (sky130_fd_sc_hd__clkbuf_16)
    14    0.04                           clknet_1_0__leaf_clk (net)
                  0.06    0.00    0.49 ^ _417_/CLK (sky130_fd_sc_hd__dfrtp_4)
                          0.25    0.74   clock uncertainty
                          0.00    0.74   clock reconvergence pessimism
                          0.32    1.06   library removal time
                                  1.06   data required time
-----------------------------------------------------------------------------
                                  1.06   data required time
                                 -4.55   data arrival time
-----------------------------------------------------------------------------
                                  3.49   slack (MET)


Startpoint: rst (input port clocked by clk)
Endpoint: _402_ (removal check against rising-edge clock clk)
Path Group: asynchronous
Path Type: min

Fanout     Cap    Slew   Delay    Time   Description
-----------------------------------------------------------------------------
                          0.00    0.00   clock clk (rise edge)
                          0.00    0.00   clock network delay (propagated)
                          4.00    4.00 v input external delay
                  0.01    0.00    4.00 v rst (in)
     1    0.00                           rst (net)
                  0.01    0.00    4.00 v input1/A (sky130_fd_sc_hd__buf_1)
                  0.07    0.10    4.11 v input1/X (sky130_fd_sc_hd__buf_1)
     1    0.01                           net1 (net)
                  0.07    0.00    4.11 v _367_/A (sky130_fd_sc_hd__buf_4)
                  0.08    0.19    4.30 v _367_/X (sky130_fd_sc_hd__buf_4)
    10    0.05                           _180_ (net)
                  0.08    0.00    4.30 v _368_/A (sky130_fd_sc_hd__buf_4)
                  0.08    0.20    4.49 v _368_/X (sky130_fd_sc_hd__buf_4)
    10    0.06                           _181_ (net)
                  0.08    0.00    4.49 v _373_/A (sky130_fd_sc_hd__inv_2)
                  0.03    0.06    4.55 ^ _373_/Y (sky130_fd_sc_hd__inv_2)
     1    0.00                           _004_ (net)
                  0.03    0.00    4.55 ^ _402_/RESET_B (sky130_fd_sc_hd__dfrtp_4)
                                  4.55   data arrival time

                          0.00    0.00   clock clk (rise edge)
                          0.00    0.00   clock source latency
                  0.20    0.15    0.15 ^ clk (in)
     1    0.04                           clk (net)
                  0.20    0.00    0.15 ^ clkbuf_0_clk/A (sky130_fd_sc_hd__clkbuf_16)
                  0.04    0.19    0.34 ^ clkbuf_0_clk/X (sky130_fd_sc_hd__clkbuf_16)
     2    0.02                           clknet_0_clk (net)
                  0.04    0.00    0.34 ^ clkbuf_1_1__f_clk/A (sky130_fd_sc_hd__clkbuf_16)
                  0.06    0.15    0.49 ^ clkbuf_1_1__f_clk/X (sky130_fd_sc_hd__clkbuf_16)
    14    0.04                           clknet_1_1__leaf_clk (net)
                  0.06    0.00    0.49 ^ _402_/CLK (sky130_fd_sc_hd__dfrtp_4)
                          0.25    0.74   clock uncertainty
                          0.00    0.74   clock reconvergence pessimism
                          0.32    1.06   library removal time
                                  1.06   data required time
-----------------------------------------------------------------------------
                                  1.06   data required time
                                 -4.55   data arrival time
-----------------------------------------------------------------------------
                                  3.49   slack (MET)


Startpoint: rst (input port clocked by clk)
Endpoint: _409_ (removal check against rising-edge clock clk)
Path Group: asynchronous
Path Type: min

Fanout     Cap    Slew   Delay    Time   Description
-----------------------------------------------------------------------------
                          0.00    0.00   clock clk (rise edge)
                          0.00    0.00   clock network delay (propagated)
                          4.00    4.00 v input external delay
                  0.01    0.00    4.00 v rst (in)
     1    0.00                           rst (net)
                  0.01    0.00    4.00 v input1/A (sky130_fd_sc_hd__buf_1)
                  0.07    0.10    4.11 v input1/X (sky130_fd_sc_hd__buf_1)
     1    0.01                           net1 (net)
                  0.07    0.00    4.11 v _367_/A (sky130_fd_sc_hd__buf_4)
                  0.08    0.19    4.30 v _367_/X (sky130_fd_sc_hd__buf_4)
    10    0.05                           _180_ (net)
                  0.08    0.00    4.30 v _379_/A (sky130_fd_sc_hd__buf_4)
                  0.08    0.20    4.49 v _379_/X (sky130_fd_sc_hd__buf_4)
    10    0.06                           _182_ (net)
                  0.08    0.00    4.49 v _381_/A (sky130_fd_sc_hd__inv_2)
                  0.03    0.06    4.55 ^ _381_/Y (sky130_fd_sc_hd__inv_2)
     1    0.00                           _011_ (net)
                  0.03    0.00    4.55 ^ _409_/RESET_B (sky130_fd_sc_hd__dfrtp_4)
                                  4.55   data arrival time

                          0.00    0.00   clock clk (rise edge)
                          0.00    0.00   clock source latency
                  0.20    0.15    0.15 ^ clk (in)
     1    0.04                           clk (net)
                  0.20    0.00    0.15 ^ clkbuf_0_clk/A (sky130_fd_sc_hd__clkbuf_16)
                  0.04    0.19    0.34 ^ clkbuf_0_clk/X (sky130_fd_sc_hd__clkbuf_16)
     2    0.02                           clknet_0_clk (net)
                  0.04    0.00    0.34 ^ clkbuf_1_0__f_clk/A (sky130_fd_sc_hd__clkbuf_16)
                  0.06    0.15    0.49 ^ clkbuf_1_0__f_clk/X (sky130_fd_sc_hd__clkbuf_16)
    14    0.04                           clknet_1_0__leaf_clk (net)
                  0.06    0.00    0.49 ^ _409_/CLK (sky130_fd_sc_hd__dfrtp_4)
                          0.25    0.74   clock uncertainty
                          0.00    0.74   clock reconvergence pessimism
                          0.32    1.06   library removal time
                                  1.06   data required time
-----------------------------------------------------------------------------
                                  1.06   data required time
                                 -4.55   data arrival time
-----------------------------------------------------------------------------
                                  3.49   slack (MET)


Startpoint: rst (input port clocked by clk)
Endpoint: _403_ (removal check against rising-edge clock clk)
Path Group: asynchronous
Path Type: min

Fanout     Cap    Slew   Delay    Time   Description
-----------------------------------------------------------------------------
                          0.00    0.00   clock clk (rise edge)
                          0.00    0.00   clock network delay (propagated)
                          4.00    4.00 v input external delay
                  0.01    0.00    4.00 v rst (in)
     1    0.00                           rst (net)
                  0.01    0.00    4.00 v input1/A (sky130_fd_sc_hd__buf_1)
                  0.07    0.10    4.11 v input1/X (sky130_fd_sc_hd__buf_1)
     1    0.01                           net1 (net)
                  0.07    0.00    4.11 v _367_/A (sky130_fd_sc_hd__buf_4)
                  0.08    0.19    4.30 v _367_/X (sky130_fd_sc_hd__buf_4)
    10    0.05                           _180_ (net)
                  0.08    0.00    4.30 v _368_/A (sky130_fd_sc_hd__buf_4)
                  0.08    0.20    4.49 v _368_/X (sky130_fd_sc_hd__buf_4)
    10    0.06                           _181_ (net)
                  0.08    0.00    4.50 v _374_/A (sky130_fd_sc_hd__inv_2)
                  0.03    0.05    4.55 ^ _374_/Y (sky130_fd_sc_hd__inv_2)
     1    0.00                           _005_ (net)
                  0.03    0.00    4.55 ^ _403_/RESET_B (sky130_fd_sc_hd__dfrtp_4)
                                  4.55   data arrival time

                          0.00    0.00   clock clk (rise edge)
                          0.00    0.00   clock source latency
                  0.20    0.15    0.15 ^ clk (in)
     1    0.04                           clk (net)
                  0.20    0.00    0.15 ^ clkbuf_0_clk/A (sky130_fd_sc_hd__clkbuf_16)
                  0.04    0.19    0.34 ^ clkbuf_0_clk/X (sky130_fd_sc_hd__clkbuf_16)
     2    0.02                           clknet_0_clk (net)
                  0.04    0.00    0.34 ^ clkbuf_1_1__f_clk/A (sky130_fd_sc_hd__clkbuf_16)
                  0.06    0.15    0.49 ^ clkbuf_1_1__f_clk/X (sky130_fd_sc_hd__clkbuf_16)
    14    0.04                           clknet_1_1__leaf_clk (net)
                  0.06    0.00    0.49 ^ _403_/CLK (sky130_fd_sc_hd__dfrtp_4)
                          0.25    0.74   clock uncertainty
                          0.00    0.74   clock reconvergence pessimism
                          0.32    1.06   library removal time
                                  1.06   data required time
-----------------------------------------------------------------------------
                                  1.06   data required time
                                 -4.55   data arrival time
-----------------------------------------------------------------------------
                                  3.49   slack (MET)


Startpoint: rst (input port clocked by clk)
Endpoint: _406_ (removal check against rising-edge clock clk)
Path Group: asynchronous
Path Type: min

Fanout     Cap    Slew   Delay    Time   Description
-----------------------------------------------------------------------------
                          0.00    0.00   clock clk (rise edge)
                          0.00    0.00   clock network delay (propagated)
                          4.00    4.00 v input external delay
                  0.01    0.00    4.00 v rst (in)
     1    0.00                           rst (net)
                  0.01    0.00    4.00 v input1/A (sky130_fd_sc_hd__buf_1)
                  0.07    0.10    4.11 v input1/X (sky130_fd_sc_hd__buf_1)
     1    0.01                           net1 (net)
                  0.07    0.00    4.11 v _367_/A (sky130_fd_sc_hd__buf_4)
                  0.08    0.19    4.30 v _367_/X (sky130_fd_sc_hd__buf_4)
    10    0.05                           _180_ (net)
                  0.08    0.00    4.30 v _368_/A (sky130_fd_sc_hd__buf_4)
                  0.08    0.20    4.49 v _368_/X (sky130_fd_sc_hd__buf_4)
    10    0.06                           _181_ (net)
                  0.08    0.00    4.50 v _377_/A (sky130_fd_sc_hd__inv_2)
                  0.03    0.06    4.55 ^ _377_/Y (sky130_fd_sc_hd__inv_2)
     1    0.00                           _008_ (net)
                  0.03    0.00    4.55 ^ _406_/RESET_B (sky130_fd_sc_hd__dfrtp_2)
                                  4.55   data arrival time

                          0.00    0.00   clock clk (rise edge)
                          0.00    0.00   clock source latency
                  0.20    0.15    0.15 ^ clk (in)
     1    0.04                           clk (net)
                  0.20    0.00    0.15 ^ clkbuf_0_clk/A (sky130_fd_sc_hd__clkbuf_16)
                  0.04    0.19    0.34 ^ clkbuf_0_clk/X (sky130_fd_sc_hd__clkbuf_16)
     2    0.02                           clknet_0_clk (net)
                  0.04    0.00    0.34 ^ clkbuf_1_0__f_clk/A (sky130_fd_sc_hd__clkbuf_16)
                  0.06    0.15    0.49 ^ clkbuf_1_0__f_clk/X (sky130_fd_sc_hd__clkbuf_16)
    14    0.04                           clknet_1_0__leaf_clk (net)
                  0.06    0.00    0.49 ^ _406_/CLK (sky130_fd_sc_hd__dfrtp_2)
                          0.25    0.74   clock uncertainty
                          0.00    0.74   clock reconvergence pessimism
                          0.32    1.06   library removal time
                                  1.06   data required time
-----------------------------------------------------------------------------
                                  1.06   data required time
                                 -4.55   data arrival time
-----------------------------------------------------------------------------
                                  3.49   slack (MET)


Startpoint: rst (input port clocked by clk)
Endpoint: _410_ (removal check against rising-edge clock clk)
Path Group: asynchronous
Path Type: min

Fanout     Cap    Slew   Delay    Time   Description
-----------------------------------------------------------------------------
                          0.00    0.00   clock clk (rise edge)
                          0.00    0.00   clock network delay (propagated)
                          4.00    4.00 v input external delay
                  0.01    0.00    4.00 v rst (in)
     1    0.00                           rst (net)
                  0.01    0.00    4.00 v input1/A (sky130_fd_sc_hd__buf_1)
                  0.07    0.10    4.11 v input1/X (sky130_fd_sc_hd__buf_1)
     1    0.01                           net1 (net)
                  0.07    0.00    4.11 v _367_/A (sky130_fd_sc_hd__buf_4)
                  0.08    0.19    4.30 v _367_/X (sky130_fd_sc_hd__buf_4)
    10    0.05                           _180_ (net)
                  0.08    0.00    4.30 v _379_/A (sky130_fd_sc_hd__buf_4)
                  0.08    0.20    4.49 v _379_/X (sky130_fd_sc_hd__buf_4)
    10    0.06                           _182_ (net)
                  0.08    0.00    4.50 v _382_/A (sky130_fd_sc_hd__inv_2)
                  0.03    0.06    4.55 ^ _382_/Y (sky130_fd_sc_hd__inv_2)
     1    0.00                           _012_ (net)
                  0.03    0.00    4.55 ^ _410_/RESET_B (sky130_fd_sc_hd__dfrtp_4)
                                  4.55   data arrival time

                          0.00    0.00   clock clk (rise edge)
                          0.00    0.00   clock source latency
                  0.20    0.15    0.15 ^ clk (in)
     1    0.04                           clk (net)
                  0.20    0.00    0.15 ^ clkbuf_0_clk/A (sky130_fd_sc_hd__clkbuf_16)
                  0.04    0.19    0.34 ^ clkbuf_0_clk/X (sky130_fd_sc_hd__clkbuf_16)
     2    0.02                           clknet_0_clk (net)
                  0.04    0.00    0.34 ^ clkbuf_1_0__f_clk/A (sky130_fd_sc_hd__clkbuf_16)
                  0.06    0.15    0.49 ^ clkbuf_1_0__f_clk/X (sky130_fd_sc_hd__clkbuf_16)
    14    0.04                           clknet_1_0__leaf_clk (net)
                  0.06    0.00    0.49 ^ _410_/CLK (sky130_fd_sc_hd__dfrtp_4)
                          0.25    0.74   clock uncertainty
                          0.00    0.74   clock reconvergence pessimism
                          0.32    1.06   library removal time
                                  1.06   data required time
-----------------------------------------------------------------------------
                                  1.06   data required time
                                 -4.55   data arrival time
-----------------------------------------------------------------------------
                                  3.49   slack (MET)


Startpoint: rst (input port clocked by clk)
Endpoint: _414_ (removal check against rising-edge clock clk)
Path Group: asynchronous
Path Type: min

Fanout     Cap    Slew   Delay    Time   Description
-----------------------------------------------------------------------------
                          0.00    0.00   clock clk (rise edge)
                          0.00    0.00   clock network delay (propagated)
                          4.00    4.00 v input external delay
                  0.01    0.00    4.00 v rst (in)
     1    0.00                           rst (net)
                  0.01    0.00    4.00 v input1/A (sky130_fd_sc_hd__buf_1)
                  0.07    0.10    4.11 v input1/X (sky130_fd_sc_hd__buf_1)
     1    0.01                           net1 (net)
                  0.07    0.00    4.11 v _367_/A (sky130_fd_sc_hd__buf_4)
                  0.08    0.19    4.30 v _367_/X (sky130_fd_sc_hd__buf_4)
    10    0.05                           _180_ (net)
                  0.08    0.00    4.30 v _379_/A (sky130_fd_sc_hd__buf_4)
                  0.08    0.20    4.49 v _379_/X (sky130_fd_sc_hd__buf_4)
    10    0.06                           _182_ (net)
                  0.08    0.00    4.49 v _386_/A (sky130_fd_sc_hd__inv_2)
                  0.04    0.06    4.55 ^ _386_/Y (sky130_fd_sc_hd__inv_2)
     1    0.00                           _016_ (net)
                  0.04    0.00    4.55 ^ _414_/RESET_B (sky130_fd_sc_hd__dfrtp_4)
                                  4.55   data arrival time

                          0.00    0.00   clock clk (rise edge)
                          0.00    0.00   clock source latency
                  0.20    0.15    0.15 ^ clk (in)
     1    0.04                           clk (net)
                  0.20    0.00    0.15 ^ clkbuf_0_clk/A (sky130_fd_sc_hd__clkbuf_16)
                  0.04    0.19    0.34 ^ clkbuf_0_clk/X (sky130_fd_sc_hd__clkbuf_16)
     2    0.02                           clknet_0_clk (net)
                  0.04    0.00    0.34 ^ clkbuf_1_0__f_clk/A (sky130_fd_sc_hd__clkbuf_16)
                  0.06    0.15    0.49 ^ clkbuf_1_0__f_clk/X (sky130_fd_sc_hd__clkbuf_16)
    14    0.04                           clknet_1_0__leaf_clk (net)
                  0.06    0.00    0.49 ^ _414_/CLK (sky130_fd_sc_hd__dfrtp_4)
                          0.25    0.74   clock uncertainty
                          0.00    0.74   clock reconvergence pessimism
                          0.32    1.06   library removal time
                                  1.06   data required time
-----------------------------------------------------------------------------
                                  1.06   data required time
                                 -4.55   data arrival time
-----------------------------------------------------------------------------
                                  3.49   slack (MET)


Startpoint: rst (input port clocked by clk)
Endpoint: _413_ (removal check against rising-edge clock clk)
Path Group: asynchronous
Path Type: min

Fanout     Cap    Slew   Delay    Time   Description
-----------------------------------------------------------------------------
                          0.00    0.00   clock clk (rise edge)
                          0.00    0.00   clock network delay (propagated)
                          4.00    4.00 v input external delay
                  0.01    0.00    4.00 v rst (in)
     1    0.00                           rst (net)
                  0.01    0.00    4.00 v input1/A (sky130_fd_sc_hd__buf_1)
                  0.07    0.10    4.11 v input1/X (sky130_fd_sc_hd__buf_1)
     1    0.01                           net1 (net)
                  0.07    0.00    4.11 v _367_/A (sky130_fd_sc_hd__buf_4)
                  0.08    0.19    4.30 v _367_/X (sky130_fd_sc_hd__buf_4)
    10    0.05                           _180_ (net)
                  0.08    0.00    4.30 v _379_/A (sky130_fd_sc_hd__buf_4)
                  0.08    0.20    4.49 v _379_/X (sky130_fd_sc_hd__buf_4)
    10    0.06                           _182_ (net)
                  0.08    0.00    4.50 v _385_/A (sky130_fd_sc_hd__inv_2)
                  0.03    0.06    4.55 ^ _385_/Y (sky130_fd_sc_hd__inv_2)
     1    0.00                           _015_ (net)
                  0.03    0.00    4.55 ^ _413_/RESET_B (sky130_fd_sc_hd__dfrtp_4)
                                  4.55   data arrival time

                          0.00    0.00   clock clk (rise edge)
                          0.00    0.00   clock source latency
                  0.20    0.15    0.15 ^ clk (in)
     1    0.04                           clk (net)
                  0.20    0.00    0.15 ^ clkbuf_0_clk/A (sky130_fd_sc_hd__clkbuf_16)
                  0.04    0.19    0.34 ^ clkbuf_0_clk/X (sky130_fd_sc_hd__clkbuf_16)
     2    0.02                           clknet_0_clk (net)
                  0.04    0.00    0.34 ^ clkbuf_1_0__f_clk/A (sky130_fd_sc_hd__clkbuf_16)
                  0.06    0.15    0.49 ^ clkbuf_1_0__f_clk/X (sky130_fd_sc_hd__clkbuf_16)
    14    0.04                           clknet_1_0__leaf_clk (net)
                  0.06    0.00    0.49 ^ _413_/CLK (sky130_fd_sc_hd__dfrtp_4)
                          0.25    0.74   clock uncertainty
                          0.00    0.74   clock reconvergence pessimism
                          0.32    1.06   library removal time
                                  1.06   data required time
-----------------------------------------------------------------------------
                                  1.06   data required time
                                 -4.55   data arrival time
-----------------------------------------------------------------------------
                                  3.49   slack (MET)


Startpoint: rst (input port clocked by clk)
Endpoint: _412_ (removal check against rising-edge clock clk)
Path Group: asynchronous
Path Type: min

Fanout     Cap    Slew   Delay    Time   Description
-----------------------------------------------------------------------------
                          0.00    0.00   clock clk (rise edge)
                          0.00    0.00   clock network delay (propagated)
                          4.00    4.00 v input external delay
                  0.01    0.00    4.00 v rst (in)
     1    0.00                           rst (net)
                  0.01    0.00    4.00 v input1/A (sky130_fd_sc_hd__buf_1)
                  0.07    0.10    4.11 v input1/X (sky130_fd_sc_hd__buf_1)
     1    0.01                           net1 (net)
                  0.07    0.00    4.11 v _367_/A (sky130_fd_sc_hd__buf_4)
                  0.08    0.19    4.30 v _367_/X (sky130_fd_sc_hd__buf_4)
    10    0.05                           _180_ (net)
                  0.08    0.00    4.30 v _379_/A (sky130_fd_sc_hd__buf_4)
                  0.08    0.20    4.49 v _379_/X (sky130_fd_sc_hd__buf_4)
    10    0.06                           _182_ (net)
                  0.08    0.00    4.50 v _384_/A (sky130_fd_sc_hd__inv_2)
                  0.03    0.06    4.55 ^ _384_/Y (sky130_fd_sc_hd__inv_2)
     1    0.00                           _014_ (net)
                  0.03    0.00    4.55 ^ _412_/RESET_B (sky130_fd_sc_hd__dfrtp_2)
                                  4.55   data arrival time

                          0.00    0.00   clock clk (rise edge)
                          0.00    0.00   clock source latency
                  0.20    0.15    0.15 ^ clk (in)
     1    0.04                           clk (net)
                  0.20    0.00    0.15 ^ clkbuf_0_clk/A (sky130_fd_sc_hd__clkbuf_16)
                  0.04    0.19    0.34 ^ clkbuf_0_clk/X (sky130_fd_sc_hd__clkbuf_16)
     2    0.02                           clknet_0_clk (net)
                  0.04    0.00    0.34 ^ clkbuf_1_1__f_clk/A (sky130_fd_sc_hd__clkbuf_16)
                  0.06    0.15    0.49 ^ clkbuf_1_1__f_clk/X (sky130_fd_sc_hd__clkbuf_16)
    14    0.04                           clknet_1_1__leaf_clk (net)
                  0.06    0.00    0.49 ^ _412_/CLK (sky130_fd_sc_hd__dfrtp_2)
                          0.25    0.74   clock uncertainty
                          0.00    0.74   clock reconvergence pessimism
                          0.32    1.06   library removal time
                                  1.06   data required time
-----------------------------------------------------------------------------
                                  1.06   data required time
                                 -4.55   data arrival time
-----------------------------------------------------------------------------
                                  3.49   slack (MET)


Startpoint: rst (input port clocked by clk)
Endpoint: _411_ (removal check against rising-edge clock clk)
Path Group: asynchronous
Path Type: min

Fanout     Cap    Slew   Delay    Time   Description
-----------------------------------------------------------------------------
                          0.00    0.00   clock clk (rise edge)
                          0.00    0.00   clock network delay (propagated)
                          4.00    4.00 v input external delay
                  0.01    0.00    4.00 v rst (in)
     1    0.00                           rst (net)
                  0.01    0.00    4.00 v input1/A (sky130_fd_sc_hd__buf_1)
                  0.07    0.10    4.11 v input1/X (sky130_fd_sc_hd__buf_1)
     1    0.01                           net1 (net)
                  0.07    0.00    4.11 v _367_/A (sky130_fd_sc_hd__buf_4)
                  0.08    0.19    4.30 v _367_/X (sky130_fd_sc_hd__buf_4)
    10    0.05                           _180_ (net)
                  0.08    0.00    4.30 v _379_/A (sky130_fd_sc_hd__buf_4)
                  0.08    0.20    4.49 v _379_/X (sky130_fd_sc_hd__buf_4)
    10    0.06                           _182_ (net)
                  0.08    0.00    4.50 v _383_/A (sky130_fd_sc_hd__inv_2)
                  0.03    0.06    4.55 ^ _383_/Y (sky130_fd_sc_hd__inv_2)
     1    0.00                           _013_ (net)
                  0.03    0.00    4.55 ^ _411_/RESET_B (sky130_fd_sc_hd__dfrtp_4)
                                  4.55   data arrival time

                          0.00    0.00   clock clk (rise edge)
                          0.00    0.00   clock source latency
                  0.20    0.15    0.15 ^ clk (in)
     1    0.04                           clk (net)
                  0.20    0.00    0.15 ^ clkbuf_0_clk/A (sky130_fd_sc_hd__clkbuf_16)
                  0.04    0.19    0.34 ^ clkbuf_0_clk/X (sky130_fd_sc_hd__clkbuf_16)
     2    0.02                           clknet_0_clk (net)
                  0.04    0.00    0.34 ^ clkbuf_1_1__f_clk/A (sky130_fd_sc_hd__clkbuf_16)
                  0.06    0.15    0.49 ^ clkbuf_1_1__f_clk/X (sky130_fd_sc_hd__clkbuf_16)
    14    0.04                           clknet_1_1__leaf_clk (net)
                  0.06    0.00    0.49 ^ _411_/CLK (sky130_fd_sc_hd__dfrtp_4)
                          0.25    0.74   clock uncertainty
                          0.00    0.74   clock reconvergence pessimism
                          0.32    1.06   library removal time
                                  1.06   data required time
-----------------------------------------------------------------------------
                                  1.06   data required time
                                 -4.55   data arrival time
-----------------------------------------------------------------------------
                                  3.49   slack (MET)


Startpoint: rst (input port clocked by clk)
Endpoint: _407_ (removal check against rising-edge clock clk)
Path Group: asynchronous
Path Type: min

Fanout     Cap    Slew   Delay    Time   Description
-----------------------------------------------------------------------------
                          0.00    0.00   clock clk (rise edge)
                          0.00    0.00   clock network delay (propagated)
                          4.00    4.00 v input external delay
                  0.01    0.00    4.00 v rst (in)
     1    0.00                           rst (net)
                  0.01    0.00    4.00 v input1/A (sky130_fd_sc_hd__buf_1)
                  0.07    0.10    4.11 v input1/X (sky130_fd_sc_hd__buf_1)
     1    0.01                           net1 (net)
                  0.07    0.00    4.11 v _367_/A (sky130_fd_sc_hd__buf_4)
                  0.08    0.19    4.30 v _367_/X (sky130_fd_sc_hd__buf_4)
    10    0.05                           _180_ (net)
                  0.08    0.00    4.30 v _368_/A (sky130_fd_sc_hd__buf_4)
                  0.08    0.20    4.49 v _368_/X (sky130_fd_sc_hd__buf_4)
    10    0.06                           _181_ (net)
                  0.08    0.00    4.50 v _378_/A (sky130_fd_sc_hd__inv_2)
                  0.03    0.05    4.55 ^ _378_/Y (sky130_fd_sc_hd__inv_2)
     1    0.00                           _009_ (net)
                  0.03    0.00    4.55 ^ _407_/RESET_B (sky130_fd_sc_hd__dfrtp_4)
                                  4.55   data arrival time

                          0.00    0.00   clock clk (rise edge)
                          0.00    0.00   clock source latency
                  0.20    0.15    0.15 ^ clk (in)
     1    0.04                           clk (net)
                  0.20    0.00    0.15 ^ clkbuf_0_clk/A (sky130_fd_sc_hd__clkbuf_16)
                  0.04    0.19    0.34 ^ clkbuf_0_clk/X (sky130_fd_sc_hd__clkbuf_16)
     2    0.02                           clknet_0_clk (net)
                  0.04    0.00    0.34 ^ clkbuf_1_0__f_clk/A (sky130_fd_sc_hd__clkbuf_16)
                  0.06    0.15    0.49 ^ clkbuf_1_0__f_clk/X (sky130_fd_sc_hd__clkbuf_16)
    14    0.04                           clknet_1_0__leaf_clk (net)
                  0.06    0.00    0.49 ^ _407_/CLK (sky130_fd_sc_hd__dfrtp_4)
                          0.25    0.74   clock uncertainty
                          0.00    0.74   clock reconvergence pessimism
                          0.32    1.06   library removal time
                                  1.06   data required time
-----------------------------------------------------------------------------
                                  1.06   data required time
                                 -4.55   data arrival time
-----------------------------------------------------------------------------
                                  3.49   slack (MET)


Startpoint: rst (input port clocked by clk)
Endpoint: _399_ (removal check against rising-edge clock clk)
Path Group: asynchronous
Path Type: min

Fanout     Cap    Slew   Delay    Time   Description
-----------------------------------------------------------------------------
                          0.00    0.00   clock clk (rise edge)
                          0.00    0.00   clock network delay (propagated)
                          4.00    4.00 v input external delay
                  0.01    0.00    4.00 v rst (in)
     1    0.00                           rst (net)
                  0.01    0.00    4.00 v input1/A (sky130_fd_sc_hd__buf_1)
                  0.07    0.10    4.11 v input1/X (sky130_fd_sc_hd__buf_1)
     1    0.01                           net1 (net)
                  0.07    0.00    4.11 v _367_/A (sky130_fd_sc_hd__buf_4)
                  0.08    0.19    4.30 v _367_/X (sky130_fd_sc_hd__buf_4)
    10    0.05                           _180_ (net)
                  0.08    0.00    4.30 v _368_/A (sky130_fd_sc_hd__buf_4)
                  0.08    0.20    4.49 v _368_/X (sky130_fd_sc_hd__buf_4)
    10    0.06                           _181_ (net)
                  0.08    0.00    4.50 v _370_/A (sky130_fd_sc_hd__inv_2)
                  0.03    0.06    4.55 ^ _370_/Y (sky130_fd_sc_hd__inv_2)
     1    0.00                           _001_ (net)
                  0.03    0.00    4.55 ^ _399_/RESET_B (sky130_fd_sc_hd__dfrtp_4)
                                  4.55   data arrival time

                          0.00    0.00   clock clk (rise edge)
                          0.00    0.00   clock source latency
                  0.20    0.15    0.15 ^ clk (in)
     1    0.04                           clk (net)
                  0.20    0.00    0.15 ^ clkbuf_0_clk/A (sky130_fd_sc_hd__clkbuf_16)
                  0.04    0.19    0.34 ^ clkbuf_0_clk/X (sky130_fd_sc_hd__clkbuf_16)
     2    0.02                           clknet_0_clk (net)
                  0.04    0.00    0.34 ^ clkbuf_1_1__f_clk/A (sky130_fd_sc_hd__clkbuf_16)
                  0.06    0.15    0.49 ^ clkbuf_1_1__f_clk/X (sky130_fd_sc_hd__clkbuf_16)
    14    0.04                           clknet_1_1__leaf_clk (net)
                  0.06    0.00    0.49 ^ _399_/CLK (sky130_fd_sc_hd__dfrtp_4)
                          0.25    0.74   clock uncertainty
                          0.00    0.74   clock reconvergence pessimism
                          0.32    1.06   library removal time
                                  1.06   data required time
-----------------------------------------------------------------------------
                                  1.06   data required time
                                 -4.55   data arrival time
-----------------------------------------------------------------------------
                                  3.49   slack (MET)


Startpoint: rst (input port clocked by clk)
Endpoint: _401_ (removal check against rising-edge clock clk)
Path Group: asynchronous
Path Type: min

Fanout     Cap    Slew   Delay    Time   Description
-----------------------------------------------------------------------------
                          0.00    0.00   clock clk (rise edge)
                          0.00    0.00   clock network delay (propagated)
                          4.00    4.00 v input external delay
                  0.01    0.00    4.00 v rst (in)
     1    0.00                           rst (net)
                  0.01    0.00    4.00 v input1/A (sky130_fd_sc_hd__buf_1)
                  0.07    0.10    4.11 v input1/X (sky130_fd_sc_hd__buf_1)
     1    0.01                           net1 (net)
                  0.07    0.00    4.11 v _367_/A (sky130_fd_sc_hd__buf_4)
                  0.08    0.19    4.30 v _367_/X (sky130_fd_sc_hd__buf_4)
    10    0.05                           _180_ (net)
                  0.08    0.00    4.30 v _368_/A (sky130_fd_sc_hd__buf_4)
                  0.08    0.20    4.49 v _368_/X (sky130_fd_sc_hd__buf_4)
    10    0.06                           _181_ (net)
                  0.08    0.00    4.50 v _372_/A (sky130_fd_sc_hd__inv_2)
                  0.03    0.06    4.55 ^ _372_/Y (sky130_fd_sc_hd__inv_2)
     1    0.00                           _003_ (net)
                  0.03    0.00    4.55 ^ _401_/RESET_B (sky130_fd_sc_hd__dfrtp_4)
                                  4.55   data arrival time

                          0.00    0.00   clock clk (rise edge)
                          0.00    0.00   clock source latency
                  0.20    0.15    0.15 ^ clk (in)
     1    0.04                           clk (net)
                  0.20    0.00    0.15 ^ clkbuf_0_clk/A (sky130_fd_sc_hd__clkbuf_16)
                  0.04    0.19    0.34 ^ clkbuf_0_clk/X (sky130_fd_sc_hd__clkbuf_16)
     2    0.02                           clknet_0_clk (net)
                  0.04    0.00    0.34 ^ clkbuf_1_1__f_clk/A (sky130_fd_sc_hd__clkbuf_16)
                  0.06    0.15    0.49 ^ clkbuf_1_1__f_clk/X (sky130_fd_sc_hd__clkbuf_16)
    14    0.04                           clknet_1_1__leaf_clk (net)
                  0.06    0.00    0.49 ^ _401_/CLK (sky130_fd_sc_hd__dfrtp_4)
                          0.25    0.74   clock uncertainty
                          0.00    0.74   clock reconvergence pessimism
                          0.32    1.06   library removal time
                                  1.06   data required time
-----------------------------------------------------------------------------
                                  1.06   data required time
                                 -4.55   data arrival time
-----------------------------------------------------------------------------
                                  3.49   slack (MET)


Startpoint: rst (input port clocked by clk)
Endpoint: _400_ (removal check against rising-edge clock clk)
Path Group: asynchronous
Path Type: min

Fanout     Cap    Slew   Delay    Time   Description
-----------------------------------------------------------------------------
                          0.00    0.00   clock clk (rise edge)
                          0.00    0.00   clock network delay (propagated)
                          4.00    4.00 v input external delay
                  0.01    0.00    4.00 v rst (in)
     1    0.00                           rst (net)
                  0.01    0.00    4.00 v input1/A (sky130_fd_sc_hd__buf_1)
                  0.07    0.10    4.11 v input1/X (sky130_fd_sc_hd__buf_1)
     1    0.01                           net1 (net)
                  0.07    0.00    4.11 v _367_/A (sky130_fd_sc_hd__buf_4)
                  0.08    0.19    4.30 v _367_/X (sky130_fd_sc_hd__buf_4)
    10    0.05                           _180_ (net)
                  0.08    0.00    4.30 v _368_/A (sky130_fd_sc_hd__buf_4)
                  0.08    0.20    4.49 v _368_/X (sky130_fd_sc_hd__buf_4)
    10    0.06                           _181_ (net)
                  0.08    0.00    4.50 v _371_/A (sky130_fd_sc_hd__inv_2)
                  0.03    0.06    4.55 ^ _371_/Y (sky130_fd_sc_hd__inv_2)
     1    0.00                           _002_ (net)
                  0.03    0.00    4.55 ^ _400_/RESET_B (sky130_fd_sc_hd__dfrtp_4)
                                  4.55   data arrival time

                          0.00    0.00   clock clk (rise edge)
                          0.00    0.00   clock source latency
                  0.20    0.15    0.15 ^ clk (in)
     1    0.04                           clk (net)
                  0.20    0.00    0.15 ^ clkbuf_0_clk/A (sky130_fd_sc_hd__clkbuf_16)
                  0.04    0.19    0.34 ^ clkbuf_0_clk/X (sky130_fd_sc_hd__clkbuf_16)
     2    0.02                           clknet_0_clk (net)
                  0.04    0.00    0.34 ^ clkbuf_1_1__f_clk/A (sky130_fd_sc_hd__clkbuf_16)
                  0.06    0.15    0.49 ^ clkbuf_1_1__f_clk/X (sky130_fd_sc_hd__clkbuf_16)
    14    0.04                           clknet_1_1__leaf_clk (net)
                  0.06    0.00    0.49 ^ _400_/CLK (sky130_fd_sc_hd__dfrtp_4)
                          0.25    0.74   clock uncertainty
                          0.00    0.74   clock reconvergence pessimism
                          0.32    1.06   library removal time
                                  1.06   data required time
-----------------------------------------------------------------------------
                                  1.06   data required time
                                 -4.55   data arrival time
-----------------------------------------------------------------------------
                                  3.49   slack (MET)


Startpoint: rst (input port clocked by clk)
Endpoint: _398_ (removal check against rising-edge clock clk)
Path Group: asynchronous
Path Type: min

Fanout     Cap    Slew   Delay    Time   Description
-----------------------------------------------------------------------------
                          0.00    0.00   clock clk (rise edge)
                          0.00    0.00   clock network delay (propagated)
                          4.00    4.00 v input external delay
                  0.01    0.00    4.00 v rst (in)
     1    0.00                           rst (net)
                  0.01    0.00    4.00 v input1/A (sky130_fd_sc_hd__buf_1)
                  0.07    0.10    4.11 v input1/X (sky130_fd_sc_hd__buf_1)
     1    0.01                           net1 (net)
                  0.07    0.00    4.11 v _367_/A (sky130_fd_sc_hd__buf_4)
                  0.08    0.19    4.30 v _367_/X (sky130_fd_sc_hd__buf_4)
    10    0.05                           _180_ (net)
                  0.08    0.00    4.30 v _368_/A (sky130_fd_sc_hd__buf_4)
                  0.08    0.20    4.49 v _368_/X (sky130_fd_sc_hd__buf_4)
    10    0.06                           _181_ (net)
                  0.08    0.00    4.50 v _369_/A (sky130_fd_sc_hd__inv_2)
                  0.03    0.06    4.55 ^ _369_/Y (sky130_fd_sc_hd__inv_2)
     1    0.00                           _000_ (net)
                  0.03    0.00    4.55 ^ _398_/RESET_B (sky130_fd_sc_hd__dfrtp_4)
                                  4.55   data arrival time

                          0.00    0.00   clock clk (rise edge)
                          0.00    0.00   clock source latency
                  0.20    0.15    0.15 ^ clk (in)
     1    0.04                           clk (net)
                  0.20    0.00    0.15 ^ clkbuf_0_clk/A (sky130_fd_sc_hd__clkbuf_16)
                  0.04    0.19    0.34 ^ clkbuf_0_clk/X (sky130_fd_sc_hd__clkbuf_16)
     2    0.02                           clknet_0_clk (net)
                  0.04    0.00    0.34 ^ clkbuf_1_1__f_clk/A (sky130_fd_sc_hd__clkbuf_16)
                  0.06    0.15    0.49 ^ clkbuf_1_1__f_clk/X (sky130_fd_sc_hd__clkbuf_16)
    14    0.04                           clknet_1_1__leaf_clk (net)
                  0.06    0.00    0.49 ^ _398_/CLK (sky130_fd_sc_hd__dfrtp_4)
                          0.25    0.74   clock uncertainty
                          0.00    0.74   clock reconvergence pessimism
                          0.32    1.06   library removal time
                                  1.06   data required time
-----------------------------------------------------------------------------
                                  1.06   data required time
                                 -4.55   data arrival time
-----------------------------------------------------------------------------
                                  3.49   slack (MET)


Startpoint: rst (input port clocked by clk)
Endpoint: _405_ (removal check against rising-edge clock clk)
Path Group: asynchronous
Path Type: min

Fanout     Cap    Slew   Delay    Time   Description
-----------------------------------------------------------------------------
                          0.00    0.00   clock clk (rise edge)
                          0.00    0.00   clock network delay (propagated)
                          4.00    4.00 v input external delay
                  0.01    0.00    4.00 v rst (in)
     1    0.00                           rst (net)
                  0.01    0.00    4.00 v input1/A (sky130_fd_sc_hd__buf_1)
                  0.07    0.10    4.11 v input1/X (sky130_fd_sc_hd__buf_1)
     1    0.01                           net1 (net)
                  0.07    0.00    4.11 v _367_/A (sky130_fd_sc_hd__buf_4)
                  0.08    0.19    4.30 v _367_/X (sky130_fd_sc_hd__buf_4)
    10    0.05                           _180_ (net)
                  0.08    0.00    4.30 v _368_/A (sky130_fd_sc_hd__buf_4)
                  0.08    0.20    4.49 v _368_/X (sky130_fd_sc_hd__buf_4)
    10    0.06                           _181_ (net)
                  0.08    0.00    4.50 v _376_/A (sky130_fd_sc_hd__inv_2)
                  0.04    0.06    4.55 ^ _376_/Y (sky130_fd_sc_hd__inv_2)
     1    0.00                           _007_ (net)
                  0.04    0.00    4.55 ^ _405_/RESET_B (sky130_fd_sc_hd__dfrtp_4)
                                  4.55   data arrival time

                          0.00    0.00   clock clk (rise edge)
                          0.00    0.00   clock source latency
                  0.20    0.15    0.15 ^ clk (in)
     1    0.04                           clk (net)
                  0.20    0.00    0.15 ^ clkbuf_0_clk/A (sky130_fd_sc_hd__clkbuf_16)
                  0.04    0.19    0.34 ^ clkbuf_0_clk/X (sky130_fd_sc_hd__clkbuf_16)
     2    0.02                           clknet_0_clk (net)
                  0.04    0.00    0.34 ^ clkbuf_1_1__f_clk/A (sky130_fd_sc_hd__clkbuf_16)
                  0.06    0.15    0.49 ^ clkbuf_1_1__f_clk/X (sky130_fd_sc_hd__clkbuf_16)
    14    0.04                           clknet_1_1__leaf_clk (net)
                  0.06    0.00    0.49 ^ _405_/CLK (sky130_fd_sc_hd__dfrtp_4)
                          0.25    0.74   clock uncertainty
                          0.00    0.74   clock reconvergence pessimism
                          0.32    1.06   library removal time
                                  1.06   data required time
-----------------------------------------------------------------------------
                                  1.06   data required time
                                 -4.55   data arrival time
-----------------------------------------------------------------------------
                                  3.49   slack (MET)


Startpoint: rst (input port clocked by clk)
Endpoint: _404_ (removal check against rising-edge clock clk)
Path Group: asynchronous
Path Type: min

Fanout     Cap    Slew   Delay    Time   Description
-----------------------------------------------------------------------------
                          0.00    0.00   clock clk (rise edge)
                          0.00    0.00   clock network delay (propagated)
                          4.00    4.00 v input external delay
                  0.01    0.00    4.00 v rst (in)
     1    0.00                           rst (net)
                  0.01    0.00    4.00 v input1/A (sky130_fd_sc_hd__buf_1)
                  0.07    0.10    4.11 v input1/X (sky130_fd_sc_hd__buf_1)
     1    0.01                           net1 (net)
                  0.07    0.00    4.11 v _367_/A (sky130_fd_sc_hd__buf_4)
                  0.08    0.19    4.30 v _367_/X (sky130_fd_sc_hd__buf_4)
    10    0.05                           _180_ (net)
                  0.08    0.00    4.30 v _368_/A (sky130_fd_sc_hd__buf_4)
                  0.08    0.20    4.49 v _368_/X (sky130_fd_sc_hd__buf_4)
    10    0.06                           _181_ (net)
                  0.08    0.00    4.50 v _375_/A (sky130_fd_sc_hd__inv_2)
                  0.03    0.06    4.55 ^ _375_/Y (sky130_fd_sc_hd__inv_2)
     1    0.00                           _006_ (net)
                  0.03    0.00    4.55 ^ _404_/RESET_B (sky130_fd_sc_hd__dfrtp_4)
                                  4.55   data arrival time

                          0.00    0.00   clock clk (rise edge)
                          0.00    0.00   clock source latency
                  0.20    0.15    0.15 ^ clk (in)
     1    0.04                           clk (net)
                  0.20    0.00    0.15 ^ clkbuf_0_clk/A (sky130_fd_sc_hd__clkbuf_16)
                  0.04    0.19    0.34 ^ clkbuf_0_clk/X (sky130_fd_sc_hd__clkbuf_16)
     2    0.02                           clknet_0_clk (net)
                  0.04    0.00    0.34 ^ clkbuf_1_1__f_clk/A (sky130_fd_sc_hd__clkbuf_16)
                  0.06    0.15    0.49 ^ clkbuf_1_1__f_clk/X (sky130_fd_sc_hd__clkbuf_16)
    14    0.04                           clknet_1_1__leaf_clk (net)
                  0.06    0.00    0.49 ^ _404_/CLK (sky130_fd_sc_hd__dfrtp_4)
                          0.25    0.74   clock uncertainty
                          0.00    0.74   clock reconvergence pessimism
                          0.32    1.06   library removal time
                                  1.06   data required time
-----------------------------------------------------------------------------
                                  1.06   data required time
                                 -4.55   data arrival time
-----------------------------------------------------------------------------
                                  3.49   slack (MET)


Startpoint: _412_ (rising edge-triggered flip-flop clocked by clk)
Endpoint: last_opcode_out[3] (output port clocked by clk)
Path Group: clk
Path Type: min

Fanout     Cap    Slew   Delay    Time   Description
-----------------------------------------------------------------------------
                          0.00    0.00   clock clk (rise edge)
                          0.00    0.00   clock source latency
                  0.20    0.14    0.14 ^ clk (in)
     1    0.04                           clk (net)
                  0.20    0.00    0.14 ^ clkbuf_0_clk/A (sky130_fd_sc_hd__clkbuf_16)
                  0.04    0.17    0.30 ^ clkbuf_0_clk/X (sky130_fd_sc_hd__clkbuf_16)
     2    0.02                           clknet_0_clk (net)
                  0.04    0.00    0.30 ^ clkbuf_1_1__f_clk/A (sky130_fd_sc_hd__clkbuf_16)
                  0.06    0.14    0.44 ^ clkbuf_1_1__f_clk/X (sky130_fd_sc_hd__clkbuf_16)
    14    0.04                           clknet_1_1__leaf_clk (net)
                  0.06    0.00    0.44 ^ _412_/CLK (sky130_fd_sc_hd__dfrtp_2)
                  0.12    0.39    0.83 ^ _412_/Q (sky130_fd_sc_hd__dfrtp_2)
     2    0.02                           net25 (net)
                  0.12    0.00    0.83 ^ output25/A (sky130_fd_sc_hd__clkbuf_4)
                  0.11    0.20    1.03 ^ output25/X (sky130_fd_sc_hd__clkbuf_4)
     1    0.03                           last_opcode_out[3] (net)
                  0.11    0.00    1.03 ^ last_opcode_out[3] (out)
                                  1.03   data arrival time

                          0.00    0.00   clock clk (rise edge)
                          0.00    0.00   clock network delay (propagated)
                          0.25    0.25   clock uncertainty
                          0.00    0.25   clock reconvergence pessimism
                         -4.00   -3.75   output external delay
                                 -3.75   data required time
-----------------------------------------------------------------------------
                                 -3.75   data required time
                                 -1.03   data arrival time
-----------------------------------------------------------------------------
                                  4.78   slack (MET)


Startpoint: _406_ (rising edge-triggered flip-flop clocked by clk)
Endpoint: A_out[4] (output port clocked by clk)
Path Group: clk
Path Type: min

Fanout     Cap    Slew   Delay    Time   Description
-----------------------------------------------------------------------------
                          0.00    0.00   clock clk (rise edge)
                          0.00    0.00   clock source latency
                  0.20    0.14    0.14 ^ clk (in)
     1    0.04                           clk (net)
                  0.20    0.00    0.14 ^ clkbuf_0_clk/A (sky130_fd_sc_hd__clkbuf_16)
                  0.04    0.17    0.30 ^ clkbuf_0_clk/X (sky130_fd_sc_hd__clkbuf_16)
     2    0.02                           clknet_0_clk (net)
                  0.04    0.00    0.30 ^ clkbuf_1_0__f_clk/A (sky130_fd_sc_hd__clkbuf_16)
                  0.06    0.14    0.44 ^ clkbuf_1_0__f_clk/X (sky130_fd_sc_hd__clkbuf_16)
    14    0.04                           clknet_1_0__leaf_clk (net)
                  0.06    0.00    0.44 ^ _406_/CLK (sky130_fd_sc_hd__dfrtp_2)
                  0.12    0.39    0.83 ^ _406_/Q (sky130_fd_sc_hd__dfrtp_2)
     3    0.02                           net6 (net)
                  0.12    0.00    0.83 ^ output6/A (sky130_fd_sc_hd__clkbuf_4)
                  0.11    0.20    1.03 ^ output6/X (sky130_fd_sc_hd__clkbuf_4)
     1    0.03                           A_out[4] (net)
                  0.11    0.00    1.04 ^ A_out[4] (out)
                                  1.04   data arrival time

                          0.00    0.00   clock clk (rise edge)
                          0.00    0.00   clock network delay (propagated)
                          0.25    0.25   clock uncertainty
                          0.00    0.25   clock reconvergence pessimism
                         -4.00   -3.75   output external delay
                                 -3.75   data required time
-----------------------------------------------------------------------------
                                 -3.75   data required time
                                 -1.04   data arrival time
-----------------------------------------------------------------------------
                                  4.79   slack (MET)


Startpoint: _415_ (rising edge-triggered flip-flop clocked by clk)
Endpoint: flags_out[1] (output port clocked by clk)
Path Group: clk
Path Type: min

Fanout     Cap    Slew   Delay    Time   Description
-----------------------------------------------------------------------------
                          0.00    0.00   clock clk (rise edge)
                          0.00    0.00   clock source latency
                  0.20    0.14    0.14 ^ clk (in)
     1    0.04                           clk (net)
                  0.20    0.00    0.14 ^ clkbuf_0_clk/A (sky130_fd_sc_hd__clkbuf_16)
                  0.04    0.17    0.30 ^ clkbuf_0_clk/X (sky130_fd_sc_hd__clkbuf_16)
     2    0.02                           clknet_0_clk (net)
                  0.04    0.00    0.30 ^ clkbuf_1_0__f_clk/A (sky130_fd_sc_hd__clkbuf_16)
                  0.06    0.14    0.44 ^ clkbuf_1_0__f_clk/X (sky130_fd_sc_hd__clkbuf_16)
    14    0.04                           clknet_1_0__leaf_clk (net)
                  0.06    0.00    0.44 ^ _415_/CLK (sky130_fd_sc_hd__dfrtp_4)
                  0.10    0.43    0.87 ^ _415_/Q (sky130_fd_sc_hd__dfrtp_4)
     2    0.02                           net19 (net)
                  0.10    0.00    0.87 ^ output19/A (sky130_fd_sc_hd__clkbuf_4)
                  0.11    0.20    1.07 ^ output19/X (sky130_fd_sc_hd__clkbuf_4)
     1    0.03                           flags_out[1] (net)
                  0.11    0.00    1.07 ^ flags_out[1] (out)
                                  1.07   data arrival time

                          0.00    0.00   clock clk (rise edge)
                          0.00    0.00   clock network delay (propagated)
                          0.25    0.25   clock uncertainty
                          0.00    0.25   clock reconvergence pessimism
                         -4.00   -3.75   output external delay
                                 -3.75   data required time
-----------------------------------------------------------------------------
                                 -3.75   data required time
                                 -1.07   data arrival time
-----------------------------------------------------------------------------
                                  4.82   slack (MET)


Startpoint: _408_ (rising edge-triggered flip-flop clocked by clk)
Endpoint: A_out[6] (output port clocked by clk)
Path Group: clk
Path Type: min

Fanout     Cap    Slew   Delay    Time   Description
-----------------------------------------------------------------------------
                          0.00    0.00   clock clk (rise edge)
                          0.00    0.00   clock source latency
                  0.20    0.14    0.14 ^ clk (in)
     1    0.04                           clk (net)
                  0.20    0.00    0.14 ^ clkbuf_0_clk/A (sky130_fd_sc_hd__clkbuf_16)
                  0.04    0.17    0.30 ^ clkbuf_0_clk/X (sky130_fd_sc_hd__clkbuf_16)
     2    0.02                           clknet_0_clk (net)
                  0.04    0.00    0.30 ^ clkbuf_1_0__f_clk/A (sky130_fd_sc_hd__clkbuf_16)
                  0.06    0.14    0.44 ^ clkbuf_1_0__f_clk/X (sky130_fd_sc_hd__clkbuf_16)
    14    0.04                           clknet_1_0__leaf_clk (net)
                  0.06    0.00    0.44 ^ _408_/CLK (sky130_fd_sc_hd__dfrtp_4)
                  0.10    0.42    0.87 ^ _408_/Q (sky130_fd_sc_hd__dfrtp_4)
     3    0.02                           net8 (net)
                  0.10    0.00    0.87 ^ output8/A (sky130_fd_sc_hd__buf_2)
                  0.17    0.21    1.07 ^ output8/X (sky130_fd_sc_hd__buf_2)
     1    0.03                           A_out[6] (net)
                  0.17    0.00    1.07 ^ A_out[6] (out)
                                  1.07   data arrival time

                          0.00    0.00   clock clk (rise edge)
                          0.00    0.00   clock network delay (propagated)
                          0.25    0.25   clock uncertainty
                          0.00    0.25   clock reconvergence pessimism
                         -4.00   -3.75   output external delay
                                 -3.75   data required time
-----------------------------------------------------------------------------
                                 -3.75   data required time
                                 -1.07   data arrival time
-----------------------------------------------------------------------------
                                  4.82   slack (MET)


Startpoint: _421_ (rising edge-triggered flip-flop clocked by clk)
Endpoint: B_out[3] (output port clocked by clk)
Path Group: clk
Path Type: min

Fanout     Cap    Slew   Delay    Time   Description
-----------------------------------------------------------------------------
                          0.00    0.00   clock clk (rise edge)
                          0.00    0.00   clock source latency
                  0.20    0.14    0.14 ^ clk (in)
     1    0.04                           clk (net)
                  0.20    0.00    0.14 ^ clkbuf_0_clk/A (sky130_fd_sc_hd__clkbuf_16)
                  0.04    0.17    0.30 ^ clkbuf_0_clk/X (sky130_fd_sc_hd__clkbuf_16)
     2    0.02                           clknet_0_clk (net)
                  0.04    0.00    0.30 ^ clkbuf_1_1__f_clk/A (sky130_fd_sc_hd__clkbuf_16)
                  0.06    0.14    0.44 ^ clkbuf_1_1__f_clk/X (sky130_fd_sc_hd__clkbuf_16)
    14    0.04                           clknet_1_1__leaf_clk (net)
                  0.06    0.00    0.44 ^ _421_/CLK (sky130_fd_sc_hd__dfrtp_4)
                  0.11    0.43    0.88 ^ _421_/Q (sky130_fd_sc_hd__dfrtp_4)
     4    0.03                           net13 (net)
                  0.11    0.00    0.88 ^ output13/A (sky130_fd_sc_hd__clkbuf_4)
                  0.11    0.20    1.08 ^ output13/X (sky130_fd_sc_hd__clkbuf_4)
     1    0.03                           B_out[3] (net)
                  0.11    0.00    1.08 ^ B_out[3] (out)
                                  1.08   data arrival time

                          0.00    0.00   clock clk (rise edge)
                          0.00    0.00   clock network delay (propagated)
                          0.25    0.25   clock uncertainty
                          0.00    0.25   clock reconvergence pessimism
                         -4.00   -3.75   output external delay
                                 -3.75   data required time
-----------------------------------------------------------------------------
                                 -3.75   data required time
                                 -1.08   data arrival time
-----------------------------------------------------------------------------
                                  4.83   slack (MET)


Startpoint: _417_ (rising edge-triggered flip-flop clocked by clk)
Endpoint: flags_out[3] (output port clocked by clk)
Path Group: clk
Path Type: min

Fanout     Cap    Slew   Delay    Time   Description
-----------------------------------------------------------------------------
                          0.00    0.00   clock clk (rise edge)
                          0.00    0.00   clock source latency
                  0.20    0.14    0.14 ^ clk (in)
     1    0.04                           clk (net)
                  0.20    0.00    0.14 ^ clkbuf_0_clk/A (sky130_fd_sc_hd__clkbuf_16)
                  0.04    0.17    0.30 ^ clkbuf_0_clk/X (sky130_fd_sc_hd__clkbuf_16)
     2    0.02                           clknet_0_clk (net)
                  0.04    0.00    0.30 ^ clkbuf_1_0__f_clk/A (sky130_fd_sc_hd__clkbuf_16)
                  0.06    0.14    0.44 ^ clkbuf_1_0__f_clk/X (sky130_fd_sc_hd__clkbuf_16)
    14    0.04                           clknet_1_0__leaf_clk (net)
                  0.06    0.00    0.44 ^ _417_/CLK (sky130_fd_sc_hd__dfrtp_4)
                  0.11    0.44    0.88 ^ _417_/Q (sky130_fd_sc_hd__dfrtp_4)
     3    0.03                           net21 (net)
                  0.11    0.00    0.88 ^ output21/A (sky130_fd_sc_hd__clkbuf_4)
                  0.11    0.20    1.08 ^ output21/X (sky130_fd_sc_hd__clkbuf_4)
     1    0.03                           flags_out[3] (net)
                  0.11    0.00    1.08 ^ flags_out[3] (out)
                                  1.08   data arrival time

                          0.00    0.00   clock clk (rise edge)
                          0.00    0.00   clock network delay (propagated)
                          0.25    0.25   clock uncertainty
                          0.00    0.25   clock reconvergence pessimism
                         -4.00   -3.75   output external delay
                                 -3.75   data required time
-----------------------------------------------------------------------------
                                 -3.75   data required time
                                 -1.08   data arrival time
-----------------------------------------------------------------------------
                                  4.83   slack (MET)


Startpoint: _416_ (rising edge-triggered flip-flop clocked by clk)
Endpoint: flags_out[2] (output port clocked by clk)
Path Group: clk
Path Type: min

Fanout     Cap    Slew   Delay    Time   Description
-----------------------------------------------------------------------------
                          0.00    0.00   clock clk (rise edge)
                          0.00    0.00   clock source latency
                  0.20    0.14    0.14 ^ clk (in)
     1    0.04                           clk (net)
                  0.20    0.00    0.14 ^ clkbuf_0_clk/A (sky130_fd_sc_hd__clkbuf_16)
                  0.04    0.17    0.30 ^ clkbuf_0_clk/X (sky130_fd_sc_hd__clkbuf_16)
     2    0.02                           clknet_0_clk (net)
                  0.04    0.00    0.30 ^ clkbuf_1_0__f_clk/A (sky130_fd_sc_hd__clkbuf_16)
                  0.06    0.14    0.44 ^ clkbuf_1_0__f_clk/X (sky130_fd_sc_hd__clkbuf_16)
    14    0.04                           clknet_1_0__leaf_clk (net)
                  0.06    0.00    0.44 ^ _416_/CLK (sky130_fd_sc_hd__dfrtp_4)
                  0.10    0.43    0.87 ^ _416_/Q (sky130_fd_sc_hd__dfrtp_4)
     2    0.02                           net20 (net)
                  0.10    0.00    0.87 ^ output20/A (sky130_fd_sc_hd__buf_2)
                  0.17    0.21    1.08 ^ output20/X (sky130_fd_sc_hd__buf_2)
     1    0.03                           flags_out[2] (net)
                  0.17    0.00    1.08 ^ flags_out[2] (out)
                                  1.08   data arrival time

                          0.00    0.00   clock clk (rise edge)
                          0.00    0.00   clock network delay (propagated)
                          0.25    0.25   clock uncertainty
                          0.00    0.25   clock reconvergence pessimism
                         -4.00   -3.75   output external delay
                                 -3.75   data required time
-----------------------------------------------------------------------------
                                 -3.75   data required time
                                 -1.08   data arrival time
-----------------------------------------------------------------------------
                                  4.83   slack (MET)


Startpoint: _414_ (rising edge-triggered flip-flop clocked by clk)
Endpoint: flags_out[0] (output port clocked by clk)
Path Group: clk
Path Type: min

Fanout     Cap    Slew   Delay    Time   Description
-----------------------------------------------------------------------------
                          0.00    0.00   clock clk (rise edge)
                          0.00    0.00   clock source latency
                  0.20    0.14    0.14 ^ clk (in)
     1    0.04                           clk (net)
                  0.20    0.00    0.14 ^ clkbuf_0_clk/A (sky130_fd_sc_hd__clkbuf_16)
                  0.04    0.17    0.30 ^ clkbuf_0_clk/X (sky130_fd_sc_hd__clkbuf_16)
     2    0.02                           clknet_0_clk (net)
                  0.04    0.00    0.30 ^ clkbuf_1_0__f_clk/A (sky130_fd_sc_hd__clkbuf_16)
                  0.06    0.14    0.44 ^ clkbuf_1_0__f_clk/X (sky130_fd_sc_hd__clkbuf_16)
    14    0.04                           clknet_1_0__leaf_clk (net)
                  0.06    0.00    0.44 ^ _414_/CLK (sky130_fd_sc_hd__dfrtp_4)
                  0.11    0.44    0.88 ^ _414_/Q (sky130_fd_sc_hd__dfrtp_4)
     2    0.03                           net18 (net)
                  0.11    0.00    0.88 ^ output18/A (sky130_fd_sc_hd__clkbuf_4)
                  0.11    0.20    1.08 ^ output18/X (sky130_fd_sc_hd__clkbuf_4)
     1    0.03                           flags_out[0] (net)
                  0.11    0.00    1.08 ^ flags_out[0] (out)
                                  1.08   data arrival time

                          0.00    0.00   clock clk (rise edge)
                          0.00    0.00   clock network delay (propagated)
                          0.25    0.25   clock uncertainty
                          0.00    0.25   clock reconvergence pessimism
                         -4.00   -3.75   output external delay
                                 -3.75   data required time
-----------------------------------------------------------------------------
                                 -3.75   data required time
                                 -1.08   data arrival time
-----------------------------------------------------------------------------
                                  4.83   slack (MET)


Startpoint: _409_ (rising edge-triggered flip-flop clocked by clk)
Endpoint: A_out[7] (output port clocked by clk)
Path Group: clk
Path Type: min

Fanout     Cap    Slew   Delay    Time   Description
-----------------------------------------------------------------------------
                          0.00    0.00   clock clk (rise edge)
                          0.00    0.00   clock source latency
                  0.20    0.14    0.14 ^ clk (in)
     1    0.04                           clk (net)
                  0.20    0.00    0.14 ^ clkbuf_0_clk/A (sky130_fd_sc_hd__clkbuf_16)
                  0.04    0.17    0.30 ^ clkbuf_0_clk/X (sky130_fd_sc_hd__clkbuf_16)
     2    0.02                           clknet_0_clk (net)
                  0.04    0.00    0.30 ^ clkbuf_1_0__f_clk/A (sky130_fd_sc_hd__clkbuf_16)
                  0.06    0.14    0.44 ^ clkbuf_1_0__f_clk/X (sky130_fd_sc_hd__clkbuf_16)
    14    0.04                           clknet_1_0__leaf_clk (net)
                  0.06    0.00    0.44 ^ _409_/CLK (sky130_fd_sc_hd__dfrtp_4)
                  0.11    0.44    0.88 ^ _409_/Q (sky130_fd_sc_hd__dfrtp_4)
     3    0.03                           net9 (net)
                  0.11    0.00    0.88 ^ output9/A (sky130_fd_sc_hd__clkbuf_4)
                  0.11    0.20    1.08 ^ output9/X (sky130_fd_sc_hd__clkbuf_4)
     1    0.03                           A_out[7] (net)
                  0.11    0.00    1.08 ^ A_out[7] (out)
                                  1.08   data arrival time

                          0.00    0.00   clock clk (rise edge)
                          0.00    0.00   clock network delay (propagated)
                          0.25    0.25   clock uncertainty
                          0.00    0.25   clock reconvergence pessimism
                         -4.00   -3.75   output external delay
                                 -3.75   data required time
-----------------------------------------------------------------------------
                                 -3.75   data required time
                                 -1.08   data arrival time
-----------------------------------------------------------------------------
                                  4.83   slack (MET)


Startpoint: _411_ (rising edge-triggered flip-flop clocked by clk)
Endpoint: last_opcode_out[2] (output port clocked by clk)
Path Group: clk
Path Type: min

Fanout     Cap    Slew   Delay    Time   Description
-----------------------------------------------------------------------------
                          0.00    0.00   clock clk (rise edge)
                          0.00    0.00   clock source latency
                  0.20    0.14    0.14 ^ clk (in)
     1    0.04                           clk (net)
                  0.20    0.00    0.14 ^ clkbuf_0_clk/A (sky130_fd_sc_hd__clkbuf_16)
                  0.04    0.17    0.30 ^ clkbuf_0_clk/X (sky130_fd_sc_hd__clkbuf_16)
     2    0.02                           clknet_0_clk (net)
                  0.04    0.00    0.30 ^ clkbuf_1_1__f_clk/A (sky130_fd_sc_hd__clkbuf_16)
                  0.06    0.14    0.44 ^ clkbuf_1_1__f_clk/X (sky130_fd_sc_hd__clkbuf_16)
    14    0.04                           clknet_1_1__leaf_clk (net)
                  0.06    0.00    0.44 ^ _411_/CLK (sky130_fd_sc_hd__dfrtp_4)
                  0.10    0.43    0.87 ^ _411_/Q (sky130_fd_sc_hd__dfrtp_4)
     2    0.03                           net24 (net)
                  0.10    0.00    0.87 ^ output24/A (sky130_fd_sc_hd__buf_2)
                  0.17    0.21    1.08 ^ output24/X (sky130_fd_sc_hd__buf_2)
     1    0.03                           last_opcode_out[2] (net)
                  0.17    0.00    1.08 ^ last_opcode_out[2] (out)
                                  1.08   data arrival time

                          0.00    0.00   clock clk (rise edge)
                          0.00    0.00   clock network delay (propagated)
                          0.25    0.25   clock uncertainty
                          0.00    0.25   clock reconvergence pessimism
                         -4.00   -3.75   output external delay
                                 -3.75   data required time
-----------------------------------------------------------------------------
                                 -3.75   data required time
                                 -1.08   data arrival time
-----------------------------------------------------------------------------
                                  4.83   slack (MET)


Startpoint: _405_ (rising edge-triggered flip-flop clocked by clk)
Endpoint: A_out[3] (output port clocked by clk)
Path Group: clk
Path Type: min

Fanout     Cap    Slew   Delay    Time   Description
-----------------------------------------------------------------------------
                          0.00    0.00   clock clk (rise edge)
                          0.00    0.00   clock source latency
                  0.20    0.14    0.14 ^ clk (in)
     1    0.04                           clk (net)
                  0.20    0.00    0.14 ^ clkbuf_0_clk/A (sky130_fd_sc_hd__clkbuf_16)
                  0.04    0.17    0.30 ^ clkbuf_0_clk/X (sky130_fd_sc_hd__clkbuf_16)
     2    0.02                           clknet_0_clk (net)
                  0.04    0.00    0.30 ^ clkbuf_1_1__f_clk/A (sky130_fd_sc_hd__clkbuf_16)
                  0.06    0.14    0.44 ^ clkbuf_1_1__f_clk/X (sky130_fd_sc_hd__clkbuf_16)
    14    0.04                           clknet_1_1__leaf_clk (net)
                  0.06    0.00    0.44 ^ _405_/CLK (sky130_fd_sc_hd__dfrtp_4)
                  0.11    0.44    0.88 ^ _405_/Q (sky130_fd_sc_hd__dfrtp_4)
     3    0.03                           net5 (net)
                  0.11    0.00    0.88 ^ output5/A (sky130_fd_sc_hd__clkbuf_4)
                  0.11    0.20    1.09 ^ output5/X (sky130_fd_sc_hd__clkbuf_4)
     1    0.03                           A_out[3] (net)
                  0.11    0.00    1.09 ^ A_out[3] (out)
                                  1.09   data arrival time

                          0.00    0.00   clock clk (rise edge)
                          0.00    0.00   clock network delay (propagated)
                          0.25    0.25   clock uncertainty
                          0.00    0.25   clock reconvergence pessimism
                         -4.00   -3.75   output external delay
                                 -3.75   data required time
-----------------------------------------------------------------------------
                                 -3.75   data required time
                                 -1.09   data arrival time
-----------------------------------------------------------------------------
                                  4.84   slack (MET)


Startpoint: _402_ (rising edge-triggered flip-flop clocked by clk)
Endpoint: A_out[0] (output port clocked by clk)
Path Group: clk
Path Type: min

Fanout     Cap    Slew   Delay    Time   Description
-----------------------------------------------------------------------------
                          0.00    0.00   clock clk (rise edge)
                          0.00    0.00   clock source latency
                  0.20    0.14    0.14 ^ clk (in)
     1    0.04                           clk (net)
                  0.20    0.00    0.14 ^ clkbuf_0_clk/A (sky130_fd_sc_hd__clkbuf_16)
                  0.04    0.17    0.30 ^ clkbuf_0_clk/X (sky130_fd_sc_hd__clkbuf_16)
     2    0.02                           clknet_0_clk (net)
                  0.04    0.00    0.30 ^ clkbuf_1_1__f_clk/A (sky130_fd_sc_hd__clkbuf_16)
                  0.06    0.14    0.44 ^ clkbuf_1_1__f_clk/X (sky130_fd_sc_hd__clkbuf_16)
    14    0.04                           clknet_1_1__leaf_clk (net)
                  0.06    0.00    0.44 ^ _402_/CLK (sky130_fd_sc_hd__dfrtp_4)
                  0.11    0.43    0.88 ^ _402_/Q (sky130_fd_sc_hd__dfrtp_4)
     4    0.03                           net2 (net)
                  0.11    0.00    0.88 ^ output2/A (sky130_fd_sc_hd__buf_2)
                  0.17    0.21    1.09 ^ output2/X (sky130_fd_sc_hd__buf_2)
     1    0.03                           A_out[0] (net)
                  0.17    0.00    1.09 ^ A_out[0] (out)
                                  1.09   data arrival time

                          0.00    0.00   clock clk (rise edge)
                          0.00    0.00   clock network delay (propagated)
                          0.25    0.25   clock uncertainty
                          0.00    0.25   clock reconvergence pessimism
                         -4.00   -3.75   output external delay
                                 -3.75   data required time
-----------------------------------------------------------------------------
                                 -3.75   data required time
                                 -1.09   data arrival time
-----------------------------------------------------------------------------
                                  4.84   slack (MET)


Startpoint: _425_ (rising edge-triggered flip-flop clocked by clk)
Endpoint: B_out[7] (output port clocked by clk)
Path Group: clk
Path Type: min

Fanout     Cap    Slew   Delay    Time   Description
-----------------------------------------------------------------------------
                          0.00    0.00   clock clk (rise edge)
                          0.00    0.00   clock source latency
                  0.20    0.14    0.14 ^ clk (in)
     1    0.04                           clk (net)
                  0.20    0.00    0.14 ^ clkbuf_0_clk/A (sky130_fd_sc_hd__clkbuf_16)
                  0.04    0.17    0.30 ^ clkbuf_0_clk/X (sky130_fd_sc_hd__clkbuf_16)
     2    0.02                           clknet_0_clk (net)
                  0.04    0.00    0.30 ^ clkbuf_1_0__f_clk/A (sky130_fd_sc_hd__clkbuf_16)
                  0.06    0.14    0.44 ^ clkbuf_1_0__f_clk/X (sky130_fd_sc_hd__clkbuf_16)
    14    0.04                           clknet_1_0__leaf_clk (net)
                  0.06    0.00    0.44 ^ _425_/CLK (sky130_fd_sc_hd__dfrtp_4)
                  0.12    0.44    0.88 ^ _425_/Q (sky130_fd_sc_hd__dfrtp_4)
     3    0.03                           net17 (net)
                  0.12    0.00    0.89 ^ output17/A (sky130_fd_sc_hd__clkbuf_4)
                  0.11    0.20    1.09 ^ output17/X (sky130_fd_sc_hd__clkbuf_4)
     1    0.03                           B_out[7] (net)
                  0.11    0.00    1.09 ^ B_out[7] (out)
                                  1.09   data arrival time

                          0.00    0.00   clock clk (rise edge)
                          0.00    0.00   clock network delay (propagated)
                          0.25    0.25   clock uncertainty
                          0.00    0.25   clock reconvergence pessimism
                         -4.00   -3.75   output external delay
                                 -3.75   data required time
-----------------------------------------------------------------------------
                                 -3.75   data required time
                                 -1.09   data arrival time
-----------------------------------------------------------------------------
                                  4.84   slack (MET)


Startpoint: _423_ (rising edge-triggered flip-flop clocked by clk)
Endpoint: B_out[5] (output port clocked by clk)
Path Group: clk
Path Type: min

Fanout     Cap    Slew   Delay    Time   Description
-----------------------------------------------------------------------------
                          0.00    0.00   clock clk (rise edge)
                          0.00    0.00   clock source latency
                  0.20    0.14    0.14 ^ clk (in)
     1    0.04                           clk (net)
                  0.20    0.00    0.14 ^ clkbuf_0_clk/A (sky130_fd_sc_hd__clkbuf_16)
                  0.04    0.17    0.30 ^ clkbuf_0_clk/X (sky130_fd_sc_hd__clkbuf_16)
     2    0.02                           clknet_0_clk (net)
                  0.04    0.00    0.30 ^ clkbuf_1_0__f_clk/A (sky130_fd_sc_hd__clkbuf_16)
                  0.06    0.14    0.44 ^ clkbuf_1_0__f_clk/X (sky130_fd_sc_hd__clkbuf_16)
    14    0.04                           clknet_1_0__leaf_clk (net)
                  0.06    0.00    0.44 ^ _423_/CLK (sky130_fd_sc_hd__dfrtp_4)
                  0.11    0.43    0.87 ^ _423_/Q (sky130_fd_sc_hd__dfrtp_4)
     3    0.03                           net15 (net)
                  0.11    0.00    0.88 ^ output15/A (sky130_fd_sc_hd__buf_2)
                  0.17    0.21    1.09 ^ output15/X (sky130_fd_sc_hd__buf_2)
     1    0.03                           B_out[5] (net)
                  0.17    0.00    1.09 ^ B_out[5] (out)
                                  1.09   data arrival time

                          0.00    0.00   clock clk (rise edge)
                          0.00    0.00   clock network delay (propagated)
                          0.25    0.25   clock uncertainty
                          0.00    0.25   clock reconvergence pessimism
                         -4.00   -3.75   output external delay
                                 -3.75   data required time
-----------------------------------------------------------------------------
                                 -3.75   data required time
                                 -1.09   data arrival time
-----------------------------------------------------------------------------
                                  4.84   slack (MET)


Startpoint: _419_ (rising edge-triggered flip-flop clocked by clk)
Endpoint: B_out[1] (output port clocked by clk)
Path Group: clk
Path Type: min

Fanout     Cap    Slew   Delay    Time   Description
-----------------------------------------------------------------------------
                          0.00    0.00   clock clk (rise edge)
                          0.00    0.00   clock source latency
                  0.20    0.14    0.14 ^ clk (in)
     1    0.04                           clk (net)
                  0.20    0.00    0.14 ^ clkbuf_0_clk/A (sky130_fd_sc_hd__clkbuf_16)
                  0.04    0.17    0.30 ^ clkbuf_0_clk/X (sky130_fd_sc_hd__clkbuf_16)
     2    0.02                           clknet_0_clk (net)
                  0.04    0.00    0.30 ^ clkbuf_1_1__f_clk/A (sky130_fd_sc_hd__clkbuf_16)
                  0.06    0.14    0.44 ^ clkbuf_1_1__f_clk/X (sky130_fd_sc_hd__clkbuf_16)
    14    0.04                           clknet_1_1__leaf_clk (net)
                  0.06    0.00    0.44 ^ _419_/CLK (sky130_fd_sc_hd__dfrtp_4)
                  0.13    0.45    0.89 ^ _419_/Q (sky130_fd_sc_hd__dfrtp_4)
     4    0.04                           net11 (net)
                  0.13    0.00    0.90 ^ output11/A (sky130_fd_sc_hd__clkbuf_4)
                  0.11    0.21    1.10 ^ output11/X (sky130_fd_sc_hd__clkbuf_4)
     1    0.03                           B_out[1] (net)
                  0.11    0.00    1.10 ^ B_out[1] (out)
                                  1.10   data arrival time

                          0.00    0.00   clock clk (rise edge)
                          0.00    0.00   clock network delay (propagated)
                          0.25    0.25   clock uncertainty
                          0.00    0.25   clock reconvergence pessimism
                         -4.00   -3.75   output external delay
                                 -3.75   data required time
-----------------------------------------------------------------------------
                                 -3.75   data required time
                                 -1.10   data arrival time
-----------------------------------------------------------------------------
                                  4.85   slack (MET)


Startpoint: _407_ (rising edge-triggered flip-flop clocked by clk)
Endpoint: A_out[5] (output port clocked by clk)
Path Group: clk
Path Type: min

Fanout     Cap    Slew   Delay    Time   Description
-----------------------------------------------------------------------------
                          0.00    0.00   clock clk (rise edge)
                          0.00    0.00   clock source latency
                  0.20    0.14    0.14 ^ clk (in)
     1    0.04                           clk (net)
                  0.20    0.00    0.14 ^ clkbuf_0_clk/A (sky130_fd_sc_hd__clkbuf_16)
                  0.04    0.17    0.30 ^ clkbuf_0_clk/X (sky130_fd_sc_hd__clkbuf_16)
     2    0.02                           clknet_0_clk (net)
                  0.04    0.00    0.30 ^ clkbuf_1_0__f_clk/A (sky130_fd_sc_hd__clkbuf_16)
                  0.06    0.14    0.44 ^ clkbuf_1_0__f_clk/X (sky130_fd_sc_hd__clkbuf_16)
    14    0.04                           clknet_1_0__leaf_clk (net)
                  0.06    0.00    0.44 ^ _407_/CLK (sky130_fd_sc_hd__dfrtp_4)
                  0.13    0.45    0.89 ^ _407_/Q (sky130_fd_sc_hd__dfrtp_4)
     3    0.04                           net7 (net)
                  0.13    0.01    0.90 ^ output7/A (sky130_fd_sc_hd__clkbuf_4)
                  0.11    0.21    1.11 ^ output7/X (sky130_fd_sc_hd__clkbuf_4)
     1    0.03                           A_out[5] (net)
                  0.11    0.00    1.11 ^ A_out[5] (out)
                                  1.11   data arrival time

                          0.00    0.00   clock clk (rise edge)
                          0.00    0.00   clock network delay (propagated)
                          0.25    0.25   clock uncertainty
                          0.00    0.25   clock reconvergence pessimism
                         -4.00   -3.75   output external delay
                                 -3.75   data required time
-----------------------------------------------------------------------------
                                 -3.75   data required time
                                 -1.11   data arrival time
-----------------------------------------------------------------------------
                                  4.86   slack (MET)


Startpoint: _424_ (rising edge-triggered flip-flop clocked by clk)
Endpoint: B_out[6] (output port clocked by clk)
Path Group: clk
Path Type: min

Fanout     Cap    Slew   Delay    Time   Description
-----------------------------------------------------------------------------
                          0.00    0.00   clock clk (rise edge)
                          0.00    0.00   clock source latency
                  0.20    0.14    0.14 ^ clk (in)
     1    0.04                           clk (net)
                  0.20    0.00    0.14 ^ clkbuf_0_clk/A (sky130_fd_sc_hd__clkbuf_16)
                  0.04    0.17    0.30 ^ clkbuf_0_clk/X (sky130_fd_sc_hd__clkbuf_16)
     2    0.02                           clknet_0_clk (net)
                  0.04    0.00    0.30 ^ clkbuf_1_0__f_clk/A (sky130_fd_sc_hd__clkbuf_16)
                  0.06    0.14    0.44 ^ clkbuf_1_0__f_clk/X (sky130_fd_sc_hd__clkbuf_16)
    14    0.04                           clknet_1_0__leaf_clk (net)
                  0.06    0.00    0.44 ^ _424_/CLK (sky130_fd_sc_hd__dfrtp_4)
                  0.12    0.45    0.89 ^ _424_/Q (sky130_fd_sc_hd__dfrtp_4)
     6    0.03                           net16 (net)
                  0.13    0.00    0.89 ^ output16/A (sky130_fd_sc_hd__buf_2)
                  0.17    0.22    1.11 ^ output16/X (sky130_fd_sc_hd__buf_2)
     1    0.03                           B_out[6] (net)
                  0.17    0.00    1.11 ^ B_out[6] (out)
                                  1.11   data arrival time

                          0.00    0.00   clock clk (rise edge)
                          0.00    0.00   clock network delay (propagated)
                          0.25    0.25   clock uncertainty
                          0.00    0.25   clock reconvergence pessimism
                         -4.00   -3.75   output external delay
                                 -3.75   data required time
-----------------------------------------------------------------------------
                                 -3.75   data required time
                                 -1.11   data arrival time
-----------------------------------------------------------------------------
                                  4.86   slack (MET)


Startpoint: _422_ (rising edge-triggered flip-flop clocked by clk)
Endpoint: B_out[4] (output port clocked by clk)
Path Group: clk
Path Type: min

Fanout     Cap    Slew   Delay    Time   Description
-----------------------------------------------------------------------------
                          0.00    0.00   clock clk (rise edge)
                          0.00    0.00   clock source latency
                  0.20    0.14    0.14 ^ clk (in)
     1    0.04                           clk (net)
                  0.20    0.00    0.14 ^ clkbuf_0_clk/A (sky130_fd_sc_hd__clkbuf_16)
                  0.04    0.17    0.30 ^ clkbuf_0_clk/X (sky130_fd_sc_hd__clkbuf_16)
     2    0.02                           clknet_0_clk (net)
                  0.04    0.00    0.30 ^ clkbuf_1_0__f_clk/A (sky130_fd_sc_hd__clkbuf_16)
                  0.06    0.14    0.44 ^ clkbuf_1_0__f_clk/X (sky130_fd_sc_hd__clkbuf_16)
    14    0.04                           clknet_1_0__leaf_clk (net)
                  0.06    0.00    0.44 ^ _422_/CLK (sky130_fd_sc_hd__dfrtp_4)
                  0.14    0.46    0.90 ^ _422_/Q (sky130_fd_sc_hd__dfrtp_4)
     5    0.04                           net14 (net)
                  0.14    0.00    0.91 ^ output14/A (sky130_fd_sc_hd__clkbuf_4)
                  0.11    0.21    1.11 ^ output14/X (sky130_fd_sc_hd__clkbuf_4)
     1    0.03                           B_out[4] (net)
                  0.11    0.00    1.12 ^ B_out[4] (out)
                                  1.12   data arrival time

                          0.00    0.00   clock clk (rise edge)
                          0.00    0.00   clock network delay (propagated)
                          0.25    0.25   clock uncertainty
                          0.00    0.25   clock reconvergence pessimism
                         -4.00   -3.75   output external delay
                                 -3.75   data required time
-----------------------------------------------------------------------------
                                 -3.75   data required time
                                 -1.12   data arrival time
-----------------------------------------------------------------------------
                                  4.87   slack (MET)


Startpoint: _418_ (rising edge-triggered flip-flop clocked by clk)
Endpoint: B_out[0] (output port clocked by clk)
Path Group: clk
Path Type: min

Fanout     Cap    Slew   Delay    Time   Description
-----------------------------------------------------------------------------
                          0.00    0.00   clock clk (rise edge)
                          0.00    0.00   clock source latency
                  0.20    0.14    0.14 ^ clk (in)
     1    0.04                           clk (net)
                  0.20    0.00    0.14 ^ clkbuf_0_clk/A (sky130_fd_sc_hd__clkbuf_16)
                  0.04    0.17    0.30 ^ clkbuf_0_clk/X (sky130_fd_sc_hd__clkbuf_16)
     2    0.02                           clknet_0_clk (net)
                  0.04    0.00    0.30 ^ clkbuf_1_1__f_clk/A (sky130_fd_sc_hd__clkbuf_16)
                  0.06    0.14    0.44 ^ clkbuf_1_1__f_clk/X (sky130_fd_sc_hd__clkbuf_16)
    14    0.04                           clknet_1_1__leaf_clk (net)
                  0.06    0.00    0.44 ^ _418_/CLK (sky130_fd_sc_hd__dfrtp_4)
                  0.14    0.46    0.90 ^ _418_/Q (sky130_fd_sc_hd__dfrtp_4)
     5    0.04                           net10 (net)
                  0.14    0.00    0.91 ^ output10/A (sky130_fd_sc_hd__clkbuf_4)
                  0.11    0.21    1.12 ^ output10/X (sky130_fd_sc_hd__clkbuf_4)
     1    0.03                           B_out[0] (net)
                  0.11    0.00    1.12 ^ B_out[0] (out)
                                  1.12   data arrival time

                          0.00    0.00   clock clk (rise edge)
                          0.00    0.00   clock network delay (propagated)
                          0.25    0.25   clock uncertainty
                          0.00    0.25   clock reconvergence pessimism
                         -4.00   -3.75   output external delay
                                 -3.75   data required time
-----------------------------------------------------------------------------
                                 -3.75   data required time
                                 -1.12   data arrival time
-----------------------------------------------------------------------------
                                  4.87   slack (MET)


Startpoint: _403_ (rising edge-triggered flip-flop clocked by clk)
Endpoint: A_out[1] (output port clocked by clk)
Path Group: clk
Path Type: min

Fanout     Cap    Slew   Delay    Time   Description
-----------------------------------------------------------------------------
                          0.00    0.00   clock clk (rise edge)
                          0.00    0.00   clock source latency
                  0.20    0.14    0.14 ^ clk (in)
     1    0.04                           clk (net)
                  0.20    0.00    0.14 ^ clkbuf_0_clk/A (sky130_fd_sc_hd__clkbuf_16)
                  0.04    0.17    0.30 ^ clkbuf_0_clk/X (sky130_fd_sc_hd__clkbuf_16)
     2    0.02                           clknet_0_clk (net)
                  0.04    0.00    0.30 ^ clkbuf_1_1__f_clk/A (sky130_fd_sc_hd__clkbuf_16)
                  0.06    0.14    0.44 ^ clkbuf_1_1__f_clk/X (sky130_fd_sc_hd__clkbuf_16)
    14    0.04                           clknet_1_1__leaf_clk (net)
                  0.06    0.00    0.44 ^ _403_/CLK (sky130_fd_sc_hd__dfrtp_4)
                  0.13    0.45    0.89 ^ _403_/Q (sky130_fd_sc_hd__dfrtp_4)
     3    0.04                           net3 (net)
                  0.13    0.00    0.90 ^ output3/A (sky130_fd_sc_hd__buf_2)
                  0.17    0.22    1.12 ^ output3/X (sky130_fd_sc_hd__buf_2)
     1    0.03                           A_out[1] (net)
                  0.17    0.00    1.12 ^ A_out[1] (out)
                                  1.12   data arrival time

                          0.00    0.00   clock clk (rise edge)
                          0.00    0.00   clock network delay (propagated)
                          0.25    0.25   clock uncertainty
                          0.00    0.25   clock reconvergence pessimism
                         -4.00   -3.75   output external delay
                                 -3.75   data required time
-----------------------------------------------------------------------------
                                 -3.75   data required time
                                 -1.12   data arrival time
-----------------------------------------------------------------------------
                                  4.87   slack (MET)


Startpoint: _420_ (rising edge-triggered flip-flop clocked by clk)
Endpoint: B_out[2] (output port clocked by clk)
Path Group: clk
Path Type: min

Fanout     Cap    Slew   Delay    Time   Description
-----------------------------------------------------------------------------
                          0.00    0.00   clock clk (rise edge)
                          0.00    0.00   clock source latency
                  0.20    0.14    0.14 ^ clk (in)
     1    0.04                           clk (net)
                  0.20    0.00    0.14 ^ clkbuf_0_clk/A (sky130_fd_sc_hd__clkbuf_16)
                  0.04    0.17    0.30 ^ clkbuf_0_clk/X (sky130_fd_sc_hd__clkbuf_16)
     2    0.02                           clknet_0_clk (net)
                  0.04    0.00    0.30 ^ clkbuf_1_1__f_clk/A (sky130_fd_sc_hd__clkbuf_16)
                  0.06    0.14    0.44 ^ clkbuf_1_1__f_clk/X (sky130_fd_sc_hd__clkbuf_16)
    14    0.04                           clknet_1_1__leaf_clk (net)
                  0.06    0.00    0.44 ^ _420_/CLK (sky130_fd_sc_hd__dfrtp_4)
                  0.14    0.46    0.90 ^ _420_/Q (sky130_fd_sc_hd__dfrtp_4)
     4    0.04                           net12 (net)
                  0.14    0.00    0.90 ^ output12/A (sky130_fd_sc_hd__buf_2)
                  0.17    0.22    1.12 ^ output12/X (sky130_fd_sc_hd__buf_2)
     1    0.03                           B_out[2] (net)
                  0.17    0.00    1.12 ^ B_out[2] (out)
                                  1.12   data arrival time

                          0.00    0.00   clock clk (rise edge)
                          0.00    0.00   clock network delay (propagated)
                          0.25    0.25   clock uncertainty
                          0.00    0.25   clock reconvergence pessimism
                         -4.00   -3.75   output external delay
                                 -3.75   data required time
-----------------------------------------------------------------------------
                                 -3.75   data required time
                                 -1.12   data arrival time
-----------------------------------------------------------------------------
                                  4.87   slack (MET)


Startpoint: _404_ (rising edge-triggered flip-flop clocked by clk)
Endpoint: A_out[2] (output port clocked by clk)
Path Group: clk
Path Type: min

Fanout     Cap    Slew   Delay    Time   Description
-----------------------------------------------------------------------------
                          0.00    0.00   clock clk (rise edge)
                          0.00    0.00   clock source latency
                  0.20    0.14    0.14 ^ clk (in)
     1    0.04                           clk (net)
                  0.20    0.00    0.14 ^ clkbuf_0_clk/A (sky130_fd_sc_hd__clkbuf_16)
                  0.04    0.17    0.30 ^ clkbuf_0_clk/X (sky130_fd_sc_hd__clkbuf_16)
     2    0.02                           clknet_0_clk (net)
                  0.04    0.00    0.30 ^ clkbuf_1_1__f_clk/A (sky130_fd_sc_hd__clkbuf_16)
                  0.06    0.14    0.44 ^ clkbuf_1_1__f_clk/X (sky130_fd_sc_hd__clkbuf_16)
    14    0.04                           clknet_1_1__leaf_clk (net)
                  0.06    0.00    0.44 ^ _404_/CLK (sky130_fd_sc_hd__dfrtp_4)
                  0.14    0.47    0.91 ^ _404_/Q (sky130_fd_sc_hd__dfrtp_4)
     4    0.04                           net4 (net)
                  0.14    0.00    0.91 ^ output4/A (sky130_fd_sc_hd__buf_2)
                  0.17    0.22    1.13 ^ output4/X (sky130_fd_sc_hd__buf_2)
     1    0.03                           A_out[2] (net)
                  0.17    0.00    1.13 ^ A_out[2] (out)
                                  1.13   data arrival time

                          0.00    0.00   clock clk (rise edge)
                          0.00    0.00   clock network delay (propagated)
                          0.25    0.25   clock uncertainty
                          0.00    0.25   clock reconvergence pessimism
                         -4.00   -3.75   output external delay
                                 -3.75   data required time
-----------------------------------------------------------------------------
                                 -3.75   data required time
                                 -1.13   data arrival time
-----------------------------------------------------------------------------
                                  4.88   slack (MET)


Startpoint: _413_ (rising edge-triggered flip-flop clocked by clk)
Endpoint: last_opcode_out[6] (output port clocked by clk)
Path Group: clk
Path Type: min

Fanout     Cap    Slew   Delay    Time   Description
-----------------------------------------------------------------------------
                          0.00    0.00   clock clk (rise edge)
                          0.00    0.00   clock source latency
                  0.20    0.14    0.14 ^ clk (in)
     1    0.04                           clk (net)
                  0.20    0.00    0.14 ^ clkbuf_0_clk/A (sky130_fd_sc_hd__clkbuf_16)
                  0.04    0.17    0.30 ^ clkbuf_0_clk/X (sky130_fd_sc_hd__clkbuf_16)
     2    0.02                           clknet_0_clk (net)
                  0.04    0.00    0.30 ^ clkbuf_1_0__f_clk/A (sky130_fd_sc_hd__clkbuf_16)
                  0.06    0.14    0.44 ^ clkbuf_1_0__f_clk/X (sky130_fd_sc_hd__clkbuf_16)
    14    0.04                           clknet_1_0__leaf_clk (net)
                  0.06    0.00    0.44 ^ _413_/CLK (sky130_fd_sc_hd__dfrtp_4)
                  0.17    0.49    0.93 ^ _413_/Q (sky130_fd_sc_hd__dfrtp_4)
     3    0.05                           net27 (net)
                  0.17    0.01    0.94 ^ output27/A (sky130_fd_sc_hd__clkbuf_4)
                  0.12    0.22    1.16 ^ output27/X (sky130_fd_sc_hd__clkbuf_4)
     1    0.04                           last_opcode_out[6] (net)
                  0.12    0.00    1.16 ^ last_opcode_out[6] (out)
                                  1.16   data arrival time

                          0.00    0.00   clock clk (rise edge)
                          0.00    0.00   clock network delay (propagated)
                          0.25    0.25   clock uncertainty
                          0.00    0.25   clock reconvergence pessimism
                         -4.00   -3.75   output external delay
                                 -3.75   data required time
-----------------------------------------------------------------------------
                                 -3.75   data required time
                                 -1.16   data arrival time
-----------------------------------------------------------------------------
                                  4.91   slack (MET)


Startpoint: _410_ (rising edge-triggered flip-flop clocked by clk)
Endpoint: last_opcode_out[1] (output port clocked by clk)
Path Group: clk
Path Type: min

Fanout     Cap    Slew   Delay    Time   Description
-----------------------------------------------------------------------------
                          0.00    0.00   clock clk (rise edge)
                          0.00    0.00   clock source latency
                  0.20    0.14    0.14 ^ clk (in)
     1    0.04                           clk (net)
                  0.20    0.00    0.14 ^ clkbuf_0_clk/A (sky130_fd_sc_hd__clkbuf_16)
                  0.04    0.17    0.30 ^ clkbuf_0_clk/X (sky130_fd_sc_hd__clkbuf_16)
     2    0.02                           clknet_0_clk (net)
                  0.04    0.00    0.30 ^ clkbuf_1_0__f_clk/A (sky130_fd_sc_hd__clkbuf_16)
                  0.06    0.14    0.44 ^ clkbuf_1_0__f_clk/X (sky130_fd_sc_hd__clkbuf_16)
    14    0.04                           clknet_1_0__leaf_clk (net)
                  0.06    0.00    0.44 ^ _410_/CLK (sky130_fd_sc_hd__dfrtp_4)
                  0.17    0.49    0.93 ^ _410_/Q (sky130_fd_sc_hd__dfrtp_4)
     3    0.05                           net23 (net)
                  0.17    0.00    0.94 ^ output23/A (sky130_fd_sc_hd__buf_2)
                  0.17    0.23    1.17 ^ output23/X (sky130_fd_sc_hd__buf_2)
     1    0.03                           last_opcode_out[1] (net)
                  0.17    0.00    1.17 ^ last_opcode_out[1] (out)
                                  1.17   data arrival time

                          0.00    0.00   clock clk (rise edge)
                          0.00    0.00   clock network delay (propagated)
                          0.25    0.25   clock uncertainty
                          0.00    0.25   clock reconvergence pessimism
                         -4.00   -3.75   output external delay
                                 -3.75   data required time
-----------------------------------------------------------------------------
                                 -3.75   data required time
                                 -1.17   data arrival time
-----------------------------------------------------------------------------
                                  4.92   slack (MET)


Startpoint: _413_ (rising edge-triggered flip-flop clocked by clk)
Endpoint: last_opcode_out[4] (output port clocked by clk)
Path Group: clk
Path Type: min

Fanout     Cap    Slew   Delay    Time   Description
-----------------------------------------------------------------------------
                          0.00    0.00   clock clk (rise edge)
                          0.00    0.00   clock source latency
                  0.20    0.14    0.14 ^ clk (in)
     1    0.04                           clk (net)
                  0.20    0.00    0.14 ^ clkbuf_0_clk/A (sky130_fd_sc_hd__clkbuf_16)
                  0.04    0.17    0.30 ^ clkbuf_0_clk/X (sky130_fd_sc_hd__clkbuf_16)
     2    0.02                           clknet_0_clk (net)
                  0.04    0.00    0.30 ^ clkbuf_1_0__f_clk/A (sky130_fd_sc_hd__clkbuf_16)
                  0.06    0.14    0.44 ^ clkbuf_1_0__f_clk/X (sky130_fd_sc_hd__clkbuf_16)
    14    0.04                           clknet_1_0__leaf_clk (net)
                  0.06    0.00    0.44 ^ _413_/CLK (sky130_fd_sc_hd__dfrtp_4)
                  0.17    0.49    0.93 ^ _413_/Q (sky130_fd_sc_hd__dfrtp_4)
     3    0.05                           net27 (net)
                  0.17    0.00    0.93 ^ _428_/A (sky130_fd_sc_hd__clkbuf_1)
                  0.05    0.11    1.04 ^ _428_/X (sky130_fd_sc_hd__clkbuf_1)
     1    0.00                           net26 (net)
                  0.05    0.00    1.04 ^ output26/A (sky130_fd_sc_hd__clkbuf_4)
                  0.11    0.18    1.22 ^ output26/X (sky130_fd_sc_hd__clkbuf_4)
     1    0.03                           last_opcode_out[4] (net)
                  0.11    0.00    1.22 ^ last_opcode_out[4] (out)
                                  1.22   data arrival time

                          0.00    0.00   clock clk (rise edge)
                          0.00    0.00   clock network delay (propagated)
                          0.25    0.25   clock uncertainty
                          0.00    0.25   clock reconvergence pessimism
                         -4.00   -3.75   output external delay
                                 -3.75   data required time
-----------------------------------------------------------------------------
                                 -3.75   data required time
                                 -1.22   data arrival time
-----------------------------------------------------------------------------
                                  4.97   slack (MET)


Startpoint: _410_ (rising edge-triggered flip-flop clocked by clk)
Endpoint: last_opcode_out[0] (output port clocked by clk)
Path Group: clk
Path Type: min

Fanout     Cap    Slew   Delay    Time   Description
-----------------------------------------------------------------------------
                          0.00    0.00   clock clk (rise edge)
                          0.00    0.00   clock source latency
                  0.20    0.14    0.14 ^ clk (in)
     1    0.04                           clk (net)
                  0.20    0.00    0.14 ^ clkbuf_0_clk/A (sky130_fd_sc_hd__clkbuf_16)
                  0.04    0.17    0.30 ^ clkbuf_0_clk/X (sky130_fd_sc_hd__clkbuf_16)
     2    0.02                           clknet_0_clk (net)
                  0.04    0.00    0.30 ^ clkbuf_1_0__f_clk/A (sky130_fd_sc_hd__clkbuf_16)
                  0.06    0.14    0.44 ^ clkbuf_1_0__f_clk/X (sky130_fd_sc_hd__clkbuf_16)
    14    0.04                           clknet_1_0__leaf_clk (net)
                  0.06    0.00    0.44 ^ _410_/CLK (sky130_fd_sc_hd__dfrtp_4)
                  0.17    0.49    0.93 ^ _410_/Q (sky130_fd_sc_hd__dfrtp_4)
     3    0.05                           net23 (net)
                  0.17    0.00    0.94 ^ _427_/A (sky130_fd_sc_hd__clkbuf_1)
                  0.04    0.10    1.04 ^ _427_/X (sky130_fd_sc_hd__clkbuf_1)
     1    0.00                           net22 (net)
                  0.04    0.00    1.04 ^ output22/A (sky130_fd_sc_hd__buf_2)
                  0.17    0.19    1.23 ^ output22/X (sky130_fd_sc_hd__buf_2)
     1    0.03                           last_opcode_out[0] (net)
                  0.17    0.00    1.23 ^ last_opcode_out[0] (out)
                                  1.23   data arrival time

                          0.00    0.00   clock clk (rise edge)
                          0.00    0.00   clock network delay (propagated)
                          0.25    0.25   clock uncertainty
                          0.00    0.25   clock reconvergence pessimism
                         -4.00   -3.75   output external delay
                                 -3.75   data required time
-----------------------------------------------------------------------------
                                 -3.75   data required time
                                 -1.23   data arrival time
-----------------------------------------------------------------------------
                                  4.98   slack (MET)



min_report_end
max_report

===========================================================================
report_checks -path_delay max (Setup)
============================================================================
======================= Typical Corner ===================================

Startpoint: _413_ (rising edge-triggered flip-flop clocked by clk)
Endpoint: last_opcode_out[4] (output port clocked by clk)
Path Group: clk
Path Type: max

Fanout     Cap    Slew   Delay    Time   Description
-----------------------------------------------------------------------------
                          0.00    0.00   clock clk (rise edge)
                          0.00    0.00   clock source latency
                  0.20    0.15    0.15 ^ clk (in)
     1    0.04                           clk (net)
                  0.20    0.00    0.15 ^ clkbuf_0_clk/A (sky130_fd_sc_hd__clkbuf_16)
                  0.04    0.19    0.34 ^ clkbuf_0_clk/X (sky130_fd_sc_hd__clkbuf_16)
     2    0.02                           clknet_0_clk (net)
                  0.04    0.00    0.34 ^ clkbuf_1_0__f_clk/A (sky130_fd_sc_hd__clkbuf_16)
                  0.06    0.15    0.49 ^ clkbuf_1_0__f_clk/X (sky130_fd_sc_hd__clkbuf_16)
    14    0.04                           clknet_1_0__leaf_clk (net)
                  0.06    0.00    0.49 ^ _413_/CLK (sky130_fd_sc_hd__dfrtp_4)
                  0.12    0.59    1.08 v _413_/Q (sky130_fd_sc_hd__dfrtp_4)
     3    0.05                           net27 (net)
                  0.12    0.00    1.08 v _428_/A (sky130_fd_sc_hd__clkbuf_1)
                  0.03    0.13    1.21 v _428_/X (sky130_fd_sc_hd__clkbuf_1)
     1    0.00                           net26 (net)
                  0.03    0.00    1.21 v output26/A (sky130_fd_sc_hd__clkbuf_4)
                  0.08    0.19    1.39 v output26/X (sky130_fd_sc_hd__clkbuf_4)
     1    0.03                           last_opcode_out[4] (net)
                  0.08    0.00    1.39 v last_opcode_out[4] (out)
                                  1.39   data arrival time

                         20.00   20.00   clock clk (rise edge)
                          0.00   20.00   clock network delay (propagated)
                         -0.25   19.75   clock uncertainty
                          0.00   19.75   clock reconvergence pessimism
                         -4.00   15.75   output external delay
                                 15.75   data required time
-----------------------------------------------------------------------------
                                 15.75   data required time
                                 -1.39   data arrival time
-----------------------------------------------------------------------------
                                 14.36   slack (MET)


Startpoint: _410_ (rising edge-triggered flip-flop clocked by clk)
Endpoint: last_opcode_out[0] (output port clocked by clk)
Path Group: clk
Path Type: max

Fanout     Cap    Slew   Delay    Time   Description
-----------------------------------------------------------------------------
                          0.00    0.00   clock clk (rise edge)
                          0.00    0.00   clock source latency
                  0.20    0.15    0.15 ^ clk (in)
     1    0.04                           clk (net)
                  0.20    0.00    0.15 ^ clkbuf_0_clk/A (sky130_fd_sc_hd__clkbuf_16)
                  0.04    0.19    0.34 ^ clkbuf_0_clk/X (sky130_fd_sc_hd__clkbuf_16)
     2    0.02                           clknet_0_clk (net)
                  0.04    0.00    0.34 ^ clkbuf_1_0__f_clk/A (sky130_fd_sc_hd__clkbuf_16)
                  0.06    0.15    0.49 ^ clkbuf_1_0__f_clk/X (sky130_fd_sc_hd__clkbuf_16)
    14    0.04                           clknet_1_0__leaf_clk (net)
                  0.06    0.00    0.49 ^ _410_/CLK (sky130_fd_sc_hd__dfrtp_4)
                  0.12    0.59    1.08 v _410_/Q (sky130_fd_sc_hd__dfrtp_4)
     3    0.05                           net23 (net)
                  0.12    0.00    1.08 v _427_/A (sky130_fd_sc_hd__clkbuf_1)
                  0.03    0.12    1.21 v _427_/X (sky130_fd_sc_hd__clkbuf_1)
     1    0.00                           net22 (net)
                  0.03    0.00    1.21 v output22/A (sky130_fd_sc_hd__buf_2)
                  0.09    0.18    1.39 v output22/X (sky130_fd_sc_hd__buf_2)
     1    0.03                           last_opcode_out[0] (net)
                  0.09    0.00    1.39 v last_opcode_out[0] (out)
                                  1.39   data arrival time

                         20.00   20.00   clock clk (rise edge)
                          0.00   20.00   clock network delay (propagated)
                         -0.25   19.75   clock uncertainty
                          0.00   19.75   clock reconvergence pessimism
                         -4.00   15.75   output external delay
                                 15.75   data required time
-----------------------------------------------------------------------------
                                 15.75   data required time
                                 -1.39   data arrival time
-----------------------------------------------------------------------------
                                 14.36   slack (MET)


Startpoint: _413_ (rising edge-triggered flip-flop clocked by clk)
Endpoint: last_opcode_out[6] (output port clocked by clk)
Path Group: clk
Path Type: max

Fanout     Cap    Slew   Delay    Time   Description
-----------------------------------------------------------------------------
                          0.00    0.00   clock clk (rise edge)
                          0.00    0.00   clock source latency
                  0.20    0.15    0.15 ^ clk (in)
     1    0.04                           clk (net)
                  0.20    0.00    0.15 ^ clkbuf_0_clk/A (sky130_fd_sc_hd__clkbuf_16)
                  0.04    0.19    0.34 ^ clkbuf_0_clk/X (sky130_fd_sc_hd__clkbuf_16)
     2    0.02                           clknet_0_clk (net)
                  0.04    0.00    0.34 ^ clkbuf_1_0__f_clk/A (sky130_fd_sc_hd__clkbuf_16)
                  0.06    0.15    0.49 ^ clkbuf_1_0__f_clk/X (sky130_fd_sc_hd__clkbuf_16)
    14    0.04                           clknet_1_0__leaf_clk (net)
                  0.06    0.00    0.49 ^ _413_/CLK (sky130_fd_sc_hd__dfrtp_4)
                  0.12    0.59    1.08 v _413_/Q (sky130_fd_sc_hd__dfrtp_4)
     3    0.05                           net27 (net)
                  0.12    0.01    1.08 v output27/A (sky130_fd_sc_hd__clkbuf_4)
                  0.08    0.23    1.31 v output27/X (sky130_fd_sc_hd__clkbuf_4)
     1    0.04                           last_opcode_out[6] (net)
                  0.08    0.00    1.31 v last_opcode_out[6] (out)
                                  1.31   data arrival time

                         20.00   20.00   clock clk (rise edge)
                          0.00   20.00   clock network delay (propagated)
                         -0.25   19.75   clock uncertainty
                          0.00   19.75   clock reconvergence pessimism
                         -4.00   15.75   output external delay
                                 15.75   data required time
-----------------------------------------------------------------------------
                                 15.75   data required time
                                 -1.31   data arrival time
-----------------------------------------------------------------------------
                                 14.44   slack (MET)


Startpoint: _410_ (rising edge-triggered flip-flop clocked by clk)
Endpoint: last_opcode_out[1] (output port clocked by clk)
Path Group: clk
Path Type: max

Fanout     Cap    Slew   Delay    Time   Description
-----------------------------------------------------------------------------
                          0.00    0.00   clock clk (rise edge)
                          0.00    0.00   clock source latency
                  0.20    0.15    0.15 ^ clk (in)
     1    0.04                           clk (net)
                  0.20    0.00    0.15 ^ clkbuf_0_clk/A (sky130_fd_sc_hd__clkbuf_16)
                  0.04    0.19    0.34 ^ clkbuf_0_clk/X (sky130_fd_sc_hd__clkbuf_16)
     2    0.02                           clknet_0_clk (net)
                  0.04    0.00    0.34 ^ clkbuf_1_0__f_clk/A (sky130_fd_sc_hd__clkbuf_16)
                  0.06    0.15    0.49 ^ clkbuf_1_0__f_clk/X (sky130_fd_sc_hd__clkbuf_16)
    14    0.04                           clknet_1_0__leaf_clk (net)
                  0.06    0.00    0.49 ^ _410_/CLK (sky130_fd_sc_hd__dfrtp_4)
                  0.12    0.59    1.08 v _410_/Q (sky130_fd_sc_hd__dfrtp_4)
     3    0.05                           net23 (net)
                  0.12    0.00    1.08 v output23/A (sky130_fd_sc_hd__buf_2)
                  0.09    0.23    1.31 v output23/X (sky130_fd_sc_hd__buf_2)
     1    0.03                           last_opcode_out[1] (net)
                  0.09    0.00    1.31 v last_opcode_out[1] (out)
                                  1.31   data arrival time

                         20.00   20.00   clock clk (rise edge)
                          0.00   20.00   clock network delay (propagated)
                         -0.25   19.75   clock uncertainty
                          0.00   19.75   clock reconvergence pessimism
                         -4.00   15.75   output external delay
                                 15.75   data required time
-----------------------------------------------------------------------------
                                 15.75   data required time
                                 -1.31   data arrival time
-----------------------------------------------------------------------------
                                 14.44   slack (MET)


Startpoint: _404_ (rising edge-triggered flip-flop clocked by clk)
Endpoint: A_out[2] (output port clocked by clk)
Path Group: clk
Path Type: max

Fanout     Cap    Slew   Delay    Time   Description
-----------------------------------------------------------------------------
                          0.00    0.00   clock clk (rise edge)
                          0.00    0.00   clock source latency
                  0.20    0.15    0.15 ^ clk (in)
     1    0.04                           clk (net)
                  0.20    0.00    0.15 ^ clkbuf_0_clk/A (sky130_fd_sc_hd__clkbuf_16)
                  0.04    0.19    0.34 ^ clkbuf_0_clk/X (sky130_fd_sc_hd__clkbuf_16)
     2    0.02                           clknet_0_clk (net)
                  0.04    0.00    0.34 ^ clkbuf_1_1__f_clk/A (sky130_fd_sc_hd__clkbuf_16)
                  0.06    0.15    0.49 ^ clkbuf_1_1__f_clk/X (sky130_fd_sc_hd__clkbuf_16)
    14    0.04                           clknet_1_1__leaf_clk (net)
                  0.06    0.00    0.49 ^ _404_/CLK (sky130_fd_sc_hd__dfrtp_4)
                  0.11    0.57    1.05 v _404_/Q (sky130_fd_sc_hd__dfrtp_4)
     4    0.04                           net4 (net)
                  0.11    0.00    1.06 v output4/A (sky130_fd_sc_hd__buf_2)
                  0.09    0.22    1.28 v output4/X (sky130_fd_sc_hd__buf_2)
     1    0.03                           A_out[2] (net)
                  0.09    0.00    1.28 v A_out[2] (out)
                                  1.28   data arrival time

                         20.00   20.00   clock clk (rise edge)
                          0.00   20.00   clock network delay (propagated)
                         -0.25   19.75   clock uncertainty
                          0.00   19.75   clock reconvergence pessimism
                         -4.00   15.75   output external delay
                                 15.75   data required time
-----------------------------------------------------------------------------
                                 15.75   data required time
                                 -1.28   data arrival time
-----------------------------------------------------------------------------
                                 14.47   slack (MET)


Startpoint: _422_ (rising edge-triggered flip-flop clocked by clk)
Endpoint: B_out[4] (output port clocked by clk)
Path Group: clk
Path Type: max

Fanout     Cap    Slew   Delay    Time   Description
-----------------------------------------------------------------------------
                          0.00    0.00   clock clk (rise edge)
                          0.00    0.00   clock source latency
                  0.20    0.15    0.15 ^ clk (in)
     1    0.04                           clk (net)
                  0.20    0.00    0.15 ^ clkbuf_0_clk/A (sky130_fd_sc_hd__clkbuf_16)
                  0.04    0.19    0.34 ^ clkbuf_0_clk/X (sky130_fd_sc_hd__clkbuf_16)
     2    0.02                           clknet_0_clk (net)
                  0.04    0.00    0.34 ^ clkbuf_1_0__f_clk/A (sky130_fd_sc_hd__clkbuf_16)
                  0.06    0.15    0.49 ^ clkbuf_1_0__f_clk/X (sky130_fd_sc_hd__clkbuf_16)
    14    0.04                           clknet_1_0__leaf_clk (net)
                  0.06    0.00    0.49 ^ _422_/CLK (sky130_fd_sc_hd__dfrtp_4)
                  0.10    0.56    1.05 v _422_/Q (sky130_fd_sc_hd__dfrtp_4)
     5    0.04                           net14 (net)
                  0.11    0.00    1.06 v output14/A (sky130_fd_sc_hd__clkbuf_4)
                  0.08    0.22    1.28 v output14/X (sky130_fd_sc_hd__clkbuf_4)
     1    0.03                           B_out[4] (net)
                  0.08    0.00    1.28 v B_out[4] (out)
                                  1.28   data arrival time

                         20.00   20.00   clock clk (rise edge)
                          0.00   20.00   clock network delay (propagated)
                         -0.25   19.75   clock uncertainty
                          0.00   19.75   clock reconvergence pessimism
                         -4.00   15.75   output external delay
                                 15.75   data required time
-----------------------------------------------------------------------------
                                 15.75   data required time
                                 -1.28   data arrival time
-----------------------------------------------------------------------------
                                 14.47   slack (MET)


Startpoint: _418_ (rising edge-triggered flip-flop clocked by clk)
Endpoint: B_out[0] (output port clocked by clk)
Path Group: clk
Path Type: max

Fanout     Cap    Slew   Delay    Time   Description
-----------------------------------------------------------------------------
                          0.00    0.00   clock clk (rise edge)
                          0.00    0.00   clock source latency
                  0.20    0.15    0.15 ^ clk (in)
     1    0.04                           clk (net)
                  0.20    0.00    0.15 ^ clkbuf_0_clk/A (sky130_fd_sc_hd__clkbuf_16)
                  0.04    0.19    0.34 ^ clkbuf_0_clk/X (sky130_fd_sc_hd__clkbuf_16)
     2    0.02                           clknet_0_clk (net)
                  0.04    0.00    0.34 ^ clkbuf_1_1__f_clk/A (sky130_fd_sc_hd__clkbuf_16)
                  0.06    0.15    0.49 ^ clkbuf_1_1__f_clk/X (sky130_fd_sc_hd__clkbuf_16)
    14    0.04                           clknet_1_1__leaf_clk (net)
                  0.06    0.00    0.49 ^ _418_/CLK (sky130_fd_sc_hd__dfrtp_4)
                  0.10    0.56    1.05 v _418_/Q (sky130_fd_sc_hd__dfrtp_4)
     5    0.04                           net10 (net)
                  0.10    0.00    1.05 v output10/A (sky130_fd_sc_hd__clkbuf_4)
                  0.08    0.22    1.27 v output10/X (sky130_fd_sc_hd__clkbuf_4)
     1    0.03                           B_out[0] (net)
                  0.08    0.00    1.27 v B_out[0] (out)
                                  1.27   data arrival time

                         20.00   20.00   clock clk (rise edge)
                          0.00   20.00   clock network delay (propagated)
                         -0.25   19.75   clock uncertainty
                          0.00   19.75   clock reconvergence pessimism
                         -4.00   15.75   output external delay
                                 15.75   data required time
-----------------------------------------------------------------------------
                                 15.75   data required time
                                 -1.27   data arrival time
-----------------------------------------------------------------------------
                                 14.48   slack (MET)


Startpoint: _420_ (rising edge-triggered flip-flop clocked by clk)
Endpoint: B_out[2] (output port clocked by clk)
Path Group: clk
Path Type: max

Fanout     Cap    Slew   Delay    Time   Description
-----------------------------------------------------------------------------
                          0.00    0.00   clock clk (rise edge)
                          0.00    0.00   clock source latency
                  0.20    0.15    0.15 ^ clk (in)
     1    0.04                           clk (net)
                  0.20    0.00    0.15 ^ clkbuf_0_clk/A (sky130_fd_sc_hd__clkbuf_16)
                  0.04    0.19    0.34 ^ clkbuf_0_clk/X (sky130_fd_sc_hd__clkbuf_16)
     2    0.02                           clknet_0_clk (net)
                  0.04    0.00    0.34 ^ clkbuf_1_1__f_clk/A (sky130_fd_sc_hd__clkbuf_16)
                  0.06    0.15    0.49 ^ clkbuf_1_1__f_clk/X (sky130_fd_sc_hd__clkbuf_16)
    14    0.04                           clknet_1_1__leaf_clk (net)
                  0.06    0.00    0.49 ^ _420_/CLK (sky130_fd_sc_hd__dfrtp_4)
                  0.10    0.56    1.05 v _420_/Q (sky130_fd_sc_hd__dfrtp_4)
     4    0.04                           net12 (net)
                  0.10    0.00    1.05 v output12/A (sky130_fd_sc_hd__buf_2)
                  0.09    0.22    1.27 v output12/X (sky130_fd_sc_hd__buf_2)
     1    0.03                           B_out[2] (net)
                  0.09    0.00    1.27 v B_out[2] (out)
                                  1.27   data arrival time

                         20.00   20.00   clock clk (rise edge)
                          0.00   20.00   clock network delay (propagated)
                         -0.25   19.75   clock uncertainty
                          0.00   19.75   clock reconvergence pessimism
                         -4.00   15.75   output external delay
                                 15.75   data required time
-----------------------------------------------------------------------------
                                 15.75   data required time
                                 -1.27   data arrival time
-----------------------------------------------------------------------------
                                 14.48   slack (MET)


Startpoint: _407_ (rising edge-triggered flip-flop clocked by clk)
Endpoint: A_out[5] (output port clocked by clk)
Path Group: clk
Path Type: max

Fanout     Cap    Slew   Delay    Time   Description
-----------------------------------------------------------------------------
                          0.00    0.00   clock clk (rise edge)
                          0.00    0.00   clock source latency
                  0.20    0.15    0.15 ^ clk (in)
     1    0.04                           clk (net)
                  0.20    0.00    0.15 ^ clkbuf_0_clk/A (sky130_fd_sc_hd__clkbuf_16)
                  0.04    0.19    0.34 ^ clkbuf_0_clk/X (sky130_fd_sc_hd__clkbuf_16)
     2    0.02                           clknet_0_clk (net)
                  0.04    0.00    0.34 ^ clkbuf_1_0__f_clk/A (sky130_fd_sc_hd__clkbuf_16)
                  0.06    0.15    0.49 ^ clkbuf_1_0__f_clk/X (sky130_fd_sc_hd__clkbuf_16)
    14    0.04                           clknet_1_0__leaf_clk (net)
                  0.06    0.00    0.49 ^ _407_/CLK (sky130_fd_sc_hd__dfrtp_4)
                  0.10    0.56    1.05 v _407_/Q (sky130_fd_sc_hd__dfrtp_4)
     3    0.04                           net7 (net)
                  0.10    0.01    1.05 v output7/A (sky130_fd_sc_hd__clkbuf_4)
                  0.08    0.22    1.27 v output7/X (sky130_fd_sc_hd__clkbuf_4)
     1    0.03                           A_out[5] (net)
                  0.08    0.00    1.27 v A_out[5] (out)
                                  1.27   data arrival time

                         20.00   20.00   clock clk (rise edge)
                          0.00   20.00   clock network delay (propagated)
                         -0.25   19.75   clock uncertainty
                          0.00   19.75   clock reconvergence pessimism
                         -4.00   15.75   output external delay
                                 15.75   data required time
-----------------------------------------------------------------------------
                                 15.75   data required time
                                 -1.27   data arrival time
-----------------------------------------------------------------------------
                                 14.48   slack (MET)


Startpoint: _403_ (rising edge-triggered flip-flop clocked by clk)
Endpoint: A_out[1] (output port clocked by clk)
Path Group: clk
Path Type: max

Fanout     Cap    Slew   Delay    Time   Description
-----------------------------------------------------------------------------
                          0.00    0.00   clock clk (rise edge)
                          0.00    0.00   clock source latency
                  0.20    0.15    0.15 ^ clk (in)
     1    0.04                           clk (net)
                  0.20    0.00    0.15 ^ clkbuf_0_clk/A (sky130_fd_sc_hd__clkbuf_16)
                  0.04    0.19    0.34 ^ clkbuf_0_clk/X (sky130_fd_sc_hd__clkbuf_16)
     2    0.02                           clknet_0_clk (net)
                  0.04    0.00    0.34 ^ clkbuf_1_1__f_clk/A (sky130_fd_sc_hd__clkbuf_16)
                  0.06    0.15    0.49 ^ clkbuf_1_1__f_clk/X (sky130_fd_sc_hd__clkbuf_16)
    14    0.04                           clknet_1_1__leaf_clk (net)
                  0.06    0.00    0.49 ^ _403_/CLK (sky130_fd_sc_hd__dfrtp_4)
                  0.10    0.56    1.05 v _403_/Q (sky130_fd_sc_hd__dfrtp_4)
     3    0.04                           net3 (net)
                  0.10    0.01    1.05 v output3/A (sky130_fd_sc_hd__buf_2)
                  0.09    0.22    1.27 v output3/X (sky130_fd_sc_hd__buf_2)
     1    0.03                           A_out[1] (net)
                  0.09    0.00    1.27 v A_out[1] (out)
                                  1.27   data arrival time

                         20.00   20.00   clock clk (rise edge)
                          0.00   20.00   clock network delay (propagated)
                         -0.25   19.75   clock uncertainty
                          0.00   19.75   clock reconvergence pessimism
                         -4.00   15.75   output external delay
                                 15.75   data required time
-----------------------------------------------------------------------------
                                 15.75   data required time
                                 -1.27   data arrival time
-----------------------------------------------------------------------------
                                 14.48   slack (MET)


Startpoint: _419_ (rising edge-triggered flip-flop clocked by clk)
Endpoint: B_out[1] (output port clocked by clk)
Path Group: clk
Path Type: max

Fanout     Cap    Slew   Delay    Time   Description
-----------------------------------------------------------------------------
                          0.00    0.00   clock clk (rise edge)
                          0.00    0.00   clock source latency
                  0.20    0.15    0.15 ^ clk (in)
     1    0.04                           clk (net)
                  0.20    0.00    0.15 ^ clkbuf_0_clk/A (sky130_fd_sc_hd__clkbuf_16)
                  0.04    0.19    0.34 ^ clkbuf_0_clk/X (sky130_fd_sc_hd__clkbuf_16)
     2    0.02                           clknet_0_clk (net)
                  0.04    0.00    0.34 ^ clkbuf_1_1__f_clk/A (sky130_fd_sc_hd__clkbuf_16)
                  0.06    0.15    0.49 ^ clkbuf_1_1__f_clk/X (sky130_fd_sc_hd__clkbuf_16)
    14    0.04                           clknet_1_1__leaf_clk (net)
                  0.06    0.00    0.49 ^ _419_/CLK (sky130_fd_sc_hd__dfrtp_4)
                  0.10    0.56    1.04 v _419_/Q (sky130_fd_sc_hd__dfrtp_4)
     4    0.03                           net11 (net)
                  0.10    0.00    1.05 v output11/A (sky130_fd_sc_hd__clkbuf_4)
                  0.08    0.22    1.27 v output11/X (sky130_fd_sc_hd__clkbuf_4)
     1    0.03                           B_out[1] (net)
                  0.08    0.00    1.27 v B_out[1] (out)
                                  1.27   data arrival time

                         20.00   20.00   clock clk (rise edge)
                          0.00   20.00   clock network delay (propagated)
                         -0.25   19.75   clock uncertainty
                          0.00   19.75   clock reconvergence pessimism
                         -4.00   15.75   output external delay
                                 15.75   data required time
-----------------------------------------------------------------------------
                                 15.75   data required time
                                 -1.27   data arrival time
-----------------------------------------------------------------------------
                                 14.48   slack (MET)


Startpoint: _424_ (rising edge-triggered flip-flop clocked by clk)
Endpoint: B_out[6] (output port clocked by clk)
Path Group: clk
Path Type: max

Fanout     Cap    Slew   Delay    Time   Description
-----------------------------------------------------------------------------
                          0.00    0.00   clock clk (rise edge)
                          0.00    0.00   clock source latency
                  0.20    0.15    0.15 ^ clk (in)
     1    0.04                           clk (net)
                  0.20    0.00    0.15 ^ clkbuf_0_clk/A (sky130_fd_sc_hd__clkbuf_16)
                  0.04    0.19    0.34 ^ clkbuf_0_clk/X (sky130_fd_sc_hd__clkbuf_16)
     2    0.02                           clknet_0_clk (net)
                  0.04    0.00    0.34 ^ clkbuf_1_0__f_clk/A (sky130_fd_sc_hd__clkbuf_16)
                  0.06    0.15    0.49 ^ clkbuf_1_0__f_clk/X (sky130_fd_sc_hd__clkbuf_16)
    14    0.04                           clknet_1_0__leaf_clk (net)
                  0.06    0.00    0.49 ^ _424_/CLK (sky130_fd_sc_hd__dfrtp_4)
                  0.10    0.55    1.04 v _424_/Q (sky130_fd_sc_hd__dfrtp_4)
     6    0.03                           net16 (net)
                  0.10    0.00    1.04 v output16/A (sky130_fd_sc_hd__buf_2)
                  0.09    0.21    1.26 v output16/X (sky130_fd_sc_hd__buf_2)
     1    0.03                           B_out[6] (net)
                  0.09    0.00    1.26 v B_out[6] (out)
                                  1.26   data arrival time

                         20.00   20.00   clock clk (rise edge)
                          0.00   20.00   clock network delay (propagated)
                         -0.25   19.75   clock uncertainty
                          0.00   19.75   clock reconvergence pessimism
                         -4.00   15.75   output external delay
                                 15.75   data required time
-----------------------------------------------------------------------------
                                 15.75   data required time
                                 -1.26   data arrival time
-----------------------------------------------------------------------------
                                 14.49   slack (MET)


Startpoint: _425_ (rising edge-triggered flip-flop clocked by clk)
Endpoint: B_out[7] (output port clocked by clk)
Path Group: clk
Path Type: max

Fanout     Cap    Slew   Delay    Time   Description
-----------------------------------------------------------------------------
                          0.00    0.00   clock clk (rise edge)
                          0.00    0.00   clock source latency
                  0.20    0.15    0.15 ^ clk (in)
     1    0.04                           clk (net)
                  0.20    0.00    0.15 ^ clkbuf_0_clk/A (sky130_fd_sc_hd__clkbuf_16)
                  0.04    0.19    0.34 ^ clkbuf_0_clk/X (sky130_fd_sc_hd__clkbuf_16)
     2    0.02                           clknet_0_clk (net)
                  0.04    0.00    0.34 ^ clkbuf_1_0__f_clk/A (sky130_fd_sc_hd__clkbuf_16)
                  0.06    0.15    0.49 ^ clkbuf_1_0__f_clk/X (sky130_fd_sc_hd__clkbuf_16)
    14    0.04                           clknet_1_0__leaf_clk (net)
                  0.06    0.00    0.49 ^ _425_/CLK (sky130_fd_sc_hd__dfrtp_4)
                  0.09    0.55    1.04 v _425_/Q (sky130_fd_sc_hd__dfrtp_4)
     3    0.03                           net17 (net)
                  0.09    0.00    1.04 v output17/A (sky130_fd_sc_hd__clkbuf_4)
                  0.08    0.21    1.25 v output17/X (sky130_fd_sc_hd__clkbuf_4)
     1    0.03                           B_out[7] (net)
                  0.08    0.00    1.25 v B_out[7] (out)
                                  1.25   data arrival time

                         20.00   20.00   clock clk (rise edge)
                          0.00   20.00   clock network delay (propagated)
                         -0.25   19.75   clock uncertainty
                          0.00   19.75   clock reconvergence pessimism
                         -4.00   15.75   output external delay
                                 15.75   data required time
-----------------------------------------------------------------------------
                                 15.75   data required time
                                 -1.25   data arrival time
-----------------------------------------------------------------------------
                                 14.50   slack (MET)


Startpoint: _405_ (rising edge-triggered flip-flop clocked by clk)
Endpoint: A_out[3] (output port clocked by clk)
Path Group: clk
Path Type: max

Fanout     Cap    Slew   Delay    Time   Description
-----------------------------------------------------------------------------
                          0.00    0.00   clock clk (rise edge)
                          0.00    0.00   clock source latency
                  0.20    0.15    0.15 ^ clk (in)
     1    0.04                           clk (net)
                  0.20    0.00    0.15 ^ clkbuf_0_clk/A (sky130_fd_sc_hd__clkbuf_16)
                  0.04    0.19    0.34 ^ clkbuf_0_clk/X (sky130_fd_sc_hd__clkbuf_16)
     2    0.02                           clknet_0_clk (net)
                  0.04    0.00    0.34 ^ clkbuf_1_1__f_clk/A (sky130_fd_sc_hd__clkbuf_16)
                  0.06    0.15    0.49 ^ clkbuf_1_1__f_clk/X (sky130_fd_sc_hd__clkbuf_16)
    14    0.04                           clknet_1_1__leaf_clk (net)
                  0.06    0.00    0.49 ^ _405_/CLK (sky130_fd_sc_hd__dfrtp_4)
                  0.09    0.55    1.03 v _405_/Q (sky130_fd_sc_hd__dfrtp_4)
     3    0.03                           net5 (net)
                  0.09    0.00    1.04 v output5/A (sky130_fd_sc_hd__clkbuf_4)
                  0.08    0.21    1.25 v output5/X (sky130_fd_sc_hd__clkbuf_4)
     1    0.03                           A_out[3] (net)
                  0.08    0.00    1.25 v A_out[3] (out)
                                  1.25   data arrival time

                         20.00   20.00   clock clk (rise edge)
                          0.00   20.00   clock network delay (propagated)
                         -0.25   19.75   clock uncertainty
                          0.00   19.75   clock reconvergence pessimism
                         -4.00   15.75   output external delay
                                 15.75   data required time
-----------------------------------------------------------------------------
                                 15.75   data required time
                                 -1.25   data arrival time
-----------------------------------------------------------------------------
                                 14.50   slack (MET)


Startpoint: _409_ (rising edge-triggered flip-flop clocked by clk)
Endpoint: A_out[7] (output port clocked by clk)
Path Group: clk
Path Type: max

Fanout     Cap    Slew   Delay    Time   Description
-----------------------------------------------------------------------------
                          0.00    0.00   clock clk (rise edge)
                          0.00    0.00   clock source latency
                  0.20    0.15    0.15 ^ clk (in)
     1    0.04                           clk (net)
                  0.20    0.00    0.15 ^ clkbuf_0_clk/A (sky130_fd_sc_hd__clkbuf_16)
                  0.04    0.19    0.34 ^ clkbuf_0_clk/X (sky130_fd_sc_hd__clkbuf_16)
     2    0.02                           clknet_0_clk (net)
                  0.04    0.00    0.34 ^ clkbuf_1_0__f_clk/A (sky130_fd_sc_hd__clkbuf_16)
                  0.06    0.15    0.49 ^ clkbuf_1_0__f_clk/X (sky130_fd_sc_hd__clkbuf_16)
    14    0.04                           clknet_1_0__leaf_clk (net)
                  0.06    0.00    0.49 ^ _409_/CLK (sky130_fd_sc_hd__dfrtp_4)
                  0.09    0.55    1.03 v _409_/Q (sky130_fd_sc_hd__dfrtp_4)
     3    0.03                           net9 (net)
                  0.09    0.00    1.04 v output9/A (sky130_fd_sc_hd__clkbuf_4)
                  0.08    0.21    1.25 v output9/X (sky130_fd_sc_hd__clkbuf_4)
     1    0.03                           A_out[7] (net)
                  0.08    0.00    1.25 v A_out[7] (out)
                                  1.25   data arrival time

                         20.00   20.00   clock clk (rise edge)
                          0.00   20.00   clock network delay (propagated)
                         -0.25   19.75   clock uncertainty
                          0.00   19.75   clock reconvergence pessimism
                         -4.00   15.75   output external delay
                                 15.75   data required time
-----------------------------------------------------------------------------
                                 15.75   data required time
                                 -1.25   data arrival time
-----------------------------------------------------------------------------
                                 14.50   slack (MET)


Startpoint: _414_ (rising edge-triggered flip-flop clocked by clk)
Endpoint: flags_out[0] (output port clocked by clk)
Path Group: clk
Path Type: max

Fanout     Cap    Slew   Delay    Time   Description
-----------------------------------------------------------------------------
                          0.00    0.00   clock clk (rise edge)
                          0.00    0.00   clock source latency
                  0.20    0.15    0.15 ^ clk (in)
     1    0.04                           clk (net)
                  0.20    0.00    0.15 ^ clkbuf_0_clk/A (sky130_fd_sc_hd__clkbuf_16)
                  0.04    0.19    0.34 ^ clkbuf_0_clk/X (sky130_fd_sc_hd__clkbuf_16)
     2    0.02                           clknet_0_clk (net)
                  0.04    0.00    0.34 ^ clkbuf_1_0__f_clk/A (sky130_fd_sc_hd__clkbuf_16)
                  0.06    0.15    0.49 ^ clkbuf_1_0__f_clk/X (sky130_fd_sc_hd__clkbuf_16)
    14    0.04                           clknet_1_0__leaf_clk (net)
                  0.06    0.00    0.49 ^ _414_/CLK (sky130_fd_sc_hd__dfrtp_4)
                  0.09    0.55    1.03 v _414_/Q (sky130_fd_sc_hd__dfrtp_4)
     2    0.03                           net18 (net)
                  0.09    0.00    1.04 v output18/A (sky130_fd_sc_hd__clkbuf_4)
                  0.08    0.21    1.25 v output18/X (sky130_fd_sc_hd__clkbuf_4)
     1    0.03                           flags_out[0] (net)
                  0.08    0.00    1.25 v flags_out[0] (out)
                                  1.25   data arrival time

                         20.00   20.00   clock clk (rise edge)
                          0.00   20.00   clock network delay (propagated)
                         -0.25   19.75   clock uncertainty
                          0.00   19.75   clock reconvergence pessimism
                         -4.00   15.75   output external delay
                                 15.75   data required time
-----------------------------------------------------------------------------
                                 15.75   data required time
                                 -1.25   data arrival time
-----------------------------------------------------------------------------
                                 14.50   slack (MET)


Startpoint: _417_ (rising edge-triggered flip-flop clocked by clk)
Endpoint: flags_out[3] (output port clocked by clk)
Path Group: clk
Path Type: max

Fanout     Cap    Slew   Delay    Time   Description
-----------------------------------------------------------------------------
                          0.00    0.00   clock clk (rise edge)
                          0.00    0.00   clock source latency
                  0.20    0.15    0.15 ^ clk (in)
     1    0.04                           clk (net)
                  0.20    0.00    0.15 ^ clkbuf_0_clk/A (sky130_fd_sc_hd__clkbuf_16)
                  0.04    0.19    0.34 ^ clkbuf_0_clk/X (sky130_fd_sc_hd__clkbuf_16)
     2    0.02                           clknet_0_clk (net)
                  0.04    0.00    0.34 ^ clkbuf_1_0__f_clk/A (sky130_fd_sc_hd__clkbuf_16)
                  0.06    0.15    0.49 ^ clkbuf_1_0__f_clk/X (sky130_fd_sc_hd__clkbuf_16)
    14    0.04                           clknet_1_0__leaf_clk (net)
                  0.06    0.00    0.49 ^ _417_/CLK (sky130_fd_sc_hd__dfrtp_4)
                  0.09    0.54    1.03 v _417_/Q (sky130_fd_sc_hd__dfrtp_4)
     3    0.03                           net21 (net)
                  0.09    0.00    1.03 v output21/A (sky130_fd_sc_hd__clkbuf_4)
                  0.08    0.21    1.24 v output21/X (sky130_fd_sc_hd__clkbuf_4)
     1    0.03                           flags_out[3] (net)
                  0.08    0.00    1.24 v flags_out[3] (out)
                                  1.24   data arrival time

                         20.00   20.00   clock clk (rise edge)
                          0.00   20.00   clock network delay (propagated)
                         -0.25   19.75   clock uncertainty
                          0.00   19.75   clock reconvergence pessimism
                         -4.00   15.75   output external delay
                                 15.75   data required time
-----------------------------------------------------------------------------
                                 15.75   data required time
                                 -1.24   data arrival time
-----------------------------------------------------------------------------
                                 14.51   slack (MET)


Startpoint: _421_ (rising edge-triggered flip-flop clocked by clk)
Endpoint: B_out[3] (output port clocked by clk)
Path Group: clk
Path Type: max

Fanout     Cap    Slew   Delay    Time   Description
-----------------------------------------------------------------------------
                          0.00    0.00   clock clk (rise edge)
                          0.00    0.00   clock source latency
                  0.20    0.15    0.15 ^ clk (in)
     1    0.04                           clk (net)
                  0.20    0.00    0.15 ^ clkbuf_0_clk/A (sky130_fd_sc_hd__clkbuf_16)
                  0.04    0.19    0.34 ^ clkbuf_0_clk/X (sky130_fd_sc_hd__clkbuf_16)
     2    0.02                           clknet_0_clk (net)
                  0.04    0.00    0.34 ^ clkbuf_1_1__f_clk/A (sky130_fd_sc_hd__clkbuf_16)
                  0.06    0.15    0.49 ^ clkbuf_1_1__f_clk/X (sky130_fd_sc_hd__clkbuf_16)
    14    0.04                           clknet_1_1__leaf_clk (net)
                  0.06    0.00    0.49 ^ _421_/CLK (sky130_fd_sc_hd__dfrtp_4)
                  0.09    0.54    1.03 v _421_/Q (sky130_fd_sc_hd__dfrtp_4)
     4    0.03                           net13 (net)
                  0.09    0.00    1.03 v output13/A (sky130_fd_sc_hd__clkbuf_4)
                  0.08    0.21    1.24 v output13/X (sky130_fd_sc_hd__clkbuf_4)
     1    0.03                           B_out[3] (net)
                  0.08    0.00    1.24 v B_out[3] (out)
                                  1.24   data arrival time

                         20.00   20.00   clock clk (rise edge)
                          0.00   20.00   clock network delay (propagated)
                         -0.25   19.75   clock uncertainty
                          0.00   19.75   clock reconvergence pessimism
                         -4.00   15.75   output external delay
                                 15.75   data required time
-----------------------------------------------------------------------------
                                 15.75   data required time
                                 -1.24   data arrival time
-----------------------------------------------------------------------------
                                 14.51   slack (MET)


Startpoint: _423_ (rising edge-triggered flip-flop clocked by clk)
Endpoint: B_out[5] (output port clocked by clk)
Path Group: clk
Path Type: max

Fanout     Cap    Slew   Delay    Time   Description
-----------------------------------------------------------------------------
                          0.00    0.00   clock clk (rise edge)
                          0.00    0.00   clock source latency
                  0.20    0.15    0.15 ^ clk (in)
     1    0.04                           clk (net)
                  0.20    0.00    0.15 ^ clkbuf_0_clk/A (sky130_fd_sc_hd__clkbuf_16)
                  0.04    0.19    0.34 ^ clkbuf_0_clk/X (sky130_fd_sc_hd__clkbuf_16)
     2    0.02                           clknet_0_clk (net)
                  0.04    0.00    0.34 ^ clkbuf_1_0__f_clk/A (sky130_fd_sc_hd__clkbuf_16)
                  0.06    0.15    0.49 ^ clkbuf_1_0__f_clk/X (sky130_fd_sc_hd__clkbuf_16)
    14    0.04                           clknet_1_0__leaf_clk (net)
                  0.06    0.00    0.49 ^ _423_/CLK (sky130_fd_sc_hd__dfrtp_4)
                  0.09    0.54    1.03 v _423_/Q (sky130_fd_sc_hd__dfrtp_4)
     3    0.03                           net15 (net)
                  0.09    0.00    1.03 v output15/A (sky130_fd_sc_hd__buf_2)
                  0.09    0.21    1.24 v output15/X (sky130_fd_sc_hd__buf_2)
     1    0.03                           B_out[5] (net)
                  0.09    0.00    1.24 v B_out[5] (out)
                                  1.24   data arrival time

                         20.00   20.00   clock clk (rise edge)
                          0.00   20.00   clock network delay (propagated)
                         -0.25   19.75   clock uncertainty
                          0.00   19.75   clock reconvergence pessimism
                         -4.00   15.75   output external delay
                                 15.75   data required time
-----------------------------------------------------------------------------
                                 15.75   data required time
                                 -1.24   data arrival time
-----------------------------------------------------------------------------
                                 14.51   slack (MET)


Startpoint: _411_ (rising edge-triggered flip-flop clocked by clk)
Endpoint: last_opcode_out[2] (output port clocked by clk)
Path Group: clk
Path Type: max

Fanout     Cap    Slew   Delay    Time   Description
-----------------------------------------------------------------------------
                          0.00    0.00   clock clk (rise edge)
                          0.00    0.00   clock source latency
                  0.20    0.15    0.15 ^ clk (in)
     1    0.04                           clk (net)
                  0.20    0.00    0.15 ^ clkbuf_0_clk/A (sky130_fd_sc_hd__clkbuf_16)
                  0.04    0.19    0.34 ^ clkbuf_0_clk/X (sky130_fd_sc_hd__clkbuf_16)
     2    0.02                           clknet_0_clk (net)
                  0.04    0.00    0.34 ^ clkbuf_1_1__f_clk/A (sky130_fd_sc_hd__clkbuf_16)
                  0.06    0.15    0.49 ^ clkbuf_1_1__f_clk/X (sky130_fd_sc_hd__clkbuf_16)
    14    0.04                           clknet_1_1__leaf_clk (net)
                  0.06    0.00    0.49 ^ _411_/CLK (sky130_fd_sc_hd__dfrtp_4)
                  0.09    0.54    1.03 v _411_/Q (sky130_fd_sc_hd__dfrtp_4)
     2    0.03                           net24 (net)
                  0.09    0.00    1.03 v output24/A (sky130_fd_sc_hd__buf_2)
                  0.09    0.21    1.24 v output24/X (sky130_fd_sc_hd__buf_2)
     1    0.03                           last_opcode_out[2] (net)
                  0.09    0.00    1.24 v last_opcode_out[2] (out)
                                  1.24   data arrival time

                         20.00   20.00   clock clk (rise edge)
                          0.00   20.00   clock network delay (propagated)
                         -0.25   19.75   clock uncertainty
                          0.00   19.75   clock reconvergence pessimism
                         -4.00   15.75   output external delay
                                 15.75   data required time
-----------------------------------------------------------------------------
                                 15.75   data required time
                                 -1.24   data arrival time
-----------------------------------------------------------------------------
                                 14.51   slack (MET)


Startpoint: _415_ (rising edge-triggered flip-flop clocked by clk)
Endpoint: flags_out[1] (output port clocked by clk)
Path Group: clk
Path Type: max

Fanout     Cap    Slew   Delay    Time   Description
-----------------------------------------------------------------------------
                          0.00    0.00   clock clk (rise edge)
                          0.00    0.00   clock source latency
                  0.20    0.15    0.15 ^ clk (in)
     1    0.04                           clk (net)
                  0.20    0.00    0.15 ^ clkbuf_0_clk/A (sky130_fd_sc_hd__clkbuf_16)
                  0.04    0.19    0.34 ^ clkbuf_0_clk/X (sky130_fd_sc_hd__clkbuf_16)
     2    0.02                           clknet_0_clk (net)
                  0.04    0.00    0.34 ^ clkbuf_1_0__f_clk/A (sky130_fd_sc_hd__clkbuf_16)
                  0.06    0.15    0.49 ^ clkbuf_1_0__f_clk/X (sky130_fd_sc_hd__clkbuf_16)
    14    0.04                           clknet_1_0__leaf_clk (net)
                  0.06    0.00    0.49 ^ _415_/CLK (sky130_fd_sc_hd__dfrtp_4)
                  0.08    0.54    1.02 v _415_/Q (sky130_fd_sc_hd__dfrtp_4)
     2    0.02                           net19 (net)
                  0.08    0.00    1.03 v output19/A (sky130_fd_sc_hd__clkbuf_4)
                  0.08    0.21    1.24 v output19/X (sky130_fd_sc_hd__clkbuf_4)
     1    0.03                           flags_out[1] (net)
                  0.08    0.00    1.24 v flags_out[1] (out)
                                  1.24   data arrival time

                         20.00   20.00   clock clk (rise edge)
                          0.00   20.00   clock network delay (propagated)
                         -0.25   19.75   clock uncertainty
                          0.00   19.75   clock reconvergence pessimism
                         -4.00   15.75   output external delay
                                 15.75   data required time
-----------------------------------------------------------------------------
                                 15.75   data required time
                                 -1.24   data arrival time
-----------------------------------------------------------------------------
                                 14.51   slack (MET)


Startpoint: _402_ (rising edge-triggered flip-flop clocked by clk)
Endpoint: A_out[0] (output port clocked by clk)
Path Group: clk
Path Type: max

Fanout     Cap    Slew   Delay    Time   Description
-----------------------------------------------------------------------------
                          0.00    0.00   clock clk (rise edge)
                          0.00    0.00   clock source latency
                  0.20    0.15    0.15 ^ clk (in)
     1    0.04                           clk (net)
                  0.20    0.00    0.15 ^ clkbuf_0_clk/A (sky130_fd_sc_hd__clkbuf_16)
                  0.04    0.19    0.34 ^ clkbuf_0_clk/X (sky130_fd_sc_hd__clkbuf_16)
     2    0.02                           clknet_0_clk (net)
                  0.04    0.00    0.34 ^ clkbuf_1_1__f_clk/A (sky130_fd_sc_hd__clkbuf_16)
                  0.06    0.15    0.49 ^ clkbuf_1_1__f_clk/X (sky130_fd_sc_hd__clkbuf_16)
    14    0.04                           clknet_1_1__leaf_clk (net)
                  0.06    0.00    0.49 ^ _402_/CLK (sky130_fd_sc_hd__dfrtp_4)
                  0.09    0.54    1.03 v _402_/Q (sky130_fd_sc_hd__dfrtp_4)
     4    0.03                           net2 (net)
                  0.09    0.00    1.03 v output2/A (sky130_fd_sc_hd__buf_2)
                  0.09    0.21    1.24 v output2/X (sky130_fd_sc_hd__buf_2)
     1    0.03                           A_out[0] (net)
                  0.09    0.00    1.24 v A_out[0] (out)
                                  1.24   data arrival time

                         20.00   20.00   clock clk (rise edge)
                          0.00   20.00   clock network delay (propagated)
                         -0.25   19.75   clock uncertainty
                          0.00   19.75   clock reconvergence pessimism
                         -4.00   15.75   output external delay
                                 15.75   data required time
-----------------------------------------------------------------------------
                                 15.75   data required time
                                 -1.24   data arrival time
-----------------------------------------------------------------------------
                                 14.51   slack (MET)


Startpoint: _416_ (rising edge-triggered flip-flop clocked by clk)
Endpoint: flags_out[2] (output port clocked by clk)
Path Group: clk
Path Type: max

Fanout     Cap    Slew   Delay    Time   Description
-----------------------------------------------------------------------------
                          0.00    0.00   clock clk (rise edge)
                          0.00    0.00   clock source latency
                  0.20    0.15    0.15 ^ clk (in)
     1    0.04                           clk (net)
                  0.20    0.00    0.15 ^ clkbuf_0_clk/A (sky130_fd_sc_hd__clkbuf_16)
                  0.04    0.19    0.34 ^ clkbuf_0_clk/X (sky130_fd_sc_hd__clkbuf_16)
     2    0.02                           clknet_0_clk (net)
                  0.04    0.00    0.34 ^ clkbuf_1_0__f_clk/A (sky130_fd_sc_hd__clkbuf_16)
                  0.06    0.15    0.49 ^ clkbuf_1_0__f_clk/X (sky130_fd_sc_hd__clkbuf_16)
    14    0.04                           clknet_1_0__leaf_clk (net)
                  0.06    0.00    0.49 ^ _416_/CLK (sky130_fd_sc_hd__dfrtp_4)
                  0.08    0.54    1.02 v _416_/Q (sky130_fd_sc_hd__dfrtp_4)
     2    0.02                           net20 (net)
                  0.08    0.00    1.03 v output20/A (sky130_fd_sc_hd__buf_2)
                  0.09    0.21    1.23 v output20/X (sky130_fd_sc_hd__buf_2)
     1    0.03                           flags_out[2] (net)
                  0.09    0.00    1.23 v flags_out[2] (out)
                                  1.23   data arrival time

                         20.00   20.00   clock clk (rise edge)
                          0.00   20.00   clock network delay (propagated)
                         -0.25   19.75   clock uncertainty
                          0.00   19.75   clock reconvergence pessimism
                         -4.00   15.75   output external delay
                                 15.75   data required time
-----------------------------------------------------------------------------
                                 15.75   data required time
                                 -1.23   data arrival time
-----------------------------------------------------------------------------
                                 14.52   slack (MET)


Startpoint: _408_ (rising edge-triggered flip-flop clocked by clk)
Endpoint: A_out[6] (output port clocked by clk)
Path Group: clk
Path Type: max

Fanout     Cap    Slew   Delay    Time   Description
-----------------------------------------------------------------------------
                          0.00    0.00   clock clk (rise edge)
                          0.00    0.00   clock source latency
                  0.20    0.15    0.15 ^ clk (in)
     1    0.04                           clk (net)
                  0.20    0.00    0.15 ^ clkbuf_0_clk/A (sky130_fd_sc_hd__clkbuf_16)
                  0.04    0.19    0.34 ^ clkbuf_0_clk/X (sky130_fd_sc_hd__clkbuf_16)
     2    0.02                           clknet_0_clk (net)
                  0.04    0.00    0.34 ^ clkbuf_1_0__f_clk/A (sky130_fd_sc_hd__clkbuf_16)
                  0.06    0.15    0.49 ^ clkbuf_1_0__f_clk/X (sky130_fd_sc_hd__clkbuf_16)
    14    0.04                           clknet_1_0__leaf_clk (net)
                  0.06    0.00    0.49 ^ _408_/CLK (sky130_fd_sc_hd__dfrtp_4)
                  0.08    0.53    1.02 v _408_/Q (sky130_fd_sc_hd__dfrtp_4)
     3    0.02                           net8 (net)
                  0.08    0.00    1.02 v output8/A (sky130_fd_sc_hd__buf_2)
                  0.09    0.21    1.23 v output8/X (sky130_fd_sc_hd__buf_2)
     1    0.03                           A_out[6] (net)
                  0.09    0.00    1.23 v A_out[6] (out)
                                  1.23   data arrival time

                         20.00   20.00   clock clk (rise edge)
                          0.00   20.00   clock network delay (propagated)
                         -0.25   19.75   clock uncertainty
                          0.00   19.75   clock reconvergence pessimism
                         -4.00   15.75   output external delay
                                 15.75   data required time
-----------------------------------------------------------------------------
                                 15.75   data required time
                                 -1.23   data arrival time
-----------------------------------------------------------------------------
                                 14.52   slack (MET)


Startpoint: _406_ (rising edge-triggered flip-flop clocked by clk)
Endpoint: A_out[4] (output port clocked by clk)
Path Group: clk
Path Type: max

Fanout     Cap    Slew   Delay    Time   Description
-----------------------------------------------------------------------------
                          0.00    0.00   clock clk (rise edge)
                          0.00    0.00   clock source latency
                  0.20    0.15    0.15 ^ clk (in)
     1    0.04                           clk (net)
                  0.20    0.00    0.15 ^ clkbuf_0_clk/A (sky130_fd_sc_hd__clkbuf_16)
                  0.04    0.19    0.34 ^ clkbuf_0_clk/X (sky130_fd_sc_hd__clkbuf_16)
     2    0.02                           clknet_0_clk (net)
                  0.04    0.00    0.34 ^ clkbuf_1_0__f_clk/A (sky130_fd_sc_hd__clkbuf_16)
                  0.06    0.15    0.49 ^ clkbuf_1_0__f_clk/X (sky130_fd_sc_hd__clkbuf_16)
    14    0.04                           clknet_1_0__leaf_clk (net)
                  0.06    0.00    0.49 ^ _406_/CLK (sky130_fd_sc_hd__dfrtp_2)
                  0.08    0.47    0.95 v _406_/Q (sky130_fd_sc_hd__dfrtp_2)
     3    0.02                           net6 (net)
                  0.08    0.00    0.96 v output6/A (sky130_fd_sc_hd__clkbuf_4)
                  0.08    0.21    1.16 v output6/X (sky130_fd_sc_hd__clkbuf_4)
     1    0.03                           A_out[4] (net)
                  0.08    0.00    1.16 v A_out[4] (out)
                                  1.16   data arrival time

                         20.00   20.00   clock clk (rise edge)
                          0.00   20.00   clock network delay (propagated)
                         -0.25   19.75   clock uncertainty
                          0.00   19.75   clock reconvergence pessimism
                         -4.00   15.75   output external delay
                                 15.75   data required time
-----------------------------------------------------------------------------
                                 15.75   data required time
                                 -1.16   data arrival time
-----------------------------------------------------------------------------
                                 14.59   slack (MET)


Startpoint: _412_ (rising edge-triggered flip-flop clocked by clk)
Endpoint: last_opcode_out[3] (output port clocked by clk)
Path Group: clk
Path Type: max

Fanout     Cap    Slew   Delay    Time   Description
-----------------------------------------------------------------------------
                          0.00    0.00   clock clk (rise edge)
                          0.00    0.00   clock source latency
                  0.20    0.15    0.15 ^ clk (in)
     1    0.04                           clk (net)
                  0.20    0.00    0.15 ^ clkbuf_0_clk/A (sky130_fd_sc_hd__clkbuf_16)
                  0.04    0.19    0.34 ^ clkbuf_0_clk/X (sky130_fd_sc_hd__clkbuf_16)
     2    0.02                           clknet_0_clk (net)
                  0.04    0.00    0.34 ^ clkbuf_1_1__f_clk/A (sky130_fd_sc_hd__clkbuf_16)
                  0.06    0.15    0.49 ^ clkbuf_1_1__f_clk/X (sky130_fd_sc_hd__clkbuf_16)
    14    0.04                           clknet_1_1__leaf_clk (net)
                  0.06    0.00    0.49 ^ _412_/CLK (sky130_fd_sc_hd__dfrtp_2)
                  0.08    0.46    0.95 v _412_/Q (sky130_fd_sc_hd__dfrtp_2)
     2    0.02                           net25 (net)
                  0.08    0.00    0.95 v output25/A (sky130_fd_sc_hd__clkbuf_4)
                  0.08    0.21    1.16 v output25/X (sky130_fd_sc_hd__clkbuf_4)
     1    0.03                           last_opcode_out[3] (net)
                  0.08    0.00    1.16 v last_opcode_out[3] (out)
                                  1.16   data arrival time

                         20.00   20.00   clock clk (rise edge)
                          0.00   20.00   clock network delay (propagated)
                         -0.25   19.75   clock uncertainty
                          0.00   19.75   clock reconvergence pessimism
                         -4.00   15.75   output external delay
                                 15.75   data required time
-----------------------------------------------------------------------------
                                 15.75   data required time
                                 -1.16   data arrival time
-----------------------------------------------------------------------------
                                 14.59   slack (MET)


Startpoint: _399_ (rising edge-triggered flip-flop clocked by clk)
Endpoint: _417_ (rising edge-triggered flip-flop clocked by clk)
Path Group: clk
Path Type: max

Fanout     Cap    Slew   Delay    Time   Description
-----------------------------------------------------------------------------
                          0.00    0.00   clock clk (rise edge)
                          0.00    0.00   clock source latency
                  0.20    0.15    0.15 ^ clk (in)
     1    0.04                           clk (net)
                  0.20    0.00    0.15 ^ clkbuf_0_clk/A (sky130_fd_sc_hd__clkbuf_16)
                  0.04    0.19    0.34 ^ clkbuf_0_clk/X (sky130_fd_sc_hd__clkbuf_16)
     2    0.02                           clknet_0_clk (net)
                  0.04    0.00    0.34 ^ clkbuf_1_1__f_clk/A (sky130_fd_sc_hd__clkbuf_16)
                  0.06    0.15    0.49 ^ clkbuf_1_1__f_clk/X (sky130_fd_sc_hd__clkbuf_16)
    14    0.04                           clknet_1_1__leaf_clk (net)
                  0.06    0.00    0.49 ^ _399_/CLK (sky130_fd_sc_hd__dfrtp_4)
                  0.09    0.55    1.04 v _399_/Q (sky130_fd_sc_hd__dfrtp_4)
     9    0.03                           U_PC.pc[1] (net)
                  0.09    0.00    1.04 v _200_/B (sky130_fd_sc_hd__and2b_1)
                  0.06    0.22    1.26 v _200_/X (sky130_fd_sc_hd__and2b_1)
     4    0.01                           _186_ (net)
                  0.06    0.00    1.26 v _202_/B (sky130_fd_sc_hd__or3_1)
                  0.06    0.36    1.61 v _202_/X (sky130_fd_sc_hd__or3_1)
     1    0.00                           _188_ (net)
                  0.06    0.00    1.61 v _203_/A (sky130_fd_sc_hd__buf_4)
                  0.07    0.20    1.81 v _203_/X (sky130_fd_sc_hd__buf_4)
     9    0.05                           _189_ (net)
                  0.07    0.00    1.81 v _235_/A2 (sky130_fd_sc_hd__a221oi_4)
                  0.28    0.37    2.18 ^ _235_/Y (sky130_fd_sc_hd__a221oi_4)
     3    0.02                           _076_ (net)
                  0.28    0.00    2.18 ^ _238_/A3 (sky130_fd_sc_hd__a32oi_4)
                  0.13    0.19    2.37 v _238_/Y (sky130_fd_sc_hd__a32oi_4)
     5    0.02                           _079_ (net)
                  0.13    0.00    2.37 v _288_/A (sky130_fd_sc_hd__xor2_1)
                  0.07    0.19    2.56 v _288_/X (sky130_fd_sc_hd__xor2_1)
     1    0.00                           _124_ (net)
                  0.07    0.00    2.56 v _291_/A2 (sky130_fd_sc_hd__a211o_1)
                  0.08    0.36    2.92 v _291_/X (sky130_fd_sc_hd__a211o_1)
     3    0.01                           _127_ (net)
                  0.08    0.00    2.92 v _310_/B (sky130_fd_sc_hd__or4_1)
                  0.08    0.53    3.45 v _310_/X (sky130_fd_sc_hd__or4_1)
     1    0.00                           _143_ (net)
                  0.08    0.00    3.45 v _311_/D (sky130_fd_sc_hd__or4_1)
                  0.08    0.43    3.88 v _311_/X (sky130_fd_sc_hd__or4_1)
     1    0.00                           _144_ (net)
                  0.08    0.00    3.88 v _312_/D (sky130_fd_sc_hd__or4_1)
                  0.11    0.47    4.34 v _312_/X (sky130_fd_sc_hd__or4_1)
     1    0.01                           _145_ (net)
                  0.11    0.00    4.34 v _314_/A4 (sky130_fd_sc_hd__o41ai_1)
                  0.27    0.27    4.61 ^ _314_/Y (sky130_fd_sc_hd__o41ai_1)
     1    0.00                           _043_ (net)
                  0.27    0.00    4.61 ^ _417_/D (sky130_fd_sc_hd__dfrtp_4)
                                  4.61   data arrival time

                         20.00   20.00   clock clk (rise edge)
                          0.00   20.00   clock source latency
                  0.20    0.14   20.14 ^ clk (in)
     1    0.04                           clk (net)
                  0.20    0.00   20.14 ^ clkbuf_0_clk/A (sky130_fd_sc_hd__clkbuf_16)
                  0.04    0.17   20.30 ^ clkbuf_0_clk/X (sky130_fd_sc_hd__clkbuf_16)
     2    0.02                           clknet_0_clk (net)
                  0.04    0.00   20.30 ^ clkbuf_1_0__f_clk/A (sky130_fd_sc_hd__clkbuf_16)
                  0.06    0.14   20.44 ^ clkbuf_1_0__f_clk/X (sky130_fd_sc_hd__clkbuf_16)
    14    0.04                           clknet_1_0__leaf_clk (net)
                  0.06    0.00   20.44 ^ _417_/CLK (sky130_fd_sc_hd__dfrtp_4)
                         -0.25   20.19   clock uncertainty
                          0.03   20.22   clock reconvergence pessimism
                         -0.11   20.11   library setup time
                                 20.11   data required time
-----------------------------------------------------------------------------
                                 20.11   data required time
                                 -4.61   data arrival time
-----------------------------------------------------------------------------
                                 15.50   slack (MET)


Startpoint: rst (input port clocked by clk)
Endpoint: _405_ (recovery check against rising-edge clock clk)
Path Group: asynchronous
Path Type: max

Fanout     Cap    Slew   Delay    Time   Description
-----------------------------------------------------------------------------
                          0.00    0.00   clock clk (rise edge)
                          0.00    0.00   clock network delay (propagated)
                          4.00    4.00 v input external delay
                  0.01    0.01    4.01 v rst (in)
     1    0.00                           rst (net)
                  0.01    0.00    4.01 v input1/A (sky130_fd_sc_hd__buf_1)
                  0.07    0.12    4.12 v input1/X (sky130_fd_sc_hd__buf_1)
     1    0.01                           net1 (net)
                  0.07    0.00    4.12 v _367_/A (sky130_fd_sc_hd__buf_4)
                  0.08    0.21    4.33 v _367_/X (sky130_fd_sc_hd__buf_4)
    10    0.05                           _180_ (net)
                  0.08    0.00    4.33 v _368_/A (sky130_fd_sc_hd__buf_4)
                  0.08    0.22    4.55 v _368_/X (sky130_fd_sc_hd__buf_4)
    10    0.06                           _181_ (net)
                  0.08    0.00    4.55 v _376_/A (sky130_fd_sc_hd__inv_2)
                  0.04    0.06    4.61 ^ _376_/Y (sky130_fd_sc_hd__inv_2)
     1    0.00                           _007_ (net)
                  0.04    0.00    4.61 ^ _405_/RESET_B (sky130_fd_sc_hd__dfrtp_4)
                                  4.61   data arrival time

                         20.00   20.00   clock clk (rise edge)
                          0.00   20.00   clock source latency
                  0.20    0.14   20.14 ^ clk (in)
     1    0.04                           clk (net)
                  0.20    0.00   20.14 ^ clkbuf_0_clk/A (sky130_fd_sc_hd__clkbuf_16)
                  0.04    0.17   20.30 ^ clkbuf_0_clk/X (sky130_fd_sc_hd__clkbuf_16)
     2    0.02                           clknet_0_clk (net)
                  0.04    0.00   20.30 ^ clkbuf_1_1__f_clk/A (sky130_fd_sc_hd__clkbuf_16)
                  0.06    0.14   20.44 ^ clkbuf_1_1__f_clk/X (sky130_fd_sc_hd__clkbuf_16)
    14    0.04                           clknet_1_1__leaf_clk (net)
                  0.06    0.00   20.44 ^ _405_/CLK (sky130_fd_sc_hd__dfrtp_4)
                         -0.25   20.19   clock uncertainty
                          0.00   20.19   clock reconvergence pessimism
                          0.23   20.42   library recovery time
                                 20.42   data required time
-----------------------------------------------------------------------------
                                 20.42   data required time
                                 -4.61   data arrival time
-----------------------------------------------------------------------------
                                 15.81   slack (MET)


Startpoint: rst (input port clocked by clk)
Endpoint: _404_ (recovery check against rising-edge clock clk)
Path Group: asynchronous
Path Type: max

Fanout     Cap    Slew   Delay    Time   Description
-----------------------------------------------------------------------------
                          0.00    0.00   clock clk (rise edge)
                          0.00    0.00   clock network delay (propagated)
                          4.00    4.00 v input external delay
                  0.01    0.01    4.01 v rst (in)
     1    0.00                           rst (net)
                  0.01    0.00    4.01 v input1/A (sky130_fd_sc_hd__buf_1)
                  0.07    0.12    4.12 v input1/X (sky130_fd_sc_hd__buf_1)
     1    0.01                           net1 (net)
                  0.07    0.00    4.12 v _367_/A (sky130_fd_sc_hd__buf_4)
                  0.08    0.21    4.33 v _367_/X (sky130_fd_sc_hd__buf_4)
    10    0.05                           _180_ (net)
                  0.08    0.00    4.33 v _368_/A (sky130_fd_sc_hd__buf_4)
                  0.08    0.22    4.55 v _368_/X (sky130_fd_sc_hd__buf_4)
    10    0.06                           _181_ (net)
                  0.08    0.00    4.55 v _375_/A (sky130_fd_sc_hd__inv_2)
                  0.03    0.06    4.61 ^ _375_/Y (sky130_fd_sc_hd__inv_2)
     1    0.00                           _006_ (net)
                  0.03    0.00    4.61 ^ _404_/RESET_B (sky130_fd_sc_hd__dfrtp_4)
                                  4.61   data arrival time

                         20.00   20.00   clock clk (rise edge)
                          0.00   20.00   clock source latency
                  0.20    0.14   20.14 ^ clk (in)
     1    0.04                           clk (net)
                  0.20    0.00   20.14 ^ clkbuf_0_clk/A (sky130_fd_sc_hd__clkbuf_16)
                  0.04    0.17   20.30 ^ clkbuf_0_clk/X (sky130_fd_sc_hd__clkbuf_16)
     2    0.02                           clknet_0_clk (net)
                  0.04    0.00   20.30 ^ clkbuf_1_1__f_clk/A (sky130_fd_sc_hd__clkbuf_16)
                  0.06    0.14   20.44 ^ clkbuf_1_1__f_clk/X (sky130_fd_sc_hd__clkbuf_16)
    14    0.04                           clknet_1_1__leaf_clk (net)
                  0.06    0.00   20.44 ^ _404_/CLK (sky130_fd_sc_hd__dfrtp_4)
                         -0.25   20.19   clock uncertainty
                          0.00   20.19   clock reconvergence pessimism
                          0.23   20.42   library recovery time
                                 20.42   data required time
-----------------------------------------------------------------------------
                                 20.42   data required time
                                 -4.61   data arrival time
-----------------------------------------------------------------------------
                                 15.81   slack (MET)


Startpoint: rst (input port clocked by clk)
Endpoint: _398_ (recovery check against rising-edge clock clk)
Path Group: asynchronous
Path Type: max

Fanout     Cap    Slew   Delay    Time   Description
-----------------------------------------------------------------------------
                          0.00    0.00   clock clk (rise edge)
                          0.00    0.00   clock network delay (propagated)
                          4.00    4.00 v input external delay
                  0.01    0.01    4.01 v rst (in)
     1    0.00                           rst (net)
                  0.01    0.00    4.01 v input1/A (sky130_fd_sc_hd__buf_1)
                  0.07    0.12    4.12 v input1/X (sky130_fd_sc_hd__buf_1)
     1    0.01                           net1 (net)
                  0.07    0.00    4.12 v _367_/A (sky130_fd_sc_hd__buf_4)
                  0.08    0.21    4.33 v _367_/X (sky130_fd_sc_hd__buf_4)
    10    0.05                           _180_ (net)
                  0.08    0.00    4.33 v _368_/A (sky130_fd_sc_hd__buf_4)
                  0.08    0.22    4.55 v _368_/X (sky130_fd_sc_hd__buf_4)
    10    0.06                           _181_ (net)
                  0.08    0.00    4.55 v _369_/A (sky130_fd_sc_hd__inv_2)
                  0.03    0.06    4.61 ^ _369_/Y (sky130_fd_sc_hd__inv_2)
     1    0.00                           _000_ (net)
                  0.03    0.00    4.61 ^ _398_/RESET_B (sky130_fd_sc_hd__dfrtp_4)
                                  4.61   data arrival time

                         20.00   20.00   clock clk (rise edge)
                          0.00   20.00   clock source latency
                  0.20    0.14   20.14 ^ clk (in)
     1    0.04                           clk (net)
                  0.20    0.00   20.14 ^ clkbuf_0_clk/A (sky130_fd_sc_hd__clkbuf_16)
                  0.04    0.17   20.30 ^ clkbuf_0_clk/X (sky130_fd_sc_hd__clkbuf_16)
     2    0.02                           clknet_0_clk (net)
                  0.04    0.00   20.30 ^ clkbuf_1_1__f_clk/A (sky130_fd_sc_hd__clkbuf_16)
                  0.06    0.14   20.44 ^ clkbuf_1_1__f_clk/X (sky130_fd_sc_hd__clkbuf_16)
    14    0.04                           clknet_1_1__leaf_clk (net)
                  0.06    0.00   20.44 ^ _398_/CLK (sky130_fd_sc_hd__dfrtp_4)
                         -0.25   20.19   clock uncertainty
                          0.00   20.19   clock reconvergence pessimism
                          0.23   20.42   library recovery time
                                 20.42   data required time
-----------------------------------------------------------------------------
                                 20.42   data required time
                                 -4.61   data arrival time
-----------------------------------------------------------------------------
                                 15.81   slack (MET)


Startpoint: rst (input port clocked by clk)
Endpoint: _399_ (recovery check against rising-edge clock clk)
Path Group: asynchronous
Path Type: max

Fanout     Cap    Slew   Delay    Time   Description
-----------------------------------------------------------------------------
                          0.00    0.00   clock clk (rise edge)
                          0.00    0.00   clock network delay (propagated)
                          4.00    4.00 v input external delay
                  0.01    0.01    4.01 v rst (in)
     1    0.00                           rst (net)
                  0.01    0.00    4.01 v input1/A (sky130_fd_sc_hd__buf_1)
                  0.07    0.12    4.12 v input1/X (sky130_fd_sc_hd__buf_1)
     1    0.01                           net1 (net)
                  0.07    0.00    4.12 v _367_/A (sky130_fd_sc_hd__buf_4)
                  0.08    0.21    4.33 v _367_/X (sky130_fd_sc_hd__buf_4)
    10    0.05                           _180_ (net)
                  0.08    0.00    4.33 v _368_/A (sky130_fd_sc_hd__buf_4)
                  0.08    0.22    4.55 v _368_/X (sky130_fd_sc_hd__buf_4)
    10    0.06                           _181_ (net)
                  0.08    0.00    4.55 v _370_/A (sky130_fd_sc_hd__inv_2)
                  0.03    0.06    4.61 ^ _370_/Y (sky130_fd_sc_hd__inv_2)
     1    0.00                           _001_ (net)
                  0.03    0.00    4.61 ^ _399_/RESET_B (sky130_fd_sc_hd__dfrtp_4)
                                  4.61   data arrival time

                         20.00   20.00   clock clk (rise edge)
                          0.00   20.00   clock source latency
                  0.20    0.14   20.14 ^ clk (in)
     1    0.04                           clk (net)
                  0.20    0.00   20.14 ^ clkbuf_0_clk/A (sky130_fd_sc_hd__clkbuf_16)
                  0.04    0.17   20.30 ^ clkbuf_0_clk/X (sky130_fd_sc_hd__clkbuf_16)
     2    0.02                           clknet_0_clk (net)
                  0.04    0.00   20.30 ^ clkbuf_1_1__f_clk/A (sky130_fd_sc_hd__clkbuf_16)
                  0.06    0.14   20.44 ^ clkbuf_1_1__f_clk/X (sky130_fd_sc_hd__clkbuf_16)
    14    0.04                           clknet_1_1__leaf_clk (net)
                  0.06    0.00   20.44 ^ _399_/CLK (sky130_fd_sc_hd__dfrtp_4)
                         -0.25   20.19   clock uncertainty
                          0.00   20.19   clock reconvergence pessimism
                          0.23   20.42   library recovery time
                                 20.42   data required time
-----------------------------------------------------------------------------
                                 20.42   data required time
                                 -4.61   data arrival time
-----------------------------------------------------------------------------
                                 15.81   slack (MET)


Startpoint: rst (input port clocked by clk)
Endpoint: _400_ (recovery check against rising-edge clock clk)
Path Group: asynchronous
Path Type: max

Fanout     Cap    Slew   Delay    Time   Description
-----------------------------------------------------------------------------
                          0.00    0.00   clock clk (rise edge)
                          0.00    0.00   clock network delay (propagated)
                          4.00    4.00 v input external delay
                  0.01    0.01    4.01 v rst (in)
     1    0.00                           rst (net)
                  0.01    0.00    4.01 v input1/A (sky130_fd_sc_hd__buf_1)
                  0.07    0.12    4.12 v input1/X (sky130_fd_sc_hd__buf_1)
     1    0.01                           net1 (net)
                  0.07    0.00    4.12 v _367_/A (sky130_fd_sc_hd__buf_4)
                  0.08    0.21    4.33 v _367_/X (sky130_fd_sc_hd__buf_4)
    10    0.05                           _180_ (net)
                  0.08    0.00    4.33 v _368_/A (sky130_fd_sc_hd__buf_4)
                  0.08    0.22    4.55 v _368_/X (sky130_fd_sc_hd__buf_4)
    10    0.06                           _181_ (net)
                  0.08    0.00    4.55 v _371_/A (sky130_fd_sc_hd__inv_2)
                  0.03    0.06    4.61 ^ _371_/Y (sky130_fd_sc_hd__inv_2)
     1    0.00                           _002_ (net)
                  0.03    0.00    4.61 ^ _400_/RESET_B (sky130_fd_sc_hd__dfrtp_4)
                                  4.61   data arrival time

                         20.00   20.00   clock clk (rise edge)
                          0.00   20.00   clock source latency
                  0.20    0.14   20.14 ^ clk (in)
     1    0.04                           clk (net)
                  0.20    0.00   20.14 ^ clkbuf_0_clk/A (sky130_fd_sc_hd__clkbuf_16)
                  0.04    0.17   20.30 ^ clkbuf_0_clk/X (sky130_fd_sc_hd__clkbuf_16)
     2    0.02                           clknet_0_clk (net)
                  0.04    0.00   20.30 ^ clkbuf_1_1__f_clk/A (sky130_fd_sc_hd__clkbuf_16)
                  0.06    0.14   20.44 ^ clkbuf_1_1__f_clk/X (sky130_fd_sc_hd__clkbuf_16)
    14    0.04                           clknet_1_1__leaf_clk (net)
                  0.06    0.00   20.44 ^ _400_/CLK (sky130_fd_sc_hd__dfrtp_4)
                         -0.25   20.19   clock uncertainty
                          0.00   20.19   clock reconvergence pessimism
                          0.23   20.42   library recovery time
                                 20.42   data required time
-----------------------------------------------------------------------------
                                 20.42   data required time
                                 -4.61   data arrival time
-----------------------------------------------------------------------------
                                 15.81   slack (MET)


Startpoint: rst (input port clocked by clk)
Endpoint: _407_ (recovery check against rising-edge clock clk)
Path Group: asynchronous
Path Type: max

Fanout     Cap    Slew   Delay    Time   Description
-----------------------------------------------------------------------------
                          0.00    0.00   clock clk (rise edge)
                          0.00    0.00   clock network delay (propagated)
                          4.00    4.00 v input external delay
                  0.01    0.01    4.01 v rst (in)
     1    0.00                           rst (net)
                  0.01    0.00    4.01 v input1/A (sky130_fd_sc_hd__buf_1)
                  0.07    0.12    4.12 v input1/X (sky130_fd_sc_hd__buf_1)
     1    0.01                           net1 (net)
                  0.07    0.00    4.12 v _367_/A (sky130_fd_sc_hd__buf_4)
                  0.08    0.21    4.33 v _367_/X (sky130_fd_sc_hd__buf_4)
    10    0.05                           _180_ (net)
                  0.08    0.00    4.33 v _368_/A (sky130_fd_sc_hd__buf_4)
                  0.08    0.22    4.55 v _368_/X (sky130_fd_sc_hd__buf_4)
    10    0.06                           _181_ (net)
                  0.08    0.00    4.55 v _378_/A (sky130_fd_sc_hd__inv_2)
                  0.03    0.06    4.61 ^ _378_/Y (sky130_fd_sc_hd__inv_2)
     1    0.00                           _009_ (net)
                  0.03    0.00    4.61 ^ _407_/RESET_B (sky130_fd_sc_hd__dfrtp_4)
                                  4.61   data arrival time

                         20.00   20.00   clock clk (rise edge)
                          0.00   20.00   clock source latency
                  0.20    0.14   20.14 ^ clk (in)
     1    0.04                           clk (net)
                  0.20    0.00   20.14 ^ clkbuf_0_clk/A (sky130_fd_sc_hd__clkbuf_16)
                  0.04    0.17   20.30 ^ clkbuf_0_clk/X (sky130_fd_sc_hd__clkbuf_16)
     2    0.02                           clknet_0_clk (net)
                  0.04    0.00   20.30 ^ clkbuf_1_0__f_clk/A (sky130_fd_sc_hd__clkbuf_16)
                  0.06    0.14   20.44 ^ clkbuf_1_0__f_clk/X (sky130_fd_sc_hd__clkbuf_16)
    14    0.04                           clknet_1_0__leaf_clk (net)
                  0.06    0.00   20.44 ^ _407_/CLK (sky130_fd_sc_hd__dfrtp_4)
                         -0.25   20.19   clock uncertainty
                          0.00   20.19   clock reconvergence pessimism
                          0.23   20.42   library recovery time
                                 20.42   data required time
-----------------------------------------------------------------------------
                                 20.42   data required time
                                 -4.61   data arrival time
-----------------------------------------------------------------------------
                                 15.81   slack (MET)


Startpoint: rst (input port clocked by clk)
Endpoint: _411_ (recovery check against rising-edge clock clk)
Path Group: asynchronous
Path Type: max

Fanout     Cap    Slew   Delay    Time   Description
-----------------------------------------------------------------------------
                          0.00    0.00   clock clk (rise edge)
                          0.00    0.00   clock network delay (propagated)
                          4.00    4.00 v input external delay
                  0.01    0.01    4.01 v rst (in)
     1    0.00                           rst (net)
                  0.01    0.00    4.01 v input1/A (sky130_fd_sc_hd__buf_1)
                  0.07    0.12    4.12 v input1/X (sky130_fd_sc_hd__buf_1)
     1    0.01                           net1 (net)
                  0.07    0.00    4.12 v _367_/A (sky130_fd_sc_hd__buf_4)
                  0.08    0.21    4.33 v _367_/X (sky130_fd_sc_hd__buf_4)
    10    0.05                           _180_ (net)
                  0.08    0.00    4.33 v _379_/A (sky130_fd_sc_hd__buf_4)
                  0.08    0.22    4.54 v _379_/X (sky130_fd_sc_hd__buf_4)
    10    0.06                           _182_ (net)
                  0.08    0.00    4.55 v _383_/A (sky130_fd_sc_hd__inv_2)
                  0.03    0.06    4.61 ^ _383_/Y (sky130_fd_sc_hd__inv_2)
     1    0.00                           _013_ (net)
                  0.03    0.00    4.61 ^ _411_/RESET_B (sky130_fd_sc_hd__dfrtp_4)
                                  4.61   data arrival time

                         20.00   20.00   clock clk (rise edge)
                          0.00   20.00   clock source latency
                  0.20    0.14   20.14 ^ clk (in)
     1    0.04                           clk (net)
                  0.20    0.00   20.14 ^ clkbuf_0_clk/A (sky130_fd_sc_hd__clkbuf_16)
                  0.04    0.17   20.30 ^ clkbuf_0_clk/X (sky130_fd_sc_hd__clkbuf_16)
     2    0.02                           clknet_0_clk (net)
                  0.04    0.00   20.30 ^ clkbuf_1_1__f_clk/A (sky130_fd_sc_hd__clkbuf_16)
                  0.06    0.14   20.44 ^ clkbuf_1_1__f_clk/X (sky130_fd_sc_hd__clkbuf_16)
    14    0.04                           clknet_1_1__leaf_clk (net)
                  0.06    0.00   20.44 ^ _411_/CLK (sky130_fd_sc_hd__dfrtp_4)
                         -0.25   20.19   clock uncertainty
                          0.00   20.19   clock reconvergence pessimism
                          0.23   20.42   library recovery time
                                 20.42   data required time
-----------------------------------------------------------------------------
                                 20.42   data required time
                                 -4.61   data arrival time
-----------------------------------------------------------------------------
                                 15.81   slack (MET)


Startpoint: rst (input port clocked by clk)
Endpoint: _401_ (recovery check against rising-edge clock clk)
Path Group: asynchronous
Path Type: max

Fanout     Cap    Slew   Delay    Time   Description
-----------------------------------------------------------------------------
                          0.00    0.00   clock clk (rise edge)
                          0.00    0.00   clock network delay (propagated)
                          4.00    4.00 v input external delay
                  0.01    0.01    4.01 v rst (in)
     1    0.00                           rst (net)
                  0.01    0.00    4.01 v input1/A (sky130_fd_sc_hd__buf_1)
                  0.07    0.12    4.12 v input1/X (sky130_fd_sc_hd__buf_1)
     1    0.01                           net1 (net)
                  0.07    0.00    4.12 v _367_/A (sky130_fd_sc_hd__buf_4)
                  0.08    0.21    4.33 v _367_/X (sky130_fd_sc_hd__buf_4)
    10    0.05                           _180_ (net)
                  0.08    0.00    4.33 v _368_/A (sky130_fd_sc_hd__buf_4)
                  0.08    0.22    4.55 v _368_/X (sky130_fd_sc_hd__buf_4)
    10    0.06                           _181_ (net)
                  0.08    0.00    4.55 v _372_/A (sky130_fd_sc_hd__inv_2)
                  0.03    0.06    4.61 ^ _372_/Y (sky130_fd_sc_hd__inv_2)
     1    0.00                           _003_ (net)
                  0.03    0.00    4.61 ^ _401_/RESET_B (sky130_fd_sc_hd__dfrtp_4)
                                  4.61   data arrival time

                         20.00   20.00   clock clk (rise edge)
                          0.00   20.00   clock source latency
                  0.20    0.14   20.14 ^ clk (in)
     1    0.04                           clk (net)
                  0.20    0.00   20.14 ^ clkbuf_0_clk/A (sky130_fd_sc_hd__clkbuf_16)
                  0.04    0.17   20.30 ^ clkbuf_0_clk/X (sky130_fd_sc_hd__clkbuf_16)
     2    0.02                           clknet_0_clk (net)
                  0.04    0.00   20.30 ^ clkbuf_1_1__f_clk/A (sky130_fd_sc_hd__clkbuf_16)
                  0.06    0.14   20.44 ^ clkbuf_1_1__f_clk/X (sky130_fd_sc_hd__clkbuf_16)
    14    0.04                           clknet_1_1__leaf_clk (net)
                  0.06    0.00   20.44 ^ _401_/CLK (sky130_fd_sc_hd__dfrtp_4)
                         -0.25   20.19   clock uncertainty
                          0.00   20.19   clock reconvergence pessimism
                          0.23   20.42   library recovery time
                                 20.42   data required time
-----------------------------------------------------------------------------
                                 20.42   data required time
                                 -4.61   data arrival time
-----------------------------------------------------------------------------
                                 15.81   slack (MET)


Startpoint: rst (input port clocked by clk)
Endpoint: _414_ (recovery check against rising-edge clock clk)
Path Group: asynchronous
Path Type: max

Fanout     Cap    Slew   Delay    Time   Description
-----------------------------------------------------------------------------
                          0.00    0.00   clock clk (rise edge)
                          0.00    0.00   clock network delay (propagated)
                          4.00    4.00 v input external delay
                  0.01    0.01    4.01 v rst (in)
     1    0.00                           rst (net)
                  0.01    0.00    4.01 v input1/A (sky130_fd_sc_hd__buf_1)
                  0.07    0.12    4.12 v input1/X (sky130_fd_sc_hd__buf_1)
     1    0.01                           net1 (net)
                  0.07    0.00    4.12 v _367_/A (sky130_fd_sc_hd__buf_4)
                  0.08    0.21    4.33 v _367_/X (sky130_fd_sc_hd__buf_4)
    10    0.05                           _180_ (net)
                  0.08    0.00    4.33 v _379_/A (sky130_fd_sc_hd__buf_4)
                  0.08    0.22    4.54 v _379_/X (sky130_fd_sc_hd__buf_4)
    10    0.06                           _182_ (net)
                  0.08    0.00    4.55 v _386_/A (sky130_fd_sc_hd__inv_2)
                  0.04    0.06    4.61 ^ _386_/Y (sky130_fd_sc_hd__inv_2)
     1    0.00                           _016_ (net)
                  0.04    0.00    4.61 ^ _414_/RESET_B (sky130_fd_sc_hd__dfrtp_4)
                                  4.61   data arrival time

                         20.00   20.00   clock clk (rise edge)
                          0.00   20.00   clock source latency
                  0.20    0.14   20.14 ^ clk (in)
     1    0.04                           clk (net)
                  0.20    0.00   20.14 ^ clkbuf_0_clk/A (sky130_fd_sc_hd__clkbuf_16)
                  0.04    0.17   20.30 ^ clkbuf_0_clk/X (sky130_fd_sc_hd__clkbuf_16)
     2    0.02                           clknet_0_clk (net)
                  0.04    0.00   20.30 ^ clkbuf_1_0__f_clk/A (sky130_fd_sc_hd__clkbuf_16)
                  0.06    0.14   20.44 ^ clkbuf_1_0__f_clk/X (sky130_fd_sc_hd__clkbuf_16)
    14    0.04                           clknet_1_0__leaf_clk (net)
                  0.06    0.00   20.44 ^ _414_/CLK (sky130_fd_sc_hd__dfrtp_4)
                         -0.25   20.19   clock uncertainty
                          0.00   20.19   clock reconvergence pessimism
                          0.23   20.42   library recovery time
                                 20.42   data required time
-----------------------------------------------------------------------------
                                 20.42   data required time
                                 -4.61   data arrival time
-----------------------------------------------------------------------------
                                 15.81   slack (MET)


Startpoint: rst (input port clocked by clk)
Endpoint: _413_ (recovery check against rising-edge clock clk)
Path Group: asynchronous
Path Type: max

Fanout     Cap    Slew   Delay    Time   Description
-----------------------------------------------------------------------------
                          0.00    0.00   clock clk (rise edge)
                          0.00    0.00   clock network delay (propagated)
                          4.00    4.00 v input external delay
                  0.01    0.01    4.01 v rst (in)
     1    0.00                           rst (net)
                  0.01    0.00    4.01 v input1/A (sky130_fd_sc_hd__buf_1)
                  0.07    0.12    4.12 v input1/X (sky130_fd_sc_hd__buf_1)
     1    0.01                           net1 (net)
                  0.07    0.00    4.12 v _367_/A (sky130_fd_sc_hd__buf_4)
                  0.08    0.21    4.33 v _367_/X (sky130_fd_sc_hd__buf_4)
    10    0.05                           _180_ (net)
                  0.08    0.00    4.33 v _379_/A (sky130_fd_sc_hd__buf_4)
                  0.08    0.22    4.54 v _379_/X (sky130_fd_sc_hd__buf_4)
    10    0.06                           _182_ (net)
                  0.08    0.00    4.55 v _385_/A (sky130_fd_sc_hd__inv_2)
                  0.03    0.06    4.61 ^ _385_/Y (sky130_fd_sc_hd__inv_2)
     1    0.00                           _015_ (net)
                  0.03    0.00    4.61 ^ _413_/RESET_B (sky130_fd_sc_hd__dfrtp_4)
                                  4.61   data arrival time

                         20.00   20.00   clock clk (rise edge)
                          0.00   20.00   clock source latency
                  0.20    0.14   20.14 ^ clk (in)
     1    0.04                           clk (net)
                  0.20    0.00   20.14 ^ clkbuf_0_clk/A (sky130_fd_sc_hd__clkbuf_16)
                  0.04    0.17   20.30 ^ clkbuf_0_clk/X (sky130_fd_sc_hd__clkbuf_16)
     2    0.02                           clknet_0_clk (net)
                  0.04    0.00   20.30 ^ clkbuf_1_0__f_clk/A (sky130_fd_sc_hd__clkbuf_16)
                  0.06    0.14   20.44 ^ clkbuf_1_0__f_clk/X (sky130_fd_sc_hd__clkbuf_16)
    14    0.04                           clknet_1_0__leaf_clk (net)
                  0.06    0.00   20.44 ^ _413_/CLK (sky130_fd_sc_hd__dfrtp_4)
                         -0.25   20.19   clock uncertainty
                          0.00   20.19   clock reconvergence pessimism
                          0.23   20.42   library recovery time
                                 20.42   data required time
-----------------------------------------------------------------------------
                                 20.42   data required time
                                 -4.61   data arrival time
-----------------------------------------------------------------------------
                                 15.81   slack (MET)


Startpoint: rst (input port clocked by clk)
Endpoint: _403_ (recovery check against rising-edge clock clk)
Path Group: asynchronous
Path Type: max

Fanout     Cap    Slew   Delay    Time   Description
-----------------------------------------------------------------------------
                          0.00    0.00   clock clk (rise edge)
                          0.00    0.00   clock network delay (propagated)
                          4.00    4.00 v input external delay
                  0.01    0.01    4.01 v rst (in)
     1    0.00                           rst (net)
                  0.01    0.00    4.01 v input1/A (sky130_fd_sc_hd__buf_1)
                  0.07    0.12    4.12 v input1/X (sky130_fd_sc_hd__buf_1)
     1    0.01                           net1 (net)
                  0.07    0.00    4.12 v _367_/A (sky130_fd_sc_hd__buf_4)
                  0.08    0.21    4.33 v _367_/X (sky130_fd_sc_hd__buf_4)
    10    0.05                           _180_ (net)
                  0.08    0.00    4.33 v _368_/A (sky130_fd_sc_hd__buf_4)
                  0.08    0.22    4.55 v _368_/X (sky130_fd_sc_hd__buf_4)
    10    0.06                           _181_ (net)
                  0.08    0.00    4.55 v _374_/A (sky130_fd_sc_hd__inv_2)
                  0.03    0.06    4.61 ^ _374_/Y (sky130_fd_sc_hd__inv_2)
     1    0.00                           _005_ (net)
                  0.03    0.00    4.61 ^ _403_/RESET_B (sky130_fd_sc_hd__dfrtp_4)
                                  4.61   data arrival time

                         20.00   20.00   clock clk (rise edge)
                          0.00   20.00   clock source latency
                  0.20    0.14   20.14 ^ clk (in)
     1    0.04                           clk (net)
                  0.20    0.00   20.14 ^ clkbuf_0_clk/A (sky130_fd_sc_hd__clkbuf_16)
                  0.04    0.17   20.30 ^ clkbuf_0_clk/X (sky130_fd_sc_hd__clkbuf_16)
     2    0.02                           clknet_0_clk (net)
                  0.04    0.00   20.30 ^ clkbuf_1_1__f_clk/A (sky130_fd_sc_hd__clkbuf_16)
                  0.06    0.14   20.44 ^ clkbuf_1_1__f_clk/X (sky130_fd_sc_hd__clkbuf_16)
    14    0.04                           clknet_1_1__leaf_clk (net)
                  0.06    0.00   20.44 ^ _403_/CLK (sky130_fd_sc_hd__dfrtp_4)
                         -0.25   20.19   clock uncertainty
                          0.00   20.19   clock reconvergence pessimism
                          0.23   20.42   library recovery time
                                 20.42   data required time
-----------------------------------------------------------------------------
                                 20.42   data required time
                                 -4.61   data arrival time
-----------------------------------------------------------------------------
                                 15.81   slack (MET)


Startpoint: rst (input port clocked by clk)
Endpoint: _410_ (recovery check against rising-edge clock clk)
Path Group: asynchronous
Path Type: max

Fanout     Cap    Slew   Delay    Time   Description
-----------------------------------------------------------------------------
                          0.00    0.00   clock clk (rise edge)
                          0.00    0.00   clock network delay (propagated)
                          4.00    4.00 v input external delay
                  0.01    0.01    4.01 v rst (in)
     1    0.00                           rst (net)
                  0.01    0.00    4.01 v input1/A (sky130_fd_sc_hd__buf_1)
                  0.07    0.12    4.12 v input1/X (sky130_fd_sc_hd__buf_1)
     1    0.01                           net1 (net)
                  0.07    0.00    4.12 v _367_/A (sky130_fd_sc_hd__buf_4)
                  0.08    0.21    4.33 v _367_/X (sky130_fd_sc_hd__buf_4)
    10    0.05                           _180_ (net)
                  0.08    0.00    4.33 v _379_/A (sky130_fd_sc_hd__buf_4)
                  0.08    0.22    4.54 v _379_/X (sky130_fd_sc_hd__buf_4)
    10    0.06                           _182_ (net)
                  0.08    0.00    4.55 v _382_/A (sky130_fd_sc_hd__inv_2)
                  0.03    0.06    4.61 ^ _382_/Y (sky130_fd_sc_hd__inv_2)
     1    0.00                           _012_ (net)
                  0.03    0.00    4.61 ^ _410_/RESET_B (sky130_fd_sc_hd__dfrtp_4)
                                  4.61   data arrival time

                         20.00   20.00   clock clk (rise edge)
                          0.00   20.00   clock source latency
                  0.20    0.14   20.14 ^ clk (in)
     1    0.04                           clk (net)
                  0.20    0.00   20.14 ^ clkbuf_0_clk/A (sky130_fd_sc_hd__clkbuf_16)
                  0.04    0.17   20.30 ^ clkbuf_0_clk/X (sky130_fd_sc_hd__clkbuf_16)
     2    0.02                           clknet_0_clk (net)
                  0.04    0.00   20.30 ^ clkbuf_1_0__f_clk/A (sky130_fd_sc_hd__clkbuf_16)
                  0.06    0.14   20.44 ^ clkbuf_1_0__f_clk/X (sky130_fd_sc_hd__clkbuf_16)
    14    0.04                           clknet_1_0__leaf_clk (net)
                  0.06    0.00   20.44 ^ _410_/CLK (sky130_fd_sc_hd__dfrtp_4)
                         -0.25   20.19   clock uncertainty
                          0.00   20.19   clock reconvergence pessimism
                          0.23   20.42   library recovery time
                                 20.42   data required time
-----------------------------------------------------------------------------
                                 20.42   data required time
                                 -4.61   data arrival time
-----------------------------------------------------------------------------
                                 15.81   slack (MET)


Startpoint: rst (input port clocked by clk)
Endpoint: _412_ (recovery check against rising-edge clock clk)
Path Group: asynchronous
Path Type: max

Fanout     Cap    Slew   Delay    Time   Description
-----------------------------------------------------------------------------
                          0.00    0.00   clock clk (rise edge)
                          0.00    0.00   clock network delay (propagated)
                          4.00    4.00 v input external delay
                  0.01    0.01    4.01 v rst (in)
     1    0.00                           rst (net)
                  0.01    0.00    4.01 v input1/A (sky130_fd_sc_hd__buf_1)
                  0.07    0.12    4.12 v input1/X (sky130_fd_sc_hd__buf_1)
     1    0.01                           net1 (net)
                  0.07    0.00    4.12 v _367_/A (sky130_fd_sc_hd__buf_4)
                  0.08    0.21    4.33 v _367_/X (sky130_fd_sc_hd__buf_4)
    10    0.05                           _180_ (net)
                  0.08    0.00    4.33 v _379_/A (sky130_fd_sc_hd__buf_4)
                  0.08    0.22    4.54 v _379_/X (sky130_fd_sc_hd__buf_4)
    10    0.06                           _182_ (net)
                  0.08    0.00    4.55 v _384_/A (sky130_fd_sc_hd__inv_2)
                  0.03    0.06    4.61 ^ _384_/Y (sky130_fd_sc_hd__inv_2)
     1    0.00                           _014_ (net)
                  0.03    0.00    4.61 ^ _412_/RESET_B (sky130_fd_sc_hd__dfrtp_2)
                                  4.61   data arrival time

                         20.00   20.00   clock clk (rise edge)
                          0.00   20.00   clock source latency
                  0.20    0.14   20.14 ^ clk (in)
     1    0.04                           clk (net)
                  0.20    0.00   20.14 ^ clkbuf_0_clk/A (sky130_fd_sc_hd__clkbuf_16)
                  0.04    0.17   20.30 ^ clkbuf_0_clk/X (sky130_fd_sc_hd__clkbuf_16)
     2    0.02                           clknet_0_clk (net)
                  0.04    0.00   20.30 ^ clkbuf_1_1__f_clk/A (sky130_fd_sc_hd__clkbuf_16)
                  0.06    0.14   20.44 ^ clkbuf_1_1__f_clk/X (sky130_fd_sc_hd__clkbuf_16)
    14    0.04                           clknet_1_1__leaf_clk (net)
                  0.06    0.00   20.44 ^ _412_/CLK (sky130_fd_sc_hd__dfrtp_2)
                         -0.25   20.19   clock uncertainty
                          0.00   20.19   clock reconvergence pessimism
                          0.23   20.42   library recovery time
                                 20.42   data required time
-----------------------------------------------------------------------------
                                 20.42   data required time
                                 -4.61   data arrival time
-----------------------------------------------------------------------------
                                 15.81   slack (MET)


Startpoint: rst (input port clocked by clk)
Endpoint: _409_ (recovery check against rising-edge clock clk)
Path Group: asynchronous
Path Type: max

Fanout     Cap    Slew   Delay    Time   Description
-----------------------------------------------------------------------------
                          0.00    0.00   clock clk (rise edge)
                          0.00    0.00   clock network delay (propagated)
                          4.00    4.00 v input external delay
                  0.01    0.01    4.01 v rst (in)
     1    0.00                           rst (net)
                  0.01    0.00    4.01 v input1/A (sky130_fd_sc_hd__buf_1)
                  0.07    0.12    4.12 v input1/X (sky130_fd_sc_hd__buf_1)
     1    0.01                           net1 (net)
                  0.07    0.00    4.12 v _367_/A (sky130_fd_sc_hd__buf_4)
                  0.08    0.21    4.33 v _367_/X (sky130_fd_sc_hd__buf_4)
    10    0.05                           _180_ (net)
                  0.08    0.00    4.33 v _379_/A (sky130_fd_sc_hd__buf_4)
                  0.08    0.22    4.54 v _379_/X (sky130_fd_sc_hd__buf_4)
    10    0.06                           _182_ (net)
                  0.08    0.00    4.55 v _381_/A (sky130_fd_sc_hd__inv_2)
                  0.03    0.06    4.61 ^ _381_/Y (sky130_fd_sc_hd__inv_2)
     1    0.00                           _011_ (net)
                  0.03    0.00    4.61 ^ _409_/RESET_B (sky130_fd_sc_hd__dfrtp_4)
                                  4.61   data arrival time

                         20.00   20.00   clock clk (rise edge)
                          0.00   20.00   clock source latency
                  0.20    0.14   20.14 ^ clk (in)
     1    0.04                           clk (net)
                  0.20    0.00   20.14 ^ clkbuf_0_clk/A (sky130_fd_sc_hd__clkbuf_16)
                  0.04    0.17   20.30 ^ clkbuf_0_clk/X (sky130_fd_sc_hd__clkbuf_16)
     2    0.02                           clknet_0_clk (net)
                  0.04    0.00   20.30 ^ clkbuf_1_0__f_clk/A (sky130_fd_sc_hd__clkbuf_16)
                  0.06    0.14   20.44 ^ clkbuf_1_0__f_clk/X (sky130_fd_sc_hd__clkbuf_16)
    14    0.04                           clknet_1_0__leaf_clk (net)
                  0.06    0.00   20.44 ^ _409_/CLK (sky130_fd_sc_hd__dfrtp_4)
                         -0.25   20.19   clock uncertainty
                          0.00   20.19   clock reconvergence pessimism
                          0.23   20.42   library recovery time
                                 20.42   data required time
-----------------------------------------------------------------------------
                                 20.42   data required time
                                 -4.61   data arrival time
-----------------------------------------------------------------------------
                                 15.81   slack (MET)


Startpoint: rst (input port clocked by clk)
Endpoint: _417_ (recovery check against rising-edge clock clk)
Path Group: asynchronous
Path Type: max

Fanout     Cap    Slew   Delay    Time   Description
-----------------------------------------------------------------------------
                          0.00    0.00   clock clk (rise edge)
                          0.00    0.00   clock network delay (propagated)
                          4.00    4.00 v input external delay
                  0.01    0.01    4.01 v rst (in)
     1    0.00                           rst (net)
                  0.01    0.00    4.01 v input1/A (sky130_fd_sc_hd__buf_1)
                  0.07    0.12    4.12 v input1/X (sky130_fd_sc_hd__buf_1)
     1    0.01                           net1 (net)
                  0.07    0.00    4.12 v _367_/A (sky130_fd_sc_hd__buf_4)
                  0.08    0.21    4.33 v _367_/X (sky130_fd_sc_hd__buf_4)
    10    0.05                           _180_ (net)
                  0.08    0.00    4.33 v _379_/A (sky130_fd_sc_hd__buf_4)
                  0.08    0.22    4.54 v _379_/X (sky130_fd_sc_hd__buf_4)
    10    0.06                           _182_ (net)
                  0.08    0.00    4.55 v _389_/A (sky130_fd_sc_hd__inv_2)
                  0.03    0.06    4.61 ^ _389_/Y (sky130_fd_sc_hd__inv_2)
     1    0.00                           _019_ (net)
                  0.03    0.00    4.61 ^ _417_/RESET_B (sky130_fd_sc_hd__dfrtp_4)
                                  4.61   data arrival time

                         20.00   20.00   clock clk (rise edge)
                          0.00   20.00   clock source latency
                  0.20    0.14   20.14 ^ clk (in)
     1    0.04                           clk (net)
                  0.20    0.00   20.14 ^ clkbuf_0_clk/A (sky130_fd_sc_hd__clkbuf_16)
                  0.04    0.17   20.30 ^ clkbuf_0_clk/X (sky130_fd_sc_hd__clkbuf_16)
     2    0.02                           clknet_0_clk (net)
                  0.04    0.00   20.30 ^ clkbuf_1_0__f_clk/A (sky130_fd_sc_hd__clkbuf_16)
                  0.06    0.14   20.44 ^ clkbuf_1_0__f_clk/X (sky130_fd_sc_hd__clkbuf_16)
    14    0.04                           clknet_1_0__leaf_clk (net)
                  0.06    0.00   20.44 ^ _417_/CLK (sky130_fd_sc_hd__dfrtp_4)
                         -0.25   20.19   clock uncertainty
                          0.00   20.19   clock reconvergence pessimism
                          0.23   20.42   library recovery time
                                 20.42   data required time
-----------------------------------------------------------------------------
                                 20.42   data required time
                                 -4.61   data arrival time
-----------------------------------------------------------------------------
                                 15.81   slack (MET)


Startpoint: rst (input port clocked by clk)
Endpoint: _402_ (recovery check against rising-edge clock clk)
Path Group: asynchronous
Path Type: max

Fanout     Cap    Slew   Delay    Time   Description
-----------------------------------------------------------------------------
                          0.00    0.00   clock clk (rise edge)
                          0.00    0.00   clock network delay (propagated)
                          4.00    4.00 v input external delay
                  0.01    0.01    4.01 v rst (in)
     1    0.00                           rst (net)
                  0.01    0.00    4.01 v input1/A (sky130_fd_sc_hd__buf_1)
                  0.07    0.12    4.12 v input1/X (sky130_fd_sc_hd__buf_1)
     1    0.01                           net1 (net)
                  0.07    0.00    4.12 v _367_/A (sky130_fd_sc_hd__buf_4)
                  0.08    0.21    4.33 v _367_/X (sky130_fd_sc_hd__buf_4)
    10    0.05                           _180_ (net)
                  0.08    0.00    4.33 v _368_/A (sky130_fd_sc_hd__buf_4)
                  0.08    0.22    4.55 v _368_/X (sky130_fd_sc_hd__buf_4)
    10    0.06                           _181_ (net)
                  0.08    0.00    4.55 v _373_/A (sky130_fd_sc_hd__inv_2)
                  0.03    0.06    4.61 ^ _373_/Y (sky130_fd_sc_hd__inv_2)
     1    0.00                           _004_ (net)
                  0.03    0.00    4.61 ^ _402_/RESET_B (sky130_fd_sc_hd__dfrtp_4)
                                  4.61   data arrival time

                         20.00   20.00   clock clk (rise edge)
                          0.00   20.00   clock source latency
                  0.20    0.14   20.14 ^ clk (in)
     1    0.04                           clk (net)
                  0.20    0.00   20.14 ^ clkbuf_0_clk/A (sky130_fd_sc_hd__clkbuf_16)
                  0.04    0.17   20.30 ^ clkbuf_0_clk/X (sky130_fd_sc_hd__clkbuf_16)
     2    0.02                           clknet_0_clk (net)
                  0.04    0.00   20.30 ^ clkbuf_1_1__f_clk/A (sky130_fd_sc_hd__clkbuf_16)
                  0.06    0.14   20.44 ^ clkbuf_1_1__f_clk/X (sky130_fd_sc_hd__clkbuf_16)
    14    0.04                           clknet_1_1__leaf_clk (net)
                  0.06    0.00   20.44 ^ _402_/CLK (sky130_fd_sc_hd__dfrtp_4)
                         -0.25   20.19   clock uncertainty
                          0.00   20.19   clock reconvergence pessimism
                          0.23   20.42   library recovery time
                                 20.42   data required time
-----------------------------------------------------------------------------
                                 20.42   data required time
                                 -4.61   data arrival time
-----------------------------------------------------------------------------
                                 15.81   slack (MET)


Startpoint: rst (input port clocked by clk)
Endpoint: _415_ (recovery check against rising-edge clock clk)
Path Group: asynchronous
Path Type: max

Fanout     Cap    Slew   Delay    Time   Description
-----------------------------------------------------------------------------
                          0.00    0.00   clock clk (rise edge)
                          0.00    0.00   clock network delay (propagated)
                          4.00    4.00 v input external delay
                  0.01    0.01    4.01 v rst (in)
     1    0.00                           rst (net)
                  0.01    0.00    4.01 v input1/A (sky130_fd_sc_hd__buf_1)
                  0.07    0.12    4.12 v input1/X (sky130_fd_sc_hd__buf_1)
     1    0.01                           net1 (net)
                  0.07    0.00    4.12 v _367_/A (sky130_fd_sc_hd__buf_4)
                  0.08    0.21    4.33 v _367_/X (sky130_fd_sc_hd__buf_4)
    10    0.05                           _180_ (net)
                  0.08    0.00    4.33 v _379_/A (sky130_fd_sc_hd__buf_4)
                  0.08    0.22    4.54 v _379_/X (sky130_fd_sc_hd__buf_4)
    10    0.06                           _182_ (net)
                  0.08    0.00    4.55 v _387_/A (sky130_fd_sc_hd__inv_2)
                  0.03    0.06    4.61 ^ _387_/Y (sky130_fd_sc_hd__inv_2)
     1    0.00                           _017_ (net)
                  0.03    0.00    4.61 ^ _415_/RESET_B (sky130_fd_sc_hd__dfrtp_4)
                                  4.61   data arrival time

                         20.00   20.00   clock clk (rise edge)
                          0.00   20.00   clock source latency
                  0.20    0.14   20.14 ^ clk (in)
     1    0.04                           clk (net)
                  0.20    0.00   20.14 ^ clkbuf_0_clk/A (sky130_fd_sc_hd__clkbuf_16)
                  0.04    0.17   20.30 ^ clkbuf_0_clk/X (sky130_fd_sc_hd__clkbuf_16)
     2    0.02                           clknet_0_clk (net)
                  0.04    0.00   20.30 ^ clkbuf_1_0__f_clk/A (sky130_fd_sc_hd__clkbuf_16)
                  0.06    0.14   20.44 ^ clkbuf_1_0__f_clk/X (sky130_fd_sc_hd__clkbuf_16)
    14    0.04                           clknet_1_0__leaf_clk (net)
                  0.06    0.00   20.44 ^ _415_/CLK (sky130_fd_sc_hd__dfrtp_4)
                         -0.25   20.19   clock uncertainty
                          0.00   20.19   clock reconvergence pessimism
                          0.23   20.42   library recovery time
                                 20.42   data required time
-----------------------------------------------------------------------------
                                 20.42   data required time
                                 -4.61   data arrival time
-----------------------------------------------------------------------------
                                 15.81   slack (MET)


Startpoint: rst (input port clocked by clk)
Endpoint: _406_ (recovery check against rising-edge clock clk)
Path Group: asynchronous
Path Type: max

Fanout     Cap    Slew   Delay    Time   Description
-----------------------------------------------------------------------------
                          0.00    0.00   clock clk (rise edge)
                          0.00    0.00   clock network delay (propagated)
                          4.00    4.00 v input external delay
                  0.01    0.01    4.01 v rst (in)
     1    0.00                           rst (net)
                  0.01    0.00    4.01 v input1/A (sky130_fd_sc_hd__buf_1)
                  0.07    0.12    4.12 v input1/X (sky130_fd_sc_hd__buf_1)
     1    0.01                           net1 (net)
                  0.07    0.00    4.12 v _367_/A (sky130_fd_sc_hd__buf_4)
                  0.08    0.21    4.33 v _367_/X (sky130_fd_sc_hd__buf_4)
    10    0.05                           _180_ (net)
                  0.08    0.00    4.33 v _368_/A (sky130_fd_sc_hd__buf_4)
                  0.08    0.22    4.55 v _368_/X (sky130_fd_sc_hd__buf_4)
    10    0.06                           _181_ (net)
                  0.08    0.00    4.55 v _377_/A (sky130_fd_sc_hd__inv_2)
                  0.03    0.06    4.61 ^ _377_/Y (sky130_fd_sc_hd__inv_2)
     1    0.00                           _008_ (net)
                  0.03    0.00    4.61 ^ _406_/RESET_B (sky130_fd_sc_hd__dfrtp_2)
                                  4.61   data arrival time

                         20.00   20.00   clock clk (rise edge)
                          0.00   20.00   clock source latency
                  0.20    0.14   20.14 ^ clk (in)
     1    0.04                           clk (net)
                  0.20    0.00   20.14 ^ clkbuf_0_clk/A (sky130_fd_sc_hd__clkbuf_16)
                  0.04    0.17   20.30 ^ clkbuf_0_clk/X (sky130_fd_sc_hd__clkbuf_16)
     2    0.02                           clknet_0_clk (net)
                  0.04    0.00   20.30 ^ clkbuf_1_0__f_clk/A (sky130_fd_sc_hd__clkbuf_16)
                  0.06    0.14   20.44 ^ clkbuf_1_0__f_clk/X (sky130_fd_sc_hd__clkbuf_16)
    14    0.04                           clknet_1_0__leaf_clk (net)
                  0.06    0.00   20.44 ^ _406_/CLK (sky130_fd_sc_hd__dfrtp_2)
                         -0.25   20.19   clock uncertainty
                          0.00   20.19   clock reconvergence pessimism
                          0.23   20.42   library recovery time
                                 20.42   data required time
-----------------------------------------------------------------------------
                                 20.42   data required time
                                 -4.61   data arrival time
-----------------------------------------------------------------------------
                                 15.81   slack (MET)


Startpoint: rst (input port clocked by clk)
Endpoint: _416_ (recovery check against rising-edge clock clk)
Path Group: asynchronous
Path Type: max

Fanout     Cap    Slew   Delay    Time   Description
-----------------------------------------------------------------------------
                          0.00    0.00   clock clk (rise edge)
                          0.00    0.00   clock network delay (propagated)
                          4.00    4.00 v input external delay
                  0.01    0.01    4.01 v rst (in)
     1    0.00                           rst (net)
                  0.01    0.00    4.01 v input1/A (sky130_fd_sc_hd__buf_1)
                  0.07    0.12    4.12 v input1/X (sky130_fd_sc_hd__buf_1)
     1    0.01                           net1 (net)
                  0.07    0.00    4.12 v _367_/A (sky130_fd_sc_hd__buf_4)
                  0.08    0.21    4.33 v _367_/X (sky130_fd_sc_hd__buf_4)
    10    0.05                           _180_ (net)
                  0.08    0.00    4.33 v _379_/A (sky130_fd_sc_hd__buf_4)
                  0.08    0.22    4.54 v _379_/X (sky130_fd_sc_hd__buf_4)
    10    0.06                           _182_ (net)
                  0.08    0.00    4.54 v _388_/A (sky130_fd_sc_hd__inv_2)
                  0.03    0.06    4.60 ^ _388_/Y (sky130_fd_sc_hd__inv_2)
     1    0.00                           _018_ (net)
                  0.03    0.00    4.60 ^ _416_/RESET_B (sky130_fd_sc_hd__dfrtp_4)
                                  4.60   data arrival time

                         20.00   20.00   clock clk (rise edge)
                          0.00   20.00   clock source latency
                  0.20    0.14   20.14 ^ clk (in)
     1    0.04                           clk (net)
                  0.20    0.00   20.14 ^ clkbuf_0_clk/A (sky130_fd_sc_hd__clkbuf_16)
                  0.04    0.17   20.30 ^ clkbuf_0_clk/X (sky130_fd_sc_hd__clkbuf_16)
     2    0.02                           clknet_0_clk (net)
                  0.04    0.00   20.30 ^ clkbuf_1_0__f_clk/A (sky130_fd_sc_hd__clkbuf_16)
                  0.06    0.14   20.44 ^ clkbuf_1_0__f_clk/X (sky130_fd_sc_hd__clkbuf_16)
    14    0.04                           clknet_1_0__leaf_clk (net)
                  0.06    0.00   20.44 ^ _416_/CLK (sky130_fd_sc_hd__dfrtp_4)
                         -0.25   20.19   clock uncertainty
                          0.00   20.19   clock reconvergence pessimism
                          0.23   20.42   library recovery time
                                 20.42   data required time
-----------------------------------------------------------------------------
                                 20.42   data required time
                                 -4.60   data arrival time
-----------------------------------------------------------------------------
                                 15.81   slack (MET)


Startpoint: rst (input port clocked by clk)
Endpoint: _408_ (recovery check against rising-edge clock clk)
Path Group: asynchronous
Path Type: max

Fanout     Cap    Slew   Delay    Time   Description
-----------------------------------------------------------------------------
                          0.00    0.00   clock clk (rise edge)
                          0.00    0.00   clock network delay (propagated)
                          4.00    4.00 v input external delay
                  0.01    0.01    4.01 v rst (in)
     1    0.00                           rst (net)
                  0.01    0.00    4.01 v input1/A (sky130_fd_sc_hd__buf_1)
                  0.07    0.12    4.12 v input1/X (sky130_fd_sc_hd__buf_1)
     1    0.01                           net1 (net)
                  0.07    0.00    4.12 v _367_/A (sky130_fd_sc_hd__buf_4)
                  0.08    0.21    4.33 v _367_/X (sky130_fd_sc_hd__buf_4)
    10    0.05                           _180_ (net)
                  0.08    0.00    4.33 v _379_/A (sky130_fd_sc_hd__buf_4)
                  0.08    0.22    4.54 v _379_/X (sky130_fd_sc_hd__buf_4)
    10    0.06                           _182_ (net)
                  0.08    0.00    4.54 v _380_/A (sky130_fd_sc_hd__inv_2)
                  0.03    0.06    4.60 ^ _380_/Y (sky130_fd_sc_hd__inv_2)
     1    0.00                           _010_ (net)
                  0.03    0.00    4.60 ^ _408_/RESET_B (sky130_fd_sc_hd__dfrtp_4)
                                  4.60   data arrival time

                         20.00   20.00   clock clk (rise edge)
                          0.00   20.00   clock source latency
                  0.20    0.14   20.14 ^ clk (in)
     1    0.04                           clk (net)
                  0.20    0.00   20.14 ^ clkbuf_0_clk/A (sky130_fd_sc_hd__clkbuf_16)
                  0.04    0.17   20.30 ^ clkbuf_0_clk/X (sky130_fd_sc_hd__clkbuf_16)
     2    0.02                           clknet_0_clk (net)
                  0.04    0.00   20.30 ^ clkbuf_1_0__f_clk/A (sky130_fd_sc_hd__clkbuf_16)
                  0.06    0.14   20.44 ^ clkbuf_1_0__f_clk/X (sky130_fd_sc_hd__clkbuf_16)
    14    0.04                           clknet_1_0__leaf_clk (net)
                  0.06    0.00   20.44 ^ _408_/CLK (sky130_fd_sc_hd__dfrtp_4)
                         -0.25   20.19   clock uncertainty
                          0.00   20.19   clock reconvergence pessimism
                          0.23   20.42   library recovery time
                                 20.42   data required time
-----------------------------------------------------------------------------
                                 20.42   data required time
                                 -4.60   data arrival time
-----------------------------------------------------------------------------
                                 15.81   slack (MET)


Startpoint: rst (input port clocked by clk)
Endpoint: _423_ (recovery check against rising-edge clock clk)
Path Group: asynchronous
Path Type: max

Fanout     Cap    Slew   Delay    Time   Description
-----------------------------------------------------------------------------
                          0.00    0.00   clock clk (rise edge)
                          0.00    0.00   clock network delay (propagated)
                          4.00    4.00 v input external delay
                  0.01    0.01    4.01 v rst (in)
     1    0.00                           rst (net)
                  0.01    0.00    4.01 v input1/A (sky130_fd_sc_hd__buf_1)
                  0.07    0.12    4.12 v input1/X (sky130_fd_sc_hd__buf_1)
     1    0.01                           net1 (net)
                  0.07    0.00    4.12 v _367_/A (sky130_fd_sc_hd__buf_4)
                  0.08    0.21    4.33 v _367_/X (sky130_fd_sc_hd__buf_4)
    10    0.05                           _180_ (net)
                  0.08    0.00    4.33 v _395_/A (sky130_fd_sc_hd__inv_2)
                  0.04    0.07    4.40 ^ _395_/Y (sky130_fd_sc_hd__inv_2)
     1    0.01                           _025_ (net)
                  0.04    0.00    4.40 ^ _423_/RESET_B (sky130_fd_sc_hd__dfrtp_4)
                                  4.40   data arrival time

                         20.00   20.00   clock clk (rise edge)
                          0.00   20.00   clock source latency
                  0.20    0.14   20.14 ^ clk (in)
     1    0.04                           clk (net)
                  0.20    0.00   20.14 ^ clkbuf_0_clk/A (sky130_fd_sc_hd__clkbuf_16)
                  0.04    0.17   20.30 ^ clkbuf_0_clk/X (sky130_fd_sc_hd__clkbuf_16)
     2    0.02                           clknet_0_clk (net)
                  0.04    0.00   20.30 ^ clkbuf_1_0__f_clk/A (sky130_fd_sc_hd__clkbuf_16)
                  0.06    0.14   20.44 ^ clkbuf_1_0__f_clk/X (sky130_fd_sc_hd__clkbuf_16)
    14    0.04                           clknet_1_0__leaf_clk (net)
                  0.06    0.00   20.44 ^ _423_/CLK (sky130_fd_sc_hd__dfrtp_4)
                         -0.25   20.19   clock uncertainty
                          0.00   20.19   clock reconvergence pessimism
                          0.22   20.41   library recovery time
                                 20.41   data required time
-----------------------------------------------------------------------------
                                 20.41   data required time
                                 -4.40   data arrival time
-----------------------------------------------------------------------------
                                 16.02   slack (MET)


Startpoint: rst (input port clocked by clk)
Endpoint: _421_ (recovery check against rising-edge clock clk)
Path Group: asynchronous
Path Type: max

Fanout     Cap    Slew   Delay    Time   Description
-----------------------------------------------------------------------------
                          0.00    0.00   clock clk (rise edge)
                          0.00    0.00   clock network delay (propagated)
                          4.00    4.00 v input external delay
                  0.01    0.01    4.01 v rst (in)
     1    0.00                           rst (net)
                  0.01    0.00    4.01 v input1/A (sky130_fd_sc_hd__buf_1)
                  0.07    0.12    4.12 v input1/X (sky130_fd_sc_hd__buf_1)
     1    0.01                           net1 (net)
                  0.07    0.00    4.12 v _367_/A (sky130_fd_sc_hd__buf_4)
                  0.08    0.21    4.33 v _367_/X (sky130_fd_sc_hd__buf_4)
    10    0.05                           _180_ (net)
                  0.08    0.00    4.33 v _393_/A (sky130_fd_sc_hd__inv_2)
                  0.03    0.06    4.39 ^ _393_/Y (sky130_fd_sc_hd__inv_2)
     1    0.00                           _023_ (net)
                  0.03    0.00    4.39 ^ _421_/RESET_B (sky130_fd_sc_hd__dfrtp_4)
                                  4.39   data arrival time

                         20.00   20.00   clock clk (rise edge)
                          0.00   20.00   clock source latency
                  0.20    0.14   20.14 ^ clk (in)
     1    0.04                           clk (net)
                  0.20    0.00   20.14 ^ clkbuf_0_clk/A (sky130_fd_sc_hd__clkbuf_16)
                  0.04    0.17   20.30 ^ clkbuf_0_clk/X (sky130_fd_sc_hd__clkbuf_16)
     2    0.02                           clknet_0_clk (net)
                  0.04    0.00   20.30 ^ clkbuf_1_1__f_clk/A (sky130_fd_sc_hd__clkbuf_16)
                  0.06    0.14   20.44 ^ clkbuf_1_1__f_clk/X (sky130_fd_sc_hd__clkbuf_16)
    14    0.04                           clknet_1_1__leaf_clk (net)
                  0.06    0.00   20.44 ^ _421_/CLK (sky130_fd_sc_hd__dfrtp_4)
                         -0.25   20.19   clock uncertainty
                          0.00   20.19   clock reconvergence pessimism
                          0.23   20.42   library recovery time
                                 20.42   data required time
-----------------------------------------------------------------------------
                                 20.42   data required time
                                 -4.39   data arrival time
-----------------------------------------------------------------------------
                                 16.03   slack (MET)


Startpoint: rst (input port clocked by clk)
Endpoint: _418_ (recovery check against rising-edge clock clk)
Path Group: asynchronous
Path Type: max

Fanout     Cap    Slew   Delay    Time   Description
-----------------------------------------------------------------------------
                          0.00    0.00   clock clk (rise edge)
                          0.00    0.00   clock network delay (propagated)
                          4.00    4.00 v input external delay
                  0.01    0.01    4.01 v rst (in)
     1    0.00                           rst (net)
                  0.01    0.00    4.01 v input1/A (sky130_fd_sc_hd__buf_1)
                  0.07    0.12    4.12 v input1/X (sky130_fd_sc_hd__buf_1)
     1    0.01                           net1 (net)
                  0.07    0.00    4.12 v _367_/A (sky130_fd_sc_hd__buf_4)
                  0.08    0.21    4.33 v _367_/X (sky130_fd_sc_hd__buf_4)
    10    0.05                           _180_ (net)
                  0.08    0.00    4.33 v _390_/A (sky130_fd_sc_hd__inv_2)
                  0.03    0.06    4.39 ^ _390_/Y (sky130_fd_sc_hd__inv_2)
     1    0.00                           _020_ (net)
                  0.03    0.00    4.39 ^ _418_/RESET_B (sky130_fd_sc_hd__dfrtp_4)
                                  4.39   data arrival time

                         20.00   20.00   clock clk (rise edge)
                          0.00   20.00   clock source latency
                  0.20    0.14   20.14 ^ clk (in)
     1    0.04                           clk (net)
                  0.20    0.00   20.14 ^ clkbuf_0_clk/A (sky130_fd_sc_hd__clkbuf_16)
                  0.04    0.17   20.30 ^ clkbuf_0_clk/X (sky130_fd_sc_hd__clkbuf_16)
     2    0.02                           clknet_0_clk (net)
                  0.04    0.00   20.30 ^ clkbuf_1_1__f_clk/A (sky130_fd_sc_hd__clkbuf_16)
                  0.06    0.14   20.44 ^ clkbuf_1_1__f_clk/X (sky130_fd_sc_hd__clkbuf_16)
    14    0.04                           clknet_1_1__leaf_clk (net)
                  0.06    0.00   20.44 ^ _418_/CLK (sky130_fd_sc_hd__dfrtp_4)
                         -0.25   20.19   clock uncertainty
                          0.00   20.19   clock reconvergence pessimism
                          0.23   20.42   library recovery time
                                 20.42   data required time
-----------------------------------------------------------------------------
                                 20.42   data required time
                                 -4.39   data arrival time
-----------------------------------------------------------------------------
                                 16.03   slack (MET)


Startpoint: rst (input port clocked by clk)
Endpoint: _419_ (recovery check against rising-edge clock clk)
Path Group: asynchronous
Path Type: max

Fanout     Cap    Slew   Delay    Time   Description
-----------------------------------------------------------------------------
                          0.00    0.00   clock clk (rise edge)
                          0.00    0.00   clock network delay (propagated)
                          4.00    4.00 v input external delay
                  0.01    0.01    4.01 v rst (in)
     1    0.00                           rst (net)
                  0.01    0.00    4.01 v input1/A (sky130_fd_sc_hd__buf_1)
                  0.07    0.12    4.12 v input1/X (sky130_fd_sc_hd__buf_1)
     1    0.01                           net1 (net)
                  0.07    0.00    4.12 v _367_/A (sky130_fd_sc_hd__buf_4)
                  0.08    0.21    4.33 v _367_/X (sky130_fd_sc_hd__buf_4)
    10    0.05                           _180_ (net)
                  0.08    0.00    4.33 v _391_/A (sky130_fd_sc_hd__inv_2)
                  0.03    0.06    4.39 ^ _391_/Y (sky130_fd_sc_hd__inv_2)
     1    0.00                           _021_ (net)
                  0.03    0.00    4.39 ^ _419_/RESET_B (sky130_fd_sc_hd__dfrtp_4)
                                  4.39   data arrival time

                         20.00   20.00   clock clk (rise edge)
                          0.00   20.00   clock source latency
                  0.20    0.14   20.14 ^ clk (in)
     1    0.04                           clk (net)
                  0.20    0.00   20.14 ^ clkbuf_0_clk/A (sky130_fd_sc_hd__clkbuf_16)
                  0.04    0.17   20.30 ^ clkbuf_0_clk/X (sky130_fd_sc_hd__clkbuf_16)
     2    0.02                           clknet_0_clk (net)
                  0.04    0.00   20.30 ^ clkbuf_1_1__f_clk/A (sky130_fd_sc_hd__clkbuf_16)
                  0.06    0.14   20.44 ^ clkbuf_1_1__f_clk/X (sky130_fd_sc_hd__clkbuf_16)
    14    0.04                           clknet_1_1__leaf_clk (net)
                  0.06    0.00   20.44 ^ _419_/CLK (sky130_fd_sc_hd__dfrtp_4)
                         -0.25   20.19   clock uncertainty
                          0.00   20.19   clock reconvergence pessimism
                          0.23   20.42   library recovery time
                                 20.42   data required time
-----------------------------------------------------------------------------
                                 20.42   data required time
                                 -4.39   data arrival time
-----------------------------------------------------------------------------
                                 16.03   slack (MET)


Startpoint: rst (input port clocked by clk)
Endpoint: _420_ (recovery check against rising-edge clock clk)
Path Group: asynchronous
Path Type: max

Fanout     Cap    Slew   Delay    Time   Description
-----------------------------------------------------------------------------
                          0.00    0.00   clock clk (rise edge)
                          0.00    0.00   clock network delay (propagated)
                          4.00    4.00 v input external delay
                  0.01    0.01    4.01 v rst (in)
     1    0.00                           rst (net)
                  0.01    0.00    4.01 v input1/A (sky130_fd_sc_hd__buf_1)
                  0.07    0.12    4.12 v input1/X (sky130_fd_sc_hd__buf_1)
     1    0.01                           net1 (net)
                  0.07    0.00    4.12 v _367_/A (sky130_fd_sc_hd__buf_4)
                  0.08    0.21    4.33 v _367_/X (sky130_fd_sc_hd__buf_4)
    10    0.05                           _180_ (net)
                  0.08    0.00    4.33 v _392_/A (sky130_fd_sc_hd__inv_2)
                  0.03    0.06    4.39 ^ _392_/Y (sky130_fd_sc_hd__inv_2)
     1    0.00                           _022_ (net)
                  0.03    0.00    4.39 ^ _420_/RESET_B (sky130_fd_sc_hd__dfrtp_4)
                                  4.39   data arrival time

                         20.00   20.00   clock clk (rise edge)
                          0.00   20.00   clock source latency
                  0.20    0.14   20.14 ^ clk (in)
     1    0.04                           clk (net)
                  0.20    0.00   20.14 ^ clkbuf_0_clk/A (sky130_fd_sc_hd__clkbuf_16)
                  0.04    0.17   20.30 ^ clkbuf_0_clk/X (sky130_fd_sc_hd__clkbuf_16)
     2    0.02                           clknet_0_clk (net)
                  0.04    0.00   20.30 ^ clkbuf_1_1__f_clk/A (sky130_fd_sc_hd__clkbuf_16)
                  0.06    0.14   20.44 ^ clkbuf_1_1__f_clk/X (sky130_fd_sc_hd__clkbuf_16)
    14    0.04                           clknet_1_1__leaf_clk (net)
                  0.06    0.00   20.44 ^ _420_/CLK (sky130_fd_sc_hd__dfrtp_4)
                         -0.25   20.19   clock uncertainty
                          0.00   20.19   clock reconvergence pessimism
                          0.23   20.42   library recovery time
                                 20.42   data required time
-----------------------------------------------------------------------------
                                 20.42   data required time
                                 -4.39   data arrival time
-----------------------------------------------------------------------------
                                 16.03   slack (MET)


Startpoint: rst (input port clocked by clk)
Endpoint: _422_ (recovery check against rising-edge clock clk)
Path Group: asynchronous
Path Type: max

Fanout     Cap    Slew   Delay    Time   Description
-----------------------------------------------------------------------------
                          0.00    0.00   clock clk (rise edge)
                          0.00    0.00   clock network delay (propagated)
                          4.00    4.00 v input external delay
                  0.01    0.01    4.01 v rst (in)
     1    0.00                           rst (net)
                  0.01    0.00    4.01 v input1/A (sky130_fd_sc_hd__buf_1)
                  0.07    0.12    4.12 v input1/X (sky130_fd_sc_hd__buf_1)
     1    0.01                           net1 (net)
                  0.07    0.00    4.12 v _367_/A (sky130_fd_sc_hd__buf_4)
                  0.08    0.21    4.33 v _367_/X (sky130_fd_sc_hd__buf_4)
    10    0.05                           _180_ (net)
                  0.08    0.00    4.33 v _394_/A (sky130_fd_sc_hd__inv_2)
                  0.03    0.06    4.39 ^ _394_/Y (sky130_fd_sc_hd__inv_2)
     1    0.00                           _024_ (net)
                  0.03    0.00    4.39 ^ _422_/RESET_B (sky130_fd_sc_hd__dfrtp_4)
                                  4.39   data arrival time

                         20.00   20.00   clock clk (rise edge)
                          0.00   20.00   clock source latency
                  0.20    0.14   20.14 ^ clk (in)
     1    0.04                           clk (net)
                  0.20    0.00   20.14 ^ clkbuf_0_clk/A (sky130_fd_sc_hd__clkbuf_16)
                  0.04    0.17   20.30 ^ clkbuf_0_clk/X (sky130_fd_sc_hd__clkbuf_16)
     2    0.02                           clknet_0_clk (net)
                  0.04    0.00   20.30 ^ clkbuf_1_0__f_clk/A (sky130_fd_sc_hd__clkbuf_16)
                  0.06    0.14   20.44 ^ clkbuf_1_0__f_clk/X (sky130_fd_sc_hd__clkbuf_16)
    14    0.04                           clknet_1_0__leaf_clk (net)
                  0.06    0.00   20.44 ^ _422_/CLK (sky130_fd_sc_hd__dfrtp_4)
                         -0.25   20.19   clock uncertainty
                          0.00   20.19   clock reconvergence pessimism
                          0.23   20.42   library recovery time
                                 20.42   data required time
-----------------------------------------------------------------------------
                                 20.42   data required time
                                 -4.39   data arrival time
-----------------------------------------------------------------------------
                                 16.03   slack (MET)


Startpoint: rst (input port clocked by clk)
Endpoint: _425_ (recovery check against rising-edge clock clk)
Path Group: asynchronous
Path Type: max

Fanout     Cap    Slew   Delay    Time   Description
-----------------------------------------------------------------------------
                          0.00    0.00   clock clk (rise edge)
                          0.00    0.00   clock network delay (propagated)
                          4.00    4.00 v input external delay
                  0.01    0.01    4.01 v rst (in)
     1    0.00                           rst (net)
                  0.01    0.00    4.01 v input1/A (sky130_fd_sc_hd__buf_1)
                  0.07    0.12    4.12 v input1/X (sky130_fd_sc_hd__buf_1)
     1    0.01                           net1 (net)
                  0.07    0.00    4.12 v _367_/A (sky130_fd_sc_hd__buf_4)
                  0.08    0.21    4.33 v _367_/X (sky130_fd_sc_hd__buf_4)
    10    0.05                           _180_ (net)
                  0.08    0.00    4.33 v _397_/A (sky130_fd_sc_hd__inv_2)
                  0.03    0.06    4.39 ^ _397_/Y (sky130_fd_sc_hd__inv_2)
     1    0.00                           _027_ (net)
                  0.03    0.00    4.39 ^ _425_/RESET_B (sky130_fd_sc_hd__dfrtp_4)
                                  4.39   data arrival time

                         20.00   20.00   clock clk (rise edge)
                          0.00   20.00   clock source latency
                  0.20    0.14   20.14 ^ clk (in)
     1    0.04                           clk (net)
                  0.20    0.00   20.14 ^ clkbuf_0_clk/A (sky130_fd_sc_hd__clkbuf_16)
                  0.04    0.17   20.30 ^ clkbuf_0_clk/X (sky130_fd_sc_hd__clkbuf_16)
     2    0.02                           clknet_0_clk (net)
                  0.04    0.00   20.30 ^ clkbuf_1_0__f_clk/A (sky130_fd_sc_hd__clkbuf_16)
                  0.06    0.14   20.44 ^ clkbuf_1_0__f_clk/X (sky130_fd_sc_hd__clkbuf_16)
    14    0.04                           clknet_1_0__leaf_clk (net)
                  0.06    0.00   20.44 ^ _425_/CLK (sky130_fd_sc_hd__dfrtp_4)
                         -0.25   20.19   clock uncertainty
                          0.00   20.19   clock reconvergence pessimism
                          0.23   20.42   library recovery time
                                 20.42   data required time
-----------------------------------------------------------------------------
                                 20.42   data required time
                                 -4.39   data arrival time
-----------------------------------------------------------------------------
                                 16.03   slack (MET)


Startpoint: rst (input port clocked by clk)
Endpoint: _424_ (recovery check against rising-edge clock clk)
Path Group: asynchronous
Path Type: max

Fanout     Cap    Slew   Delay    Time   Description
-----------------------------------------------------------------------------
                          0.00    0.00   clock clk (rise edge)
                          0.00    0.00   clock network delay (propagated)
                          4.00    4.00 v input external delay
                  0.01    0.01    4.01 v rst (in)
     1    0.00                           rst (net)
                  0.01    0.00    4.01 v input1/A (sky130_fd_sc_hd__buf_1)
                  0.07    0.12    4.12 v input1/X (sky130_fd_sc_hd__buf_1)
     1    0.01                           net1 (net)
                  0.07    0.00    4.12 v _367_/A (sky130_fd_sc_hd__buf_4)
                  0.08    0.21    4.33 v _367_/X (sky130_fd_sc_hd__buf_4)
    10    0.05                           _180_ (net)
                  0.08    0.00    4.33 v _396_/A (sky130_fd_sc_hd__inv_2)
                  0.03    0.06    4.39 ^ _396_/Y (sky130_fd_sc_hd__inv_2)
     1    0.00                           _026_ (net)
                  0.03    0.00    4.39 ^ _424_/RESET_B (sky130_fd_sc_hd__dfrtp_4)
                                  4.39   data arrival time

                         20.00   20.00   clock clk (rise edge)
                          0.00   20.00   clock source latency
                  0.20    0.14   20.14 ^ clk (in)
     1    0.04                           clk (net)
                  0.20    0.00   20.14 ^ clkbuf_0_clk/A (sky130_fd_sc_hd__clkbuf_16)
                  0.04    0.17   20.30 ^ clkbuf_0_clk/X (sky130_fd_sc_hd__clkbuf_16)
     2    0.02                           clknet_0_clk (net)
                  0.04    0.00   20.30 ^ clkbuf_1_0__f_clk/A (sky130_fd_sc_hd__clkbuf_16)
                  0.06    0.14   20.44 ^ clkbuf_1_0__f_clk/X (sky130_fd_sc_hd__clkbuf_16)
    14    0.04                           clknet_1_0__leaf_clk (net)
                  0.06    0.00   20.44 ^ _424_/CLK (sky130_fd_sc_hd__dfrtp_4)
                         -0.25   20.19   clock uncertainty
                          0.00   20.19   clock reconvergence pessimism
                          0.23   20.42   library recovery time
                                 20.42   data required time
-----------------------------------------------------------------------------
                                 20.42   data required time
                                 -4.39   data arrival time
-----------------------------------------------------------------------------
                                 16.03   slack (MET)


Startpoint: _399_ (rising edge-triggered flip-flop clocked by clk)
Endpoint: _408_ (rising edge-triggered flip-flop clocked by clk)
Path Group: clk
Path Type: max

Fanout     Cap    Slew   Delay    Time   Description
-----------------------------------------------------------------------------
                          0.00    0.00   clock clk (rise edge)
                          0.00    0.00   clock source latency
                  0.20    0.15    0.15 ^ clk (in)
     1    0.04                           clk (net)
                  0.20    0.00    0.15 ^ clkbuf_0_clk/A (sky130_fd_sc_hd__clkbuf_16)
                  0.04    0.19    0.34 ^ clkbuf_0_clk/X (sky130_fd_sc_hd__clkbuf_16)
     2    0.02                           clknet_0_clk (net)
                  0.04    0.00    0.34 ^ clkbuf_1_1__f_clk/A (sky130_fd_sc_hd__clkbuf_16)
                  0.06    0.15    0.49 ^ clkbuf_1_1__f_clk/X (sky130_fd_sc_hd__clkbuf_16)
    14    0.04                           clknet_1_1__leaf_clk (net)
                  0.06    0.00    0.49 ^ _399_/CLK (sky130_fd_sc_hd__dfrtp_4)
                  0.09    0.55    1.04 v _399_/Q (sky130_fd_sc_hd__dfrtp_4)
     9    0.03                           U_PC.pc[1] (net)
                  0.09    0.00    1.04 v _200_/B (sky130_fd_sc_hd__and2b_1)
                  0.06    0.22    1.26 v _200_/X (sky130_fd_sc_hd__and2b_1)
     4    0.01                           _186_ (net)
                  0.06    0.00    1.26 v _202_/B (sky130_fd_sc_hd__or3_1)
                  0.06    0.36    1.61 v _202_/X (sky130_fd_sc_hd__or3_1)
     1    0.00                           _188_ (net)
                  0.06    0.00    1.61 v _203_/A (sky130_fd_sc_hd__buf_4)
                  0.07    0.20    1.81 v _203_/X (sky130_fd_sc_hd__buf_4)
     9    0.05                           _189_ (net)
                  0.07    0.00    1.81 v _235_/A2 (sky130_fd_sc_hd__a221oi_4)
                  0.28    0.37    2.18 ^ _235_/Y (sky130_fd_sc_hd__a221oi_4)
     3    0.02                           _076_ (net)
                  0.28    0.00    2.18 ^ _238_/A3 (sky130_fd_sc_hd__a32oi_4)
                  0.13    0.19    2.37 v _238_/Y (sky130_fd_sc_hd__a32oi_4)
     5    0.02                           _079_ (net)
                  0.13    0.00    2.37 v _243_/A2 (sky130_fd_sc_hd__o211a_1)
                  0.05    0.26    2.63 v _243_/X (sky130_fd_sc_hd__o211a_1)
     2    0.01                           _084_ (net)
                  0.05    0.00    2.63 v _248_/A2 (sky130_fd_sc_hd__o211a_1)
                  0.07    0.25    2.88 v _248_/X (sky130_fd_sc_hd__o211a_1)
     3    0.01                           _089_ (net)
                  0.07    0.00    2.88 v _270_/C (sky130_fd_sc_hd__or3_1)
                  0.06    0.31    3.19 v _270_/X (sky130_fd_sc_hd__or3_1)
     1    0.00                           _110_ (net)
                  0.06    0.00    3.19 v _271_/C (sky130_fd_sc_hd__and3_1)
                  0.05    0.21    3.40 v _271_/X (sky130_fd_sc_hd__and3_1)
     3    0.01                           _111_ (net)
                  0.05    0.00    3.40 v _343_/A (sky130_fd_sc_hd__or3b_1)
                  0.07    0.38    3.79 v _343_/X (sky130_fd_sc_hd__or3b_1)
     1    0.00                           _167_ (net)
                  0.07    0.00    3.79 v _344_/B1 (sky130_fd_sc_hd__o21a_1)
                  0.03    0.11    3.90 v _344_/X (sky130_fd_sc_hd__o21a_1)
     1    0.00                           _034_ (net)
                  0.03    0.00    3.90 v _408_/D (sky130_fd_sc_hd__dfrtp_4)
                                  3.90   data arrival time

                         20.00   20.00   clock clk (rise edge)
                          0.00   20.00   clock source latency
                  0.20    0.14   20.14 ^ clk (in)
     1    0.04                           clk (net)
                  0.20    0.00   20.14 ^ clkbuf_0_clk/A (sky130_fd_sc_hd__clkbuf_16)
                  0.04    0.17   20.30 ^ clkbuf_0_clk/X (sky130_fd_sc_hd__clkbuf_16)
     2    0.02                           clknet_0_clk (net)
                  0.04    0.00   20.30 ^ clkbuf_1_0__f_clk/A (sky130_fd_sc_hd__clkbuf_16)
                  0.06    0.14   20.44 ^ clkbuf_1_0__f_clk/X (sky130_fd_sc_hd__clkbuf_16)
    14    0.04                           clknet_1_0__leaf_clk (net)
                  0.06    0.00   20.44 ^ _408_/CLK (sky130_fd_sc_hd__dfrtp_4)
                         -0.25   20.19   clock uncertainty
                          0.03   20.22   clock reconvergence pessimism
                         -0.11   20.12   library setup time
                                 20.12   data required time
-----------------------------------------------------------------------------
                                 20.12   data required time
                                 -3.90   data arrival time
-----------------------------------------------------------------------------
                                 16.22   slack (MET)


Startpoint: _399_ (rising edge-triggered flip-flop clocked by clk)
Endpoint: _409_ (rising edge-triggered flip-flop clocked by clk)
Path Group: clk
Path Type: max

Fanout     Cap    Slew   Delay    Time   Description
-----------------------------------------------------------------------------
                          0.00    0.00   clock clk (rise edge)
                          0.00    0.00   clock source latency
                  0.20    0.15    0.15 ^ clk (in)
     1    0.04                           clk (net)
                  0.20    0.00    0.15 ^ clkbuf_0_clk/A (sky130_fd_sc_hd__clkbuf_16)
                  0.04    0.19    0.34 ^ clkbuf_0_clk/X (sky130_fd_sc_hd__clkbuf_16)
     2    0.02                           clknet_0_clk (net)
                  0.04    0.00    0.34 ^ clkbuf_1_1__f_clk/A (sky130_fd_sc_hd__clkbuf_16)
                  0.06    0.15    0.49 ^ clkbuf_1_1__f_clk/X (sky130_fd_sc_hd__clkbuf_16)
    14    0.04                           clknet_1_1__leaf_clk (net)
                  0.06    0.00    0.49 ^ _399_/CLK (sky130_fd_sc_hd__dfrtp_4)
                  0.09    0.55    1.04 v _399_/Q (sky130_fd_sc_hd__dfrtp_4)
     9    0.03                           U_PC.pc[1] (net)
                  0.09    0.00    1.04 v _200_/B (sky130_fd_sc_hd__and2b_1)
                  0.06    0.22    1.26 v _200_/X (sky130_fd_sc_hd__and2b_1)
     4    0.01                           _186_ (net)
                  0.06    0.00    1.26 v _202_/B (sky130_fd_sc_hd__or3_1)
                  0.06    0.36    1.61 v _202_/X (sky130_fd_sc_hd__or3_1)
     1    0.00                           _188_ (net)
                  0.06    0.00    1.61 v _203_/A (sky130_fd_sc_hd__buf_4)
                  0.07    0.20    1.81 v _203_/X (sky130_fd_sc_hd__buf_4)
     9    0.05                           _189_ (net)
                  0.07    0.00    1.81 v _235_/A2 (sky130_fd_sc_hd__a221oi_4)
                  0.28    0.37    2.18 ^ _235_/Y (sky130_fd_sc_hd__a221oi_4)
     3    0.02                           _076_ (net)
                  0.28    0.00    2.18 ^ _238_/A3 (sky130_fd_sc_hd__a32oi_4)
                  0.13    0.19    2.37 v _238_/Y (sky130_fd_sc_hd__a32oi_4)
     5    0.02                           _079_ (net)
                  0.13    0.00    2.37 v _243_/A2 (sky130_fd_sc_hd__o211a_1)
                  0.05    0.26    2.63 v _243_/X (sky130_fd_sc_hd__o211a_1)
     2    0.01                           _084_ (net)
                  0.05    0.00    2.63 v _248_/A2 (sky130_fd_sc_hd__o211a_1)
                  0.07    0.25    2.88 v _248_/X (sky130_fd_sc_hd__o211a_1)
     3    0.01                           _089_ (net)
                  0.07    0.00    2.88 v _255_/A2 (sky130_fd_sc_hd__o21ai_2)
                  0.19    0.20    3.08 ^ _255_/Y (sky130_fd_sc_hd__o21ai_2)
     5    0.01                           _096_ (net)
                  0.19    0.00    3.08 ^ _264_/A1 (sky130_fd_sc_hd__a21oi_1)
                  0.06    0.09    3.17 v _264_/Y (sky130_fd_sc_hd__a21oi_1)
     1    0.00                           _105_ (net)
                  0.06    0.00    3.17 v _267_/A2 (sky130_fd_sc_hd__o21a_1)
                  0.08    0.22    3.40 v _267_/X (sky130_fd_sc_hd__o21a_1)
     4    0.01                           _108_ (net)
                  0.08    0.00    3.40 v _342_/A4 (sky130_fd_sc_hd__o41a_1)
                  0.06    0.32    3.72 v _342_/X (sky130_fd_sc_hd__o41a_1)
     1    0.00                           _035_ (net)
                  0.06    0.00    3.72 v _409_/D (sky130_fd_sc_hd__dfrtp_4)
                                  3.72   data arrival time

                         20.00   20.00   clock clk (rise edge)
                          0.00   20.00   clock source latency
                  0.20    0.14   20.14 ^ clk (in)
     1    0.04                           clk (net)
                  0.20    0.00   20.14 ^ clkbuf_0_clk/A (sky130_fd_sc_hd__clkbuf_16)
                  0.04    0.17   20.30 ^ clkbuf_0_clk/X (sky130_fd_sc_hd__clkbuf_16)
     2    0.02                           clknet_0_clk (net)
                  0.04    0.00   20.30 ^ clkbuf_1_0__f_clk/A (sky130_fd_sc_hd__clkbuf_16)
                  0.06    0.14   20.44 ^ clkbuf_1_0__f_clk/X (sky130_fd_sc_hd__clkbuf_16)
    14    0.04                           clknet_1_0__leaf_clk (net)
                  0.06    0.00   20.44 ^ _409_/CLK (sky130_fd_sc_hd__dfrtp_4)
                         -0.25   20.19   clock uncertainty
                          0.03   20.22   clock reconvergence pessimism
                         -0.12   20.11   library setup time
                                 20.11   data required time
-----------------------------------------------------------------------------
                                 20.11   data required time
                                 -3.72   data arrival time
-----------------------------------------------------------------------------
                                 16.39   slack (MET)


Startpoint: _399_ (rising edge-triggered flip-flop clocked by clk)
Endpoint: _425_ (rising edge-triggered flip-flop clocked by clk)
Path Group: clk
Path Type: max

Fanout     Cap    Slew   Delay    Time   Description
-----------------------------------------------------------------------------
                          0.00    0.00   clock clk (rise edge)
                          0.00    0.00   clock source latency
                  0.20    0.15    0.15 ^ clk (in)
     1    0.04                           clk (net)
                  0.20    0.00    0.15 ^ clkbuf_0_clk/A (sky130_fd_sc_hd__clkbuf_16)
                  0.04    0.19    0.34 ^ clkbuf_0_clk/X (sky130_fd_sc_hd__clkbuf_16)
     2    0.02                           clknet_0_clk (net)
                  0.04    0.00    0.34 ^ clkbuf_1_1__f_clk/A (sky130_fd_sc_hd__clkbuf_16)
                  0.06    0.15    0.49 ^ clkbuf_1_1__f_clk/X (sky130_fd_sc_hd__clkbuf_16)
    14    0.04                           clknet_1_1__leaf_clk (net)
                  0.06    0.00    0.49 ^ _399_/CLK (sky130_fd_sc_hd__dfrtp_4)
                  0.09    0.55    1.04 v _399_/Q (sky130_fd_sc_hd__dfrtp_4)
     9    0.03                           U_PC.pc[1] (net)
                  0.09    0.00    1.04 v _200_/B (sky130_fd_sc_hd__and2b_1)
                  0.06    0.22    1.26 v _200_/X (sky130_fd_sc_hd__and2b_1)
     4    0.01                           _186_ (net)
                  0.06    0.00    1.26 v _202_/B (sky130_fd_sc_hd__or3_1)
                  0.06    0.36    1.61 v _202_/X (sky130_fd_sc_hd__or3_1)
     1    0.00                           _188_ (net)
                  0.06    0.00    1.61 v _203_/A (sky130_fd_sc_hd__buf_4)
                  0.07    0.20    1.81 v _203_/X (sky130_fd_sc_hd__buf_4)
     9    0.05                           _189_ (net)
                  0.07    0.00    1.81 v _235_/A2 (sky130_fd_sc_hd__a221oi_4)
                  0.28    0.37    2.18 ^ _235_/Y (sky130_fd_sc_hd__a221oi_4)
     3    0.02                           _076_ (net)
                  0.28    0.00    2.18 ^ _238_/A3 (sky130_fd_sc_hd__a32oi_4)
                  0.13    0.19    2.37 v _238_/Y (sky130_fd_sc_hd__a32oi_4)
     5    0.02                           _079_ (net)
                  0.13    0.00    2.37 v _243_/A2 (sky130_fd_sc_hd__o211a_1)
                  0.05    0.26    2.63 v _243_/X (sky130_fd_sc_hd__o211a_1)
     2    0.01                           _084_ (net)
                  0.05    0.00    2.63 v _248_/A2 (sky130_fd_sc_hd__o211a_1)
                  0.07    0.25    2.88 v _248_/X (sky130_fd_sc_hd__o211a_1)
     3    0.01                           _089_ (net)
                  0.07    0.00    2.88 v _255_/A2 (sky130_fd_sc_hd__o21ai_2)
                  0.19    0.20    3.08 ^ _255_/Y (sky130_fd_sc_hd__o21ai_2)
     5    0.01                           _096_ (net)
                  0.19    0.00    3.08 ^ _264_/A1 (sky130_fd_sc_hd__a21oi_1)
                  0.06    0.09    3.17 v _264_/Y (sky130_fd_sc_hd__a21oi_1)
     1    0.00                           _105_ (net)
                  0.06    0.00    3.17 v _267_/A2 (sky130_fd_sc_hd__o21a_1)
                  0.08    0.22    3.40 v _267_/X (sky130_fd_sc_hd__o21a_1)
     4    0.01                           _108_ (net)
                  0.08    0.00    3.40 v _268_/B (sky130_fd_sc_hd__or2_1)
                  0.05    0.22    3.62 v _268_/X (sky130_fd_sc_hd__or2_1)
     1    0.00                           _109_ (net)
                  0.05    0.00    3.62 v _269_/A (sky130_fd_sc_hd__clkbuf_1)
                  0.03    0.09    3.72 v _269_/X (sky130_fd_sc_hd__clkbuf_1)
     1    0.00                           _051_ (net)
                  0.03    0.00    3.72 v _425_/D (sky130_fd_sc_hd__dfrtp_4)
                                  3.72   data arrival time

                         20.00   20.00   clock clk (rise edge)
                          0.00   20.00   clock source latency
                  0.20    0.14   20.14 ^ clk (in)
     1    0.04                           clk (net)
                  0.20    0.00   20.14 ^ clkbuf_0_clk/A (sky130_fd_sc_hd__clkbuf_16)
                  0.04    0.17   20.30 ^ clkbuf_0_clk/X (sky130_fd_sc_hd__clkbuf_16)
     2    0.02                           clknet_0_clk (net)
                  0.04    0.00   20.30 ^ clkbuf_1_0__f_clk/A (sky130_fd_sc_hd__clkbuf_16)
                  0.06    0.14   20.44 ^ clkbuf_1_0__f_clk/X (sky130_fd_sc_hd__clkbuf_16)
    14    0.04                           clknet_1_0__leaf_clk (net)
                  0.06    0.00   20.44 ^ _425_/CLK (sky130_fd_sc_hd__dfrtp_4)
                         -0.25   20.19   clock uncertainty
                          0.03   20.22   clock reconvergence pessimism
                         -0.10   20.12   library setup time
                                 20.12   data required time
-----------------------------------------------------------------------------
                                 20.12   data required time
                                 -3.72   data arrival time
-----------------------------------------------------------------------------
                                 16.41   slack (MET)


Startpoint: _399_ (rising edge-triggered flip-flop clocked by clk)
Endpoint: _416_ (rising edge-triggered flip-flop clocked by clk)
Path Group: clk
Path Type: max

Fanout     Cap    Slew   Delay    Time   Description
-----------------------------------------------------------------------------
                          0.00    0.00   clock clk (rise edge)
                          0.00    0.00   clock source latency
                  0.20    0.15    0.15 ^ clk (in)
     1    0.04                           clk (net)
                  0.20    0.00    0.15 ^ clkbuf_0_clk/A (sky130_fd_sc_hd__clkbuf_16)
                  0.04    0.19    0.34 ^ clkbuf_0_clk/X (sky130_fd_sc_hd__clkbuf_16)
     2    0.02                           clknet_0_clk (net)
                  0.04    0.00    0.34 ^ clkbuf_1_1__f_clk/A (sky130_fd_sc_hd__clkbuf_16)
                  0.06    0.15    0.49 ^ clkbuf_1_1__f_clk/X (sky130_fd_sc_hd__clkbuf_16)
    14    0.04                           clknet_1_1__leaf_clk (net)
                  0.06    0.00    0.49 ^ _399_/CLK (sky130_fd_sc_hd__dfrtp_4)
                  0.09    0.55    1.04 v _399_/Q (sky130_fd_sc_hd__dfrtp_4)
     9    0.03                           U_PC.pc[1] (net)
                  0.09    0.00    1.04 v _200_/B (sky130_fd_sc_hd__and2b_1)
                  0.06    0.22    1.26 v _200_/X (sky130_fd_sc_hd__and2b_1)
     4    0.01                           _186_ (net)
                  0.06    0.00    1.26 v _202_/B (sky130_fd_sc_hd__or3_1)
                  0.06    0.36    1.61 v _202_/X (sky130_fd_sc_hd__or3_1)
     1    0.00                           _188_ (net)
                  0.06    0.00    1.61 v _203_/A (sky130_fd_sc_hd__buf_4)
                  0.07    0.20    1.81 v _203_/X (sky130_fd_sc_hd__buf_4)
     9    0.05                           _189_ (net)
                  0.07    0.00    1.81 v _235_/A2 (sky130_fd_sc_hd__a221oi_4)
                  0.28    0.37    2.18 ^ _235_/Y (sky130_fd_sc_hd__a221oi_4)
     3    0.02                           _076_ (net)
                  0.28    0.00    2.18 ^ _238_/A3 (sky130_fd_sc_hd__a32oi_4)
                  0.13    0.19    2.37 v _238_/Y (sky130_fd_sc_hd__a32oi_4)
     5    0.02                           _079_ (net)
                  0.13    0.00    2.37 v _243_/A2 (sky130_fd_sc_hd__o211a_1)
                  0.05    0.26    2.63 v _243_/X (sky130_fd_sc_hd__o211a_1)
     2    0.01                           _084_ (net)
                  0.05    0.00    2.63 v _248_/A2 (sky130_fd_sc_hd__o211a_1)
                  0.07    0.25    2.88 v _248_/X (sky130_fd_sc_hd__o211a_1)
     3    0.01                           _089_ (net)
                  0.07    0.00    2.88 v _255_/A2 (sky130_fd_sc_hd__o21ai_2)
                  0.19    0.20    3.08 ^ _255_/Y (sky130_fd_sc_hd__o21ai_2)
     5    0.01                           _096_ (net)
                  0.19    0.00    3.08 ^ _264_/A1 (sky130_fd_sc_hd__a21oi_1)
                  0.06    0.09    3.17 v _264_/Y (sky130_fd_sc_hd__a21oi_1)
     1    0.00                           _105_ (net)
                  0.06    0.00    3.17 v _267_/A2 (sky130_fd_sc_hd__o21a_1)
                  0.08    0.22    3.40 v _267_/X (sky130_fd_sc_hd__o21a_1)
     4    0.01                           _108_ (net)
                  0.08    0.00    3.40 v _317_/A3 (sky130_fd_sc_hd__o31a_1)
                  0.05    0.25    3.65 v _317_/X (sky130_fd_sc_hd__o31a_1)
     1    0.00                           _042_ (net)
                  0.05    0.00    3.65 v _416_/D (sky130_fd_sc_hd__dfrtp_4)
                                  3.65   data arrival time

                         20.00   20.00   clock clk (rise edge)
                          0.00   20.00   clock source latency
                  0.20    0.14   20.14 ^ clk (in)
     1    0.04                           clk (net)
                  0.20    0.00   20.14 ^ clkbuf_0_clk/A (sky130_fd_sc_hd__clkbuf_16)
                  0.04    0.17   20.30 ^ clkbuf_0_clk/X (sky130_fd_sc_hd__clkbuf_16)
     2    0.02                           clknet_0_clk (net)
                  0.04    0.00   20.30 ^ clkbuf_1_0__f_clk/A (sky130_fd_sc_hd__clkbuf_16)
                  0.06    0.14   20.44 ^ clkbuf_1_0__f_clk/X (sky130_fd_sc_hd__clkbuf_16)
    14    0.04                           clknet_1_0__leaf_clk (net)
                  0.06    0.00   20.44 ^ _416_/CLK (sky130_fd_sc_hd__dfrtp_4)
                         -0.25   20.19   clock uncertainty
                          0.03   20.22   clock reconvergence pessimism
                         -0.11   20.11   library setup time
                                 20.11   data required time
-----------------------------------------------------------------------------
                                 20.11   data required time
                                 -3.65   data arrival time
-----------------------------------------------------------------------------
                                 16.46   slack (MET)


Startpoint: _399_ (rising edge-triggered flip-flop clocked by clk)
Endpoint: _414_ (rising edge-triggered flip-flop clocked by clk)
Path Group: clk
Path Type: max

Fanout     Cap    Slew   Delay    Time   Description
-----------------------------------------------------------------------------
                          0.00    0.00   clock clk (rise edge)
                          0.00    0.00   clock source latency
                  0.20    0.15    0.15 ^ clk (in)
     1    0.04                           clk (net)
                  0.20    0.00    0.15 ^ clkbuf_0_clk/A (sky130_fd_sc_hd__clkbuf_16)
                  0.04    0.19    0.34 ^ clkbuf_0_clk/X (sky130_fd_sc_hd__clkbuf_16)
     2    0.02                           clknet_0_clk (net)
                  0.04    0.00    0.34 ^ clkbuf_1_1__f_clk/A (sky130_fd_sc_hd__clkbuf_16)
                  0.06    0.15    0.49 ^ clkbuf_1_1__f_clk/X (sky130_fd_sc_hd__clkbuf_16)
    14    0.04                           clknet_1_1__leaf_clk (net)
                  0.06    0.00    0.49 ^ _399_/CLK (sky130_fd_sc_hd__dfrtp_4)
                  0.09    0.55    1.04 v _399_/Q (sky130_fd_sc_hd__dfrtp_4)
     9    0.03                           U_PC.pc[1] (net)
                  0.09    0.00    1.04 v _200_/B (sky130_fd_sc_hd__and2b_1)
                  0.06    0.22    1.26 v _200_/X (sky130_fd_sc_hd__and2b_1)
     4    0.01                           _186_ (net)
                  0.06    0.00    1.26 v _202_/B (sky130_fd_sc_hd__or3_1)
                  0.06    0.36    1.61 v _202_/X (sky130_fd_sc_hd__or3_1)
     1    0.00                           _188_ (net)
                  0.06    0.00    1.61 v _203_/A (sky130_fd_sc_hd__buf_4)
                  0.07    0.20    1.81 v _203_/X (sky130_fd_sc_hd__buf_4)
     9    0.05                           _189_ (net)
                  0.07    0.00    1.81 v _235_/A2 (sky130_fd_sc_hd__a221oi_4)
                  0.28    0.37    2.18 ^ _235_/Y (sky130_fd_sc_hd__a221oi_4)
     3    0.02                           _076_ (net)
                  0.28    0.00    2.18 ^ _238_/A3 (sky130_fd_sc_hd__a32oi_4)
                  0.13    0.19    2.37 v _238_/Y (sky130_fd_sc_hd__a32oi_4)
     5    0.02                           _079_ (net)
                  0.13    0.00    2.37 v _243_/A2 (sky130_fd_sc_hd__o211a_1)
                  0.05    0.26    2.63 v _243_/X (sky130_fd_sc_hd__o211a_1)
     2    0.01                           _084_ (net)
                  0.05    0.00    2.63 v _248_/A2 (sky130_fd_sc_hd__o211a_1)
                  0.07    0.25    2.88 v _248_/X (sky130_fd_sc_hd__o211a_1)
     3    0.01                           _089_ (net)
                  0.07    0.00    2.88 v _255_/A2 (sky130_fd_sc_hd__o21ai_2)
                  0.19    0.20    3.08 ^ _255_/Y (sky130_fd_sc_hd__o21ai_2)
     5    0.01                           _096_ (net)
                  0.19    0.00    3.08 ^ _329_/A2 (sky130_fd_sc_hd__a31o_1)
                  0.05    0.17    3.26 ^ _329_/X (sky130_fd_sc_hd__a31o_1)
     1    0.00                           _159_ (net)
                  0.05    0.00    3.26 ^ _332_/A2 (sky130_fd_sc_hd__o21a_1)
                  0.04    0.10    3.36 ^ _332_/X (sky130_fd_sc_hd__o21a_1)
     1    0.00                           _162_ (net)
                  0.04    0.00    3.36 ^ _333_/A2_N (sky130_fd_sc_hd__a2bb2o_1)
                  0.05    0.28    3.64 v _333_/X (sky130_fd_sc_hd__a2bb2o_1)
     1    0.00                           _040_ (net)
                  0.05    0.00    3.64 v _414_/D (sky130_fd_sc_hd__dfrtp_4)
                                  3.64   data arrival time

                         20.00   20.00   clock clk (rise edge)
                          0.00   20.00   clock source latency
                  0.20    0.14   20.14 ^ clk (in)
     1    0.04                           clk (net)
                  0.20    0.00   20.14 ^ clkbuf_0_clk/A (sky130_fd_sc_hd__clkbuf_16)
                  0.04    0.17   20.30 ^ clkbuf_0_clk/X (sky130_fd_sc_hd__clkbuf_16)
     2    0.02                           clknet_0_clk (net)
                  0.04    0.00   20.30 ^ clkbuf_1_0__f_clk/A (sky130_fd_sc_hd__clkbuf_16)
                  0.06    0.14   20.44 ^ clkbuf_1_0__f_clk/X (sky130_fd_sc_hd__clkbuf_16)
    14    0.04                           clknet_1_0__leaf_clk (net)
                  0.06    0.00   20.44 ^ _414_/CLK (sky130_fd_sc_hd__dfrtp_4)
                         -0.25   20.19   clock uncertainty
                          0.03   20.22   clock reconvergence pessimism
                         -0.11   20.11   library setup time
                                 20.11   data required time
-----------------------------------------------------------------------------
                                 20.11   data required time
                                 -3.64   data arrival time
-----------------------------------------------------------------------------
                                 16.47   slack (MET)


Startpoint: _399_ (rising edge-triggered flip-flop clocked by clk)
Endpoint: _415_ (rising edge-triggered flip-flop clocked by clk)
Path Group: clk
Path Type: max

Fanout     Cap    Slew   Delay    Time   Description
-----------------------------------------------------------------------------
                          0.00    0.00   clock clk (rise edge)
                          0.00    0.00   clock source latency
                  0.20    0.15    0.15 ^ clk (in)
     1    0.04                           clk (net)
                  0.20    0.00    0.15 ^ clkbuf_0_clk/A (sky130_fd_sc_hd__clkbuf_16)
                  0.04    0.19    0.34 ^ clkbuf_0_clk/X (sky130_fd_sc_hd__clkbuf_16)
     2    0.02                           clknet_0_clk (net)
                  0.04    0.00    0.34 ^ clkbuf_1_1__f_clk/A (sky130_fd_sc_hd__clkbuf_16)
                  0.06    0.15    0.49 ^ clkbuf_1_1__f_clk/X (sky130_fd_sc_hd__clkbuf_16)
    14    0.04                           clknet_1_1__leaf_clk (net)
                  0.06    0.00    0.49 ^ _399_/CLK (sky130_fd_sc_hd__dfrtp_4)
                  0.09    0.55    1.04 v _399_/Q (sky130_fd_sc_hd__dfrtp_4)
     9    0.03                           U_PC.pc[1] (net)
                  0.09    0.00    1.04 v _200_/B (sky130_fd_sc_hd__and2b_1)
                  0.06    0.22    1.26 v _200_/X (sky130_fd_sc_hd__and2b_1)
     4    0.01                           _186_ (net)
                  0.06    0.00    1.26 v _202_/B (sky130_fd_sc_hd__or3_1)
                  0.06    0.36    1.61 v _202_/X (sky130_fd_sc_hd__or3_1)
     1    0.00                           _188_ (net)
                  0.06    0.00    1.61 v _203_/A (sky130_fd_sc_hd__buf_4)
                  0.07    0.20    1.81 v _203_/X (sky130_fd_sc_hd__buf_4)
     9    0.05                           _189_ (net)
                  0.07    0.00    1.81 v _225_/A2 (sky130_fd_sc_hd__a22oi_2)
                  0.22    0.26    2.08 ^ _225_/Y (sky130_fd_sc_hd__a22oi_2)
     4    0.01                           _066_ (net)
                  0.22    0.00    2.08 ^ _289_/A (sky130_fd_sc_hd__nor2_1)
                  0.07    0.10    2.18 v _289_/Y (sky130_fd_sc_hd__nor2_1)
     2    0.01                           _125_ (net)
                  0.07    0.00    2.18 v _321_/A2 (sky130_fd_sc_hd__a211o_1)
                  0.05    0.31    2.49 v _321_/X (sky130_fd_sc_hd__a211o_1)
     1    0.00                           _152_ (net)
                  0.05    0.00    2.49 v _323_/A2 (sky130_fd_sc_hd__o211a_1)
                  0.06    0.23    2.72 v _323_/X (sky130_fd_sc_hd__o211a_1)
     2    0.01                           _154_ (net)
                  0.06    0.00    2.72 v _324_/A3 (sky130_fd_sc_hd__o311a_1)
                  0.06    0.32    3.04 v _324_/X (sky130_fd_sc_hd__o311a_1)
     2    0.01                           _155_ (net)
                  0.06    0.00    3.04 v _325_/A2 (sky130_fd_sc_hd__o21ai_1)
                  0.10    0.12    3.16 ^ _325_/Y (sky130_fd_sc_hd__o21ai_1)
     1    0.00                           _156_ (net)
                  0.10    0.00    3.16 ^ _326_/C1 (sky130_fd_sc_hd__o211a_1)
                  0.05    0.16    3.32 ^ _326_/X (sky130_fd_sc_hd__o211a_1)
     1    0.00                           _157_ (net)
                  0.05    0.00    3.32 ^ _327_/A2_N (sky130_fd_sc_hd__a2bb2o_1)
                  0.05    0.28    3.60 v _327_/X (sky130_fd_sc_hd__a2bb2o_1)
     1    0.00                           _041_ (net)
                  0.05    0.00    3.60 v _415_/D (sky130_fd_sc_hd__dfrtp_4)
                                  3.60   data arrival time

                         20.00   20.00   clock clk (rise edge)
                          0.00   20.00   clock source latency
                  0.20    0.14   20.14 ^ clk (in)
     1    0.04                           clk (net)
                  0.20    0.00   20.14 ^ clkbuf_0_clk/A (sky130_fd_sc_hd__clkbuf_16)
                  0.04    0.17   20.30 ^ clkbuf_0_clk/X (sky130_fd_sc_hd__clkbuf_16)
     2    0.02                           clknet_0_clk (net)
                  0.04    0.00   20.30 ^ clkbuf_1_0__f_clk/A (sky130_fd_sc_hd__clkbuf_16)
                  0.06    0.14   20.44 ^ clkbuf_1_0__f_clk/X (sky130_fd_sc_hd__clkbuf_16)
    14    0.04                           clknet_1_0__leaf_clk (net)
                  0.06    0.00   20.44 ^ _415_/CLK (sky130_fd_sc_hd__dfrtp_4)
                         -0.25   20.19   clock uncertainty
                          0.03   20.22   clock reconvergence pessimism
                         -0.11   20.11   library setup time
                                 20.11   data required time
-----------------------------------------------------------------------------
                                 20.11   data required time
                                 -3.60   data arrival time
-----------------------------------------------------------------------------
                                 16.51   slack (MET)


Startpoint: _399_ (rising edge-triggered flip-flop clocked by clk)
Endpoint: _407_ (rising edge-triggered flip-flop clocked by clk)
Path Group: clk
Path Type: max

Fanout     Cap    Slew   Delay    Time   Description
-----------------------------------------------------------------------------
                          0.00    0.00   clock clk (rise edge)
                          0.00    0.00   clock source latency
                  0.20    0.15    0.15 ^ clk (in)
     1    0.04                           clk (net)
                  0.20    0.00    0.15 ^ clkbuf_0_clk/A (sky130_fd_sc_hd__clkbuf_16)
                  0.04    0.19    0.34 ^ clkbuf_0_clk/X (sky130_fd_sc_hd__clkbuf_16)
     2    0.02                           clknet_0_clk (net)
                  0.04    0.00    0.34 ^ clkbuf_1_1__f_clk/A (sky130_fd_sc_hd__clkbuf_16)
                  0.06    0.15    0.49 ^ clkbuf_1_1__f_clk/X (sky130_fd_sc_hd__clkbuf_16)
    14    0.04                           clknet_1_1__leaf_clk (net)
                  0.06    0.00    0.49 ^ _399_/CLK (sky130_fd_sc_hd__dfrtp_4)
                  0.09    0.55    1.04 v _399_/Q (sky130_fd_sc_hd__dfrtp_4)
     9    0.03                           U_PC.pc[1] (net)
                  0.09    0.00    1.04 v _200_/B (sky130_fd_sc_hd__and2b_1)
                  0.06    0.22    1.26 v _200_/X (sky130_fd_sc_hd__and2b_1)
     4    0.01                           _186_ (net)
                  0.06    0.00    1.26 v _202_/B (sky130_fd_sc_hd__or3_1)
                  0.06    0.36    1.61 v _202_/X (sky130_fd_sc_hd__or3_1)
     1    0.00                           _188_ (net)
                  0.06    0.00    1.61 v _203_/A (sky130_fd_sc_hd__buf_4)
                  0.07    0.20    1.81 v _203_/X (sky130_fd_sc_hd__buf_4)
     9    0.05                           _189_ (net)
                  0.07    0.00    1.81 v _235_/A2 (sky130_fd_sc_hd__a221oi_4)
                  0.28    0.37    2.18 ^ _235_/Y (sky130_fd_sc_hd__a221oi_4)
     3    0.02                           _076_ (net)
                  0.28    0.00    2.18 ^ _238_/A3 (sky130_fd_sc_hd__a32oi_4)
                  0.13    0.19    2.37 v _238_/Y (sky130_fd_sc_hd__a32oi_4)
     5    0.02                           _079_ (net)
                  0.13    0.00    2.37 v _273_/A2 (sky130_fd_sc_hd__o211ai_2)
                  0.17    0.21    2.58 ^ _273_/Y (sky130_fd_sc_hd__o211ai_2)
     2    0.01                           _112_ (net)
                  0.17    0.00    2.58 ^ _274_/A2 (sky130_fd_sc_hd__a21o_1)
                  0.06    0.16    2.74 ^ _274_/X (sky130_fd_sc_hd__a21o_1)
     2    0.01                           _113_ (net)
                  0.06    0.00    2.74 ^ _277_/A1 (sky130_fd_sc_hd__a211oi_1)
                  0.07    0.08    2.83 v _277_/Y (sky130_fd_sc_hd__a211oi_1)
     2    0.01                           _116_ (net)
                  0.07    0.00    2.83 v _305_/A2 (sky130_fd_sc_hd__a211o_1)
                  0.07    0.34    3.17 v _305_/X (sky130_fd_sc_hd__a211o_1)
     2    0.01                           _138_ (net)
                  0.07    0.00    3.17 v _345_/A1 (sky130_fd_sc_hd__mux2_1)
                  0.05    0.31    3.47 v _345_/X (sky130_fd_sc_hd__mux2_1)
     1    0.00                           _168_ (net)
                  0.05    0.00    3.47 v _346_/A (sky130_fd_sc_hd__clkbuf_1)
                  0.02    0.09    3.57 v _346_/X (sky130_fd_sc_hd__clkbuf_1)
     1    0.00                           _033_ (net)
                  0.02    0.00    3.57 v _407_/D (sky130_fd_sc_hd__dfrtp_4)
                                  3.57   data arrival time

                         20.00   20.00   clock clk (rise edge)
                          0.00   20.00   clock source latency
                  0.20    0.14   20.14 ^ clk (in)
     1    0.04                           clk (net)
                  0.20    0.00   20.14 ^ clkbuf_0_clk/A (sky130_fd_sc_hd__clkbuf_16)
                  0.04    0.17   20.30 ^ clkbuf_0_clk/X (sky130_fd_sc_hd__clkbuf_16)
     2    0.02                           clknet_0_clk (net)
                  0.04    0.00   20.30 ^ clkbuf_1_0__f_clk/A (sky130_fd_sc_hd__clkbuf_16)
                  0.06    0.14   20.44 ^ clkbuf_1_0__f_clk/X (sky130_fd_sc_hd__clkbuf_16)
    14    0.04                           clknet_1_0__leaf_clk (net)
                  0.06    0.00   20.44 ^ _407_/CLK (sky130_fd_sc_hd__dfrtp_4)
                         -0.25   20.19   clock uncertainty
                          0.03   20.22   clock reconvergence pessimism
                         -0.10   20.12   library setup time
                                 20.12   data required time
-----------------------------------------------------------------------------
                                 20.12   data required time
                                 -3.57   data arrival time
-----------------------------------------------------------------------------
                                 16.55   slack (MET)


Startpoint: _399_ (rising edge-triggered flip-flop clocked by clk)
Endpoint: _424_ (rising edge-triggered flip-flop clocked by clk)
Path Group: clk
Path Type: max

Fanout     Cap    Slew   Delay    Time   Description
-----------------------------------------------------------------------------
                          0.00    0.00   clock clk (rise edge)
                          0.00    0.00   clock source latency
                  0.20    0.15    0.15 ^ clk (in)
     1    0.04                           clk (net)
                  0.20    0.00    0.15 ^ clkbuf_0_clk/A (sky130_fd_sc_hd__clkbuf_16)
                  0.04    0.19    0.34 ^ clkbuf_0_clk/X (sky130_fd_sc_hd__clkbuf_16)
     2    0.02                           clknet_0_clk (net)
                  0.04    0.00    0.34 ^ clkbuf_1_1__f_clk/A (sky130_fd_sc_hd__clkbuf_16)
                  0.06    0.15    0.49 ^ clkbuf_1_1__f_clk/X (sky130_fd_sc_hd__clkbuf_16)
    14    0.04                           clknet_1_1__leaf_clk (net)
                  0.06    0.00    0.49 ^ _399_/CLK (sky130_fd_sc_hd__dfrtp_4)
                  0.09    0.55    1.04 v _399_/Q (sky130_fd_sc_hd__dfrtp_4)
     9    0.03                           U_PC.pc[1] (net)
                  0.09    0.00    1.04 v _200_/B (sky130_fd_sc_hd__and2b_1)
                  0.06    0.22    1.26 v _200_/X (sky130_fd_sc_hd__and2b_1)
     4    0.01                           _186_ (net)
                  0.06    0.00    1.26 v _202_/B (sky130_fd_sc_hd__or3_1)
                  0.06    0.36    1.61 v _202_/X (sky130_fd_sc_hd__or3_1)
     1    0.00                           _188_ (net)
                  0.06    0.00    1.61 v _203_/A (sky130_fd_sc_hd__buf_4)
                  0.07    0.20    1.81 v _203_/X (sky130_fd_sc_hd__buf_4)
     9    0.05                           _189_ (net)
                  0.07    0.00    1.81 v _235_/A2 (sky130_fd_sc_hd__a221oi_4)
                  0.28    0.37    2.18 ^ _235_/Y (sky130_fd_sc_hd__a221oi_4)
     3    0.02                           _076_ (net)
                  0.28    0.00    2.18 ^ _238_/A3 (sky130_fd_sc_hd__a32oi_4)
                  0.13    0.19    2.37 v _238_/Y (sky130_fd_sc_hd__a32oi_4)
     5    0.02                           _079_ (net)
                  0.13    0.00    2.37 v _243_/A2 (sky130_fd_sc_hd__o211a_1)
                  0.05    0.26    2.63 v _243_/X (sky130_fd_sc_hd__o211a_1)
     2    0.01                           _084_ (net)
                  0.05    0.00    2.63 v _248_/A2 (sky130_fd_sc_hd__o211a_1)
                  0.07    0.25    2.88 v _248_/X (sky130_fd_sc_hd__o211a_1)
     3    0.01                           _089_ (net)
                  0.07    0.00    2.88 v _270_/C (sky130_fd_sc_hd__or3_1)
                  0.06    0.31    3.19 v _270_/X (sky130_fd_sc_hd__or3_1)
     1    0.00                           _110_ (net)
                  0.06    0.00    3.19 v _271_/C (sky130_fd_sc_hd__and3_1)
                  0.05    0.21    3.40 v _271_/X (sky130_fd_sc_hd__and3_1)
     3    0.01                           _111_ (net)
                  0.05    0.00    3.40 v _272_/B1 (sky130_fd_sc_hd__a21o_1)
                  0.03    0.16    3.56 v _272_/X (sky130_fd_sc_hd__a21o_1)
     1    0.00                           _050_ (net)
                  0.03    0.00    3.56 v _424_/D (sky130_fd_sc_hd__dfrtp_4)
                                  3.56   data arrival time

                         20.00   20.00   clock clk (rise edge)
                          0.00   20.00   clock source latency
                  0.20    0.14   20.14 ^ clk (in)
     1    0.04                           clk (net)
                  0.20    0.00   20.14 ^ clkbuf_0_clk/A (sky130_fd_sc_hd__clkbuf_16)
                  0.04    0.17   20.30 ^ clkbuf_0_clk/X (sky130_fd_sc_hd__clkbuf_16)
     2    0.02                           clknet_0_clk (net)
                  0.04    0.00   20.30 ^ clkbuf_1_0__f_clk/A (sky130_fd_sc_hd__clkbuf_16)
                  0.06    0.14   20.44 ^ clkbuf_1_0__f_clk/X (sky130_fd_sc_hd__clkbuf_16)
    14    0.04                           clknet_1_0__leaf_clk (net)
                  0.06    0.00   20.44 ^ _424_/CLK (sky130_fd_sc_hd__dfrtp_4)
                         -0.25   20.19   clock uncertainty
                          0.03   20.22   clock reconvergence pessimism
                         -0.10   20.12   library setup time
                                 20.12   data required time
-----------------------------------------------------------------------------
                                 20.12   data required time
                                 -3.56   data arrival time
-----------------------------------------------------------------------------
                                 16.56   slack (MET)


Startpoint: _399_ (rising edge-triggered flip-flop clocked by clk)
Endpoint: _421_ (rising edge-triggered flip-flop clocked by clk)
Path Group: clk
Path Type: max

Fanout     Cap    Slew   Delay    Time   Description
-----------------------------------------------------------------------------
                          0.00    0.00   clock clk (rise edge)
                          0.00    0.00   clock source latency
                  0.20    0.15    0.15 ^ clk (in)
     1    0.04                           clk (net)
                  0.20    0.00    0.15 ^ clkbuf_0_clk/A (sky130_fd_sc_hd__clkbuf_16)
                  0.04    0.19    0.34 ^ clkbuf_0_clk/X (sky130_fd_sc_hd__clkbuf_16)
     2    0.02                           clknet_0_clk (net)
                  0.04    0.00    0.34 ^ clkbuf_1_1__f_clk/A (sky130_fd_sc_hd__clkbuf_16)
                  0.06    0.15    0.49 ^ clkbuf_1_1__f_clk/X (sky130_fd_sc_hd__clkbuf_16)
    14    0.04                           clknet_1_1__leaf_clk (net)
                  0.06    0.00    0.49 ^ _399_/CLK (sky130_fd_sc_hd__dfrtp_4)
                  0.09    0.55    1.04 v _399_/Q (sky130_fd_sc_hd__dfrtp_4)
     9    0.03                           U_PC.pc[1] (net)
                  0.09    0.00    1.04 v _200_/B (sky130_fd_sc_hd__and2b_1)
                  0.06    0.22    1.26 v _200_/X (sky130_fd_sc_hd__and2b_1)
     4    0.01                           _186_ (net)
                  0.06    0.00    1.26 v _202_/B (sky130_fd_sc_hd__or3_1)
                  0.06    0.36    1.61 v _202_/X (sky130_fd_sc_hd__or3_1)
     1    0.00                           _188_ (net)
                  0.06    0.00    1.61 v _203_/A (sky130_fd_sc_hd__buf_4)
                  0.07    0.20    1.81 v _203_/X (sky130_fd_sc_hd__buf_4)
     9    0.05                           _189_ (net)
                  0.07    0.00    1.81 v _235_/A2 (sky130_fd_sc_hd__a221oi_4)
                  0.28    0.37    2.18 ^ _235_/Y (sky130_fd_sc_hd__a221oi_4)
     3    0.02                           _076_ (net)
                  0.28    0.00    2.18 ^ _238_/A3 (sky130_fd_sc_hd__a32oi_4)
                  0.13    0.19    2.37 v _238_/Y (sky130_fd_sc_hd__a32oi_4)
     5    0.02                           _079_ (net)
                  0.13    0.00    2.37 v _283_/C (sky130_fd_sc_hd__or3_1)
                  0.06    0.34    2.71 v _283_/X (sky130_fd_sc_hd__or3_1)
     1    0.00                           _120_ (net)
                  0.06    0.00    2.71 v _284_/A3 (sky130_fd_sc_hd__a311o_1)
                  0.11    0.44    3.14 v _284_/X (sky130_fd_sc_hd__a311o_1)
     3    0.01                           _121_ (net)
                  0.11    0.00    3.14 v _285_/A1 (sky130_fd_sc_hd__mux2_1)
                  0.05    0.32    3.46 v _285_/X (sky130_fd_sc_hd__mux2_1)
     1    0.00                           _122_ (net)
                  0.05    0.00    3.46 v _286_/A (sky130_fd_sc_hd__clkbuf_1)
                  0.03    0.09    3.56 v _286_/X (sky130_fd_sc_hd__clkbuf_1)
     1    0.00                           _047_ (net)
                  0.03    0.00    3.56 v _421_/D (sky130_fd_sc_hd__dfrtp_4)
                                  3.56   data arrival time

                         20.00   20.00   clock clk (rise edge)
                          0.00   20.00   clock source latency
                  0.20    0.14   20.14 ^ clk (in)
     1    0.04                           clk (net)
                  0.20    0.00   20.14 ^ clkbuf_0_clk/A (sky130_fd_sc_hd__clkbuf_16)
                  0.04    0.17   20.30 ^ clkbuf_0_clk/X (sky130_fd_sc_hd__clkbuf_16)
     2    0.02                           clknet_0_clk (net)
                  0.04    0.00   20.30 ^ clkbuf_1_1__f_clk/A (sky130_fd_sc_hd__clkbuf_16)
                  0.06    0.14   20.44 ^ clkbuf_1_1__f_clk/X (sky130_fd_sc_hd__clkbuf_16)
    14    0.04                           clknet_1_1__leaf_clk (net)
                  0.06    0.00   20.44 ^ _421_/CLK (sky130_fd_sc_hd__dfrtp_4)
                         -0.25   20.19   clock uncertainty
                          0.05   20.24   clock reconvergence pessimism
                         -0.10   20.14   library setup time
                                 20.14   data required time
-----------------------------------------------------------------------------
                                 20.14   data required time
                                 -3.56   data arrival time
-----------------------------------------------------------------------------
                                 16.58   slack (MET)


Startpoint: _399_ (rising edge-triggered flip-flop clocked by clk)
Endpoint: _405_ (rising edge-triggered flip-flop clocked by clk)
Path Group: clk
Path Type: max

Fanout     Cap    Slew   Delay    Time   Description
-----------------------------------------------------------------------------
                          0.00    0.00   clock clk (rise edge)
                          0.00    0.00   clock source latency
                  0.20    0.15    0.15 ^ clk (in)
     1    0.04                           clk (net)
                  0.20    0.00    0.15 ^ clkbuf_0_clk/A (sky130_fd_sc_hd__clkbuf_16)
                  0.04    0.19    0.34 ^ clkbuf_0_clk/X (sky130_fd_sc_hd__clkbuf_16)
     2    0.02                           clknet_0_clk (net)
                  0.04    0.00    0.34 ^ clkbuf_1_1__f_clk/A (sky130_fd_sc_hd__clkbuf_16)
                  0.06    0.15    0.49 ^ clkbuf_1_1__f_clk/X (sky130_fd_sc_hd__clkbuf_16)
    14    0.04                           clknet_1_1__leaf_clk (net)
                  0.06    0.00    0.49 ^ _399_/CLK (sky130_fd_sc_hd__dfrtp_4)
                  0.09    0.55    1.04 v _399_/Q (sky130_fd_sc_hd__dfrtp_4)
     9    0.03                           U_PC.pc[1] (net)
                  0.09    0.00    1.04 v _200_/B (sky130_fd_sc_hd__and2b_1)
                  0.06    0.22    1.26 v _200_/X (sky130_fd_sc_hd__and2b_1)
     4    0.01                           _186_ (net)
                  0.06    0.00    1.26 v _202_/B (sky130_fd_sc_hd__or3_1)
                  0.06    0.36    1.61 v _202_/X (sky130_fd_sc_hd__or3_1)
     1    0.00                           _188_ (net)
                  0.06    0.00    1.61 v _203_/A (sky130_fd_sc_hd__buf_4)
                  0.07    0.20    1.81 v _203_/X (sky130_fd_sc_hd__buf_4)
     9    0.05                           _189_ (net)
                  0.07    0.00    1.81 v _235_/A2 (sky130_fd_sc_hd__a221oi_4)
                  0.28    0.37    2.18 ^ _235_/Y (sky130_fd_sc_hd__a221oi_4)
     3    0.02                           _076_ (net)
                  0.28    0.00    2.18 ^ _238_/A3 (sky130_fd_sc_hd__a32oi_4)
                  0.13    0.19    2.37 v _238_/Y (sky130_fd_sc_hd__a32oi_4)
     5    0.02                           _079_ (net)
                  0.13    0.00    2.37 v _283_/C (sky130_fd_sc_hd__or3_1)
                  0.06    0.34    2.71 v _283_/X (sky130_fd_sc_hd__or3_1)
     1    0.00                           _120_ (net)
                  0.06    0.00    2.71 v _284_/A3 (sky130_fd_sc_hd__a311o_1)
                  0.11    0.44    3.14 v _284_/X (sky130_fd_sc_hd__a311o_1)
     3    0.01                           _121_ (net)
                  0.11    0.00    3.14 v _349_/A1 (sky130_fd_sc_hd__mux2_1)
                  0.05    0.32    3.46 v _349_/X (sky130_fd_sc_hd__mux2_1)
     1    0.00                           _170_ (net)
                  0.05    0.00    3.46 v _350_/A (sky130_fd_sc_hd__clkbuf_1)
                  0.03    0.09    3.55 v _350_/X (sky130_fd_sc_hd__clkbuf_1)
     1    0.00                           _031_ (net)
                  0.03    0.00    3.55 v _405_/D (sky130_fd_sc_hd__dfrtp_4)
                                  3.55   data arrival time

                         20.00   20.00   clock clk (rise edge)
                          0.00   20.00   clock source latency
                  0.20    0.14   20.14 ^ clk (in)
     1    0.04                           clk (net)
                  0.20    0.00   20.14 ^ clkbuf_0_clk/A (sky130_fd_sc_hd__clkbuf_16)
                  0.04    0.17   20.30 ^ clkbuf_0_clk/X (sky130_fd_sc_hd__clkbuf_16)
     2    0.02                           clknet_0_clk (net)
                  0.04    0.00   20.30 ^ clkbuf_1_1__f_clk/A (sky130_fd_sc_hd__clkbuf_16)
                  0.06    0.14   20.44 ^ clkbuf_1_1__f_clk/X (sky130_fd_sc_hd__clkbuf_16)
    14    0.04                           clknet_1_1__leaf_clk (net)
                  0.06    0.00   20.44 ^ _405_/CLK (sky130_fd_sc_hd__dfrtp_4)
                         -0.25   20.19   clock uncertainty
                          0.05   20.24   clock reconvergence pessimism
                         -0.10   20.14   library setup time
                                 20.14   data required time
-----------------------------------------------------------------------------
                                 20.14   data required time
                                 -3.55   data arrival time
-----------------------------------------------------------------------------
                                 16.58   slack (MET)


Startpoint: _399_ (rising edge-triggered flip-flop clocked by clk)
Endpoint: _406_ (rising edge-triggered flip-flop clocked by clk)
Path Group: clk
Path Type: max

Fanout     Cap    Slew   Delay    Time   Description
-----------------------------------------------------------------------------
                          0.00    0.00   clock clk (rise edge)
                          0.00    0.00   clock source latency
                  0.20    0.15    0.15 ^ clk (in)
     1    0.04                           clk (net)
                  0.20    0.00    0.15 ^ clkbuf_0_clk/A (sky130_fd_sc_hd__clkbuf_16)
                  0.04    0.19    0.34 ^ clkbuf_0_clk/X (sky130_fd_sc_hd__clkbuf_16)
     2    0.02                           clknet_0_clk (net)
                  0.04    0.00    0.34 ^ clkbuf_1_1__f_clk/A (sky130_fd_sc_hd__clkbuf_16)
                  0.06    0.15    0.49 ^ clkbuf_1_1__f_clk/X (sky130_fd_sc_hd__clkbuf_16)
    14    0.04                           clknet_1_1__leaf_clk (net)
                  0.06    0.00    0.49 ^ _399_/CLK (sky130_fd_sc_hd__dfrtp_4)
                  0.09    0.55    1.04 v _399_/Q (sky130_fd_sc_hd__dfrtp_4)
     9    0.03                           U_PC.pc[1] (net)
                  0.09    0.00    1.04 v _200_/B (sky130_fd_sc_hd__and2b_1)
                  0.06    0.22    1.26 v _200_/X (sky130_fd_sc_hd__and2b_1)
     4    0.01                           _186_ (net)
                  0.06    0.00    1.26 v _202_/B (sky130_fd_sc_hd__or3_1)
                  0.06    0.36    1.61 v _202_/X (sky130_fd_sc_hd__or3_1)
     1    0.00                           _188_ (net)
                  0.06    0.00    1.61 v _203_/A (sky130_fd_sc_hd__buf_4)
                  0.07    0.20    1.81 v _203_/X (sky130_fd_sc_hd__buf_4)
     9    0.05                           _189_ (net)
                  0.07    0.00    1.81 v _235_/A2 (sky130_fd_sc_hd__a221oi_4)
                  0.28    0.37    2.18 ^ _235_/Y (sky130_fd_sc_hd__a221oi_4)
     3    0.02                           _076_ (net)
                  0.28    0.00    2.18 ^ _238_/A3 (sky130_fd_sc_hd__a32oi_4)
                  0.13    0.19    2.37 v _238_/Y (sky130_fd_sc_hd__a32oi_4)
     5    0.02                           _079_ (net)
                  0.13    0.00    2.37 v _243_/A2 (sky130_fd_sc_hd__o211a_1)
                  0.05    0.26    2.63 v _243_/X (sky130_fd_sc_hd__o211a_1)
     2    0.01                           _084_ (net)
                  0.05    0.00    2.63 v _279_/A2 (sky130_fd_sc_hd__o311a_1)
                  0.07    0.37    3.00 v _279_/X (sky130_fd_sc_hd__o311a_1)
     3    0.01                           _117_ (net)
                  0.07    0.00    3.00 v _347_/A (sky130_fd_sc_hd__or3b_1)
                  0.07    0.39    3.39 v _347_/X (sky130_fd_sc_hd__or3b_1)
     1    0.00                           _169_ (net)
                  0.07    0.00    3.39 v _348_/B1 (sky130_fd_sc_hd__o21a_1)
                  0.03    0.11    3.50 v _348_/X (sky130_fd_sc_hd__o21a_1)
     1    0.00                           _032_ (net)
                  0.03    0.00    3.50 v _406_/D (sky130_fd_sc_hd__dfrtp_2)
                                  3.50   data arrival time

                         20.00   20.00   clock clk (rise edge)
                          0.00   20.00   clock source latency
                  0.20    0.14   20.14 ^ clk (in)
     1    0.04                           clk (net)
                  0.20    0.00   20.14 ^ clkbuf_0_clk/A (sky130_fd_sc_hd__clkbuf_16)
                  0.04    0.17   20.30 ^ clkbuf_0_clk/X (sky130_fd_sc_hd__clkbuf_16)
     2    0.02                           clknet_0_clk (net)
                  0.04    0.00   20.30 ^ clkbuf_1_0__f_clk/A (sky130_fd_sc_hd__clkbuf_16)
                  0.06    0.14   20.44 ^ clkbuf_1_0__f_clk/X (sky130_fd_sc_hd__clkbuf_16)
    14    0.04                           clknet_1_0__leaf_clk (net)
                  0.06    0.00   20.44 ^ _406_/CLK (sky130_fd_sc_hd__dfrtp_2)
                         -0.25   20.19   clock uncertainty
                          0.03   20.22   clock reconvergence pessimism
                         -0.11   20.12   library setup time
                                 20.12   data required time
-----------------------------------------------------------------------------
                                 20.12   data required time
                                 -3.50   data arrival time
-----------------------------------------------------------------------------
                                 16.62   slack (MET)


Startpoint: _399_ (rising edge-triggered flip-flop clocked by clk)
Endpoint: _422_ (rising edge-triggered flip-flop clocked by clk)
Path Group: clk
Path Type: max

Fanout     Cap    Slew   Delay    Time   Description
-----------------------------------------------------------------------------
                          0.00    0.00   clock clk (rise edge)
                          0.00    0.00   clock source latency
                  0.20    0.15    0.15 ^ clk (in)
     1    0.04                           clk (net)
                  0.20    0.00    0.15 ^ clkbuf_0_clk/A (sky130_fd_sc_hd__clkbuf_16)
                  0.04    0.19    0.34 ^ clkbuf_0_clk/X (sky130_fd_sc_hd__clkbuf_16)
     2    0.02                           clknet_0_clk (net)
                  0.04    0.00    0.34 ^ clkbuf_1_1__f_clk/A (sky130_fd_sc_hd__clkbuf_16)
                  0.06    0.15    0.49 ^ clkbuf_1_1__f_clk/X (sky130_fd_sc_hd__clkbuf_16)
    14    0.04                           clknet_1_1__leaf_clk (net)
                  0.06    0.00    0.49 ^ _399_/CLK (sky130_fd_sc_hd__dfrtp_4)
                  0.09    0.55    1.04 v _399_/Q (sky130_fd_sc_hd__dfrtp_4)
     9    0.03                           U_PC.pc[1] (net)
                  0.09    0.00    1.04 v _200_/B (sky130_fd_sc_hd__and2b_1)
                  0.06    0.22    1.26 v _200_/X (sky130_fd_sc_hd__and2b_1)
     4    0.01                           _186_ (net)
                  0.06    0.00    1.26 v _202_/B (sky130_fd_sc_hd__or3_1)
                  0.06    0.36    1.61 v _202_/X (sky130_fd_sc_hd__or3_1)
     1    0.00                           _188_ (net)
                  0.06    0.00    1.61 v _203_/A (sky130_fd_sc_hd__buf_4)
                  0.07    0.20    1.81 v _203_/X (sky130_fd_sc_hd__buf_4)
     9    0.05                           _189_ (net)
                  0.07    0.00    1.81 v _235_/A2 (sky130_fd_sc_hd__a221oi_4)
                  0.28    0.37    2.18 ^ _235_/Y (sky130_fd_sc_hd__a221oi_4)
     3    0.02                           _076_ (net)
                  0.28    0.00    2.18 ^ _238_/A3 (sky130_fd_sc_hd__a32oi_4)
                  0.13    0.19    2.37 v _238_/Y (sky130_fd_sc_hd__a32oi_4)
     5    0.02                           _079_ (net)
                  0.13    0.00    2.37 v _243_/A2 (sky130_fd_sc_hd__o211a_1)
                  0.05    0.26    2.63 v _243_/X (sky130_fd_sc_hd__o211a_1)
     2    0.01                           _084_ (net)
                  0.05    0.00    2.63 v _279_/A2 (sky130_fd_sc_hd__o311a_1)
                  0.07    0.37    3.00 v _279_/X (sky130_fd_sc_hd__o311a_1)
     3    0.01                           _117_ (net)
                  0.07    0.00    3.00 v _280_/B (sky130_fd_sc_hd__or2_1)
                  0.05    0.23    3.23 v _280_/X (sky130_fd_sc_hd__or2_1)
     1    0.00                           _118_ (net)
                  0.05    0.00    3.23 v _281_/A (sky130_fd_sc_hd__clkbuf_1)
                  0.03    0.09    3.32 v _281_/X (sky130_fd_sc_hd__clkbuf_1)
     1    0.00                           _048_ (net)
                  0.03    0.00    3.32 v _422_/D (sky130_fd_sc_hd__dfrtp_4)
                                  3.32   data arrival time

                         20.00   20.00   clock clk (rise edge)
                          0.00   20.00   clock source latency
                  0.20    0.14   20.14 ^ clk (in)
     1    0.04                           clk (net)
                  0.20    0.00   20.14 ^ clkbuf_0_clk/A (sky130_fd_sc_hd__clkbuf_16)
                  0.04    0.17   20.30 ^ clkbuf_0_clk/X (sky130_fd_sc_hd__clkbuf_16)
     2    0.02                           clknet_0_clk (net)
                  0.04    0.00   20.30 ^ clkbuf_1_0__f_clk/A (sky130_fd_sc_hd__clkbuf_16)
                  0.06    0.14   20.44 ^ clkbuf_1_0__f_clk/X (sky130_fd_sc_hd__clkbuf_16)
    14    0.04                           clknet_1_0__leaf_clk (net)
                  0.06    0.00   20.44 ^ _422_/CLK (sky130_fd_sc_hd__dfrtp_4)
                         -0.25   20.19   clock uncertainty
                          0.03   20.22   clock reconvergence pessimism
                         -0.10   20.12   library setup time
                                 20.12   data required time
-----------------------------------------------------------------------------
                                 20.12   data required time
                                 -3.32   data arrival time
-----------------------------------------------------------------------------
                                 16.80   slack (MET)


Startpoint: _399_ (rising edge-triggered flip-flop clocked by clk)
Endpoint: _404_ (rising edge-triggered flip-flop clocked by clk)
Path Group: clk
Path Type: max

Fanout     Cap    Slew   Delay    Time   Description
-----------------------------------------------------------------------------
                          0.00    0.00   clock clk (rise edge)
                          0.00    0.00   clock source latency
                  0.20    0.15    0.15 ^ clk (in)
     1    0.04                           clk (net)
                  0.20    0.00    0.15 ^ clkbuf_0_clk/A (sky130_fd_sc_hd__clkbuf_16)
                  0.04    0.19    0.34 ^ clkbuf_0_clk/X (sky130_fd_sc_hd__clkbuf_16)
     2    0.02                           clknet_0_clk (net)
                  0.04    0.00    0.34 ^ clkbuf_1_1__f_clk/A (sky130_fd_sc_hd__clkbuf_16)
                  0.06    0.15    0.49 ^ clkbuf_1_1__f_clk/X (sky130_fd_sc_hd__clkbuf_16)
    14    0.04                           clknet_1_1__leaf_clk (net)
                  0.06    0.00    0.49 ^ _399_/CLK (sky130_fd_sc_hd__dfrtp_4)
                  0.09    0.55    1.04 v _399_/Q (sky130_fd_sc_hd__dfrtp_4)
     9    0.03                           U_PC.pc[1] (net)
                  0.09    0.00    1.04 v _200_/B (sky130_fd_sc_hd__and2b_1)
                  0.06    0.22    1.26 v _200_/X (sky130_fd_sc_hd__and2b_1)
     4    0.01                           _186_ (net)
                  0.06    0.00    1.26 v _202_/B (sky130_fd_sc_hd__or3_1)
                  0.06    0.36    1.61 v _202_/X (sky130_fd_sc_hd__or3_1)
     1    0.00                           _188_ (net)
                  0.06    0.00    1.61 v _203_/A (sky130_fd_sc_hd__buf_4)
                  0.07    0.20    1.81 v _203_/X (sky130_fd_sc_hd__buf_4)
     9    0.05                           _189_ (net)
                  0.07    0.00    1.81 v _235_/A2 (sky130_fd_sc_hd__a221oi_4)
                  0.28    0.37    2.18 ^ _235_/Y (sky130_fd_sc_hd__a221oi_4)
     3    0.02                           _076_ (net)
                  0.28    0.00    2.18 ^ _238_/A3 (sky130_fd_sc_hd__a32oi_4)
                  0.13    0.19    2.37 v _238_/Y (sky130_fd_sc_hd__a32oi_4)
     5    0.02                           _079_ (net)
                  0.13    0.00    2.37 v _288_/A (sky130_fd_sc_hd__xor2_1)
                  0.07    0.19    2.56 v _288_/X (sky130_fd_sc_hd__xor2_1)
     1    0.00                           _124_ (net)
                  0.07    0.00    2.56 v _291_/A2 (sky130_fd_sc_hd__a211o_1)
                  0.08    0.36    2.92 v _291_/X (sky130_fd_sc_hd__a211o_1)
     3    0.01                           _127_ (net)
                  0.08    0.00    2.92 v _351_/A1 (sky130_fd_sc_hd__mux2_1)
                  0.05    0.31    3.23 v _351_/X (sky130_fd_sc_hd__mux2_1)
     1    0.00                           _171_ (net)
                  0.05    0.00    3.23 v _352_/A (sky130_fd_sc_hd__clkbuf_1)
                  0.02    0.09    3.33 v _352_/X (sky130_fd_sc_hd__clkbuf_1)
     1    0.00                           _030_ (net)
                  0.02    0.00    3.33 v _404_/D (sky130_fd_sc_hd__dfrtp_4)
                                  3.33   data arrival time

                         20.00   20.00   clock clk (rise edge)
                          0.00   20.00   clock source latency
                  0.20    0.14   20.14 ^ clk (in)
     1    0.04                           clk (net)
                  0.20    0.00   20.14 ^ clkbuf_0_clk/A (sky130_fd_sc_hd__clkbuf_16)
                  0.04    0.17   20.30 ^ clkbuf_0_clk/X (sky130_fd_sc_hd__clkbuf_16)
     2    0.02                           clknet_0_clk (net)
                  0.04    0.00   20.30 ^ clkbuf_1_1__f_clk/A (sky130_fd_sc_hd__clkbuf_16)
                  0.06    0.14   20.44 ^ clkbuf_1_1__f_clk/X (sky130_fd_sc_hd__clkbuf_16)
    14    0.04                           clknet_1_1__leaf_clk (net)
                  0.06    0.00   20.44 ^ _404_/CLK (sky130_fd_sc_hd__dfrtp_4)
                         -0.25   20.19   clock uncertainty
                          0.05   20.24   clock reconvergence pessimism
                         -0.10   20.14   library setup time
                                 20.14   data required time
-----------------------------------------------------------------------------
                                 20.14   data required time
                                 -3.33   data arrival time
-----------------------------------------------------------------------------
                                 16.81   slack (MET)


Startpoint: _399_ (rising edge-triggered flip-flop clocked by clk)
Endpoint: _423_ (rising edge-triggered flip-flop clocked by clk)
Path Group: clk
Path Type: max

Fanout     Cap    Slew   Delay    Time   Description
-----------------------------------------------------------------------------
                          0.00    0.00   clock clk (rise edge)
                          0.00    0.00   clock source latency
                  0.20    0.15    0.15 ^ clk (in)
     1    0.04                           clk (net)
                  0.20    0.00    0.15 ^ clkbuf_0_clk/A (sky130_fd_sc_hd__clkbuf_16)
                  0.04    0.19    0.34 ^ clkbuf_0_clk/X (sky130_fd_sc_hd__clkbuf_16)
     2    0.02                           clknet_0_clk (net)
                  0.04    0.00    0.34 ^ clkbuf_1_1__f_clk/A (sky130_fd_sc_hd__clkbuf_16)
                  0.06    0.15    0.49 ^ clkbuf_1_1__f_clk/X (sky130_fd_sc_hd__clkbuf_16)
    14    0.04                           clknet_1_1__leaf_clk (net)
                  0.06    0.00    0.49 ^ _399_/CLK (sky130_fd_sc_hd__dfrtp_4)
                  0.09    0.55    1.04 v _399_/Q (sky130_fd_sc_hd__dfrtp_4)
     9    0.03                           U_PC.pc[1] (net)
                  0.09    0.00    1.04 v _200_/B (sky130_fd_sc_hd__and2b_1)
                  0.06    0.22    1.26 v _200_/X (sky130_fd_sc_hd__and2b_1)
     4    0.01                           _186_ (net)
                  0.06    0.00    1.26 v _202_/B (sky130_fd_sc_hd__or3_1)
                  0.06    0.36    1.61 v _202_/X (sky130_fd_sc_hd__or3_1)
     1    0.00                           _188_ (net)
                  0.06    0.00    1.61 v _203_/A (sky130_fd_sc_hd__buf_4)
                  0.07    0.20    1.81 v _203_/X (sky130_fd_sc_hd__buf_4)
     9    0.05                           _189_ (net)
                  0.07    0.00    1.81 v _235_/A2 (sky130_fd_sc_hd__a221oi_4)
                  0.28    0.37    2.18 ^ _235_/Y (sky130_fd_sc_hd__a221oi_4)
     3    0.02                           _076_ (net)
                  0.28    0.00    2.18 ^ _238_/A3 (sky130_fd_sc_hd__a32oi_4)
                  0.13    0.19    2.37 v _238_/Y (sky130_fd_sc_hd__a32oi_4)
     5    0.02                           _079_ (net)
                  0.13    0.00    2.37 v _243_/A2 (sky130_fd_sc_hd__o211a_1)
                  0.05    0.26    2.63 v _243_/X (sky130_fd_sc_hd__o211a_1)
     2    0.01                           _084_ (net)
                  0.05    0.00    2.63 v _248_/A2 (sky130_fd_sc_hd__o211a_1)
                  0.07    0.25    2.88 v _248_/X (sky130_fd_sc_hd__o211a_1)
     3    0.01                           _089_ (net)
                  0.07    0.00    2.88 v _277_/B1 (sky130_fd_sc_hd__a211oi_1)
                  0.28    0.29    3.18 ^ _277_/Y (sky130_fd_sc_hd__a211oi_1)
     2    0.01                           _116_ (net)
                  0.28    0.00    3.18 ^ _278_/A2 (sky130_fd_sc_hd__a21o_1)
                  0.04    0.17    3.34 ^ _278_/X (sky130_fd_sc_hd__a21o_1)
     1    0.00                           _049_ (net)
                  0.04    0.00    3.34 ^ _423_/D (sky130_fd_sc_hd__dfrtp_4)
                                  3.34   data arrival time

                         20.00   20.00   clock clk (rise edge)
                          0.00   20.00   clock source latency
                  0.20    0.14   20.14 ^ clk (in)
     1    0.04                           clk (net)
                  0.20    0.00   20.14 ^ clkbuf_0_clk/A (sky130_fd_sc_hd__clkbuf_16)
                  0.04    0.17   20.30 ^ clkbuf_0_clk/X (sky130_fd_sc_hd__clkbuf_16)
     2    0.02                           clknet_0_clk (net)
                  0.04    0.00   20.30 ^ clkbuf_1_0__f_clk/A (sky130_fd_sc_hd__clkbuf_16)
                  0.06    0.14   20.44 ^ clkbuf_1_0__f_clk/X (sky130_fd_sc_hd__clkbuf_16)
    14    0.04                           clknet_1_0__leaf_clk (net)
                  0.06    0.00   20.44 ^ _423_/CLK (sky130_fd_sc_hd__dfrtp_4)
                         -0.25   20.19   clock uncertainty
                          0.03   20.22   clock reconvergence pessimism
                         -0.06   20.16   library setup time
                                 20.16   data required time
-----------------------------------------------------------------------------
                                 20.16   data required time
                                 -3.34   data arrival time
-----------------------------------------------------------------------------
                                 16.82   slack (MET)


Startpoint: _399_ (rising edge-triggered flip-flop clocked by clk)
Endpoint: _420_ (rising edge-triggered flip-flop clocked by clk)
Path Group: clk
Path Type: max

Fanout     Cap    Slew   Delay    Time   Description
-----------------------------------------------------------------------------
                          0.00    0.00   clock clk (rise edge)
                          0.00    0.00   clock source latency
                  0.20    0.15    0.15 ^ clk (in)
     1    0.04                           clk (net)
                  0.20    0.00    0.15 ^ clkbuf_0_clk/A (sky130_fd_sc_hd__clkbuf_16)
                  0.04    0.19    0.34 ^ clkbuf_0_clk/X (sky130_fd_sc_hd__clkbuf_16)
     2    0.02                           clknet_0_clk (net)
                  0.04    0.00    0.34 ^ clkbuf_1_1__f_clk/A (sky130_fd_sc_hd__clkbuf_16)
                  0.06    0.15    0.49 ^ clkbuf_1_1__f_clk/X (sky130_fd_sc_hd__clkbuf_16)
    14    0.04                           clknet_1_1__leaf_clk (net)
                  0.06    0.00    0.49 ^ _399_/CLK (sky130_fd_sc_hd__dfrtp_4)
                  0.09    0.55    1.04 v _399_/Q (sky130_fd_sc_hd__dfrtp_4)
     9    0.03                           U_PC.pc[1] (net)
                  0.09    0.00    1.04 v _200_/B (sky130_fd_sc_hd__and2b_1)
                  0.06    0.22    1.26 v _200_/X (sky130_fd_sc_hd__and2b_1)
     4    0.01                           _186_ (net)
                  0.06    0.00    1.26 v _202_/B (sky130_fd_sc_hd__or3_1)
                  0.06    0.36    1.61 v _202_/X (sky130_fd_sc_hd__or3_1)
     1    0.00                           _188_ (net)
                  0.06    0.00    1.61 v _203_/A (sky130_fd_sc_hd__buf_4)
                  0.07    0.20    1.81 v _203_/X (sky130_fd_sc_hd__buf_4)
     9    0.05                           _189_ (net)
                  0.07    0.00    1.81 v _235_/A2 (sky130_fd_sc_hd__a221oi_4)
                  0.28    0.37    2.18 ^ _235_/Y (sky130_fd_sc_hd__a221oi_4)
     3    0.02                           _076_ (net)
                  0.28    0.00    2.18 ^ _238_/A3 (sky130_fd_sc_hd__a32oi_4)
                  0.13    0.19    2.37 v _238_/Y (sky130_fd_sc_hd__a32oi_4)
     5    0.02                           _079_ (net)
                  0.13    0.00    2.37 v _288_/A (sky130_fd_sc_hd__xor2_1)
                  0.07    0.19    2.56 v _288_/X (sky130_fd_sc_hd__xor2_1)
     1    0.00                           _124_ (net)
                  0.07    0.00    2.56 v _291_/A2 (sky130_fd_sc_hd__a211o_1)
                  0.08    0.36    2.92 v _291_/X (sky130_fd_sc_hd__a211o_1)
     3    0.01                           _127_ (net)
                  0.08    0.00    2.92 v _292_/A2 (sky130_fd_sc_hd__a21bo_1)
                  0.03    0.21    3.12 v _292_/X (sky130_fd_sc_hd__a21bo_1)
     1    0.00                           _046_ (net)
                  0.03    0.00    3.12 v _420_/D (sky130_fd_sc_hd__dfrtp_4)
                                  3.12   data arrival time

                         20.00   20.00   clock clk (rise edge)
                          0.00   20.00   clock source latency
                  0.20    0.14   20.14 ^ clk (in)
     1    0.04                           clk (net)
                  0.20    0.00   20.14 ^ clkbuf_0_clk/A (sky130_fd_sc_hd__clkbuf_16)
                  0.04    0.17   20.30 ^ clkbuf_0_clk/X (sky130_fd_sc_hd__clkbuf_16)
     2    0.02                           clknet_0_clk (net)
                  0.04    0.00   20.30 ^ clkbuf_1_1__f_clk/A (sky130_fd_sc_hd__clkbuf_16)
                  0.06    0.14   20.44 ^ clkbuf_1_1__f_clk/X (sky130_fd_sc_hd__clkbuf_16)
    14    0.04                           clknet_1_1__leaf_clk (net)
                  0.06    0.00   20.44 ^ _420_/CLK (sky130_fd_sc_hd__dfrtp_4)
                         -0.25   20.19   clock uncertainty
                          0.05   20.24   clock reconvergence pessimism
                         -0.11   20.13   library setup time
                                 20.13   data required time
-----------------------------------------------------------------------------
                                 20.13   data required time
                                 -3.12   data arrival time
-----------------------------------------------------------------------------
                                 17.01   slack (MET)


Startpoint: _399_ (rising edge-triggered flip-flop clocked by clk)
Endpoint: _403_ (rising edge-triggered flip-flop clocked by clk)
Path Group: clk
Path Type: max

Fanout     Cap    Slew   Delay    Time   Description
-----------------------------------------------------------------------------
                          0.00    0.00   clock clk (rise edge)
                          0.00    0.00   clock source latency
                  0.20    0.15    0.15 ^ clk (in)
     1    0.04                           clk (net)
                  0.20    0.00    0.15 ^ clkbuf_0_clk/A (sky130_fd_sc_hd__clkbuf_16)
                  0.04    0.19    0.34 ^ clkbuf_0_clk/X (sky130_fd_sc_hd__clkbuf_16)
     2    0.02                           clknet_0_clk (net)
                  0.04    0.00    0.34 ^ clkbuf_1_1__f_clk/A (sky130_fd_sc_hd__clkbuf_16)
                  0.06    0.15    0.49 ^ clkbuf_1_1__f_clk/X (sky130_fd_sc_hd__clkbuf_16)
    14    0.04                           clknet_1_1__leaf_clk (net)
                  0.06    0.00    0.49 ^ _399_/CLK (sky130_fd_sc_hd__dfrtp_4)
                  0.09    0.55    1.04 v _399_/Q (sky130_fd_sc_hd__dfrtp_4)
     9    0.03                           U_PC.pc[1] (net)
                  0.09    0.00    1.04 v _200_/B (sky130_fd_sc_hd__and2b_1)
                  0.06    0.22    1.26 v _200_/X (sky130_fd_sc_hd__and2b_1)
     4    0.01                           _186_ (net)
                  0.06    0.00    1.26 v _202_/B (sky130_fd_sc_hd__or3_1)
                  0.06    0.36    1.61 v _202_/X (sky130_fd_sc_hd__or3_1)
     1    0.00                           _188_ (net)
                  0.06    0.00    1.61 v _203_/A (sky130_fd_sc_hd__buf_4)
                  0.07    0.20    1.81 v _203_/X (sky130_fd_sc_hd__buf_4)
     9    0.05                           _189_ (net)
                  0.07    0.00    1.81 v _235_/A2 (sky130_fd_sc_hd__a221oi_4)
                  0.28    0.37    2.18 ^ _235_/Y (sky130_fd_sc_hd__a221oi_4)
     3    0.02                           _076_ (net)
                  0.28    0.00    2.18 ^ _294_/C1 (sky130_fd_sc_hd__a211o_1)
                  0.07    0.17    2.36 ^ _294_/X (sky130_fd_sc_hd__a211o_1)
     2    0.01                           _129_ (net)
                  0.07    0.00    2.36 ^ _296_/A (sky130_fd_sc_hd__nand2_1)
                  0.04    0.05    2.41 v _296_/Y (sky130_fd_sc_hd__nand2_1)
     1    0.00                           _131_ (net)
                  0.04    0.00    2.41 v _299_/A2 (sky130_fd_sc_hd__a21o_1)
                  0.06    0.21    2.62 v _299_/X (sky130_fd_sc_hd__a21o_1)
     3    0.01                           _134_ (net)
                  0.06    0.00    2.62 v _353_/A1 (sky130_fd_sc_hd__mux2_1)
                  0.05    0.31    2.93 v _353_/X (sky130_fd_sc_hd__mux2_1)
     1    0.00                           _172_ (net)
                  0.05    0.00    2.93 v _354_/A (sky130_fd_sc_hd__clkbuf_1)
                  0.02    0.09    3.02 v _354_/X (sky130_fd_sc_hd__clkbuf_1)
     1    0.00                           _029_ (net)
                  0.02    0.00    3.02 v _403_/D (sky130_fd_sc_hd__dfrtp_4)
                                  3.02   data arrival time

                         20.00   20.00   clock clk (rise edge)
                          0.00   20.00   clock source latency
                  0.20    0.14   20.14 ^ clk (in)
     1    0.04                           clk (net)
                  0.20    0.00   20.14 ^ clkbuf_0_clk/A (sky130_fd_sc_hd__clkbuf_16)
                  0.04    0.17   20.30 ^ clkbuf_0_clk/X (sky130_fd_sc_hd__clkbuf_16)
     2    0.02                           clknet_0_clk (net)
                  0.04    0.00   20.30 ^ clkbuf_1_1__f_clk/A (sky130_fd_sc_hd__clkbuf_16)
                  0.06    0.14   20.44 ^ clkbuf_1_1__f_clk/X (sky130_fd_sc_hd__clkbuf_16)
    14    0.04                           clknet_1_1__leaf_clk (net)
                  0.06    0.00   20.44 ^ _403_/CLK (sky130_fd_sc_hd__dfrtp_4)
                         -0.25   20.19   clock uncertainty
                          0.05   20.24   clock reconvergence pessimism
                         -0.10   20.14   library setup time
                                 20.14   data required time
-----------------------------------------------------------------------------
                                 20.14   data required time
                                 -3.02   data arrival time
-----------------------------------------------------------------------------
                                 17.12   slack (MET)


Startpoint: _399_ (rising edge-triggered flip-flop clocked by clk)
Endpoint: _419_ (rising edge-triggered flip-flop clocked by clk)
Path Group: clk
Path Type: max

Fanout     Cap    Slew   Delay    Time   Description
-----------------------------------------------------------------------------
                          0.00    0.00   clock clk (rise edge)
                          0.00    0.00   clock source latency
                  0.20    0.15    0.15 ^ clk (in)
     1    0.04                           clk (net)
                  0.20    0.00    0.15 ^ clkbuf_0_clk/A (sky130_fd_sc_hd__clkbuf_16)
                  0.04    0.19    0.34 ^ clkbuf_0_clk/X (sky130_fd_sc_hd__clkbuf_16)
     2    0.02                           clknet_0_clk (net)
                  0.04    0.00    0.34 ^ clkbuf_1_1__f_clk/A (sky130_fd_sc_hd__clkbuf_16)
                  0.06    0.15    0.49 ^ clkbuf_1_1__f_clk/X (sky130_fd_sc_hd__clkbuf_16)
    14    0.04                           clknet_1_1__leaf_clk (net)
                  0.06    0.00    0.49 ^ _399_/CLK (sky130_fd_sc_hd__dfrtp_4)
                  0.09    0.55    1.04 v _399_/Q (sky130_fd_sc_hd__dfrtp_4)
     9    0.03                           U_PC.pc[1] (net)
                  0.09    0.00    1.04 v _200_/B (sky130_fd_sc_hd__and2b_1)
                  0.06    0.22    1.26 v _200_/X (sky130_fd_sc_hd__and2b_1)
     4    0.01                           _186_ (net)
                  0.06    0.00    1.26 v _202_/B (sky130_fd_sc_hd__or3_1)
                  0.06    0.36    1.61 v _202_/X (sky130_fd_sc_hd__or3_1)
     1    0.00                           _188_ (net)
                  0.06    0.00    1.61 v _203_/A (sky130_fd_sc_hd__buf_4)
                  0.07    0.20    1.81 v _203_/X (sky130_fd_sc_hd__buf_4)
     9    0.05                           _189_ (net)
                  0.07    0.00    1.81 v _235_/A2 (sky130_fd_sc_hd__a221oi_4)
                  0.28    0.37    2.18 ^ _235_/Y (sky130_fd_sc_hd__a221oi_4)
     3    0.02                           _076_ (net)
                  0.28    0.00    2.18 ^ _294_/C1 (sky130_fd_sc_hd__a211o_1)
                  0.07    0.17    2.36 ^ _294_/X (sky130_fd_sc_hd__a211o_1)
     2    0.01                           _129_ (net)
                  0.07    0.00    2.36 ^ _296_/A (sky130_fd_sc_hd__nand2_1)
                  0.04    0.05    2.41 v _296_/Y (sky130_fd_sc_hd__nand2_1)
     1    0.00                           _131_ (net)
                  0.04    0.00    2.41 v _299_/A2 (sky130_fd_sc_hd__a21o_1)
                  0.06    0.21    2.62 v _299_/X (sky130_fd_sc_hd__a21o_1)
     3    0.01                           _134_ (net)
                  0.06    0.00    2.62 v _300_/A2 (sky130_fd_sc_hd__a21o_1)
                  0.03    0.19    2.81 v _300_/X (sky130_fd_sc_hd__a21o_1)
     1    0.00                           _045_ (net)
                  0.03    0.00    2.81 v _419_/D (sky130_fd_sc_hd__dfrtp_4)
                                  2.81   data arrival time

                         20.00   20.00   clock clk (rise edge)
                          0.00   20.00   clock source latency
                  0.20    0.14   20.14 ^ clk (in)
     1    0.04                           clk (net)
                  0.20    0.00   20.14 ^ clkbuf_0_clk/A (sky130_fd_sc_hd__clkbuf_16)
                  0.04    0.17   20.30 ^ clkbuf_0_clk/X (sky130_fd_sc_hd__clkbuf_16)
     2    0.02                           clknet_0_clk (net)
                  0.04    0.00   20.30 ^ clkbuf_1_1__f_clk/A (sky130_fd_sc_hd__clkbuf_16)
                  0.06    0.14   20.44 ^ clkbuf_1_1__f_clk/X (sky130_fd_sc_hd__clkbuf_16)
    14    0.04                           clknet_1_1__leaf_clk (net)
                  0.06    0.00   20.44 ^ _419_/CLK (sky130_fd_sc_hd__dfrtp_4)
                         -0.25   20.19   clock uncertainty
                          0.05   20.24   clock reconvergence pessimism
                         -0.11   20.13   library setup time
                                 20.13   data required time
-----------------------------------------------------------------------------
                                 20.13   data required time
                                 -2.81   data arrival time
-----------------------------------------------------------------------------
                                 17.33   slack (MET)


Startpoint: _401_ (rising edge-triggered flip-flop clocked by clk)
Endpoint: _402_ (rising edge-triggered flip-flop clocked by clk)
Path Group: clk
Path Type: max

Fanout     Cap    Slew   Delay    Time   Description
-----------------------------------------------------------------------------
                          0.00    0.00   clock clk (rise edge)
                          0.00    0.00   clock source latency
                  0.20    0.15    0.15 ^ clk (in)
     1    0.04                           clk (net)
                  0.20    0.00    0.15 ^ clkbuf_0_clk/A (sky130_fd_sc_hd__clkbuf_16)
                  0.04    0.19    0.34 ^ clkbuf_0_clk/X (sky130_fd_sc_hd__clkbuf_16)
     2    0.02                           clknet_0_clk (net)
                  0.04    0.00    0.34 ^ clkbuf_1_1__f_clk/A (sky130_fd_sc_hd__clkbuf_16)
                  0.06    0.15    0.49 ^ clkbuf_1_1__f_clk/X (sky130_fd_sc_hd__clkbuf_16)
    14    0.04                           clknet_1_1__leaf_clk (net)
                  0.06    0.00    0.49 ^ _401_/CLK (sky130_fd_sc_hd__dfrtp_4)
                  0.08    0.53    1.02 v _401_/Q (sky130_fd_sc_hd__dfrtp_4)
     8    0.02                           U_PC.pc[3] (net)
                  0.08    0.00    1.02 v _232_/A (sky130_fd_sc_hd__nor3_2)
                  0.39    0.41    1.43 ^ _232_/Y (sky130_fd_sc_hd__nor3_2)
     5    0.02                           _073_ (net)
                  0.39    0.00    1.43 ^ max_cap28/A (sky130_fd_sc_hd__buf_2)
                  0.13    0.27    1.70 ^ max_cap28/X (sky130_fd_sc_hd__buf_2)
     5    0.03                           net28 (net)
                  0.13    0.00    1.70 ^ _265_/B (sky130_fd_sc_hd__and2_1)
                  0.04    0.14    1.84 ^ _265_/X (sky130_fd_sc_hd__and2_1)
     1    0.00                           _106_ (net)
                  0.04    0.00    1.84 ^ _266_/A (sky130_fd_sc_hd__buf_2)
                  0.17    0.21    2.05 ^ _266_/X (sky130_fd_sc_hd__buf_2)
     9    0.03                           _107_ (net)
                  0.17    0.00    2.05 ^ _308_/A2 (sky130_fd_sc_hd__a211o_1)
                  0.04    0.15    2.20 ^ _308_/X (sky130_fd_sc_hd__a211o_1)
     1    0.00                           _141_ (net)
                  0.04    0.00    2.20 ^ _309_/B1_N (sky130_fd_sc_hd__a21bo_1)
                  0.04    0.20    2.40 v _309_/X (sky130_fd_sc_hd__a21bo_1)
     2    0.00                           _142_ (net)
                  0.04    0.00    2.40 v _355_/A1 (sky130_fd_sc_hd__mux2_1)
                  0.05    0.30    2.70 v _355_/X (sky130_fd_sc_hd__mux2_1)
     1    0.00                           _173_ (net)
                  0.05    0.00    2.70 v _356_/A (sky130_fd_sc_hd__clkbuf_1)
                  0.03    0.10    2.79 v _356_/X (sky130_fd_sc_hd__clkbuf_1)
     1    0.00                           _028_ (net)
                  0.03    0.00    2.79 v _402_/D (sky130_fd_sc_hd__dfrtp_4)
                                  2.79   data arrival time

                         20.00   20.00   clock clk (rise edge)
                          0.00   20.00   clock source latency
                  0.20    0.14   20.14 ^ clk (in)
     1    0.04                           clk (net)
                  0.20    0.00   20.14 ^ clkbuf_0_clk/A (sky130_fd_sc_hd__clkbuf_16)
                  0.04    0.17   20.30 ^ clkbuf_0_clk/X (sky130_fd_sc_hd__clkbuf_16)
     2    0.02                           clknet_0_clk (net)
                  0.04    0.00   20.30 ^ clkbuf_1_1__f_clk/A (sky130_fd_sc_hd__clkbuf_16)
                  0.06    0.14   20.44 ^ clkbuf_1_1__f_clk/X (sky130_fd_sc_hd__clkbuf_16)
    14    0.04                           clknet_1_1__leaf_clk (net)
                  0.06    0.00   20.44 ^ _402_/CLK (sky130_fd_sc_hd__dfrtp_4)
                         -0.25   20.19   clock uncertainty
                          0.05   20.24   clock reconvergence pessimism
                         -0.10   20.14   library setup time
                                 20.14   data required time
-----------------------------------------------------------------------------
                                 20.14   data required time
                                 -2.79   data arrival time
-----------------------------------------------------------------------------
                                 17.34   slack (MET)


Startpoint: _398_ (rising edge-triggered flip-flop clocked by clk)
Endpoint: _399_ (rising edge-triggered flip-flop clocked by clk)
Path Group: clk
Path Type: max

Fanout     Cap    Slew   Delay    Time   Description
-----------------------------------------------------------------------------
                          0.00    0.00   clock clk (rise edge)
                          0.00    0.00   clock source latency
                  0.20    0.15    0.15 ^ clk (in)
     1    0.04                           clk (net)
                  0.20    0.00    0.15 ^ clkbuf_0_clk/A (sky130_fd_sc_hd__clkbuf_16)
                  0.04    0.19    0.34 ^ clkbuf_0_clk/X (sky130_fd_sc_hd__clkbuf_16)
     2    0.02                           clknet_0_clk (net)
                  0.04    0.00    0.34 ^ clkbuf_1_1__f_clk/A (sky130_fd_sc_hd__clkbuf_16)
                  0.06    0.15    0.49 ^ clkbuf_1_1__f_clk/X (sky130_fd_sc_hd__clkbuf_16)
    14    0.04                           clknet_1_1__leaf_clk (net)
                  0.06    0.00    0.49 ^ _398_/CLK (sky130_fd_sc_hd__dfrtp_4)
                  0.09    0.54    1.03 v _398_/Q (sky130_fd_sc_hd__dfrtp_4)
    10    0.03                           U_PC.pc[0] (net)
                  0.09    0.00    1.03 v _204_/A (sky130_fd_sc_hd__or2b_1)
                  0.05    0.25    1.28 v _204_/X (sky130_fd_sc_hd__or2b_1)
     2    0.00                           _190_ (net)
                  0.05    0.00    1.28 v _205_/A (sky130_fd_sc_hd__clkbuf_4)
                  0.08    0.20    1.48 v _205_/X (sky130_fd_sc_hd__clkbuf_4)
    10    0.04                           _191_ (net)
                  0.08    0.00    1.48 v _224_/A (sky130_fd_sc_hd__and2_2)
                  0.09    0.25    1.73 v _224_/X (sky130_fd_sc_hd__and2_2)
     6    0.03                           _065_ (net)
                  0.09    0.00    1.73 v _307_/A (sky130_fd_sc_hd__clkbuf_4)
                  0.09    0.22    1.95 v _307_/X (sky130_fd_sc_hd__clkbuf_4)
    10    0.04                           _140_ (net)
                  0.09    0.00    1.95 v _358_/B1 (sky130_fd_sc_hd__o21a_1)
                  0.04    0.13    2.08 v _358_/X (sky130_fd_sc_hd__o21a_1)
     2    0.00                           _174_ (net)
                  0.04    0.00    2.08 v _360_/B (sky130_fd_sc_hd__or3_1)
                  0.06    0.35    2.44 v _360_/X (sky130_fd_sc_hd__or3_1)
     1    0.00                           _176_ (net)
                  0.06    0.00    2.44 v _361_/A (sky130_fd_sc_hd__clkbuf_1)
                  0.02    0.10    2.53 v _361_/X (sky130_fd_sc_hd__clkbuf_1)
     1    0.00                           U_PC.next_pc[1] (net)
                  0.02    0.00    2.53 v _399_/D (sky130_fd_sc_hd__dfrtp_4)
                                  2.53   data arrival time

                         20.00   20.00   clock clk (rise edge)
                          0.00   20.00   clock source latency
                  0.20    0.14   20.14 ^ clk (in)
     1    0.04                           clk (net)
                  0.20    0.00   20.14 ^ clkbuf_0_clk/A (sky130_fd_sc_hd__clkbuf_16)
                  0.04    0.17   20.30 ^ clkbuf_0_clk/X (sky130_fd_sc_hd__clkbuf_16)
     2    0.02                           clknet_0_clk (net)
                  0.04    0.00   20.30 ^ clkbuf_1_1__f_clk/A (sky130_fd_sc_hd__clkbuf_16)
                  0.06    0.14   20.44 ^ clkbuf_1_1__f_clk/X (sky130_fd_sc_hd__clkbuf_16)
    14    0.04                           clknet_1_1__leaf_clk (net)
                  0.06    0.00   20.44 ^ _399_/CLK (sky130_fd_sc_hd__dfrtp_4)
                         -0.25   20.19   clock uncertainty
                          0.05   20.24   clock reconvergence pessimism
                         -0.10   20.14   library setup time
                                 20.14   data required time
-----------------------------------------------------------------------------
                                 20.14   data required time
                                 -2.53   data arrival time
-----------------------------------------------------------------------------
                                 17.60   slack (MET)


Startpoint: _398_ (rising edge-triggered flip-flop clocked by clk)
Endpoint: _400_ (rising edge-triggered flip-flop clocked by clk)
Path Group: clk
Path Type: max

Fanout     Cap    Slew   Delay    Time   Description
-----------------------------------------------------------------------------
                          0.00    0.00   clock clk (rise edge)
                          0.00    0.00   clock source latency
                  0.20    0.15    0.15 ^ clk (in)
     1    0.04                           clk (net)
                  0.20    0.00    0.15 ^ clkbuf_0_clk/A (sky130_fd_sc_hd__clkbuf_16)
                  0.04    0.19    0.34 ^ clkbuf_0_clk/X (sky130_fd_sc_hd__clkbuf_16)
     2    0.02                           clknet_0_clk (net)
                  0.04    0.00    0.34 ^ clkbuf_1_1__f_clk/A (sky130_fd_sc_hd__clkbuf_16)
                  0.06    0.15    0.49 ^ clkbuf_1_1__f_clk/X (sky130_fd_sc_hd__clkbuf_16)
    14    0.04                           clknet_1_1__leaf_clk (net)
                  0.06    0.00    0.49 ^ _398_/CLK (sky130_fd_sc_hd__dfrtp_4)
                  0.09    0.54    1.03 v _398_/Q (sky130_fd_sc_hd__dfrtp_4)
    10    0.03                           U_PC.pc[0] (net)
                  0.09    0.00    1.03 v _204_/A (sky130_fd_sc_hd__or2b_1)
                  0.05    0.25    1.28 v _204_/X (sky130_fd_sc_hd__or2b_1)
     2    0.00                           _190_ (net)
                  0.05    0.00    1.28 v _205_/A (sky130_fd_sc_hd__clkbuf_4)
                  0.08    0.20    1.48 v _205_/X (sky130_fd_sc_hd__clkbuf_4)
    10    0.04                           _191_ (net)
                  0.08    0.00    1.48 v _224_/A (sky130_fd_sc_hd__and2_2)
                  0.09    0.25    1.73 v _224_/X (sky130_fd_sc_hd__and2_2)
     6    0.03                           _065_ (net)
                  0.09    0.00    1.73 v _307_/A (sky130_fd_sc_hd__clkbuf_4)
                  0.09    0.22    1.95 v _307_/X (sky130_fd_sc_hd__clkbuf_4)
    10    0.04                           _140_ (net)
                  0.09    0.00    1.95 v _358_/B1 (sky130_fd_sc_hd__o21a_1)
                  0.04    0.13    2.08 v _358_/X (sky130_fd_sc_hd__o21a_1)
     2    0.00                           _174_ (net)
                  0.04    0.00    2.08 v _364_/B2 (sky130_fd_sc_hd__o2bb2a_1)
                  0.05    0.29    2.37 v _364_/X (sky130_fd_sc_hd__o2bb2a_1)
     1    0.00                           U_PC.next_pc[2] (net)
                  0.05    0.00    2.37 v _400_/D (sky130_fd_sc_hd__dfrtp_4)
                                  2.37   data arrival time

                         20.00   20.00   clock clk (rise edge)
                          0.00   20.00   clock source latency
                  0.20    0.14   20.14 ^ clk (in)
     1    0.04                           clk (net)
                  0.20    0.00   20.14 ^ clkbuf_0_clk/A (sky130_fd_sc_hd__clkbuf_16)
                  0.04    0.17   20.30 ^ clkbuf_0_clk/X (sky130_fd_sc_hd__clkbuf_16)
     2    0.02                           clknet_0_clk (net)
                  0.04    0.00   20.30 ^ clkbuf_1_1__f_clk/A (sky130_fd_sc_hd__clkbuf_16)
                  0.06    0.14   20.44 ^ clkbuf_1_1__f_clk/X (sky130_fd_sc_hd__clkbuf_16)
    14    0.04                           clknet_1_1__leaf_clk (net)
                  0.06    0.00   20.44 ^ _400_/CLK (sky130_fd_sc_hd__dfrtp_4)
                         -0.25   20.19   clock uncertainty
                          0.05   20.24   clock reconvergence pessimism
                         -0.11   20.12   library setup time
                                 20.12   data required time
-----------------------------------------------------------------------------
                                 20.12   data required time
                                 -2.37   data arrival time
-----------------------------------------------------------------------------
                                 17.75   slack (MET)


Startpoint: _401_ (rising edge-triggered flip-flop clocked by clk)
Endpoint: _418_ (rising edge-triggered flip-flop clocked by clk)
Path Group: clk
Path Type: max

Fanout     Cap    Slew   Delay    Time   Description
-----------------------------------------------------------------------------
                          0.00    0.00   clock clk (rise edge)
                          0.00    0.00   clock source latency
                  0.20    0.15    0.15 ^ clk (in)
     1    0.04                           clk (net)
                  0.20    0.00    0.15 ^ clkbuf_0_clk/A (sky130_fd_sc_hd__clkbuf_16)
                  0.04    0.19    0.34 ^ clkbuf_0_clk/X (sky130_fd_sc_hd__clkbuf_16)
     2    0.02                           clknet_0_clk (net)
                  0.04    0.00    0.34 ^ clkbuf_1_1__f_clk/A (sky130_fd_sc_hd__clkbuf_16)
                  0.06    0.15    0.49 ^ clkbuf_1_1__f_clk/X (sky130_fd_sc_hd__clkbuf_16)
    14    0.04                           clknet_1_1__leaf_clk (net)
                  0.06    0.00    0.49 ^ _401_/CLK (sky130_fd_sc_hd__dfrtp_4)
                  0.08    0.53    1.02 v _401_/Q (sky130_fd_sc_hd__dfrtp_4)
     8    0.02                           U_PC.pc[3] (net)
                  0.08    0.00    1.02 v _232_/A (sky130_fd_sc_hd__nor3_2)
                  0.39    0.41    1.43 ^ _232_/Y (sky130_fd_sc_hd__nor3_2)
     5    0.02                           _073_ (net)
                  0.39    0.00    1.43 ^ max_cap28/A (sky130_fd_sc_hd__buf_2)
                  0.13    0.27    1.70 ^ max_cap28/X (sky130_fd_sc_hd__buf_2)
     5    0.03                           net28 (net)
                  0.13    0.00    1.70 ^ _265_/B (sky130_fd_sc_hd__and2_1)
                  0.04    0.14    1.84 ^ _265_/X (sky130_fd_sc_hd__and2_1)
     1    0.00                           _106_ (net)
                  0.04    0.00    1.84 ^ _266_/A (sky130_fd_sc_hd__buf_2)
                  0.17    0.21    2.05 ^ _266_/X (sky130_fd_sc_hd__buf_2)
     9    0.03                           _107_ (net)
                  0.17    0.00    2.05 ^ _301_/A2 (sky130_fd_sc_hd__a21oi_1)
                  0.06    0.09    2.14 v _301_/Y (sky130_fd_sc_hd__a21oi_1)
     1    0.00                           _044_ (net)
                  0.06    0.00    2.14 v _418_/D (sky130_fd_sc_hd__dfrtp_4)
                                  2.14   data arrival time

                         20.00   20.00   clock clk (rise edge)
                          0.00   20.00   clock source latency
                  0.20    0.14   20.14 ^ clk (in)
     1    0.04                           clk (net)
                  0.20    0.00   20.14 ^ clkbuf_0_clk/A (sky130_fd_sc_hd__clkbuf_16)
                  0.04    0.17   20.30 ^ clkbuf_0_clk/X (sky130_fd_sc_hd__clkbuf_16)
     2    0.02                           clknet_0_clk (net)
                  0.04    0.00   20.30 ^ clkbuf_1_1__f_clk/A (sky130_fd_sc_hd__clkbuf_16)
                  0.06    0.14   20.44 ^ clkbuf_1_1__f_clk/X (sky130_fd_sc_hd__clkbuf_16)
    14    0.04                           clknet_1_1__leaf_clk (net)
                  0.06    0.00   20.44 ^ _418_/CLK (sky130_fd_sc_hd__dfrtp_4)
                         -0.25   20.19   clock uncertainty
                          0.05   20.24   clock reconvergence pessimism
                         -0.12   20.12   library setup time
                                 20.12   data required time
-----------------------------------------------------------------------------
                                 20.12   data required time
                                 -2.14   data arrival time
-----------------------------------------------------------------------------
                                 17.98   slack (MET)


Startpoint: _398_ (rising edge-triggered flip-flop clocked by clk)
Endpoint: _412_ (rising edge-triggered flip-flop clocked by clk)
Path Group: clk
Path Type: max

Fanout     Cap    Slew   Delay    Time   Description
-----------------------------------------------------------------------------
                          0.00    0.00   clock clk (rise edge)
                          0.00    0.00   clock source latency
                  0.20    0.15    0.15 ^ clk (in)
     1    0.04                           clk (net)
                  0.20    0.00    0.15 ^ clkbuf_0_clk/A (sky130_fd_sc_hd__clkbuf_16)
                  0.04    0.19    0.34 ^ clkbuf_0_clk/X (sky130_fd_sc_hd__clkbuf_16)
     2    0.02                           clknet_0_clk (net)
                  0.04    0.00    0.34 ^ clkbuf_1_1__f_clk/A (sky130_fd_sc_hd__clkbuf_16)
                  0.06    0.15    0.49 ^ clkbuf_1_1__f_clk/X (sky130_fd_sc_hd__clkbuf_16)
    14    0.04                           clknet_1_1__leaf_clk (net)
                  0.06    0.00    0.49 ^ _398_/CLK (sky130_fd_sc_hd__dfrtp_4)
                  0.09    0.54    1.03 v _398_/Q (sky130_fd_sc_hd__dfrtp_4)
    10    0.03                           U_PC.pc[0] (net)
                  0.09    0.00    1.03 v _204_/A (sky130_fd_sc_hd__or2b_1)
                  0.05    0.25    1.28 v _204_/X (sky130_fd_sc_hd__or2b_1)
     2    0.00                           _190_ (net)
                  0.05    0.00    1.28 v _205_/A (sky130_fd_sc_hd__clkbuf_4)
                  0.08    0.20    1.48 v _205_/X (sky130_fd_sc_hd__clkbuf_4)
    10    0.04                           _191_ (net)
                  0.08    0.00    1.48 v _224_/A (sky130_fd_sc_hd__and2_2)
                  0.09    0.25    1.73 v _224_/X (sky130_fd_sc_hd__and2_2)
     6    0.03                           _065_ (net)
                  0.09    0.00    1.73 v _307_/A (sky130_fd_sc_hd__clkbuf_4)
                  0.09    0.22    1.95 v _307_/X (sky130_fd_sc_hd__clkbuf_4)
    10    0.04                           _140_ (net)
                  0.09    0.00    1.95 v _336_/A2 (sky130_fd_sc_hd__a21o_1)
                  0.03    0.20    2.15 v _336_/X (sky130_fd_sc_hd__a21o_1)
     1    0.00                           _038_ (net)
                  0.03    0.00    2.15 v _412_/D (sky130_fd_sc_hd__dfrtp_2)
                                  2.15   data arrival time

                         20.00   20.00   clock clk (rise edge)
                          0.00   20.00   clock source latency
                  0.20    0.14   20.14 ^ clk (in)
     1    0.04                           clk (net)
                  0.20    0.00   20.14 ^ clkbuf_0_clk/A (sky130_fd_sc_hd__clkbuf_16)
                  0.04    0.17   20.30 ^ clkbuf_0_clk/X (sky130_fd_sc_hd__clkbuf_16)
     2    0.02                           clknet_0_clk (net)
                  0.04    0.00   20.30 ^ clkbuf_1_1__f_clk/A (sky130_fd_sc_hd__clkbuf_16)
                  0.06    0.14   20.44 ^ clkbuf_1_1__f_clk/X (sky130_fd_sc_hd__clkbuf_16)
    14    0.04                           clknet_1_1__leaf_clk (net)
                  0.06    0.00   20.44 ^ _412_/CLK (sky130_fd_sc_hd__dfrtp_2)
                         -0.25   20.19   clock uncertainty
                          0.05   20.24   clock reconvergence pessimism
                         -0.11   20.13   library setup time
                                 20.13   data required time
-----------------------------------------------------------------------------
                                 20.13   data required time
                                 -2.15   data arrival time
-----------------------------------------------------------------------------
                                 17.98   slack (MET)


Startpoint: _401_ (rising edge-triggered flip-flop clocked by clk)
Endpoint: _410_ (rising edge-triggered flip-flop clocked by clk)
Path Group: clk
Path Type: max

Fanout     Cap    Slew   Delay    Time   Description
-----------------------------------------------------------------------------
                          0.00    0.00   clock clk (rise edge)
                          0.00    0.00   clock source latency
                  0.20    0.15    0.15 ^ clk (in)
     1    0.04                           clk (net)
                  0.20    0.00    0.15 ^ clkbuf_0_clk/A (sky130_fd_sc_hd__clkbuf_16)
                  0.04    0.19    0.34 ^ clkbuf_0_clk/X (sky130_fd_sc_hd__clkbuf_16)
     2    0.02                           clknet_0_clk (net)
                  0.04    0.00    0.34 ^ clkbuf_1_1__f_clk/A (sky130_fd_sc_hd__clkbuf_16)
                  0.06    0.15    0.49 ^ clkbuf_1_1__f_clk/X (sky130_fd_sc_hd__clkbuf_16)
    14    0.04                           clknet_1_1__leaf_clk (net)
                  0.06    0.00    0.49 ^ _401_/CLK (sky130_fd_sc_hd__dfrtp_4)
                  0.08    0.53    1.02 v _401_/Q (sky130_fd_sc_hd__dfrtp_4)
     8    0.02                           U_PC.pc[3] (net)
                  0.08    0.00    1.02 v _232_/A (sky130_fd_sc_hd__nor3_2)
                  0.39    0.41    1.43 ^ _232_/Y (sky130_fd_sc_hd__nor3_2)
     5    0.02                           _073_ (net)
                  0.39    0.00    1.43 ^ max_cap28/A (sky130_fd_sc_hd__buf_2)
                  0.13    0.27    1.70 ^ max_cap28/X (sky130_fd_sc_hd__buf_2)
     5    0.03                           net28 (net)
                  0.13    0.00    1.70 ^ _339_/B1 (sky130_fd_sc_hd__a31o_1)
                  0.04    0.12    1.82 ^ _339_/X (sky130_fd_sc_hd__a31o_1)
     1    0.00                           _036_ (net)
                  0.04    0.00    1.82 ^ _410_/D (sky130_fd_sc_hd__dfrtp_4)
                                  1.82   data arrival time

                         20.00   20.00   clock clk (rise edge)
                          0.00   20.00   clock source latency
                  0.20    0.14   20.14 ^ clk (in)
     1    0.04                           clk (net)
                  0.20    0.00   20.14 ^ clkbuf_0_clk/A (sky130_fd_sc_hd__clkbuf_16)
                  0.04    0.17   20.30 ^ clkbuf_0_clk/X (sky130_fd_sc_hd__clkbuf_16)
     2    0.02                           clknet_0_clk (net)
                  0.04    0.00   20.30 ^ clkbuf_1_0__f_clk/A (sky130_fd_sc_hd__clkbuf_16)
                  0.06    0.14   20.44 ^ clkbuf_1_0__f_clk/X (sky130_fd_sc_hd__clkbuf_16)
    14    0.04                           clknet_1_0__leaf_clk (net)
                  0.06    0.00   20.44 ^ _410_/CLK (sky130_fd_sc_hd__dfrtp_4)
                         -0.25   20.19   clock uncertainty
                          0.03   20.22   clock reconvergence pessimism
                         -0.06   20.16   library setup time
                                 20.16   data required time
-----------------------------------------------------------------------------
                                 20.16   data required time
                                 -1.82   data arrival time
-----------------------------------------------------------------------------
                                 18.35   slack (MET)


Startpoint: _398_ (rising edge-triggered flip-flop clocked by clk)
Endpoint: _413_ (rising edge-triggered flip-flop clocked by clk)
Path Group: clk
Path Type: max

Fanout     Cap    Slew   Delay    Time   Description
-----------------------------------------------------------------------------
                          0.00    0.00   clock clk (rise edge)
                          0.00    0.00   clock source latency
                  0.20    0.15    0.15 ^ clk (in)
     1    0.04                           clk (net)
                  0.20    0.00    0.15 ^ clkbuf_0_clk/A (sky130_fd_sc_hd__clkbuf_16)
                  0.04    0.19    0.34 ^ clkbuf_0_clk/X (sky130_fd_sc_hd__clkbuf_16)
     2    0.02                           clknet_0_clk (net)
                  0.04    0.00    0.34 ^ clkbuf_1_1__f_clk/A (sky130_fd_sc_hd__clkbuf_16)
                  0.06    0.15    0.49 ^ clkbuf_1_1__f_clk/X (sky130_fd_sc_hd__clkbuf_16)
    14    0.04                           clknet_1_1__leaf_clk (net)
                  0.06    0.00    0.49 ^ _398_/CLK (sky130_fd_sc_hd__dfrtp_4)
                  0.09    0.54    1.03 v _398_/Q (sky130_fd_sc_hd__dfrtp_4)
    10    0.03                           U_PC.pc[0] (net)
                  0.09    0.00    1.03 v _204_/A (sky130_fd_sc_hd__or2b_1)
                  0.05    0.25    1.28 v _204_/X (sky130_fd_sc_hd__or2b_1)
     2    0.00                           _190_ (net)
                  0.05    0.00    1.28 v _205_/A (sky130_fd_sc_hd__clkbuf_4)
                  0.08    0.20    1.48 v _205_/X (sky130_fd_sc_hd__clkbuf_4)
    10    0.04                           _191_ (net)
                  0.08    0.00    1.48 v _334_/B (sky130_fd_sc_hd__and3_1)
                  0.04    0.18    1.66 v _334_/X (sky130_fd_sc_hd__and3_1)
     1    0.00                           _163_ (net)
                  0.04    0.00    1.66 v _335_/A (sky130_fd_sc_hd__clkbuf_1)
                  0.02    0.08    1.75 v _335_/X (sky130_fd_sc_hd__clkbuf_1)
     1    0.00                           _039_ (net)
                  0.02    0.00    1.75 v _413_/D (sky130_fd_sc_hd__dfrtp_4)
                                  1.75   data arrival time

                         20.00   20.00   clock clk (rise edge)
                          0.00   20.00   clock source latency
                  0.20    0.14   20.14 ^ clk (in)
     1    0.04                           clk (net)
                  0.20    0.00   20.14 ^ clkbuf_0_clk/A (sky130_fd_sc_hd__clkbuf_16)
                  0.04    0.17   20.30 ^ clkbuf_0_clk/X (sky130_fd_sc_hd__clkbuf_16)
     2    0.02                           clknet_0_clk (net)
                  0.04    0.00   20.30 ^ clkbuf_1_0__f_clk/A (sky130_fd_sc_hd__clkbuf_16)
                  0.06    0.14   20.44 ^ clkbuf_1_0__f_clk/X (sky130_fd_sc_hd__clkbuf_16)
    14    0.04                           clknet_1_0__leaf_clk (net)
                  0.06    0.00   20.44 ^ _413_/CLK (sky130_fd_sc_hd__dfrtp_4)
                         -0.25   20.19   clock uncertainty
                          0.03   20.22   clock reconvergence pessimism
                         -0.10   20.12   library setup time
                                 20.12   data required time
-----------------------------------------------------------------------------
                                 20.12   data required time
                                 -1.75   data arrival time
-----------------------------------------------------------------------------
                                 18.38   slack (MET)


Startpoint: _398_ (rising edge-triggered flip-flop clocked by clk)
Endpoint: _411_ (rising edge-triggered flip-flop clocked by clk)
Path Group: clk
Path Type: max

Fanout     Cap    Slew   Delay    Time   Description
-----------------------------------------------------------------------------
                          0.00    0.00   clock clk (rise edge)
                          0.00    0.00   clock source latency
                  0.20    0.15    0.15 ^ clk (in)
     1    0.04                           clk (net)
                  0.20    0.00    0.15 ^ clkbuf_0_clk/A (sky130_fd_sc_hd__clkbuf_16)
                  0.04    0.19    0.34 ^ clkbuf_0_clk/X (sky130_fd_sc_hd__clkbuf_16)
     2    0.02                           clknet_0_clk (net)
                  0.04    0.00    0.34 ^ clkbuf_1_1__f_clk/A (sky130_fd_sc_hd__clkbuf_16)
                  0.06    0.15    0.49 ^ clkbuf_1_1__f_clk/X (sky130_fd_sc_hd__clkbuf_16)
    14    0.04                           clknet_1_1__leaf_clk (net)
                  0.06    0.00    0.49 ^ _398_/CLK (sky130_fd_sc_hd__dfrtp_4)
                  0.09    0.54    1.03 v _398_/Q (sky130_fd_sc_hd__dfrtp_4)
    10    0.03                           U_PC.pc[0] (net)
                  0.09    0.00    1.03 v _204_/A (sky130_fd_sc_hd__or2b_1)
                  0.05    0.25    1.28 v _204_/X (sky130_fd_sc_hd__or2b_1)
     2    0.00                           _190_ (net)
                  0.05    0.00    1.28 v _205_/A (sky130_fd_sc_hd__clkbuf_4)
                  0.08    0.20    1.48 v _205_/X (sky130_fd_sc_hd__clkbuf_4)
    10    0.04                           _191_ (net)
                  0.08    0.00    1.48 v _337_/B (sky130_fd_sc_hd__and3_1)
                  0.04    0.18    1.66 v _337_/X (sky130_fd_sc_hd__and3_1)
     1    0.00                           _164_ (net)
                  0.04    0.00    1.66 v _338_/A (sky130_fd_sc_hd__clkbuf_1)
                  0.02    0.09    1.75 v _338_/X (sky130_fd_sc_hd__clkbuf_1)
     1    0.00                           _037_ (net)
                  0.02    0.00    1.75 v _411_/D (sky130_fd_sc_hd__dfrtp_4)
                                  1.75   data arrival time

                         20.00   20.00   clock clk (rise edge)
                          0.00   20.00   clock source latency
                  0.20    0.14   20.14 ^ clk (in)
     1    0.04                           clk (net)
                  0.20    0.00   20.14 ^ clkbuf_0_clk/A (sky130_fd_sc_hd__clkbuf_16)
                  0.04    0.17   20.30 ^ clkbuf_0_clk/X (sky130_fd_sc_hd__clkbuf_16)
     2    0.02                           clknet_0_clk (net)
                  0.04    0.00   20.30 ^ clkbuf_1_1__f_clk/A (sky130_fd_sc_hd__clkbuf_16)
                  0.06    0.14   20.44 ^ clkbuf_1_1__f_clk/X (sky130_fd_sc_hd__clkbuf_16)
    14    0.04                           clknet_1_1__leaf_clk (net)
                  0.06    0.00   20.44 ^ _411_/CLK (sky130_fd_sc_hd__dfrtp_4)
                         -0.25   20.19   clock uncertainty
                          0.05   20.24   clock reconvergence pessimism
                         -0.10   20.14   library setup time
                                 20.14   data required time
-----------------------------------------------------------------------------
                                 20.14   data required time
                                 -1.75   data arrival time
-----------------------------------------------------------------------------
                                 18.39   slack (MET)


Startpoint: _400_ (rising edge-triggered flip-flop clocked by clk)
Endpoint: _398_ (rising edge-triggered flip-flop clocked by clk)
Path Group: clk
Path Type: max

Fanout     Cap    Slew   Delay    Time   Description
-----------------------------------------------------------------------------
                          0.00    0.00   clock clk (rise edge)
                          0.00    0.00   clock source latency
                  0.20    0.15    0.15 ^ clk (in)
     1    0.04                           clk (net)
                  0.20    0.00    0.15 ^ clkbuf_0_clk/A (sky130_fd_sc_hd__clkbuf_16)
                  0.04    0.19    0.34 ^ clkbuf_0_clk/X (sky130_fd_sc_hd__clkbuf_16)
     2    0.02                           clknet_0_clk (net)
                  0.04    0.00    0.34 ^ clkbuf_1_1__f_clk/A (sky130_fd_sc_hd__clkbuf_16)
                  0.06    0.15    0.49 ^ clkbuf_1_1__f_clk/X (sky130_fd_sc_hd__clkbuf_16)
    14    0.04                           clknet_1_1__leaf_clk (net)
                  0.06    0.00    0.49 ^ _400_/CLK (sky130_fd_sc_hd__dfrtp_4)
                  0.08    0.54    1.02 v _400_/Q (sky130_fd_sc_hd__dfrtp_4)
     7    0.02                           U_PC.pc[2] (net)
                  0.08    0.00    1.02 v _206_/B (sky130_fd_sc_hd__and2b_1)
                  0.06    0.20    1.23 v _206_/X (sky130_fd_sc_hd__and2b_1)
     4    0.01                           _192_ (net)
                  0.06    0.00    1.23 v _207_/A (sky130_fd_sc_hd__clkbuf_4)
                  0.08    0.20    1.43 v _207_/X (sky130_fd_sc_hd__clkbuf_4)
    10    0.04                           _193_ (net)
                  0.08    0.00    1.43 v _357_/A2 (sky130_fd_sc_hd__a21bo_1)
                  0.03    0.21    1.63 v _357_/X (sky130_fd_sc_hd__a21bo_1)
     1    0.00                           U_PC.next_pc[0] (net)
                  0.03    0.00    1.63 v _398_/D (sky130_fd_sc_hd__dfrtp_4)
                                  1.63   data arrival time

                         20.00   20.00   clock clk (rise edge)
                          0.00   20.00   clock source latency
                  0.20    0.14   20.14 ^ clk (in)
     1    0.04                           clk (net)
                  0.20    0.00   20.14 ^ clkbuf_0_clk/A (sky130_fd_sc_hd__clkbuf_16)
                  0.04    0.17   20.30 ^ clkbuf_0_clk/X (sky130_fd_sc_hd__clkbuf_16)
     2    0.02                           clknet_0_clk (net)
                  0.04    0.00   20.30 ^ clkbuf_1_1__f_clk/A (sky130_fd_sc_hd__clkbuf_16)
                  0.06    0.14   20.44 ^ clkbuf_1_1__f_clk/X (sky130_fd_sc_hd__clkbuf_16)
    14    0.04                           clknet_1_1__leaf_clk (net)
                  0.06    0.00   20.44 ^ _398_/CLK (sky130_fd_sc_hd__dfrtp_4)
                         -0.25   20.19   clock uncertainty
                          0.05   20.24   clock reconvergence pessimism
                         -0.10   20.13   library setup time
                                 20.13   data required time
-----------------------------------------------------------------------------
                                 20.13   data required time
                                 -1.63   data arrival time
-----------------------------------------------------------------------------
                                 18.50   slack (MET)


Startpoint: _399_ (rising edge-triggered flip-flop clocked by clk)
Endpoint: _401_ (rising edge-triggered flip-flop clocked by clk)
Path Group: clk
Path Type: max

Fanout     Cap    Slew   Delay    Time   Description
-----------------------------------------------------------------------------
                          0.00    0.00   clock clk (rise edge)
                          0.00    0.00   clock source latency
                  0.20    0.15    0.15 ^ clk (in)
     1    0.04                           clk (net)
                  0.20    0.00    0.15 ^ clkbuf_0_clk/A (sky130_fd_sc_hd__clkbuf_16)
                  0.04    0.19    0.34 ^ clkbuf_0_clk/X (sky130_fd_sc_hd__clkbuf_16)
     2    0.02                           clknet_0_clk (net)
                  0.04    0.00    0.34 ^ clkbuf_1_1__f_clk/A (sky130_fd_sc_hd__clkbuf_16)
                  0.06    0.15    0.49 ^ clkbuf_1_1__f_clk/X (sky130_fd_sc_hd__clkbuf_16)
    14    0.04                           clknet_1_1__leaf_clk (net)
                  0.06    0.00    0.49 ^ _399_/CLK (sky130_fd_sc_hd__dfrtp_4)
                  0.12    0.50    0.98 ^ _399_/Q (sky130_fd_sc_hd__dfrtp_4)
     9    0.03                           U_PC.pc[1] (net)
                  0.12    0.00    0.98 ^ _362_/B (sky130_fd_sc_hd__nand2_1)
                  0.07    0.10    1.08 v _362_/Y (sky130_fd_sc_hd__nand2_1)
     2    0.01                           _177_ (net)
                  0.07    0.00    1.08 v _366_/A2 (sky130_fd_sc_hd__o21a_1)
                  0.03    0.18    1.26 v _366_/X (sky130_fd_sc_hd__o21a_1)
     1    0.00                           U_PC.next_pc[3] (net)
                  0.03    0.00    1.26 v _401_/D (sky130_fd_sc_hd__dfrtp_4)
                                  1.26   data arrival time

                         20.00   20.00   clock clk (rise edge)
                          0.00   20.00   clock source latency
                  0.20    0.14   20.14 ^ clk (in)
     1    0.04                           clk (net)
                  0.20    0.00   20.14 ^ clkbuf_0_clk/A (sky130_fd_sc_hd__clkbuf_16)
                  0.04    0.17   20.30 ^ clkbuf_0_clk/X (sky130_fd_sc_hd__clkbuf_16)
     2    0.02                           clknet_0_clk (net)
                  0.04    0.00   20.30 ^ clkbuf_1_1__f_clk/A (sky130_fd_sc_hd__clkbuf_16)
                  0.06    0.14   20.44 ^ clkbuf_1_1__f_clk/X (sky130_fd_sc_hd__clkbuf_16)
    14    0.04                           clknet_1_1__leaf_clk (net)
                  0.06    0.00   20.44 ^ _401_/CLK (sky130_fd_sc_hd__dfrtp_4)
                         -0.25   20.19   clock uncertainty
                          0.05   20.24   clock reconvergence pessimism
                         -0.11   20.13   library setup time
                                 20.13   data required time
-----------------------------------------------------------------------------
                                 20.13   data required time
                                 -1.26   data arrival time
-----------------------------------------------------------------------------
                                 18.87   slack (MET)



max_report_end
checks_report

===========================================================================
report_checks -unconstrained
===========================================================================
======================= Typical Corner ===================================

Startpoint: rst (input port clocked by clk)
Endpoint: _405_ (recovery check against rising-edge clock clk)
Path Group: asynchronous
Path Type: max

Fanout     Cap    Slew   Delay    Time   Description
-----------------------------------------------------------------------------
                          0.00    0.00   clock clk (rise edge)
                          0.00    0.00   clock network delay (propagated)
                          4.00    4.00 v input external delay
                  0.01    0.01    4.01 v rst (in)
     1    0.00                           rst (net)
                  0.01    0.00    4.01 v input1/A (sky130_fd_sc_hd__buf_1)
                  0.07    0.12    4.12 v input1/X (sky130_fd_sc_hd__buf_1)
     1    0.01                           net1 (net)
                  0.07    0.00    4.12 v _367_/A (sky130_fd_sc_hd__buf_4)
                  0.08    0.21    4.33 v _367_/X (sky130_fd_sc_hd__buf_4)
    10    0.05                           _180_ (net)
                  0.08    0.00    4.33 v _368_/A (sky130_fd_sc_hd__buf_4)
                  0.08    0.22    4.55 v _368_/X (sky130_fd_sc_hd__buf_4)
    10    0.06                           _181_ (net)
                  0.08    0.00    4.55 v _376_/A (sky130_fd_sc_hd__inv_2)
                  0.04    0.06    4.61 ^ _376_/Y (sky130_fd_sc_hd__inv_2)
     1    0.00                           _007_ (net)
                  0.04    0.00    4.61 ^ _405_/RESET_B (sky130_fd_sc_hd__dfrtp_4)
                                  4.61   data arrival time

                         20.00   20.00   clock clk (rise edge)
                          0.00   20.00   clock source latency
                  0.20    0.14   20.14 ^ clk (in)
     1    0.04                           clk (net)
                  0.20    0.00   20.14 ^ clkbuf_0_clk/A (sky130_fd_sc_hd__clkbuf_16)
                  0.04    0.17   20.30 ^ clkbuf_0_clk/X (sky130_fd_sc_hd__clkbuf_16)
     2    0.02                           clknet_0_clk (net)
                  0.04    0.00   20.30 ^ clkbuf_1_1__f_clk/A (sky130_fd_sc_hd__clkbuf_16)
                  0.06    0.14   20.44 ^ clkbuf_1_1__f_clk/X (sky130_fd_sc_hd__clkbuf_16)
    14    0.04                           clknet_1_1__leaf_clk (net)
                  0.06    0.00   20.44 ^ _405_/CLK (sky130_fd_sc_hd__dfrtp_4)
                         -0.25   20.19   clock uncertainty
                          0.00   20.19   clock reconvergence pessimism
                          0.23   20.42   library recovery time
                                 20.42   data required time
-----------------------------------------------------------------------------
                                 20.42   data required time
                                 -4.61   data arrival time
-----------------------------------------------------------------------------
                                 15.81   slack (MET)


Startpoint: _413_ (rising edge-triggered flip-flop clocked by clk)
Endpoint: last_opcode_out[4] (output port clocked by clk)
Path Group: clk
Path Type: max

Fanout     Cap    Slew   Delay    Time   Description
-----------------------------------------------------------------------------
                          0.00    0.00   clock clk (rise edge)
                          0.00    0.00   clock source latency
                  0.20    0.15    0.15 ^ clk (in)
     1    0.04                           clk (net)
                  0.20    0.00    0.15 ^ clkbuf_0_clk/A (sky130_fd_sc_hd__clkbuf_16)
                  0.04    0.19    0.34 ^ clkbuf_0_clk/X (sky130_fd_sc_hd__clkbuf_16)
     2    0.02                           clknet_0_clk (net)
                  0.04    0.00    0.34 ^ clkbuf_1_0__f_clk/A (sky130_fd_sc_hd__clkbuf_16)
                  0.06    0.15    0.49 ^ clkbuf_1_0__f_clk/X (sky130_fd_sc_hd__clkbuf_16)
    14    0.04                           clknet_1_0__leaf_clk (net)
                  0.06    0.00    0.49 ^ _413_/CLK (sky130_fd_sc_hd__dfrtp_4)
                  0.12    0.59    1.08 v _413_/Q (sky130_fd_sc_hd__dfrtp_4)
     3    0.05                           net27 (net)
                  0.12    0.00    1.08 v _428_/A (sky130_fd_sc_hd__clkbuf_1)
                  0.03    0.13    1.21 v _428_/X (sky130_fd_sc_hd__clkbuf_1)
     1    0.00                           net26 (net)
                  0.03    0.00    1.21 v output26/A (sky130_fd_sc_hd__clkbuf_4)
                  0.08    0.19    1.39 v output26/X (sky130_fd_sc_hd__clkbuf_4)
     1    0.03                           last_opcode_out[4] (net)
                  0.08    0.00    1.39 v last_opcode_out[4] (out)
                                  1.39   data arrival time

                         20.00   20.00   clock clk (rise edge)
                          0.00   20.00   clock network delay (propagated)
                         -0.25   19.75   clock uncertainty
                          0.00   19.75   clock reconvergence pessimism
                         -4.00   15.75   output external delay
                                 15.75   data required time
-----------------------------------------------------------------------------
                                 15.75   data required time
                                 -1.39   data arrival time
-----------------------------------------------------------------------------
                                 14.36   slack (MET)




===========================================================================
report_checks --slack_max -0.01
============================================================================
======================= Typical Corner ===================================

No paths found.


===========================================================================
 report_check_types -max_slew -max_cap -max_fanout -violators
============================================================================
======================= Typical Corner ===================================

max fanout

Pin                                   Limit Fanout  Slack
---------------------------------------------------------
clkbuf_1_0__f_clk/X                      10     14     -4 (VIOLATED)
clkbuf_1_1__f_clk/X                      10     14     -4 (VIOLATED)



===========================================================================
report_parasitic_annotation -report_unannotated
============================================================================
Found 267 unannotated drivers.
 clk
 rst
 _197_/X
 _198_/X
 _199_/X
 _200_/X
 _201_/X
 _202_/X
 _203_/X
 _204_/X
 _205_/X
 _206_/X
 _207_/X
 _208_/X
 _209_/Y
 _210_/X
 _211_/X
 _212_/X
 _213_/Y
 _214_/X
 _215_/Y
 _216_/Y
 _217_/Y
 _218_/X
 _219_/X
 _220_/Y
 _221_/X
 _222_/Y
 _223_/Y
 _224_/X
 _225_/Y
 _226_/Y
 _227_/X
 _228_/X
 _229_/X
 _230_/Y
 _231_/Y
 _232_/Y
 _233_/Y
 _234_/Y
 _235_/Y
 _236_/Y
 _237_/X
 _238_/Y
 _239_/Y
 _240_/X
 _241_/X
 _242_/Y
 _243_/X
 _244_/X
 _245_/X
 _246_/X
 _247_/Y
 _248_/X
 _249_/X
 _250_/Y
 _251_/X
 _252_/X
 _253_/Y
 _254_/Y
 _255_/Y
 _256_/X
 _257_/X
 _258_/Y
 _259_/X
 _260_/X
 _261_/X
 _262_/Y
 _263_/X
 _264_/Y
 _265_/X
 _266_/X
 _267_/X
 _268_/X
 _269_/X
 _270_/X
 _271_/X
 _272_/X
 _273_/Y
 _274_/X
 _275_/Y
 _276_/Y
 _277_/Y
 _278_/X
 _279_/X
 _280_/X
 _281_/X
 _282_/Y
 _283_/X
 _284_/X
 _285_/X
 _286_/X
 _287_/Y
 _288_/X
 _289_/Y
 _290_/X
 _291_/X
 _292_/X
 _293_/X
 _294_/X
 _295_/Y
 _296_/Y
 _297_/X
 _298_/X
 _299_/X
 _300_/X
 _301_/Y
 _302_/Y
 _303_/X
 _304_/X
 _305_/X
 _306_/X
 _307_/X
 _308_/X
 _309_/X
 _310_/X
 _311_/X
 _312_/X
 _313_/Y
 _314_/Y
 _315_/Y
 _316_/X
 _317_/X
 _318_/Y
 _319_/X
 _320_/Y
 _321_/X
 _322_/X
 _323_/X
 _324_/X
 _325_/Y
 _326_/X
 _327_/X
 _328_/Y
 _329_/X
 _330_/Y
 _331_/X
 _332_/X
 _333_/X
 _334_/X
 _335_/X
 _336_/X
 _337_/X
 _338_/X
 _339_/X
 _340_/Y
 _341_/X
 _342_/X
 _343_/X
 _344_/X
 _345_/X
 _346_/X
 _347_/X
 _348_/X
 _349_/X
 _350_/X
 _351_/X
 _352_/X
 _353_/X
 _354_/X
 _355_/X
 _356_/X
 _357_/X
 _358_/X
 _359_/X
 _360_/X
 _361_/X
 _362_/Y
 _363_/Y
 _364_/X
 _365_/Y
 _366_/X
 _367_/X
 _368_/X
 _369_/Y
 _370_/Y
 _371_/Y
 _372_/Y
 _373_/Y
 _374_/Y
 _375_/Y
 _376_/Y
 _377_/Y
 _378_/Y
 _379_/X
 _380_/Y
 _381_/Y
 _382_/Y
 _383_/Y
 _384_/Y
 _385_/Y
 _386_/Y
 _387_/Y
 _388_/Y
 _389_/Y
 _390_/Y
 _391_/Y
 _392_/Y
 _393_/Y
 _394_/Y
 _395_/Y
 _396_/Y
 _397_/Y
 _398_/Q
 _399_/Q
 _400_/Q
 _401_/Q
 _402_/Q
 _403_/Q
 _404_/Q
 _405_/Q
 _406_/Q
 _407_/Q
 _408_/Q
 _409_/Q
 _410_/Q
 _411_/Q
 _412_/Q
 _413_/Q
 _414_/Q
 _415_/Q
 _416_/Q
 _417_/Q
 _418_/Q
 _419_/Q
 _420_/Q
 _421_/Q
 _422_/Q
 _423_/Q
 _424_/Q
 _425_/Q
 _427_/X
 _428_/X
 clkbuf_0_clk/X
 clkbuf_1_0__f_clk/X
 clkbuf_1_1__f_clk/X
 computer_30/HI
 computer_30/LO
 input1/X
 max_cap28/X
 max_cap29/X
 output10/X
 output11/X
 output12/X
 output13/X
 output14/X
 output15/X
 output16/X
 output17/X
 output18/X
 output19/X
 output2/X
 output20/X
 output21/X
 output22/X
 output23/X
 output24/X
 output25/X
 output26/X
 output27/X
 output3/X
 output4/X
 output5/X
 output6/X
 output7/X
 output8/X
 output9/X
Found 0 partially unannotated drivers.

===========================================================================
max slew violation count 0
max fanout violation count 2
max cap violation count 0
============================================================================

===========================================================================
check_setup -verbose -unconstrained_endpoints -multiple_clock -no_clock -no_input_delay -loops -generated_clocks
===========================================================================
Warning: There is 1 unconstrained endpoint.
  last_opcode_out[5]
checks_report_end
power_report

===========================================================================
 report_power
============================================================================
======================= Typical Corner ===================================

Group                  Internal  Switching    Leakage      Total
                          Power      Power      Power      Power (Watts)
----------------------------------------------------------------
Sequential             8.81e-05   6.49e-05   3.01e-10   1.53e-04  23.7%
Combinational          2.33e-04   2.60e-04   1.79e-09   4.93e-04  76.3%
Macro                  0.00e+00   0.00e+00   0.00e+00   0.00e+00   0.0%
Pad                    0.00e+00   0.00e+00   0.00e+00   0.00e+00   0.0%
----------------------------------------------------------------
Total                  3.22e-04   3.25e-04   2.09e-09   6.46e-04 100.0%
                          49.8%      50.2%       0.0%

power_report_end
skew_report

===========================================================================
report_clock_skew
============================================================================
Clock clk
Latency      CRPR       Skew
_420_/CLK ^
   0.49
_409_/CLK ^
   0.44     -0.03       0.02

skew_report_end
summary_report

===========================================================================
report_tns
============================================================================
tns 0.00

===========================================================================
report_wns
============================================================================
wns 0.00

===========================================================================
report_worst_slack -max (Setup)
============================================================================
worst slack 14.36

===========================================================================
report_worst_slack -min (Hold)
============================================================================
worst slack 0.28
summary_report_end
area_report

===========================================================================
report_design_area
============================================================================
Design area 5034 u^2 4% utilization.
area_report_end
[WARNING] Did not save OpenROAD database!
Writing SDF to '/home/zerotoasic/Documents/proyecto3/arqui-comp-proyecto-3/runs/computer_final/results/signoff/computer.sdf'…
Writing timing model to '/home/zerotoasic/Documents/proyecto3/arqui-comp-proyecto-3/runs/computer_final/results/signoff/computer.lib'…
