
===========================================================================
report_checks -path_delay min (Hold)
============================================================================
======================= Typical Corner ===================================

Startpoint: _401_ (rising edge-triggered flip-flop clocked by clk)
Endpoint: _401_ (rising edge-triggered flip-flop clocked by clk)
Path Group: clk
Path Type: min

Fanout     Cap    Slew   Delay    Time   Description
-----------------------------------------------------------------------------
                  0.15    0.00    0.00   clock clk (rise edge)
                          0.00    0.00   clock network delay (ideal)
                  0.15    0.00    0.00 ^ _401_/CLK (sky130_fd_sc_hd__dfrtp_2)
                  0.12    0.42    0.42 ^ _401_/Q (sky130_fd_sc_hd__dfrtp_2)
     8    0.02                           U_PC.pc[3] (net)
                  0.12    0.00    0.42 ^ _366_/B1 (sky130_fd_sc_hd__o21a_2)
                  0.03    0.13    0.55 ^ _366_/X (sky130_fd_sc_hd__o21a_2)
     1    0.00                           U_PC.next_pc[3] (net)
                  0.03    0.00    0.55 ^ _401_/D (sky130_fd_sc_hd__dfrtp_2)
                                  0.55   data arrival time

                  0.15    0.00    0.00   clock clk (rise edge)
                          0.00    0.00   clock network delay (ideal)
                          0.25    0.25   clock uncertainty
                          0.00    0.25   clock reconvergence pessimism
                                  0.25 ^ _401_/CLK (sky130_fd_sc_hd__dfrtp_2)
                         -0.02    0.23   library hold time
                                  0.23   data required time
-----------------------------------------------------------------------------
                                  0.23   data required time
                                 -0.55   data arrival time
-----------------------------------------------------------------------------
                                  0.32   slack (MET)


Startpoint: _399_ (rising edge-triggered flip-flop clocked by clk)
Endpoint: _398_ (rising edge-triggered flip-flop clocked by clk)
Path Group: clk
Path Type: min

Fanout     Cap    Slew   Delay    Time   Description
-----------------------------------------------------------------------------
                  0.15    0.00    0.00   clock clk (rise edge)
                          0.00    0.00   clock network delay (ideal)
                  0.15    0.00    0.00 ^ _399_/CLK (sky130_fd_sc_hd__dfrtp_2)
                  0.15    0.44    0.44 ^ _399_/Q (sky130_fd_sc_hd__dfrtp_2)
     9    0.03                           U_PC.pc[1] (net)
                  0.15    0.00    0.44 ^ _357_/A1 (sky130_fd_sc_hd__a21bo_2)
                  0.03    0.13    0.57 ^ _357_/X (sky130_fd_sc_hd__a21bo_2)
     1    0.00                           U_PC.next_pc[0] (net)
                  0.03    0.00    0.57 ^ _398_/D (sky130_fd_sc_hd__dfrtp_2)
                                  0.57   data arrival time

                  0.15    0.00    0.00   clock clk (rise edge)
                          0.00    0.00   clock network delay (ideal)
                          0.25    0.25   clock uncertainty
                          0.00    0.25   clock reconvergence pessimism
                                  0.25 ^ _398_/CLK (sky130_fd_sc_hd__dfrtp_2)
                         -0.02    0.23   library hold time
                                  0.23   data required time
-----------------------------------------------------------------------------
                                  0.23   data required time
                                 -0.57   data arrival time
-----------------------------------------------------------------------------
                                  0.34   slack (MET)


Startpoint: _418_ (rising edge-triggered flip-flop clocked by clk)
Endpoint: _418_ (rising edge-triggered flip-flop clocked by clk)
Path Group: clk
Path Type: min

Fanout     Cap    Slew   Delay    Time   Description
-----------------------------------------------------------------------------
                  0.15    0.00    0.00   clock clk (rise edge)
                          0.00    0.00   clock network delay (ideal)
                  0.15    0.00    0.00 ^ _418_/CLK (sky130_fd_sc_hd__dfrtp_2)
                  0.24    0.51    0.51 ^ _418_/Q (sky130_fd_sc_hd__dfrtp_2)
     5    0.05                           B_out[0] (net)
                  0.24    0.00    0.51 ^ _301_/A1 (sky130_fd_sc_hd__a21oi_2)
                  0.05    0.07    0.58 v _301_/Y (sky130_fd_sc_hd__a21oi_2)
     1    0.00                           _044_ (net)
                  0.05    0.00    0.58 v _418_/D (sky130_fd_sc_hd__dfrtp_2)
                                  0.58   data arrival time

                  0.15    0.00    0.00   clock clk (rise edge)
                          0.00    0.00   clock network delay (ideal)
                          0.25    0.25   clock uncertainty
                          0.00    0.25   clock reconvergence pessimism
                                  0.25 ^ _418_/CLK (sky130_fd_sc_hd__dfrtp_2)
                         -0.02    0.23   library hold time
                                  0.23   data required time
-----------------------------------------------------------------------------
                                  0.23   data required time
                                 -0.58   data arrival time
-----------------------------------------------------------------------------
                                  0.35   slack (MET)


Startpoint: _417_ (rising edge-triggered flip-flop clocked by clk)
Endpoint: _417_ (rising edge-triggered flip-flop clocked by clk)
Path Group: clk
Path Type: min

Fanout     Cap    Slew   Delay    Time   Description
-----------------------------------------------------------------------------
                  0.15    0.00    0.00   clock clk (rise edge)
                          0.00    0.00   clock network delay (ideal)
                  0.15    0.00    0.00 ^ _417_/CLK (sky130_fd_sc_hd__dfrtp_2)
                  0.20    0.48    0.48 ^ _417_/Q (sky130_fd_sc_hd__dfrtp_2)
     3    0.04                           flags_out[3] (net)
                  0.20    0.00    0.48 ^ _313_/A (sky130_fd_sc_hd__nand2_2)
                  0.06    0.06    0.55 v _313_/Y (sky130_fd_sc_hd__nand2_2)
     1    0.00                           _146_ (net)
                  0.06    0.00    0.55 v _314_/B1 (sky130_fd_sc_hd__o41ai_2)
                  0.03    0.04    0.59 ^ _314_/Y (sky130_fd_sc_hd__o41ai_2)
     1    0.00                           _043_ (net)
                  0.03    0.00    0.59 ^ _417_/D (sky130_fd_sc_hd__dfrtp_2)
                                  0.59   data arrival time

                  0.15    0.00    0.00   clock clk (rise edge)
                          0.00    0.00   clock network delay (ideal)
                          0.25    0.25   clock uncertainty
                          0.00    0.25   clock reconvergence pessimism
                                  0.25 ^ _417_/CLK (sky130_fd_sc_hd__dfrtp_2)
                         -0.02    0.23   library hold time
                                  0.23   data required time
-----------------------------------------------------------------------------
                                  0.23   data required time
                                 -0.59   data arrival time
-----------------------------------------------------------------------------
                                  0.36   slack (MET)


Startpoint: _412_ (rising edge-triggered flip-flop clocked by clk)
Endpoint: _412_ (rising edge-triggered flip-flop clocked by clk)
Path Group: clk
Path Type: min

Fanout     Cap    Slew   Delay    Time   Description
-----------------------------------------------------------------------------
                  0.15    0.00    0.00   clock clk (rise edge)
                          0.00    0.00   clock network delay (ideal)
                  0.15    0.00    0.00 ^ _412_/CLK (sky130_fd_sc_hd__dfrtp_2)
                  0.18    0.47    0.47 ^ _412_/Q (sky130_fd_sc_hd__dfrtp_2)
     2    0.04                           last_opcode_out[3] (net)
                  0.18    0.00    0.47 ^ _336_/A1 (sky130_fd_sc_hd__a21o_2)
                  0.03    0.14    0.60 ^ _336_/X (sky130_fd_sc_hd__a21o_2)
     1    0.00                           _038_ (net)
                  0.03    0.00    0.60 ^ _412_/D (sky130_fd_sc_hd__dfrtp_2)
                                  0.60   data arrival time

                  0.15    0.00    0.00   clock clk (rise edge)
                          0.00    0.00   clock network delay (ideal)
                          0.25    0.25   clock uncertainty
                          0.00    0.25   clock reconvergence pessimism
                                  0.25 ^ _412_/CLK (sky130_fd_sc_hd__dfrtp_2)
                         -0.02    0.23   library hold time
                                  0.23   data required time
-----------------------------------------------------------------------------
                                  0.23   data required time
                                 -0.60   data arrival time
-----------------------------------------------------------------------------
                                  0.37   slack (MET)


Startpoint: _406_ (rising edge-triggered flip-flop clocked by clk)
Endpoint: _406_ (rising edge-triggered flip-flop clocked by clk)
Path Group: clk
Path Type: min

Fanout     Cap    Slew   Delay    Time   Description
-----------------------------------------------------------------------------
                  0.15    0.00    0.00   clock clk (rise edge)
                          0.00    0.00   clock network delay (ideal)
                  0.15    0.00    0.00 ^ _406_/CLK (sky130_fd_sc_hd__dfrtp_2)
                  0.19    0.47    0.47 ^ _406_/Q (sky130_fd_sc_hd__dfrtp_2)
     3    0.04                           A_out[4] (net)
                  0.19    0.00    0.47 ^ _348_/A1 (sky130_fd_sc_hd__o21a_2)
                  0.03    0.15    0.62 ^ _348_/X (sky130_fd_sc_hd__o21a_2)
     1    0.00                           _032_ (net)
                  0.03    0.00    0.62 ^ _406_/D (sky130_fd_sc_hd__dfrtp_2)
                                  0.62   data arrival time

                  0.15    0.00    0.00   clock clk (rise edge)
                          0.00    0.00   clock network delay (ideal)
                          0.25    0.25   clock uncertainty
                          0.00    0.25   clock reconvergence pessimism
                                  0.25 ^ _406_/CLK (sky130_fd_sc_hd__dfrtp_2)
                         -0.02    0.23   library hold time
                                  0.23   data required time
-----------------------------------------------------------------------------
                                  0.23   data required time
                                 -0.62   data arrival time
-----------------------------------------------------------------------------
                                  0.39   slack (MET)


Startpoint: _408_ (rising edge-triggered flip-flop clocked by clk)
Endpoint: _408_ (rising edge-triggered flip-flop clocked by clk)
Path Group: clk
Path Type: min

Fanout     Cap    Slew   Delay    Time   Description
-----------------------------------------------------------------------------
                  0.15    0.00    0.00   clock clk (rise edge)
                          0.00    0.00   clock network delay (ideal)
                  0.15    0.00    0.00 ^ _408_/CLK (sky130_fd_sc_hd__dfrtp_2)
                  0.19    0.47    0.47 ^ _408_/Q (sky130_fd_sc_hd__dfrtp_2)
     3    0.04                           A_out[6] (net)
                  0.19    0.00    0.47 ^ _344_/A1 (sky130_fd_sc_hd__o21a_2)
                  0.03    0.15    0.62 ^ _344_/X (sky130_fd_sc_hd__o21a_2)
     1    0.00                           _034_ (net)
                  0.03    0.00    0.62 ^ _408_/D (sky130_fd_sc_hd__dfrtp_2)
                                  0.62   data arrival time

                  0.15    0.00    0.00   clock clk (rise edge)
                          0.00    0.00   clock network delay (ideal)
                          0.25    0.25   clock uncertainty
                          0.00    0.25   clock reconvergence pessimism
                                  0.25 ^ _408_/CLK (sky130_fd_sc_hd__dfrtp_2)
                         -0.02    0.23   library hold time
                                  0.23   data required time
-----------------------------------------------------------------------------
                                  0.23   data required time
                                 -0.62   data arrival time
-----------------------------------------------------------------------------
                                  0.39   slack (MET)


Startpoint: _414_ (rising edge-triggered flip-flop clocked by clk)
Endpoint: _414_ (rising edge-triggered flip-flop clocked by clk)
Path Group: clk
Path Type: min

Fanout     Cap    Slew   Delay    Time   Description
-----------------------------------------------------------------------------
                  0.15    0.00    0.00   clock clk (rise edge)
                          0.00    0.00   clock network delay (ideal)
                  0.15    0.00    0.00 ^ _414_/CLK (sky130_fd_sc_hd__dfrtp_2)
                  0.18    0.47    0.47 ^ _414_/Q (sky130_fd_sc_hd__dfrtp_2)
     2    0.04                           flags_out[0] (net)
                  0.18    0.00    0.47 ^ _333_/B2 (sky130_fd_sc_hd__a2bb2o_2)
                  0.03    0.17    0.64 ^ _333_/X (sky130_fd_sc_hd__a2bb2o_2)
     1    0.00                           _040_ (net)
                  0.03    0.00    0.64 ^ _414_/D (sky130_fd_sc_hd__dfrtp_2)
                                  0.64   data arrival time

                  0.15    0.00    0.00   clock clk (rise edge)
                          0.00    0.00   clock network delay (ideal)
                          0.25    0.25   clock uncertainty
                          0.00    0.25   clock reconvergence pessimism
                                  0.25 ^ _414_/CLK (sky130_fd_sc_hd__dfrtp_2)
                         -0.02    0.23   library hold time
                                  0.23   data required time
-----------------------------------------------------------------------------
                                  0.23   data required time
                                 -0.64   data arrival time
-----------------------------------------------------------------------------
                                  0.40   slack (MET)


Startpoint: _415_ (rising edge-triggered flip-flop clocked by clk)
Endpoint: _415_ (rising edge-triggered flip-flop clocked by clk)
Path Group: clk
Path Type: min

Fanout     Cap    Slew   Delay    Time   Description
-----------------------------------------------------------------------------
                  0.15    0.00    0.00   clock clk (rise edge)
                          0.00    0.00   clock network delay (ideal)
                  0.15    0.00    0.00 ^ _415_/CLK (sky130_fd_sc_hd__dfrtp_2)
                  0.18    0.47    0.47 ^ _415_/Q (sky130_fd_sc_hd__dfrtp_2)
     2    0.04                           flags_out[1] (net)
                  0.18    0.00    0.47 ^ _327_/B2 (sky130_fd_sc_hd__a2bb2o_2)
                  0.03    0.17    0.64 ^ _327_/X (sky130_fd_sc_hd__a2bb2o_2)
     1    0.00                           _041_ (net)
                  0.03    0.00    0.64 ^ _415_/D (sky130_fd_sc_hd__dfrtp_2)
                                  0.64   data arrival time

                  0.15    0.00    0.00   clock clk (rise edge)
                          0.00    0.00   clock network delay (ideal)
                          0.25    0.25   clock uncertainty
                          0.00    0.25   clock reconvergence pessimism
                                  0.25 ^ _415_/CLK (sky130_fd_sc_hd__dfrtp_2)
                         -0.02    0.23   library hold time
                                  0.23   data required time
-----------------------------------------------------------------------------
                                  0.23   data required time
                                 -0.64   data arrival time
-----------------------------------------------------------------------------
                                  0.40   slack (MET)


Startpoint: _410_ (rising edge-triggered flip-flop clocked by clk)
Endpoint: _410_ (rising edge-triggered flip-flop clocked by clk)
Path Group: clk
Path Type: min

Fanout     Cap    Slew   Delay    Time   Description
-----------------------------------------------------------------------------
                  0.15    0.00    0.00   clock clk (rise edge)
                          0.00    0.00   clock network delay (ideal)
                  0.15    0.00    0.00 ^ _410_/CLK (sky130_fd_sc_hd__dfrtp_2)
                  0.19    0.47    0.47 ^ _410_/Q (sky130_fd_sc_hd__dfrtp_2)
     3    0.04                           last_opcode_out[1] (net)
                  0.19    0.00    0.47 ^ _339_/A1 (sky130_fd_sc_hd__a31o_2)
                  0.03    0.16    0.63 ^ _339_/X (sky130_fd_sc_hd__a31o_2)
     1    0.00                           _036_ (net)
                  0.03    0.00    0.63 ^ _410_/D (sky130_fd_sc_hd__dfrtp_2)
                                  0.63   data arrival time

                  0.15    0.00    0.00   clock clk (rise edge)
                          0.00    0.00   clock network delay (ideal)
                          0.25    0.25   clock uncertainty
                          0.00    0.25   clock reconvergence pessimism
                                  0.25 ^ _410_/CLK (sky130_fd_sc_hd__dfrtp_2)
                         -0.02    0.23   library hold time
                                  0.23   data required time
-----------------------------------------------------------------------------
                                  0.23   data required time
                                 -0.63   data arrival time
-----------------------------------------------------------------------------
                                  0.40   slack (MET)


Startpoint: _424_ (rising edge-triggered flip-flop clocked by clk)
Endpoint: _424_ (rising edge-triggered flip-flop clocked by clk)
Path Group: clk
Path Type: min

Fanout     Cap    Slew   Delay    Time   Description
-----------------------------------------------------------------------------
                  0.15    0.00    0.00   clock clk (rise edge)
                          0.00    0.00   clock network delay (ideal)
                  0.15    0.00    0.00 ^ _424_/CLK (sky130_fd_sc_hd__dfrtp_2)
                  0.24    0.50    0.50 ^ _424_/Q (sky130_fd_sc_hd__dfrtp_2)
     6    0.05                           B_out[6] (net)
                  0.24    0.00    0.50 ^ _272_/A1 (sky130_fd_sc_hd__a21o_2)
                  0.02    0.15    0.65 ^ _272_/X (sky130_fd_sc_hd__a21o_2)
     1    0.00                           _050_ (net)
                  0.02    0.00    0.65 ^ _424_/D (sky130_fd_sc_hd__dfrtp_2)
                                  0.65   data arrival time

                  0.15    0.00    0.00   clock clk (rise edge)
                          0.00    0.00   clock network delay (ideal)
                          0.25    0.25   clock uncertainty
                          0.00    0.25   clock reconvergence pessimism
                                  0.25 ^ _424_/CLK (sky130_fd_sc_hd__dfrtp_2)
                         -0.02    0.23   library hold time
                                  0.23   data required time
-----------------------------------------------------------------------------
                                  0.23   data required time
                                 -0.65   data arrival time
-----------------------------------------------------------------------------
                                  0.42   slack (MET)


Startpoint: _398_ (rising edge-triggered flip-flop clocked by clk)
Endpoint: _400_ (rising edge-triggered flip-flop clocked by clk)
Path Group: clk
Path Type: min

Fanout     Cap    Slew   Delay    Time   Description
-----------------------------------------------------------------------------
                  0.15    0.00    0.00   clock clk (rise edge)
                          0.00    0.00   clock network delay (ideal)
                  0.15    0.00    0.00 ^ _398_/CLK (sky130_fd_sc_hd__dfrtp_2)
                  0.14    0.44    0.44 ^ _398_/Q (sky130_fd_sc_hd__dfrtp_2)
    10    0.03                           U_PC.pc[0] (net)
                  0.14    0.00    0.44 ^ _358_/A2 (sky130_fd_sc_hd__o21a_2)
                  0.04    0.13    0.56 ^ _358_/X (sky130_fd_sc_hd__o21a_2)
     2    0.00                           _174_ (net)
                  0.04    0.00    0.56 ^ _364_/B2 (sky130_fd_sc_hd__o2bb2a_2)
                  0.03    0.13    0.69 ^ _364_/X (sky130_fd_sc_hd__o2bb2a_2)
     1    0.00                           U_PC.next_pc[2] (net)
                  0.03    0.00    0.69 ^ _400_/D (sky130_fd_sc_hd__dfrtp_2)
                                  0.69   data arrival time

                  0.15    0.00    0.00   clock clk (rise edge)
                          0.00    0.00   clock network delay (ideal)
                          0.25    0.25   clock uncertainty
                          0.00    0.25   clock reconvergence pessimism
                                  0.25 ^ _400_/CLK (sky130_fd_sc_hd__dfrtp_2)
                         -0.02    0.23   library hold time
                                  0.23   data required time
-----------------------------------------------------------------------------
                                  0.23   data required time
                                 -0.69   data arrival time
-----------------------------------------------------------------------------
                                  0.46   slack (MET)


Startpoint: _401_ (rising edge-triggered flip-flop clocked by clk)
Endpoint: _419_ (rising edge-triggered flip-flop clocked by clk)
Path Group: clk
Path Type: min

Fanout     Cap    Slew   Delay    Time   Description
-----------------------------------------------------------------------------
                  0.15    0.00    0.00   clock clk (rise edge)
                          0.00    0.00   clock network delay (ideal)
                  0.15    0.00    0.00 ^ _401_/CLK (sky130_fd_sc_hd__dfrtp_2)
                  0.12    0.42    0.42 ^ _401_/Q (sky130_fd_sc_hd__dfrtp_2)
     8    0.02                           U_PC.pc[3] (net)
                  0.12    0.00    0.42 ^ _232_/A (sky130_fd_sc_hd__nor3_2)
                  0.08    0.10    0.52 v _232_/Y (sky130_fd_sc_hd__nor3_2)
     9    0.03                           _073_ (net)
                  0.08    0.00    0.52 v _300_/A1 (sky130_fd_sc_hd__a21o_2)
                  0.03    0.18    0.70 v _300_/X (sky130_fd_sc_hd__a21o_2)
     1    0.00                           _045_ (net)
                  0.03    0.00    0.70 v _419_/D (sky130_fd_sc_hd__dfrtp_2)
                                  0.70   data arrival time

                  0.15    0.00    0.00   clock clk (rise edge)
                          0.00    0.00   clock network delay (ideal)
                          0.25    0.25   clock uncertainty
                          0.00    0.25   clock reconvergence pessimism
                                  0.25 ^ _419_/CLK (sky130_fd_sc_hd__dfrtp_2)
                         -0.01    0.24   library hold time
                                  0.24   data required time
-----------------------------------------------------------------------------
                                  0.24   data required time
                                 -0.70   data arrival time
-----------------------------------------------------------------------------
                                  0.46   slack (MET)


Startpoint: _401_ (rising edge-triggered flip-flop clocked by clk)
Endpoint: _420_ (rising edge-triggered flip-flop clocked by clk)
Path Group: clk
Path Type: min

Fanout     Cap    Slew   Delay    Time   Description
-----------------------------------------------------------------------------
                  0.15    0.00    0.00   clock clk (rise edge)
                          0.00    0.00   clock network delay (ideal)
                  0.15    0.00    0.00 ^ _401_/CLK (sky130_fd_sc_hd__dfrtp_2)
                  0.12    0.42    0.42 ^ _401_/Q (sky130_fd_sc_hd__dfrtp_2)
     8    0.02                           U_PC.pc[3] (net)
                  0.12    0.00    0.42 ^ _232_/A (sky130_fd_sc_hd__nor3_2)
                  0.08    0.10    0.52 v _232_/Y (sky130_fd_sc_hd__nor3_2)
     9    0.03                           _073_ (net)
                  0.08    0.00    0.52 v _292_/A1 (sky130_fd_sc_hd__a21bo_2)
                  0.03    0.18    0.71 v _292_/X (sky130_fd_sc_hd__a21bo_2)
     1    0.00                           _046_ (net)
                  0.03    0.00    0.71 v _420_/D (sky130_fd_sc_hd__dfrtp_2)
                                  0.71   data arrival time

                  0.15    0.00    0.00   clock clk (rise edge)
                          0.00    0.00   clock network delay (ideal)
                          0.25    0.25   clock uncertainty
                          0.00    0.25   clock reconvergence pessimism
                                  0.25 ^ _420_/CLK (sky130_fd_sc_hd__dfrtp_2)
                         -0.01    0.24   library hold time
                                  0.24   data required time
-----------------------------------------------------------------------------
                                  0.24   data required time
                                 -0.71   data arrival time
-----------------------------------------------------------------------------
                                  0.47   slack (MET)


Startpoint: _416_ (rising edge-triggered flip-flop clocked by clk)
Endpoint: _416_ (rising edge-triggered flip-flop clocked by clk)
Path Group: clk
Path Type: min

Fanout     Cap    Slew   Delay    Time   Description
-----------------------------------------------------------------------------
                  0.15    0.00    0.00   clock clk (rise edge)
                          0.00    0.00   clock network delay (ideal)
                  0.15    0.00    0.00 ^ _416_/CLK (sky130_fd_sc_hd__dfrtp_2)
                  0.18    0.46    0.46 ^ _416_/Q (sky130_fd_sc_hd__dfrtp_2)
     2    0.04                           flags_out[2] (net)
                  0.18    0.00    0.46 ^ _316_/A (sky130_fd_sc_hd__or2_2)
                  0.03    0.13    0.60 ^ _316_/X (sky130_fd_sc_hd__or2_2)
     1    0.00                           _148_ (net)
                  0.03    0.00    0.60 ^ _317_/B1 (sky130_fd_sc_hd__o31a_2)
                  0.03    0.11    0.70 ^ _317_/X (sky130_fd_sc_hd__o31a_2)
     1    0.00                           _042_ (net)
                  0.03    0.00    0.70 ^ _416_/D (sky130_fd_sc_hd__dfrtp_2)
                                  0.70   data arrival time

                  0.15    0.00    0.00   clock clk (rise edge)
                          0.00    0.00   clock network delay (ideal)
                          0.25    0.25   clock uncertainty
                          0.00    0.25   clock reconvergence pessimism
                                  0.25 ^ _416_/CLK (sky130_fd_sc_hd__dfrtp_2)
                         -0.02    0.23   library hold time
                                  0.23   data required time
-----------------------------------------------------------------------------
                                  0.23   data required time
                                 -0.70   data arrival time
-----------------------------------------------------------------------------
                                  0.47   slack (MET)


Startpoint: _403_ (rising edge-triggered flip-flop clocked by clk)
Endpoint: _403_ (rising edge-triggered flip-flop clocked by clk)
Path Group: clk
Path Type: min

Fanout     Cap    Slew   Delay    Time   Description
-----------------------------------------------------------------------------
                  0.15    0.00    0.00   clock clk (rise edge)
                          0.00    0.00   clock network delay (ideal)
                  0.15    0.00    0.00 ^ _403_/CLK (sky130_fd_sc_hd__dfrtp_2)
                  0.19    0.47    0.47 ^ _403_/Q (sky130_fd_sc_hd__dfrtp_2)
     3    0.04                           A_out[1] (net)
                  0.19    0.00    0.47 ^ _353_/A0 (sky130_fd_sc_hd__mux2_2)
                  0.03    0.17    0.64 ^ _353_/X (sky130_fd_sc_hd__mux2_2)
     1    0.00                           _172_ (net)
                  0.03    0.00    0.64 ^ _354_/A (sky130_fd_sc_hd__buf_1)
                  0.04    0.07    0.70 ^ _354_/X (sky130_fd_sc_hd__buf_1)
     1    0.00                           _029_ (net)
                  0.04    0.00    0.70 ^ _403_/D (sky130_fd_sc_hd__dfrtp_2)
                                  0.70   data arrival time

                  0.15    0.00    0.00   clock clk (rise edge)
                          0.00    0.00   clock network delay (ideal)
                          0.25    0.25   clock uncertainty
                          0.00    0.25   clock reconvergence pessimism
                                  0.25 ^ _403_/CLK (sky130_fd_sc_hd__dfrtp_2)
                         -0.02    0.23   library hold time
                                  0.23   data required time
-----------------------------------------------------------------------------
                                  0.23   data required time
                                 -0.70   data arrival time
-----------------------------------------------------------------------------
                                  0.47   slack (MET)


Startpoint: _405_ (rising edge-triggered flip-flop clocked by clk)
Endpoint: _405_ (rising edge-triggered flip-flop clocked by clk)
Path Group: clk
Path Type: min

Fanout     Cap    Slew   Delay    Time   Description
-----------------------------------------------------------------------------
                  0.15    0.00    0.00   clock clk (rise edge)
                          0.00    0.00   clock network delay (ideal)
                  0.15    0.00    0.00 ^ _405_/CLK (sky130_fd_sc_hd__dfrtp_2)
                  0.19    0.47    0.47 ^ _405_/Q (sky130_fd_sc_hd__dfrtp_2)
     3    0.04                           A_out[3] (net)
                  0.19    0.00    0.47 ^ _349_/A0 (sky130_fd_sc_hd__mux2_2)
                  0.03    0.17    0.64 ^ _349_/X (sky130_fd_sc_hd__mux2_2)
     1    0.00                           _170_ (net)
                  0.03    0.00    0.64 ^ _350_/A (sky130_fd_sc_hd__buf_1)
                  0.04    0.07    0.70 ^ _350_/X (sky130_fd_sc_hd__buf_1)
     1    0.00                           _031_ (net)
                  0.04    0.00    0.70 ^ _405_/D (sky130_fd_sc_hd__dfrtp_2)
                                  0.70   data arrival time

                  0.15    0.00    0.00   clock clk (rise edge)
                          0.00    0.00   clock network delay (ideal)
                          0.25    0.25   clock uncertainty
                          0.00    0.25   clock reconvergence pessimism
                                  0.25 ^ _405_/CLK (sky130_fd_sc_hd__dfrtp_2)
                         -0.02    0.23   library hold time
                                  0.23   data required time
-----------------------------------------------------------------------------
                                  0.23   data required time
                                 -0.70   data arrival time
-----------------------------------------------------------------------------
                                  0.47   slack (MET)


Startpoint: _407_ (rising edge-triggered flip-flop clocked by clk)
Endpoint: _407_ (rising edge-triggered flip-flop clocked by clk)
Path Group: clk
Path Type: min

Fanout     Cap    Slew   Delay    Time   Description
-----------------------------------------------------------------------------
                  0.15    0.00    0.00   clock clk (rise edge)
                          0.00    0.00   clock network delay (ideal)
                  0.15    0.00    0.00 ^ _407_/CLK (sky130_fd_sc_hd__dfrtp_2)
                  0.19    0.47    0.47 ^ _407_/Q (sky130_fd_sc_hd__dfrtp_2)
     3    0.04                           A_out[5] (net)
                  0.19    0.00    0.47 ^ _345_/A0 (sky130_fd_sc_hd__mux2_2)
                  0.03    0.17    0.64 ^ _345_/X (sky130_fd_sc_hd__mux2_2)
     1    0.00                           _168_ (net)
                  0.03    0.00    0.64 ^ _346_/A (sky130_fd_sc_hd__buf_1)
                  0.04    0.07    0.70 ^ _346_/X (sky130_fd_sc_hd__buf_1)
     1    0.00                           _033_ (net)
                  0.04    0.00    0.70 ^ _407_/D (sky130_fd_sc_hd__dfrtp_2)
                                  0.70   data arrival time

                  0.15    0.00    0.00   clock clk (rise edge)
                          0.00    0.00   clock network delay (ideal)
                          0.25    0.25   clock uncertainty
                          0.00    0.25   clock reconvergence pessimism
                                  0.25 ^ _407_/CLK (sky130_fd_sc_hd__dfrtp_2)
                         -0.02    0.23   library hold time
                                  0.23   data required time
-----------------------------------------------------------------------------
                                  0.23   data required time
                                 -0.70   data arrival time
-----------------------------------------------------------------------------
                                  0.47   slack (MET)


Startpoint: _409_ (rising edge-triggered flip-flop clocked by clk)
Endpoint: _409_ (rising edge-triggered flip-flop clocked by clk)
Path Group: clk
Path Type: min

Fanout     Cap    Slew   Delay    Time   Description
-----------------------------------------------------------------------------
                  0.15    0.00    0.00   clock clk (rise edge)
                          0.00    0.00   clock network delay (ideal)
                  0.15    0.00    0.00 ^ _409_/CLK (sky130_fd_sc_hd__dfrtp_2)
                  0.18    0.47    0.47 ^ _409_/Q (sky130_fd_sc_hd__dfrtp_2)
     3    0.04                           A_out[7] (net)
                  0.18    0.00    0.47 ^ _341_/A (sky130_fd_sc_hd__or2_2)
                  0.03    0.13    0.60 ^ _341_/X (sky130_fd_sc_hd__or2_2)
     1    0.00                           _166_ (net)
                  0.03    0.00    0.60 ^ _342_/B1 (sky130_fd_sc_hd__o41a_2)
                  0.03    0.11    0.71 ^ _342_/X (sky130_fd_sc_hd__o41a_2)
     1    0.00                           _035_ (net)
                  0.03    0.00    0.71 ^ _409_/D (sky130_fd_sc_hd__dfrtp_2)
                                  0.71   data arrival time

                  0.15    0.00    0.00   clock clk (rise edge)
                          0.00    0.00   clock network delay (ideal)
                          0.25    0.25   clock uncertainty
                          0.00    0.25   clock reconvergence pessimism
                                  0.25 ^ _409_/CLK (sky130_fd_sc_hd__dfrtp_2)
                         -0.02    0.23   library hold time
                                  0.23   data required time
-----------------------------------------------------------------------------
                                  0.23   data required time
                                 -0.71   data arrival time
-----------------------------------------------------------------------------
                                  0.47   slack (MET)


Startpoint: _398_ (rising edge-triggered flip-flop clocked by clk)
Endpoint: _399_ (rising edge-triggered flip-flop clocked by clk)
Path Group: clk
Path Type: min

Fanout     Cap    Slew   Delay    Time   Description
-----------------------------------------------------------------------------
                  0.15    0.00    0.00   clock clk (rise edge)
                          0.00    0.00   clock network delay (ideal)
                  0.15    0.00    0.00 ^ _398_/CLK (sky130_fd_sc_hd__dfrtp_2)
                  0.14    0.44    0.44 ^ _398_/Q (sky130_fd_sc_hd__dfrtp_2)
    10    0.03                           U_PC.pc[0] (net)
                  0.14    0.00    0.44 ^ _358_/A2 (sky130_fd_sc_hd__o21a_2)
                  0.04    0.13    0.56 ^ _358_/X (sky130_fd_sc_hd__o21a_2)
     2    0.00                           _174_ (net)
                  0.04    0.00    0.56 ^ _360_/B (sky130_fd_sc_hd__or3_2)
                  0.03    0.09    0.65 ^ _360_/X (sky130_fd_sc_hd__or3_2)
     1    0.00                           _176_ (net)
                  0.03    0.00    0.65 ^ _361_/A (sky130_fd_sc_hd__buf_1)
                  0.04    0.06    0.72 ^ _361_/X (sky130_fd_sc_hd__buf_1)
     1    0.00                           U_PC.next_pc[1] (net)
                  0.04    0.00    0.72 ^ _399_/D (sky130_fd_sc_hd__dfrtp_2)
                                  0.72   data arrival time

                  0.15    0.00    0.00   clock clk (rise edge)
                          0.00    0.00   clock network delay (ideal)
                          0.25    0.25   clock uncertainty
                          0.00    0.25   clock reconvergence pessimism
                                  0.25 ^ _399_/CLK (sky130_fd_sc_hd__dfrtp_2)
                         -0.02    0.23   library hold time
                                  0.23   data required time
-----------------------------------------------------------------------------
                                  0.23   data required time
                                 -0.72   data arrival time
-----------------------------------------------------------------------------
                                  0.48   slack (MET)


Startpoint: _411_ (rising edge-triggered flip-flop clocked by clk)
Endpoint: _411_ (rising edge-triggered flip-flop clocked by clk)
Path Group: clk
Path Type: min

Fanout     Cap    Slew   Delay    Time   Description
-----------------------------------------------------------------------------
                  0.15    0.00    0.00   clock clk (rise edge)
                          0.00    0.00   clock network delay (ideal)
                  0.15    0.00    0.00 ^ _411_/CLK (sky130_fd_sc_hd__dfrtp_2)
                  0.18    0.46    0.46 ^ _411_/Q (sky130_fd_sc_hd__dfrtp_2)
     2    0.03                           last_opcode_out[2] (net)
                  0.18    0.00    0.46 ^ _337_/A (sky130_fd_sc_hd__and3_2)
                  0.04    0.18    0.65 ^ _337_/X (sky130_fd_sc_hd__and3_2)
     1    0.00                           _164_ (net)
                  0.04    0.00    0.65 ^ _338_/A (sky130_fd_sc_hd__buf_1)
                  0.04    0.07    0.72 ^ _338_/X (sky130_fd_sc_hd__buf_1)
     1    0.00                           _037_ (net)
                  0.04    0.00    0.72 ^ _411_/D (sky130_fd_sc_hd__dfrtp_2)
                                  0.72   data arrival time

                  0.15    0.00    0.00   clock clk (rise edge)
                          0.00    0.00   clock network delay (ideal)
                          0.25    0.25   clock uncertainty
                          0.00    0.25   clock reconvergence pessimism
                                  0.25 ^ _411_/CLK (sky130_fd_sc_hd__dfrtp_2)
                         -0.02    0.23   library hold time
                                  0.23   data required time
-----------------------------------------------------------------------------
                                  0.23   data required time
                                 -0.72   data arrival time
-----------------------------------------------------------------------------
                                  0.49   slack (MET)


Startpoint: _421_ (rising edge-triggered flip-flop clocked by clk)
Endpoint: _421_ (rising edge-triggered flip-flop clocked by clk)
Path Group: clk
Path Type: min

Fanout     Cap    Slew   Delay    Time   Description
-----------------------------------------------------------------------------
                  0.15    0.00    0.00   clock clk (rise edge)
                          0.00    0.00   clock network delay (ideal)
                  0.15    0.00    0.00 ^ _421_/CLK (sky130_fd_sc_hd__dfrtp_2)
                  0.20    0.48    0.48 ^ _421_/Q (sky130_fd_sc_hd__dfrtp_2)
     4    0.04                           B_out[3] (net)
                  0.20    0.00    0.48 ^ _285_/A0 (sky130_fd_sc_hd__mux2_2)
                  0.03    0.17    0.65 ^ _285_/X (sky130_fd_sc_hd__mux2_2)
     1    0.00                           _122_ (net)
                  0.03    0.00    0.65 ^ _286_/A (sky130_fd_sc_hd__buf_1)
                  0.04    0.07    0.72 ^ _286_/X (sky130_fd_sc_hd__buf_1)
     1    0.00                           _047_ (net)
                  0.04    0.00    0.72 ^ _421_/D (sky130_fd_sc_hd__dfrtp_2)
                                  0.72   data arrival time

                  0.15    0.00    0.00   clock clk (rise edge)
                          0.00    0.00   clock network delay (ideal)
                          0.25    0.25   clock uncertainty
                          0.00    0.25   clock reconvergence pessimism
                                  0.25 ^ _421_/CLK (sky130_fd_sc_hd__dfrtp_2)
                         -0.02    0.23   library hold time
                                  0.23   data required time
-----------------------------------------------------------------------------
                                  0.23   data required time
                                 -0.72   data arrival time
-----------------------------------------------------------------------------
                                  0.49   slack (MET)


Startpoint: _413_ (rising edge-triggered flip-flop clocked by clk)
Endpoint: _413_ (rising edge-triggered flip-flop clocked by clk)
Path Group: clk
Path Type: min

Fanout     Cap    Slew   Delay    Time   Description
-----------------------------------------------------------------------------
                  0.15    0.00    0.00   clock clk (rise edge)
                          0.00    0.00   clock network delay (ideal)
                  0.15    0.00    0.00 ^ _413_/CLK (sky130_fd_sc_hd__dfrtp_2)
                  0.19    0.47    0.47 ^ _413_/Q (sky130_fd_sc_hd__dfrtp_2)
     3    0.04                           last_opcode_out[6] (net)
                  0.19    0.00    0.47 ^ _334_/A (sky130_fd_sc_hd__and3_2)
                  0.04    0.19    0.66 ^ _334_/X (sky130_fd_sc_hd__and3_2)
     1    0.00                           _163_ (net)
                  0.04    0.00    0.66 ^ _335_/A (sky130_fd_sc_hd__buf_1)
                  0.04    0.07    0.72 ^ _335_/X (sky130_fd_sc_hd__buf_1)
     1    0.00                           _039_ (net)
                  0.04    0.00    0.72 ^ _413_/D (sky130_fd_sc_hd__dfrtp_2)
                                  0.72   data arrival time

                  0.15    0.00    0.00   clock clk (rise edge)
                          0.00    0.00   clock network delay (ideal)
                          0.25    0.25   clock uncertainty
                          0.00    0.25   clock reconvergence pessimism
                                  0.25 ^ _413_/CLK (sky130_fd_sc_hd__dfrtp_2)
                         -0.02    0.23   library hold time
                                  0.23   data required time
-----------------------------------------------------------------------------
                                  0.23   data required time
                                 -0.72   data arrival time
-----------------------------------------------------------------------------
                                  0.49   slack (MET)


Startpoint: _404_ (rising edge-triggered flip-flop clocked by clk)
Endpoint: _404_ (rising edge-triggered flip-flop clocked by clk)
Path Group: clk
Path Type: min

Fanout     Cap    Slew   Delay    Time   Description
-----------------------------------------------------------------------------
                  0.15    0.00    0.00   clock clk (rise edge)
                          0.00    0.00   clock network delay (ideal)
                  0.15    0.00    0.00 ^ _404_/CLK (sky130_fd_sc_hd__dfrtp_2)
                  0.21    0.49    0.49 ^ _404_/Q (sky130_fd_sc_hd__dfrtp_2)
     4    0.04                           A_out[2] (net)
                  0.21    0.00    0.49 ^ _351_/A0 (sky130_fd_sc_hd__mux2_2)
                  0.03    0.17    0.66 ^ _351_/X (sky130_fd_sc_hd__mux2_2)
     1    0.00                           _171_ (net)
                  0.03    0.00    0.66 ^ _352_/A (sky130_fd_sc_hd__buf_1)
                  0.04    0.07    0.73 ^ _352_/X (sky130_fd_sc_hd__buf_1)
     1    0.00                           _030_ (net)
                  0.04    0.00    0.73 ^ _404_/D (sky130_fd_sc_hd__dfrtp_2)
                                  0.73   data arrival time

                  0.15    0.00    0.00   clock clk (rise edge)
                          0.00    0.00   clock network delay (ideal)
                          0.25    0.25   clock uncertainty
                          0.00    0.25   clock reconvergence pessimism
                                  0.25 ^ _404_/CLK (sky130_fd_sc_hd__dfrtp_2)
                         -0.02    0.23   library hold time
                                  0.23   data required time
-----------------------------------------------------------------------------
                                  0.23   data required time
                                 -0.73   data arrival time
-----------------------------------------------------------------------------
                                  0.50   slack (MET)


Startpoint: _402_ (rising edge-triggered flip-flop clocked by clk)
Endpoint: _402_ (rising edge-triggered flip-flop clocked by clk)
Path Group: clk
Path Type: min

Fanout     Cap    Slew   Delay    Time   Description
-----------------------------------------------------------------------------
                  0.15    0.00    0.00   clock clk (rise edge)
                          0.00    0.00   clock network delay (ideal)
                  0.15    0.00    0.00 ^ _402_/CLK (sky130_fd_sc_hd__dfrtp_2)
                  0.21    0.49    0.49 ^ _402_/Q (sky130_fd_sc_hd__dfrtp_2)
     4    0.04                           A_out[0] (net)
                  0.21    0.00    0.49 ^ _355_/A0 (sky130_fd_sc_hd__mux2_2)
                  0.03    0.17    0.66 ^ _355_/X (sky130_fd_sc_hd__mux2_2)
     1    0.00                           _173_ (net)
                  0.03    0.00    0.66 ^ _356_/A (sky130_fd_sc_hd__buf_1)
                  0.04    0.07    0.73 ^ _356_/X (sky130_fd_sc_hd__buf_1)
     1    0.00                           _028_ (net)
                  0.04    0.00    0.73 ^ _402_/D (sky130_fd_sc_hd__dfrtp_2)
                                  0.73   data arrival time

                  0.15    0.00    0.00   clock clk (rise edge)
                          0.00    0.00   clock network delay (ideal)
                          0.25    0.25   clock uncertainty
                          0.00    0.25   clock reconvergence pessimism
                                  0.25 ^ _402_/CLK (sky130_fd_sc_hd__dfrtp_2)
                         -0.02    0.23   library hold time
                                  0.23   data required time
-----------------------------------------------------------------------------
                                  0.23   data required time
                                 -0.73   data arrival time
-----------------------------------------------------------------------------
                                  0.50   slack (MET)


Startpoint: _399_ (rising edge-triggered flip-flop clocked by clk)
Endpoint: _423_ (rising edge-triggered flip-flop clocked by clk)
Path Group: clk
Path Type: min

Fanout     Cap    Slew   Delay    Time   Description
-----------------------------------------------------------------------------
                  0.15    0.00    0.00   clock clk (rise edge)
                          0.00    0.00   clock network delay (ideal)
                  0.15    0.00    0.00 ^ _399_/CLK (sky130_fd_sc_hd__dfrtp_2)
                  0.09    0.46    0.46 v _399_/Q (sky130_fd_sc_hd__dfrtp_2)
     9    0.03                           U_PC.pc[1] (net)
                  0.09    0.00    0.46 v _276_/A (sky130_fd_sc_hd__nand2_2)
                  0.06    0.08    0.54 ^ _276_/Y (sky130_fd_sc_hd__nand2_2)
     3    0.01                           _115_ (net)
                  0.06    0.00    0.54 ^ _277_/C1 (sky130_fd_sc_hd__a211oi_2)
                  0.03    0.04    0.58 v _277_/Y (sky130_fd_sc_hd__a211oi_2)
     2    0.00                           _116_ (net)
                  0.03    0.00    0.58 v _278_/A2 (sky130_fd_sc_hd__a21o_2)
                  0.03    0.18    0.76 v _278_/X (sky130_fd_sc_hd__a21o_2)
     1    0.00                           _049_ (net)
                  0.03    0.00    0.76 v _423_/D (sky130_fd_sc_hd__dfrtp_2)
                                  0.76   data arrival time

                  0.15    0.00    0.00   clock clk (rise edge)
                          0.00    0.00   clock network delay (ideal)
                          0.25    0.25   clock uncertainty
                          0.00    0.25   clock reconvergence pessimism
                                  0.25 ^ _423_/CLK (sky130_fd_sc_hd__dfrtp_2)
                         -0.01    0.24   library hold time
                                  0.24   data required time
-----------------------------------------------------------------------------
                                  0.24   data required time
                                 -0.76   data arrival time
-----------------------------------------------------------------------------
                                  0.52   slack (MET)


Startpoint: _422_ (rising edge-triggered flip-flop clocked by clk)
Endpoint: _422_ (rising edge-triggered flip-flop clocked by clk)
Path Group: clk
Path Type: min

Fanout     Cap    Slew   Delay    Time   Description
-----------------------------------------------------------------------------
                  0.15    0.00    0.00   clock clk (rise edge)
                          0.00    0.00   clock network delay (ideal)
                  0.15    0.00    0.00 ^ _422_/CLK (sky130_fd_sc_hd__dfrtp_2)
                  0.22    0.49    0.49 ^ _422_/Q (sky130_fd_sc_hd__dfrtp_2)
     5    0.04                           B_out[4] (net)
                  0.22    0.00    0.49 ^ _214_/A (sky130_fd_sc_hd__and2_2)
                  0.07    0.20    0.69 ^ _214_/X (sky130_fd_sc_hd__and2_2)
     3    0.01                           _055_ (net)
                  0.07    0.00    0.69 ^ _280_/A (sky130_fd_sc_hd__or2_2)
                  0.03    0.10    0.79 ^ _280_/X (sky130_fd_sc_hd__or2_2)
     1    0.00                           _118_ (net)
                  0.03    0.00    0.79 ^ _281_/A (sky130_fd_sc_hd__buf_1)
                  0.04    0.06    0.85 ^ _281_/X (sky130_fd_sc_hd__buf_1)
     1    0.00                           _048_ (net)
                  0.04    0.00    0.85 ^ _422_/D (sky130_fd_sc_hd__dfrtp_2)
                                  0.85   data arrival time

                  0.15    0.00    0.00   clock clk (rise edge)
                          0.00    0.00   clock network delay (ideal)
                          0.25    0.25   clock uncertainty
                          0.00    0.25   clock reconvergence pessimism
                                  0.25 ^ _422_/CLK (sky130_fd_sc_hd__dfrtp_2)
                         -0.02    0.23   library hold time
                                  0.23   data required time
-----------------------------------------------------------------------------
                                  0.23   data required time
                                 -0.85   data arrival time
-----------------------------------------------------------------------------
                                  0.62   slack (MET)


Startpoint: _425_ (rising edge-triggered flip-flop clocked by clk)
Endpoint: _425_ (rising edge-triggered flip-flop clocked by clk)
Path Group: clk
Path Type: min

Fanout     Cap    Slew   Delay    Time   Description
-----------------------------------------------------------------------------
                  0.15    0.00    0.00   clock clk (rise edge)
                          0.00    0.00   clock network delay (ideal)
                  0.15    0.00    0.00 ^ _425_/CLK (sky130_fd_sc_hd__dfrtp_2)
                  0.20    0.48    0.48 ^ _425_/Q (sky130_fd_sc_hd__dfrtp_2)
     3    0.04                           B_out[7] (net)
                  0.20    0.00    0.48 ^ _199_/A (sky130_fd_sc_hd__and2_2)
                  0.10    0.22    0.69 ^ _199_/X (sky130_fd_sc_hd__and2_2)
     7    0.02                           _185_ (net)
                  0.10    0.00    0.69 ^ _268_/A (sky130_fd_sc_hd__or2_2)
                  0.03    0.11    0.80 ^ _268_/X (sky130_fd_sc_hd__or2_2)
     1    0.00                           _109_ (net)
                  0.03    0.00    0.80 ^ _269_/A (sky130_fd_sc_hd__buf_1)
                  0.04    0.06    0.87 ^ _269_/X (sky130_fd_sc_hd__buf_1)
     1    0.00                           _051_ (net)
                  0.04    0.00    0.87 ^ _425_/D (sky130_fd_sc_hd__dfrtp_2)
                                  0.87   data arrival time

                  0.15    0.00    0.00   clock clk (rise edge)
                          0.00    0.00   clock network delay (ideal)
                          0.25    0.25   clock uncertainty
                          0.00    0.25   clock reconvergence pessimism
                                  0.25 ^ _425_/CLK (sky130_fd_sc_hd__dfrtp_2)
                         -0.02    0.23   library hold time
                                  0.23   data required time
-----------------------------------------------------------------------------
                                  0.23   data required time
                                 -0.87   data arrival time
-----------------------------------------------------------------------------
                                  0.64   slack (MET)


Startpoint: rst (input port clocked by clk)
Endpoint: _418_ (removal check against rising-edge clock clk)
Path Group: asynchronous
Path Type: min

Fanout     Cap    Slew   Delay    Time   Description
-----------------------------------------------------------------------------
                  0.15    0.00    0.00   clock clk (rise edge)
                          0.00    0.00   clock network delay (ideal)
                          4.00    4.00 v input external delay
                  0.01    0.00    4.00 v rst (in)
     1    0.00                           rst (net)
                  0.01    0.00    4.00 v _367_/A (sky130_fd_sc_hd__buf_1)
                  0.22    0.21    4.21 v _367_/X (sky130_fd_sc_hd__buf_1)
    10    0.04                           _180_ (net)
                  0.22    0.00    4.21 v _390_/A (sky130_fd_sc_hd__inv_2)
                  0.06    0.09    4.30 ^ _390_/Y (sky130_fd_sc_hd__inv_2)
     1    0.00                           _020_ (net)
                  0.06    0.00    4.30 ^ _418_/RESET_B (sky130_fd_sc_hd__dfrtp_2)
                                  4.30   data arrival time

                  0.15    0.00    0.00   clock clk (rise edge)
                          0.00    0.00   clock network delay (ideal)
                          0.25    0.25   clock uncertainty
                          0.00    0.25   clock reconvergence pessimism
                                  0.25 ^ _418_/CLK (sky130_fd_sc_hd__dfrtp_2)
                          0.35    0.60   library removal time
                                  0.60   data required time
-----------------------------------------------------------------------------
                                  0.60   data required time
                                 -4.30   data arrival time
-----------------------------------------------------------------------------
                                  3.70   slack (MET)


Startpoint: rst (input port clocked by clk)
Endpoint: _419_ (removal check against rising-edge clock clk)
Path Group: asynchronous
Path Type: min

Fanout     Cap    Slew   Delay    Time   Description
-----------------------------------------------------------------------------
                  0.15    0.00    0.00   clock clk (rise edge)
                          0.00    0.00   clock network delay (ideal)
                          4.00    4.00 v input external delay
                  0.01    0.00    4.00 v rst (in)
     1    0.00                           rst (net)
                  0.01    0.00    4.00 v _367_/A (sky130_fd_sc_hd__buf_1)
                  0.22    0.21    4.21 v _367_/X (sky130_fd_sc_hd__buf_1)
    10    0.04                           _180_ (net)
                  0.22    0.00    4.21 v _391_/A (sky130_fd_sc_hd__inv_2)
                  0.06    0.09    4.30 ^ _391_/Y (sky130_fd_sc_hd__inv_2)
     1    0.00                           _021_ (net)
                  0.06    0.00    4.30 ^ _419_/RESET_B (sky130_fd_sc_hd__dfrtp_2)
                                  4.30   data arrival time

                  0.15    0.00    0.00   clock clk (rise edge)
                          0.00    0.00   clock network delay (ideal)
                          0.25    0.25   clock uncertainty
                          0.00    0.25   clock reconvergence pessimism
                                  0.25 ^ _419_/CLK (sky130_fd_sc_hd__dfrtp_2)
                          0.35    0.60   library removal time
                                  0.60   data required time
-----------------------------------------------------------------------------
                                  0.60   data required time
                                 -4.30   data arrival time
-----------------------------------------------------------------------------
                                  3.70   slack (MET)


Startpoint: rst (input port clocked by clk)
Endpoint: _420_ (removal check against rising-edge clock clk)
Path Group: asynchronous
Path Type: min

Fanout     Cap    Slew   Delay    Time   Description
-----------------------------------------------------------------------------
                  0.15    0.00    0.00   clock clk (rise edge)
                          0.00    0.00   clock network delay (ideal)
                          4.00    4.00 v input external delay
                  0.01    0.00    4.00 v rst (in)
     1    0.00                           rst (net)
                  0.01    0.00    4.00 v _367_/A (sky130_fd_sc_hd__buf_1)
                  0.22    0.21    4.21 v _367_/X (sky130_fd_sc_hd__buf_1)
    10    0.04                           _180_ (net)
                  0.22    0.00    4.21 v _392_/A (sky130_fd_sc_hd__inv_2)
                  0.06    0.09    4.30 ^ _392_/Y (sky130_fd_sc_hd__inv_2)
     1    0.00                           _022_ (net)
                  0.06    0.00    4.30 ^ _420_/RESET_B (sky130_fd_sc_hd__dfrtp_2)
                                  4.30   data arrival time

                  0.15    0.00    0.00   clock clk (rise edge)
                          0.00    0.00   clock network delay (ideal)
                          0.25    0.25   clock uncertainty
                          0.00    0.25   clock reconvergence pessimism
                                  0.25 ^ _420_/CLK (sky130_fd_sc_hd__dfrtp_2)
                          0.35    0.60   library removal time
                                  0.60   data required time
-----------------------------------------------------------------------------
                                  0.60   data required time
                                 -4.30   data arrival time
-----------------------------------------------------------------------------
                                  3.70   slack (MET)


Startpoint: rst (input port clocked by clk)
Endpoint: _421_ (removal check against rising-edge clock clk)
Path Group: asynchronous
Path Type: min

Fanout     Cap    Slew   Delay    Time   Description
-----------------------------------------------------------------------------
                  0.15    0.00    0.00   clock clk (rise edge)
                          0.00    0.00   clock network delay (ideal)
                          4.00    4.00 v input external delay
                  0.01    0.00    4.00 v rst (in)
     1    0.00                           rst (net)
                  0.01    0.00    4.00 v _367_/A (sky130_fd_sc_hd__buf_1)
                  0.22    0.21    4.21 v _367_/X (sky130_fd_sc_hd__buf_1)
    10    0.04                           _180_ (net)
                  0.22    0.00    4.21 v _393_/A (sky130_fd_sc_hd__inv_2)
                  0.06    0.09    4.30 ^ _393_/Y (sky130_fd_sc_hd__inv_2)
     1    0.00                           _023_ (net)
                  0.06    0.00    4.30 ^ _421_/RESET_B (sky130_fd_sc_hd__dfrtp_2)
                                  4.30   data arrival time

                  0.15    0.00    0.00   clock clk (rise edge)
                          0.00    0.00   clock network delay (ideal)
                          0.25    0.25   clock uncertainty
                          0.00    0.25   clock reconvergence pessimism
                                  0.25 ^ _421_/CLK (sky130_fd_sc_hd__dfrtp_2)
                          0.35    0.60   library removal time
                                  0.60   data required time
-----------------------------------------------------------------------------
                                  0.60   data required time
                                 -4.30   data arrival time
-----------------------------------------------------------------------------
                                  3.70   slack (MET)


Startpoint: rst (input port clocked by clk)
Endpoint: _422_ (removal check against rising-edge clock clk)
Path Group: asynchronous
Path Type: min

Fanout     Cap    Slew   Delay    Time   Description
-----------------------------------------------------------------------------
                  0.15    0.00    0.00   clock clk (rise edge)
                          0.00    0.00   clock network delay (ideal)
                          4.00    4.00 v input external delay
                  0.01    0.00    4.00 v rst (in)
     1    0.00                           rst (net)
                  0.01    0.00    4.00 v _367_/A (sky130_fd_sc_hd__buf_1)
                  0.22    0.21    4.21 v _367_/X (sky130_fd_sc_hd__buf_1)
    10    0.04                           _180_ (net)
                  0.22    0.00    4.21 v _394_/A (sky130_fd_sc_hd__inv_2)
                  0.06    0.09    4.30 ^ _394_/Y (sky130_fd_sc_hd__inv_2)
     1    0.00                           _024_ (net)
                  0.06    0.00    4.30 ^ _422_/RESET_B (sky130_fd_sc_hd__dfrtp_2)
                                  4.30   data arrival time

                  0.15    0.00    0.00   clock clk (rise edge)
                          0.00    0.00   clock network delay (ideal)
                          0.25    0.25   clock uncertainty
                          0.00    0.25   clock reconvergence pessimism
                                  0.25 ^ _422_/CLK (sky130_fd_sc_hd__dfrtp_2)
                          0.35    0.60   library removal time
                                  0.60   data required time
-----------------------------------------------------------------------------
                                  0.60   data required time
                                 -4.30   data arrival time
-----------------------------------------------------------------------------
                                  3.70   slack (MET)


Startpoint: rst (input port clocked by clk)
Endpoint: _423_ (removal check against rising-edge clock clk)
Path Group: asynchronous
Path Type: min

Fanout     Cap    Slew   Delay    Time   Description
-----------------------------------------------------------------------------
                  0.15    0.00    0.00   clock clk (rise edge)
                          0.00    0.00   clock network delay (ideal)
                          4.00    4.00 v input external delay
                  0.01    0.00    4.00 v rst (in)
     1    0.00                           rst (net)
                  0.01    0.00    4.00 v _367_/A (sky130_fd_sc_hd__buf_1)
                  0.22    0.21    4.21 v _367_/X (sky130_fd_sc_hd__buf_1)
    10    0.04                           _180_ (net)
                  0.22    0.00    4.21 v _395_/A (sky130_fd_sc_hd__inv_2)
                  0.06    0.09    4.30 ^ _395_/Y (sky130_fd_sc_hd__inv_2)
     1    0.00                           _025_ (net)
                  0.06    0.00    4.30 ^ _423_/RESET_B (sky130_fd_sc_hd__dfrtp_2)
                                  4.30   data arrival time

                  0.15    0.00    0.00   clock clk (rise edge)
                          0.00    0.00   clock network delay (ideal)
                          0.25    0.25   clock uncertainty
                          0.00    0.25   clock reconvergence pessimism
                                  0.25 ^ _423_/CLK (sky130_fd_sc_hd__dfrtp_2)
                          0.35    0.60   library removal time
                                  0.60   data required time
-----------------------------------------------------------------------------
                                  0.60   data required time
                                 -4.30   data arrival time
-----------------------------------------------------------------------------
                                  3.70   slack (MET)


Startpoint: rst (input port clocked by clk)
Endpoint: _424_ (removal check against rising-edge clock clk)
Path Group: asynchronous
Path Type: min

Fanout     Cap    Slew   Delay    Time   Description
-----------------------------------------------------------------------------
                  0.15    0.00    0.00   clock clk (rise edge)
                          0.00    0.00   clock network delay (ideal)
                          4.00    4.00 v input external delay
                  0.01    0.00    4.00 v rst (in)
     1    0.00                           rst (net)
                  0.01    0.00    4.00 v _367_/A (sky130_fd_sc_hd__buf_1)
                  0.22    0.21    4.21 v _367_/X (sky130_fd_sc_hd__buf_1)
    10    0.04                           _180_ (net)
                  0.22    0.00    4.21 v _396_/A (sky130_fd_sc_hd__inv_2)
                  0.06    0.09    4.30 ^ _396_/Y (sky130_fd_sc_hd__inv_2)
     1    0.00                           _026_ (net)
                  0.06    0.00    4.30 ^ _424_/RESET_B (sky130_fd_sc_hd__dfrtp_2)
                                  4.30   data arrival time

                  0.15    0.00    0.00   clock clk (rise edge)
                          0.00    0.00   clock network delay (ideal)
                          0.25    0.25   clock uncertainty
                          0.00    0.25   clock reconvergence pessimism
                                  0.25 ^ _424_/CLK (sky130_fd_sc_hd__dfrtp_2)
                          0.35    0.60   library removal time
                                  0.60   data required time
-----------------------------------------------------------------------------
                                  0.60   data required time
                                 -4.30   data arrival time
-----------------------------------------------------------------------------
                                  3.70   slack (MET)


Startpoint: rst (input port clocked by clk)
Endpoint: _425_ (removal check against rising-edge clock clk)
Path Group: asynchronous
Path Type: min

Fanout     Cap    Slew   Delay    Time   Description
-----------------------------------------------------------------------------
                  0.15    0.00    0.00   clock clk (rise edge)
                          0.00    0.00   clock network delay (ideal)
                          4.00    4.00 v input external delay
                  0.01    0.00    4.00 v rst (in)
     1    0.00                           rst (net)
                  0.01    0.00    4.00 v _367_/A (sky130_fd_sc_hd__buf_1)
                  0.22    0.21    4.21 v _367_/X (sky130_fd_sc_hd__buf_1)
    10    0.04                           _180_ (net)
                  0.22    0.00    4.21 v _397_/A (sky130_fd_sc_hd__inv_2)
                  0.06    0.09    4.30 ^ _397_/Y (sky130_fd_sc_hd__inv_2)
     1    0.00                           _027_ (net)
                  0.06    0.00    4.30 ^ _425_/RESET_B (sky130_fd_sc_hd__dfrtp_2)
                                  4.30   data arrival time

                  0.15    0.00    0.00   clock clk (rise edge)
                          0.00    0.00   clock network delay (ideal)
                          0.25    0.25   clock uncertainty
                          0.00    0.25   clock reconvergence pessimism
                                  0.25 ^ _425_/CLK (sky130_fd_sc_hd__dfrtp_2)
                          0.35    0.60   library removal time
                                  0.60   data required time
-----------------------------------------------------------------------------
                                  0.60   data required time
                                 -4.30   data arrival time
-----------------------------------------------------------------------------
                                  3.70   slack (MET)


Startpoint: rst (input port clocked by clk)
Endpoint: _398_ (removal check against rising-edge clock clk)
Path Group: asynchronous
Path Type: min

Fanout     Cap    Slew   Delay    Time   Description
-----------------------------------------------------------------------------
                  0.15    0.00    0.00   clock clk (rise edge)
                          0.00    0.00   clock network delay (ideal)
                          4.00    4.00 v input external delay
                  0.01    0.00    4.00 v rst (in)
     1    0.00                           rst (net)
                  0.01    0.00    4.00 v _367_/A (sky130_fd_sc_hd__buf_1)
                  0.22    0.21    4.21 v _367_/X (sky130_fd_sc_hd__buf_1)
    10    0.04                           _180_ (net)
                  0.22    0.00    4.21 v _368_/A (sky130_fd_sc_hd__buf_1)
                  0.25    0.31    4.52 v _368_/X (sky130_fd_sc_hd__buf_1)
    10    0.04                           _181_ (net)
                  0.25    0.00    4.52 v _369_/A (sky130_fd_sc_hd__inv_2)
                  0.06    0.09    4.62 ^ _369_/Y (sky130_fd_sc_hd__inv_2)
     1    0.00                           _000_ (net)
                  0.06    0.00    4.62 ^ _398_/RESET_B (sky130_fd_sc_hd__dfrtp_2)
                                  4.62   data arrival time

                  0.15    0.00    0.00   clock clk (rise edge)
                          0.00    0.00   clock network delay (ideal)
                          0.25    0.25   clock uncertainty
                          0.00    0.25   clock reconvergence pessimism
                                  0.25 ^ _398_/CLK (sky130_fd_sc_hd__dfrtp_2)
                          0.35    0.60   library removal time
                                  0.60   data required time
-----------------------------------------------------------------------------
                                  0.60   data required time
                                 -4.62   data arrival time
-----------------------------------------------------------------------------
                                  4.01   slack (MET)


Startpoint: rst (input port clocked by clk)
Endpoint: _399_ (removal check against rising-edge clock clk)
Path Group: asynchronous
Path Type: min

Fanout     Cap    Slew   Delay    Time   Description
-----------------------------------------------------------------------------
                  0.15    0.00    0.00   clock clk (rise edge)
                          0.00    0.00   clock network delay (ideal)
                          4.00    4.00 v input external delay
                  0.01    0.00    4.00 v rst (in)
     1    0.00                           rst (net)
                  0.01    0.00    4.00 v _367_/A (sky130_fd_sc_hd__buf_1)
                  0.22    0.21    4.21 v _367_/X (sky130_fd_sc_hd__buf_1)
    10    0.04                           _180_ (net)
                  0.22    0.00    4.21 v _368_/A (sky130_fd_sc_hd__buf_1)
                  0.25    0.31    4.52 v _368_/X (sky130_fd_sc_hd__buf_1)
    10    0.04                           _181_ (net)
                  0.25    0.00    4.52 v _370_/A (sky130_fd_sc_hd__inv_2)
                  0.06    0.09    4.62 ^ _370_/Y (sky130_fd_sc_hd__inv_2)
     1    0.00                           _001_ (net)
                  0.06    0.00    4.62 ^ _399_/RESET_B (sky130_fd_sc_hd__dfrtp_2)
                                  4.62   data arrival time

                  0.15    0.00    0.00   clock clk (rise edge)
                          0.00    0.00   clock network delay (ideal)
                          0.25    0.25   clock uncertainty
                          0.00    0.25   clock reconvergence pessimism
                                  0.25 ^ _399_/CLK (sky130_fd_sc_hd__dfrtp_2)
                          0.35    0.60   library removal time
                                  0.60   data required time
-----------------------------------------------------------------------------
                                  0.60   data required time
                                 -4.62   data arrival time
-----------------------------------------------------------------------------
                                  4.01   slack (MET)


Startpoint: rst (input port clocked by clk)
Endpoint: _400_ (removal check against rising-edge clock clk)
Path Group: asynchronous
Path Type: min

Fanout     Cap    Slew   Delay    Time   Description
-----------------------------------------------------------------------------
                  0.15    0.00    0.00   clock clk (rise edge)
                          0.00    0.00   clock network delay (ideal)
                          4.00    4.00 v input external delay
                  0.01    0.00    4.00 v rst (in)
     1    0.00                           rst (net)
                  0.01    0.00    4.00 v _367_/A (sky130_fd_sc_hd__buf_1)
                  0.22    0.21    4.21 v _367_/X (sky130_fd_sc_hd__buf_1)
    10    0.04                           _180_ (net)
                  0.22    0.00    4.21 v _368_/A (sky130_fd_sc_hd__buf_1)
                  0.25    0.31    4.52 v _368_/X (sky130_fd_sc_hd__buf_1)
    10    0.04                           _181_ (net)
                  0.25    0.00    4.52 v _371_/A (sky130_fd_sc_hd__inv_2)
                  0.06    0.09    4.62 ^ _371_/Y (sky130_fd_sc_hd__inv_2)
     1    0.00                           _002_ (net)
                  0.06    0.00    4.62 ^ _400_/RESET_B (sky130_fd_sc_hd__dfrtp_2)
                                  4.62   data arrival time

                  0.15    0.00    0.00   clock clk (rise edge)
                          0.00    0.00   clock network delay (ideal)
                          0.25    0.25   clock uncertainty
                          0.00    0.25   clock reconvergence pessimism
                                  0.25 ^ _400_/CLK (sky130_fd_sc_hd__dfrtp_2)
                          0.35    0.60   library removal time
                                  0.60   data required time
-----------------------------------------------------------------------------
                                  0.60   data required time
                                 -4.62   data arrival time
-----------------------------------------------------------------------------
                                  4.01   slack (MET)


Startpoint: rst (input port clocked by clk)
Endpoint: _401_ (removal check against rising-edge clock clk)
Path Group: asynchronous
Path Type: min

Fanout     Cap    Slew   Delay    Time   Description
-----------------------------------------------------------------------------
                  0.15    0.00    0.00   clock clk (rise edge)
                          0.00    0.00   clock network delay (ideal)
                          4.00    4.00 v input external delay
                  0.01    0.00    4.00 v rst (in)
     1    0.00                           rst (net)
                  0.01    0.00    4.00 v _367_/A (sky130_fd_sc_hd__buf_1)
                  0.22    0.21    4.21 v _367_/X (sky130_fd_sc_hd__buf_1)
    10    0.04                           _180_ (net)
                  0.22    0.00    4.21 v _368_/A (sky130_fd_sc_hd__buf_1)
                  0.25    0.31    4.52 v _368_/X (sky130_fd_sc_hd__buf_1)
    10    0.04                           _181_ (net)
                  0.25    0.00    4.52 v _372_/A (sky130_fd_sc_hd__inv_2)
                  0.06    0.09    4.62 ^ _372_/Y (sky130_fd_sc_hd__inv_2)
     1    0.00                           _003_ (net)
                  0.06    0.00    4.62 ^ _401_/RESET_B (sky130_fd_sc_hd__dfrtp_2)
                                  4.62   data arrival time

                  0.15    0.00    0.00   clock clk (rise edge)
                          0.00    0.00   clock network delay (ideal)
                          0.25    0.25   clock uncertainty
                          0.00    0.25   clock reconvergence pessimism
                                  0.25 ^ _401_/CLK (sky130_fd_sc_hd__dfrtp_2)
                          0.35    0.60   library removal time
                                  0.60   data required time
-----------------------------------------------------------------------------
                                  0.60   data required time
                                 -4.62   data arrival time
-----------------------------------------------------------------------------
                                  4.01   slack (MET)


Startpoint: rst (input port clocked by clk)
Endpoint: _402_ (removal check against rising-edge clock clk)
Path Group: asynchronous
Path Type: min

Fanout     Cap    Slew   Delay    Time   Description
-----------------------------------------------------------------------------
                  0.15    0.00    0.00   clock clk (rise edge)
                          0.00    0.00   clock network delay (ideal)
                          4.00    4.00 v input external delay
                  0.01    0.00    4.00 v rst (in)
     1    0.00                           rst (net)
                  0.01    0.00    4.00 v _367_/A (sky130_fd_sc_hd__buf_1)
                  0.22    0.21    4.21 v _367_/X (sky130_fd_sc_hd__buf_1)
    10    0.04                           _180_ (net)
                  0.22    0.00    4.21 v _368_/A (sky130_fd_sc_hd__buf_1)
                  0.25    0.31    4.52 v _368_/X (sky130_fd_sc_hd__buf_1)
    10    0.04                           _181_ (net)
                  0.25    0.00    4.52 v _373_/A (sky130_fd_sc_hd__inv_2)
                  0.06    0.09    4.62 ^ _373_/Y (sky130_fd_sc_hd__inv_2)
     1    0.00                           _004_ (net)
                  0.06    0.00    4.62 ^ _402_/RESET_B (sky130_fd_sc_hd__dfrtp_2)
                                  4.62   data arrival time

                  0.15    0.00    0.00   clock clk (rise edge)
                          0.00    0.00   clock network delay (ideal)
                          0.25    0.25   clock uncertainty
                          0.00    0.25   clock reconvergence pessimism
                                  0.25 ^ _402_/CLK (sky130_fd_sc_hd__dfrtp_2)
                          0.35    0.60   library removal time
                                  0.60   data required time
-----------------------------------------------------------------------------
                                  0.60   data required time
                                 -4.62   data arrival time
-----------------------------------------------------------------------------
                                  4.01   slack (MET)


Startpoint: rst (input port clocked by clk)
Endpoint: _403_ (removal check against rising-edge clock clk)
Path Group: asynchronous
Path Type: min

Fanout     Cap    Slew   Delay    Time   Description
-----------------------------------------------------------------------------
                  0.15    0.00    0.00   clock clk (rise edge)
                          0.00    0.00   clock network delay (ideal)
                          4.00    4.00 v input external delay
                  0.01    0.00    4.00 v rst (in)
     1    0.00                           rst (net)
                  0.01    0.00    4.00 v _367_/A (sky130_fd_sc_hd__buf_1)
                  0.22    0.21    4.21 v _367_/X (sky130_fd_sc_hd__buf_1)
    10    0.04                           _180_ (net)
                  0.22    0.00    4.21 v _368_/A (sky130_fd_sc_hd__buf_1)
                  0.25    0.31    4.52 v _368_/X (sky130_fd_sc_hd__buf_1)
    10    0.04                           _181_ (net)
                  0.25    0.00    4.52 v _374_/A (sky130_fd_sc_hd__inv_2)
                  0.06    0.09    4.62 ^ _374_/Y (sky130_fd_sc_hd__inv_2)
     1    0.00                           _005_ (net)
                  0.06    0.00    4.62 ^ _403_/RESET_B (sky130_fd_sc_hd__dfrtp_2)
                                  4.62   data arrival time

                  0.15    0.00    0.00   clock clk (rise edge)
                          0.00    0.00   clock network delay (ideal)
                          0.25    0.25   clock uncertainty
                          0.00    0.25   clock reconvergence pessimism
                                  0.25 ^ _403_/CLK (sky130_fd_sc_hd__dfrtp_2)
                          0.35    0.60   library removal time
                                  0.60   data required time
-----------------------------------------------------------------------------
                                  0.60   data required time
                                 -4.62   data arrival time
-----------------------------------------------------------------------------
                                  4.01   slack (MET)


Startpoint: rst (input port clocked by clk)
Endpoint: _404_ (removal check against rising-edge clock clk)
Path Group: asynchronous
Path Type: min

Fanout     Cap    Slew   Delay    Time   Description
-----------------------------------------------------------------------------
                  0.15    0.00    0.00   clock clk (rise edge)
                          0.00    0.00   clock network delay (ideal)
                          4.00    4.00 v input external delay
                  0.01    0.00    4.00 v rst (in)
     1    0.00                           rst (net)
                  0.01    0.00    4.00 v _367_/A (sky130_fd_sc_hd__buf_1)
                  0.22    0.21    4.21 v _367_/X (sky130_fd_sc_hd__buf_1)
    10    0.04                           _180_ (net)
                  0.22    0.00    4.21 v _368_/A (sky130_fd_sc_hd__buf_1)
                  0.25    0.31    4.52 v _368_/X (sky130_fd_sc_hd__buf_1)
    10    0.04                           _181_ (net)
                  0.25    0.00    4.52 v _375_/A (sky130_fd_sc_hd__inv_2)
                  0.06    0.09    4.62 ^ _375_/Y (sky130_fd_sc_hd__inv_2)
     1    0.00                           _006_ (net)
                  0.06    0.00    4.62 ^ _404_/RESET_B (sky130_fd_sc_hd__dfrtp_2)
                                  4.62   data arrival time

                  0.15    0.00    0.00   clock clk (rise edge)
                          0.00    0.00   clock network delay (ideal)
                          0.25    0.25   clock uncertainty
                          0.00    0.25   clock reconvergence pessimism
                                  0.25 ^ _404_/CLK (sky130_fd_sc_hd__dfrtp_2)
                          0.35    0.60   library removal time
                                  0.60   data required time
-----------------------------------------------------------------------------
                                  0.60   data required time
                                 -4.62   data arrival time
-----------------------------------------------------------------------------
                                  4.01   slack (MET)


Startpoint: rst (input port clocked by clk)
Endpoint: _405_ (removal check against rising-edge clock clk)
Path Group: asynchronous
Path Type: min

Fanout     Cap    Slew   Delay    Time   Description
-----------------------------------------------------------------------------
                  0.15    0.00    0.00   clock clk (rise edge)
                          0.00    0.00   clock network delay (ideal)
                          4.00    4.00 v input external delay
                  0.01    0.00    4.00 v rst (in)
     1    0.00                           rst (net)
                  0.01    0.00    4.00 v _367_/A (sky130_fd_sc_hd__buf_1)
                  0.22    0.21    4.21 v _367_/X (sky130_fd_sc_hd__buf_1)
    10    0.04                           _180_ (net)
                  0.22    0.00    4.21 v _368_/A (sky130_fd_sc_hd__buf_1)
                  0.25    0.31    4.52 v _368_/X (sky130_fd_sc_hd__buf_1)
    10    0.04                           _181_ (net)
                  0.25    0.00    4.52 v _376_/A (sky130_fd_sc_hd__inv_2)
                  0.06    0.09    4.62 ^ _376_/Y (sky130_fd_sc_hd__inv_2)
     1    0.00                           _007_ (net)
                  0.06    0.00    4.62 ^ _405_/RESET_B (sky130_fd_sc_hd__dfrtp_2)
                                  4.62   data arrival time

                  0.15    0.00    0.00   clock clk (rise edge)
                          0.00    0.00   clock network delay (ideal)
                          0.25    0.25   clock uncertainty
                          0.00    0.25   clock reconvergence pessimism
                                  0.25 ^ _405_/CLK (sky130_fd_sc_hd__dfrtp_2)
                          0.35    0.60   library removal time
                                  0.60   data required time
-----------------------------------------------------------------------------
                                  0.60   data required time
                                 -4.62   data arrival time
-----------------------------------------------------------------------------
                                  4.01   slack (MET)


Startpoint: rst (input port clocked by clk)
Endpoint: _406_ (removal check against rising-edge clock clk)
Path Group: asynchronous
Path Type: min

Fanout     Cap    Slew   Delay    Time   Description
-----------------------------------------------------------------------------
                  0.15    0.00    0.00   clock clk (rise edge)
                          0.00    0.00   clock network delay (ideal)
                          4.00    4.00 v input external delay
                  0.01    0.00    4.00 v rst (in)
     1    0.00                           rst (net)
                  0.01    0.00    4.00 v _367_/A (sky130_fd_sc_hd__buf_1)
                  0.22    0.21    4.21 v _367_/X (sky130_fd_sc_hd__buf_1)
    10    0.04                           _180_ (net)
                  0.22    0.00    4.21 v _368_/A (sky130_fd_sc_hd__buf_1)
                  0.25    0.31    4.52 v _368_/X (sky130_fd_sc_hd__buf_1)
    10    0.04                           _181_ (net)
                  0.25    0.00    4.52 v _377_/A (sky130_fd_sc_hd__inv_2)
                  0.06    0.09    4.62 ^ _377_/Y (sky130_fd_sc_hd__inv_2)
     1    0.00                           _008_ (net)
                  0.06    0.00    4.62 ^ _406_/RESET_B (sky130_fd_sc_hd__dfrtp_2)
                                  4.62   data arrival time

                  0.15    0.00    0.00   clock clk (rise edge)
                          0.00    0.00   clock network delay (ideal)
                          0.25    0.25   clock uncertainty
                          0.00    0.25   clock reconvergence pessimism
                                  0.25 ^ _406_/CLK (sky130_fd_sc_hd__dfrtp_2)
                          0.35    0.60   library removal time
                                  0.60   data required time
-----------------------------------------------------------------------------
                                  0.60   data required time
                                 -4.62   data arrival time
-----------------------------------------------------------------------------
                                  4.01   slack (MET)


Startpoint: rst (input port clocked by clk)
Endpoint: _407_ (removal check against rising-edge clock clk)
Path Group: asynchronous
Path Type: min

Fanout     Cap    Slew   Delay    Time   Description
-----------------------------------------------------------------------------
                  0.15    0.00    0.00   clock clk (rise edge)
                          0.00    0.00   clock network delay (ideal)
                          4.00    4.00 v input external delay
                  0.01    0.00    4.00 v rst (in)
     1    0.00                           rst (net)
                  0.01    0.00    4.00 v _367_/A (sky130_fd_sc_hd__buf_1)
                  0.22    0.21    4.21 v _367_/X (sky130_fd_sc_hd__buf_1)
    10    0.04                           _180_ (net)
                  0.22    0.00    4.21 v _368_/A (sky130_fd_sc_hd__buf_1)
                  0.25    0.31    4.52 v _368_/X (sky130_fd_sc_hd__buf_1)
    10    0.04                           _181_ (net)
                  0.25    0.00    4.52 v _378_/A (sky130_fd_sc_hd__inv_2)
                  0.06    0.09    4.62 ^ _378_/Y (sky130_fd_sc_hd__inv_2)
     1    0.00                           _009_ (net)
                  0.06    0.00    4.62 ^ _407_/RESET_B (sky130_fd_sc_hd__dfrtp_2)
                                  4.62   data arrival time

                  0.15    0.00    0.00   clock clk (rise edge)
                          0.00    0.00   clock network delay (ideal)
                          0.25    0.25   clock uncertainty
                          0.00    0.25   clock reconvergence pessimism
                                  0.25 ^ _407_/CLK (sky130_fd_sc_hd__dfrtp_2)
                          0.35    0.60   library removal time
                                  0.60   data required time
-----------------------------------------------------------------------------
                                  0.60   data required time
                                 -4.62   data arrival time
-----------------------------------------------------------------------------
                                  4.01   slack (MET)


Startpoint: rst (input port clocked by clk)
Endpoint: _408_ (removal check against rising-edge clock clk)
Path Group: asynchronous
Path Type: min

Fanout     Cap    Slew   Delay    Time   Description
-----------------------------------------------------------------------------
                  0.15    0.00    0.00   clock clk (rise edge)
                          0.00    0.00   clock network delay (ideal)
                          4.00    4.00 v input external delay
                  0.01    0.00    4.00 v rst (in)
     1    0.00                           rst (net)
                  0.01    0.00    4.00 v _367_/A (sky130_fd_sc_hd__buf_1)
                  0.22    0.21    4.21 v _367_/X (sky130_fd_sc_hd__buf_1)
    10    0.04                           _180_ (net)
                  0.22    0.00    4.21 v _379_/A (sky130_fd_sc_hd__buf_1)
                  0.25    0.31    4.52 v _379_/X (sky130_fd_sc_hd__buf_1)
    10    0.04                           _182_ (net)
                  0.25    0.00    4.52 v _380_/A (sky130_fd_sc_hd__inv_2)
                  0.06    0.09    4.62 ^ _380_/Y (sky130_fd_sc_hd__inv_2)
     1    0.00                           _010_ (net)
                  0.06    0.00    4.62 ^ _408_/RESET_B (sky130_fd_sc_hd__dfrtp_2)
                                  4.62   data arrival time

                  0.15    0.00    0.00   clock clk (rise edge)
                          0.00    0.00   clock network delay (ideal)
                          0.25    0.25   clock uncertainty
                          0.00    0.25   clock reconvergence pessimism
                                  0.25 ^ _408_/CLK (sky130_fd_sc_hd__dfrtp_2)
                          0.35    0.60   library removal time
                                  0.60   data required time
-----------------------------------------------------------------------------
                                  0.60   data required time
                                 -4.62   data arrival time
-----------------------------------------------------------------------------
                                  4.01   slack (MET)


Startpoint: rst (input port clocked by clk)
Endpoint: _409_ (removal check against rising-edge clock clk)
Path Group: asynchronous
Path Type: min

Fanout     Cap    Slew   Delay    Time   Description
-----------------------------------------------------------------------------
                  0.15    0.00    0.00   clock clk (rise edge)
                          0.00    0.00   clock network delay (ideal)
                          4.00    4.00 v input external delay
                  0.01    0.00    4.00 v rst (in)
     1    0.00                           rst (net)
                  0.01    0.00    4.00 v _367_/A (sky130_fd_sc_hd__buf_1)
                  0.22    0.21    4.21 v _367_/X (sky130_fd_sc_hd__buf_1)
    10    0.04                           _180_ (net)
                  0.22    0.00    4.21 v _379_/A (sky130_fd_sc_hd__buf_1)
                  0.25    0.31    4.52 v _379_/X (sky130_fd_sc_hd__buf_1)
    10    0.04                           _182_ (net)
                  0.25    0.00    4.52 v _381_/A (sky130_fd_sc_hd__inv_2)
                  0.06    0.09    4.62 ^ _381_/Y (sky130_fd_sc_hd__inv_2)
     1    0.00                           _011_ (net)
                  0.06    0.00    4.62 ^ _409_/RESET_B (sky130_fd_sc_hd__dfrtp_2)
                                  4.62   data arrival time

                  0.15    0.00    0.00   clock clk (rise edge)
                          0.00    0.00   clock network delay (ideal)
                          0.25    0.25   clock uncertainty
                          0.00    0.25   clock reconvergence pessimism
                                  0.25 ^ _409_/CLK (sky130_fd_sc_hd__dfrtp_2)
                          0.35    0.60   library removal time
                                  0.60   data required time
-----------------------------------------------------------------------------
                                  0.60   data required time
                                 -4.62   data arrival time
-----------------------------------------------------------------------------
                                  4.01   slack (MET)


Startpoint: rst (input port clocked by clk)
Endpoint: _410_ (removal check against rising-edge clock clk)
Path Group: asynchronous
Path Type: min

Fanout     Cap    Slew   Delay    Time   Description
-----------------------------------------------------------------------------
                  0.15    0.00    0.00   clock clk (rise edge)
                          0.00    0.00   clock network delay (ideal)
                          4.00    4.00 v input external delay
                  0.01    0.00    4.00 v rst (in)
     1    0.00                           rst (net)
                  0.01    0.00    4.00 v _367_/A (sky130_fd_sc_hd__buf_1)
                  0.22    0.21    4.21 v _367_/X (sky130_fd_sc_hd__buf_1)
    10    0.04                           _180_ (net)
                  0.22    0.00    4.21 v _379_/A (sky130_fd_sc_hd__buf_1)
                  0.25    0.31    4.52 v _379_/X (sky130_fd_sc_hd__buf_1)
    10    0.04                           _182_ (net)
                  0.25    0.00    4.52 v _382_/A (sky130_fd_sc_hd__inv_2)
                  0.06    0.09    4.62 ^ _382_/Y (sky130_fd_sc_hd__inv_2)
     1    0.00                           _012_ (net)
                  0.06    0.00    4.62 ^ _410_/RESET_B (sky130_fd_sc_hd__dfrtp_2)
                                  4.62   data arrival time

                  0.15    0.00    0.00   clock clk (rise edge)
                          0.00    0.00   clock network delay (ideal)
                          0.25    0.25   clock uncertainty
                          0.00    0.25   clock reconvergence pessimism
                                  0.25 ^ _410_/CLK (sky130_fd_sc_hd__dfrtp_2)
                          0.35    0.60   library removal time
                                  0.60   data required time
-----------------------------------------------------------------------------
                                  0.60   data required time
                                 -4.62   data arrival time
-----------------------------------------------------------------------------
                                  4.01   slack (MET)


Startpoint: rst (input port clocked by clk)
Endpoint: _411_ (removal check against rising-edge clock clk)
Path Group: asynchronous
Path Type: min

Fanout     Cap    Slew   Delay    Time   Description
-----------------------------------------------------------------------------
                  0.15    0.00    0.00   clock clk (rise edge)
                          0.00    0.00   clock network delay (ideal)
                          4.00    4.00 v input external delay
                  0.01    0.00    4.00 v rst (in)
     1    0.00                           rst (net)
                  0.01    0.00    4.00 v _367_/A (sky130_fd_sc_hd__buf_1)
                  0.22    0.21    4.21 v _367_/X (sky130_fd_sc_hd__buf_1)
    10    0.04                           _180_ (net)
                  0.22    0.00    4.21 v _379_/A (sky130_fd_sc_hd__buf_1)
                  0.25    0.31    4.52 v _379_/X (sky130_fd_sc_hd__buf_1)
    10    0.04                           _182_ (net)
                  0.25    0.00    4.52 v _383_/A (sky130_fd_sc_hd__inv_2)
                  0.06    0.09    4.62 ^ _383_/Y (sky130_fd_sc_hd__inv_2)
     1    0.00                           _013_ (net)
                  0.06    0.00    4.62 ^ _411_/RESET_B (sky130_fd_sc_hd__dfrtp_2)
                                  4.62   data arrival time

                  0.15    0.00    0.00   clock clk (rise edge)
                          0.00    0.00   clock network delay (ideal)
                          0.25    0.25   clock uncertainty
                          0.00    0.25   clock reconvergence pessimism
                                  0.25 ^ _411_/CLK (sky130_fd_sc_hd__dfrtp_2)
                          0.35    0.60   library removal time
                                  0.60   data required time
-----------------------------------------------------------------------------
                                  0.60   data required time
                                 -4.62   data arrival time
-----------------------------------------------------------------------------
                                  4.01   slack (MET)


Startpoint: rst (input port clocked by clk)
Endpoint: _412_ (removal check against rising-edge clock clk)
Path Group: asynchronous
Path Type: min

Fanout     Cap    Slew   Delay    Time   Description
-----------------------------------------------------------------------------
                  0.15    0.00    0.00   clock clk (rise edge)
                          0.00    0.00   clock network delay (ideal)
                          4.00    4.00 v input external delay
                  0.01    0.00    4.00 v rst (in)
     1    0.00                           rst (net)
                  0.01    0.00    4.00 v _367_/A (sky130_fd_sc_hd__buf_1)
                  0.22    0.21    4.21 v _367_/X (sky130_fd_sc_hd__buf_1)
    10    0.04                           _180_ (net)
                  0.22    0.00    4.21 v _379_/A (sky130_fd_sc_hd__buf_1)
                  0.25    0.31    4.52 v _379_/X (sky130_fd_sc_hd__buf_1)
    10    0.04                           _182_ (net)
                  0.25    0.00    4.52 v _384_/A (sky130_fd_sc_hd__inv_2)
                  0.06    0.09    4.62 ^ _384_/Y (sky130_fd_sc_hd__inv_2)
     1    0.00                           _014_ (net)
                  0.06    0.00    4.62 ^ _412_/RESET_B (sky130_fd_sc_hd__dfrtp_2)
                                  4.62   data arrival time

                  0.15    0.00    0.00   clock clk (rise edge)
                          0.00    0.00   clock network delay (ideal)
                          0.25    0.25   clock uncertainty
                          0.00    0.25   clock reconvergence pessimism
                                  0.25 ^ _412_/CLK (sky130_fd_sc_hd__dfrtp_2)
                          0.35    0.60   library removal time
                                  0.60   data required time
-----------------------------------------------------------------------------
                                  0.60   data required time
                                 -4.62   data arrival time
-----------------------------------------------------------------------------
                                  4.01   slack (MET)


Startpoint: rst (input port clocked by clk)
Endpoint: _413_ (removal check against rising-edge clock clk)
Path Group: asynchronous
Path Type: min

Fanout     Cap    Slew   Delay    Time   Description
-----------------------------------------------------------------------------
                  0.15    0.00    0.00   clock clk (rise edge)
                          0.00    0.00   clock network delay (ideal)
                          4.00    4.00 v input external delay
                  0.01    0.00    4.00 v rst (in)
     1    0.00                           rst (net)
                  0.01    0.00    4.00 v _367_/A (sky130_fd_sc_hd__buf_1)
                  0.22    0.21    4.21 v _367_/X (sky130_fd_sc_hd__buf_1)
    10    0.04                           _180_ (net)
                  0.22    0.00    4.21 v _379_/A (sky130_fd_sc_hd__buf_1)
                  0.25    0.31    4.52 v _379_/X (sky130_fd_sc_hd__buf_1)
    10    0.04                           _182_ (net)
                  0.25    0.00    4.52 v _385_/A (sky130_fd_sc_hd__inv_2)
                  0.06    0.09    4.62 ^ _385_/Y (sky130_fd_sc_hd__inv_2)
     1    0.00                           _015_ (net)
                  0.06    0.00    4.62 ^ _413_/RESET_B (sky130_fd_sc_hd__dfrtp_2)
                                  4.62   data arrival time

                  0.15    0.00    0.00   clock clk (rise edge)
                          0.00    0.00   clock network delay (ideal)
                          0.25    0.25   clock uncertainty
                          0.00    0.25   clock reconvergence pessimism
                                  0.25 ^ _413_/CLK (sky130_fd_sc_hd__dfrtp_2)
                          0.35    0.60   library removal time
                                  0.60   data required time
-----------------------------------------------------------------------------
                                  0.60   data required time
                                 -4.62   data arrival time
-----------------------------------------------------------------------------
                                  4.01   slack (MET)


Startpoint: rst (input port clocked by clk)
Endpoint: _414_ (removal check against rising-edge clock clk)
Path Group: asynchronous
Path Type: min

Fanout     Cap    Slew   Delay    Time   Description
-----------------------------------------------------------------------------
                  0.15    0.00    0.00   clock clk (rise edge)
                          0.00    0.00   clock network delay (ideal)
                          4.00    4.00 v input external delay
                  0.01    0.00    4.00 v rst (in)
     1    0.00                           rst (net)
                  0.01    0.00    4.00 v _367_/A (sky130_fd_sc_hd__buf_1)
                  0.22    0.21    4.21 v _367_/X (sky130_fd_sc_hd__buf_1)
    10    0.04                           _180_ (net)
                  0.22    0.00    4.21 v _379_/A (sky130_fd_sc_hd__buf_1)
                  0.25    0.31    4.52 v _379_/X (sky130_fd_sc_hd__buf_1)
    10    0.04                           _182_ (net)
                  0.25    0.00    4.52 v _386_/A (sky130_fd_sc_hd__inv_2)
                  0.06    0.09    4.62 ^ _386_/Y (sky130_fd_sc_hd__inv_2)
     1    0.00                           _016_ (net)
                  0.06    0.00    4.62 ^ _414_/RESET_B (sky130_fd_sc_hd__dfrtp_2)
                                  4.62   data arrival time

                  0.15    0.00    0.00   clock clk (rise edge)
                          0.00    0.00   clock network delay (ideal)
                          0.25    0.25   clock uncertainty
                          0.00    0.25   clock reconvergence pessimism
                                  0.25 ^ _414_/CLK (sky130_fd_sc_hd__dfrtp_2)
                          0.35    0.60   library removal time
                                  0.60   data required time
-----------------------------------------------------------------------------
                                  0.60   data required time
                                 -4.62   data arrival time
-----------------------------------------------------------------------------
                                  4.01   slack (MET)


Startpoint: rst (input port clocked by clk)
Endpoint: _415_ (removal check against rising-edge clock clk)
Path Group: asynchronous
Path Type: min

Fanout     Cap    Slew   Delay    Time   Description
-----------------------------------------------------------------------------
                  0.15    0.00    0.00   clock clk (rise edge)
                          0.00    0.00   clock network delay (ideal)
                          4.00    4.00 v input external delay
                  0.01    0.00    4.00 v rst (in)
     1    0.00                           rst (net)
                  0.01    0.00    4.00 v _367_/A (sky130_fd_sc_hd__buf_1)
                  0.22    0.21    4.21 v _367_/X (sky130_fd_sc_hd__buf_1)
    10    0.04                           _180_ (net)
                  0.22    0.00    4.21 v _379_/A (sky130_fd_sc_hd__buf_1)
                  0.25    0.31    4.52 v _379_/X (sky130_fd_sc_hd__buf_1)
    10    0.04                           _182_ (net)
                  0.25    0.00    4.52 v _387_/A (sky130_fd_sc_hd__inv_2)
                  0.06    0.09    4.62 ^ _387_/Y (sky130_fd_sc_hd__inv_2)
     1    0.00                           _017_ (net)
                  0.06    0.00    4.62 ^ _415_/RESET_B (sky130_fd_sc_hd__dfrtp_2)
                                  4.62   data arrival time

                  0.15    0.00    0.00   clock clk (rise edge)
                          0.00    0.00   clock network delay (ideal)
                          0.25    0.25   clock uncertainty
                          0.00    0.25   clock reconvergence pessimism
                                  0.25 ^ _415_/CLK (sky130_fd_sc_hd__dfrtp_2)
                          0.35    0.60   library removal time
                                  0.60   data required time
-----------------------------------------------------------------------------
                                  0.60   data required time
                                 -4.62   data arrival time
-----------------------------------------------------------------------------
                                  4.01   slack (MET)


Startpoint: rst (input port clocked by clk)
Endpoint: _416_ (removal check against rising-edge clock clk)
Path Group: asynchronous
Path Type: min

Fanout     Cap    Slew   Delay    Time   Description
-----------------------------------------------------------------------------
                  0.15    0.00    0.00   clock clk (rise edge)
                          0.00    0.00   clock network delay (ideal)
                          4.00    4.00 v input external delay
                  0.01    0.00    4.00 v rst (in)
     1    0.00                           rst (net)
                  0.01    0.00    4.00 v _367_/A (sky130_fd_sc_hd__buf_1)
                  0.22    0.21    4.21 v _367_/X (sky130_fd_sc_hd__buf_1)
    10    0.04                           _180_ (net)
                  0.22    0.00    4.21 v _379_/A (sky130_fd_sc_hd__buf_1)
                  0.25    0.31    4.52 v _379_/X (sky130_fd_sc_hd__buf_1)
    10    0.04                           _182_ (net)
                  0.25    0.00    4.52 v _388_/A (sky130_fd_sc_hd__inv_2)
                  0.06    0.09    4.62 ^ _388_/Y (sky130_fd_sc_hd__inv_2)
     1    0.00                           _018_ (net)
                  0.06    0.00    4.62 ^ _416_/RESET_B (sky130_fd_sc_hd__dfrtp_2)
                                  4.62   data arrival time

                  0.15    0.00    0.00   clock clk (rise edge)
                          0.00    0.00   clock network delay (ideal)
                          0.25    0.25   clock uncertainty
                          0.00    0.25   clock reconvergence pessimism
                                  0.25 ^ _416_/CLK (sky130_fd_sc_hd__dfrtp_2)
                          0.35    0.60   library removal time
                                  0.60   data required time
-----------------------------------------------------------------------------
                                  0.60   data required time
                                 -4.62   data arrival time
-----------------------------------------------------------------------------
                                  4.01   slack (MET)


Startpoint: rst (input port clocked by clk)
Endpoint: _417_ (removal check against rising-edge clock clk)
Path Group: asynchronous
Path Type: min

Fanout     Cap    Slew   Delay    Time   Description
-----------------------------------------------------------------------------
                  0.15    0.00    0.00   clock clk (rise edge)
                          0.00    0.00   clock network delay (ideal)
                          4.00    4.00 v input external delay
                  0.01    0.00    4.00 v rst (in)
     1    0.00                           rst (net)
                  0.01    0.00    4.00 v _367_/A (sky130_fd_sc_hd__buf_1)
                  0.22    0.21    4.21 v _367_/X (sky130_fd_sc_hd__buf_1)
    10    0.04                           _180_ (net)
                  0.22    0.00    4.21 v _379_/A (sky130_fd_sc_hd__buf_1)
                  0.25    0.31    4.52 v _379_/X (sky130_fd_sc_hd__buf_1)
    10    0.04                           _182_ (net)
                  0.25    0.00    4.52 v _389_/A (sky130_fd_sc_hd__inv_2)
                  0.06    0.09    4.62 ^ _389_/Y (sky130_fd_sc_hd__inv_2)
     1    0.00                           _019_ (net)
                  0.06    0.00    4.62 ^ _417_/RESET_B (sky130_fd_sc_hd__dfrtp_2)
                                  4.62   data arrival time

                  0.15    0.00    0.00   clock clk (rise edge)
                          0.00    0.00   clock network delay (ideal)
                          0.25    0.25   clock uncertainty
                          0.00    0.25   clock reconvergence pessimism
                                  0.25 ^ _417_/CLK (sky130_fd_sc_hd__dfrtp_2)
                          0.35    0.60   library removal time
                                  0.60   data required time
-----------------------------------------------------------------------------
                                  0.60   data required time
                                 -4.62   data arrival time
-----------------------------------------------------------------------------
                                  4.01   slack (MET)


Startpoint: _411_ (rising edge-triggered flip-flop clocked by clk)
Endpoint: last_opcode_out[2] (output port clocked by clk)
Path Group: clk
Path Type: min

Fanout     Cap    Slew   Delay    Time   Description
-----------------------------------------------------------------------------
                  0.15    0.00    0.00   clock clk (rise edge)
                          0.00    0.00   clock network delay (ideal)
                  0.15    0.00    0.00 ^ _411_/CLK (sky130_fd_sc_hd__dfrtp_2)
                  0.18    0.46    0.46 ^ _411_/Q (sky130_fd_sc_hd__dfrtp_2)
     2    0.03                           last_opcode_out[2] (net)
                  0.18    0.00    0.46 ^ last_opcode_out[2] (out)
                                  0.46   data arrival time

                  0.15    0.00    0.00   clock clk (rise edge)
                          0.00    0.00   clock network delay (ideal)
                          0.25    0.25   clock uncertainty
                          0.00    0.25   clock reconvergence pessimism
                         -4.00   -3.75   output external delay
                                 -3.75   data required time
-----------------------------------------------------------------------------
                                 -3.75   data required time
                                 -0.46   data arrival time
-----------------------------------------------------------------------------
                                  4.21   slack (MET)


Startpoint: _416_ (rising edge-triggered flip-flop clocked by clk)
Endpoint: flags_out[2] (output port clocked by clk)
Path Group: clk
Path Type: min

Fanout     Cap    Slew   Delay    Time   Description
-----------------------------------------------------------------------------
                  0.15    0.00    0.00   clock clk (rise edge)
                          0.00    0.00   clock network delay (ideal)
                  0.15    0.00    0.00 ^ _416_/CLK (sky130_fd_sc_hd__dfrtp_2)
                  0.18    0.46    0.46 ^ _416_/Q (sky130_fd_sc_hd__dfrtp_2)
     2    0.04                           flags_out[2] (net)
                  0.18    0.00    0.46 ^ flags_out[2] (out)
                                  0.46   data arrival time

                  0.15    0.00    0.00   clock clk (rise edge)
                          0.00    0.00   clock network delay (ideal)
                          0.25    0.25   clock uncertainty
                          0.00    0.25   clock reconvergence pessimism
                         -4.00   -3.75   output external delay
                                 -3.75   data required time
-----------------------------------------------------------------------------
                                 -3.75   data required time
                                 -0.46   data arrival time
-----------------------------------------------------------------------------
                                  4.21   slack (MET)


Startpoint: _414_ (rising edge-triggered flip-flop clocked by clk)
Endpoint: flags_out[0] (output port clocked by clk)
Path Group: clk
Path Type: min

Fanout     Cap    Slew   Delay    Time   Description
-----------------------------------------------------------------------------
                  0.15    0.00    0.00   clock clk (rise edge)
                          0.00    0.00   clock network delay (ideal)
                  0.15    0.00    0.00 ^ _414_/CLK (sky130_fd_sc_hd__dfrtp_2)
                  0.18    0.47    0.47 ^ _414_/Q (sky130_fd_sc_hd__dfrtp_2)
     2    0.04                           flags_out[0] (net)
                  0.18    0.00    0.47 ^ flags_out[0] (out)
                                  0.47   data arrival time

                  0.15    0.00    0.00   clock clk (rise edge)
                          0.00    0.00   clock network delay (ideal)
                          0.25    0.25   clock uncertainty
                          0.00    0.25   clock reconvergence pessimism
                         -4.00   -3.75   output external delay
                                 -3.75   data required time
-----------------------------------------------------------------------------
                                 -3.75   data required time
                                 -0.47   data arrival time
-----------------------------------------------------------------------------
                                  4.22   slack (MET)


Startpoint: _415_ (rising edge-triggered flip-flop clocked by clk)
Endpoint: flags_out[1] (output port clocked by clk)
Path Group: clk
Path Type: min

Fanout     Cap    Slew   Delay    Time   Description
-----------------------------------------------------------------------------
                  0.15    0.00    0.00   clock clk (rise edge)
                          0.00    0.00   clock network delay (ideal)
                  0.15    0.00    0.00 ^ _415_/CLK (sky130_fd_sc_hd__dfrtp_2)
                  0.18    0.47    0.47 ^ _415_/Q (sky130_fd_sc_hd__dfrtp_2)
     2    0.04                           flags_out[1] (net)
                  0.18    0.00    0.47 ^ flags_out[1] (out)
                                  0.47   data arrival time

                  0.15    0.00    0.00   clock clk (rise edge)
                          0.00    0.00   clock network delay (ideal)
                          0.25    0.25   clock uncertainty
                          0.00    0.25   clock reconvergence pessimism
                         -4.00   -3.75   output external delay
                                 -3.75   data required time
-----------------------------------------------------------------------------
                                 -3.75   data required time
                                 -0.47   data arrival time
-----------------------------------------------------------------------------
                                  4.22   slack (MET)


Startpoint: _412_ (rising edge-triggered flip-flop clocked by clk)
Endpoint: last_opcode_out[3] (output port clocked by clk)
Path Group: clk
Path Type: min

Fanout     Cap    Slew   Delay    Time   Description
-----------------------------------------------------------------------------
                  0.15    0.00    0.00   clock clk (rise edge)
                          0.00    0.00   clock network delay (ideal)
                  0.15    0.00    0.00 ^ _412_/CLK (sky130_fd_sc_hd__dfrtp_2)
                  0.18    0.47    0.47 ^ _412_/Q (sky130_fd_sc_hd__dfrtp_2)
     2    0.04                           last_opcode_out[3] (net)
                  0.18    0.00    0.47 ^ last_opcode_out[3] (out)
                                  0.47   data arrival time

                  0.15    0.00    0.00   clock clk (rise edge)
                          0.00    0.00   clock network delay (ideal)
                          0.25    0.25   clock uncertainty
                          0.00    0.25   clock reconvergence pessimism
                         -4.00   -3.75   output external delay
                                 -3.75   data required time
-----------------------------------------------------------------------------
                                 -3.75   data required time
                                 -0.47   data arrival time
-----------------------------------------------------------------------------
                                  4.22   slack (MET)


Startpoint: _409_ (rising edge-triggered flip-flop clocked by clk)
Endpoint: A_out[7] (output port clocked by clk)
Path Group: clk
Path Type: min

Fanout     Cap    Slew   Delay    Time   Description
-----------------------------------------------------------------------------
                  0.15    0.00    0.00   clock clk (rise edge)
                          0.00    0.00   clock network delay (ideal)
                  0.15    0.00    0.00 ^ _409_/CLK (sky130_fd_sc_hd__dfrtp_2)
                  0.18    0.47    0.47 ^ _409_/Q (sky130_fd_sc_hd__dfrtp_2)
     3    0.04                           A_out[7] (net)
                  0.18    0.00    0.47 ^ A_out[7] (out)
                                  0.47   data arrival time

                  0.15    0.00    0.00   clock clk (rise edge)
                          0.00    0.00   clock network delay (ideal)
                          0.25    0.25   clock uncertainty
                          0.00    0.25   clock reconvergence pessimism
                         -4.00   -3.75   output external delay
                                 -3.75   data required time
-----------------------------------------------------------------------------
                                 -3.75   data required time
                                 -0.47   data arrival time
-----------------------------------------------------------------------------
                                  4.22   slack (MET)


Startpoint: _413_ (rising edge-triggered flip-flop clocked by clk)
Endpoint: last_opcode_out[6] (output port clocked by clk)
Path Group: clk
Path Type: min

Fanout     Cap    Slew   Delay    Time   Description
-----------------------------------------------------------------------------
                  0.15    0.00    0.00   clock clk (rise edge)
                          0.00    0.00   clock network delay (ideal)
                  0.15    0.00    0.00 ^ _413_/CLK (sky130_fd_sc_hd__dfrtp_2)
                  0.19    0.47    0.47 ^ _413_/Q (sky130_fd_sc_hd__dfrtp_2)
     3    0.04                           last_opcode_out[6] (net)
                  0.19    0.00    0.47 ^ last_opcode_out[6] (out)
                                  0.47   data arrival time

                  0.15    0.00    0.00   clock clk (rise edge)
                          0.00    0.00   clock network delay (ideal)
                          0.25    0.25   clock uncertainty
                          0.00    0.25   clock reconvergence pessimism
                         -4.00   -3.75   output external delay
                                 -3.75   data required time
-----------------------------------------------------------------------------
                                 -3.75   data required time
                                 -0.47   data arrival time
-----------------------------------------------------------------------------
                                  4.22   slack (MET)


Startpoint: _403_ (rising edge-triggered flip-flop clocked by clk)
Endpoint: A_out[1] (output port clocked by clk)
Path Group: clk
Path Type: min

Fanout     Cap    Slew   Delay    Time   Description
-----------------------------------------------------------------------------
                  0.15    0.00    0.00   clock clk (rise edge)
                          0.00    0.00   clock network delay (ideal)
                  0.15    0.00    0.00 ^ _403_/CLK (sky130_fd_sc_hd__dfrtp_2)
                  0.19    0.47    0.47 ^ _403_/Q (sky130_fd_sc_hd__dfrtp_2)
     3    0.04                           A_out[1] (net)
                  0.19    0.00    0.47 ^ A_out[1] (out)
                                  0.47   data arrival time

                  0.15    0.00    0.00   clock clk (rise edge)
                          0.00    0.00   clock network delay (ideal)
                          0.25    0.25   clock uncertainty
                          0.00    0.25   clock reconvergence pessimism
                         -4.00   -3.75   output external delay
                                 -3.75   data required time
-----------------------------------------------------------------------------
                                 -3.75   data required time
                                 -0.47   data arrival time
-----------------------------------------------------------------------------
                                  4.22   slack (MET)


Startpoint: _405_ (rising edge-triggered flip-flop clocked by clk)
Endpoint: A_out[3] (output port clocked by clk)
Path Group: clk
Path Type: min

Fanout     Cap    Slew   Delay    Time   Description
-----------------------------------------------------------------------------
                  0.15    0.00    0.00   clock clk (rise edge)
                          0.00    0.00   clock network delay (ideal)
                  0.15    0.00    0.00 ^ _405_/CLK (sky130_fd_sc_hd__dfrtp_2)
                  0.19    0.47    0.47 ^ _405_/Q (sky130_fd_sc_hd__dfrtp_2)
     3    0.04                           A_out[3] (net)
                  0.19    0.00    0.47 ^ A_out[3] (out)
                                  0.47   data arrival time

                  0.15    0.00    0.00   clock clk (rise edge)
                          0.00    0.00   clock network delay (ideal)
                          0.25    0.25   clock uncertainty
                          0.00    0.25   clock reconvergence pessimism
                         -4.00   -3.75   output external delay
                                 -3.75   data required time
-----------------------------------------------------------------------------
                                 -3.75   data required time
                                 -0.47   data arrival time
-----------------------------------------------------------------------------
                                  4.22   slack (MET)


Startpoint: _407_ (rising edge-triggered flip-flop clocked by clk)
Endpoint: A_out[5] (output port clocked by clk)
Path Group: clk
Path Type: min

Fanout     Cap    Slew   Delay    Time   Description
-----------------------------------------------------------------------------
                  0.15    0.00    0.00   clock clk (rise edge)
                          0.00    0.00   clock network delay (ideal)
                  0.15    0.00    0.00 ^ _407_/CLK (sky130_fd_sc_hd__dfrtp_2)
                  0.19    0.47    0.47 ^ _407_/Q (sky130_fd_sc_hd__dfrtp_2)
     3    0.04                           A_out[5] (net)
                  0.19    0.00    0.47 ^ A_out[5] (out)
                                  0.47   data arrival time

                  0.15    0.00    0.00   clock clk (rise edge)
                          0.00    0.00   clock network delay (ideal)
                          0.25    0.25   clock uncertainty
                          0.00    0.25   clock reconvergence pessimism
                         -4.00   -3.75   output external delay
                                 -3.75   data required time
-----------------------------------------------------------------------------
                                 -3.75   data required time
                                 -0.47   data arrival time
-----------------------------------------------------------------------------
                                  4.22   slack (MET)


Startpoint: _406_ (rising edge-triggered flip-flop clocked by clk)
Endpoint: A_out[4] (output port clocked by clk)
Path Group: clk
Path Type: min

Fanout     Cap    Slew   Delay    Time   Description
-----------------------------------------------------------------------------
                  0.15    0.00    0.00   clock clk (rise edge)
                          0.00    0.00   clock network delay (ideal)
                  0.15    0.00    0.00 ^ _406_/CLK (sky130_fd_sc_hd__dfrtp_2)
                  0.19    0.47    0.47 ^ _406_/Q (sky130_fd_sc_hd__dfrtp_2)
     3    0.04                           A_out[4] (net)
                  0.19    0.00    0.47 ^ A_out[4] (out)
                                  0.47   data arrival time

                  0.15    0.00    0.00   clock clk (rise edge)
                          0.00    0.00   clock network delay (ideal)
                          0.25    0.25   clock uncertainty
                          0.00    0.25   clock reconvergence pessimism
                         -4.00   -3.75   output external delay
                                 -3.75   data required time
-----------------------------------------------------------------------------
                                 -3.75   data required time
                                 -0.47   data arrival time
-----------------------------------------------------------------------------
                                  4.22   slack (MET)


Startpoint: _408_ (rising edge-triggered flip-flop clocked by clk)
Endpoint: A_out[6] (output port clocked by clk)
Path Group: clk
Path Type: min

Fanout     Cap    Slew   Delay    Time   Description
-----------------------------------------------------------------------------
                  0.15    0.00    0.00   clock clk (rise edge)
                          0.00    0.00   clock network delay (ideal)
                  0.15    0.00    0.00 ^ _408_/CLK (sky130_fd_sc_hd__dfrtp_2)
                  0.19    0.47    0.47 ^ _408_/Q (sky130_fd_sc_hd__dfrtp_2)
     3    0.04                           A_out[6] (net)
                  0.19    0.00    0.47 ^ A_out[6] (out)
                                  0.47   data arrival time

                  0.15    0.00    0.00   clock clk (rise edge)
                          0.00    0.00   clock network delay (ideal)
                          0.25    0.25   clock uncertainty
                          0.00    0.25   clock reconvergence pessimism
                         -4.00   -3.75   output external delay
                                 -3.75   data required time
-----------------------------------------------------------------------------
                                 -3.75   data required time
                                 -0.47   data arrival time
-----------------------------------------------------------------------------
                                  4.22   slack (MET)


Startpoint: _410_ (rising edge-triggered flip-flop clocked by clk)
Endpoint: last_opcode_out[1] (output port clocked by clk)
Path Group: clk
Path Type: min

Fanout     Cap    Slew   Delay    Time   Description
-----------------------------------------------------------------------------
                  0.15    0.00    0.00   clock clk (rise edge)
                          0.00    0.00   clock network delay (ideal)
                  0.15    0.00    0.00 ^ _410_/CLK (sky130_fd_sc_hd__dfrtp_2)
                  0.19    0.47    0.47 ^ _410_/Q (sky130_fd_sc_hd__dfrtp_2)
     3    0.04                           last_opcode_out[1] (net)
                  0.19    0.00    0.47 ^ last_opcode_out[1] (out)
                                  0.47   data arrival time

                  0.15    0.00    0.00   clock clk (rise edge)
                          0.00    0.00   clock network delay (ideal)
                          0.25    0.25   clock uncertainty
                          0.00    0.25   clock reconvergence pessimism
                         -4.00   -3.75   output external delay
                                 -3.75   data required time
-----------------------------------------------------------------------------
                                 -3.75   data required time
                                 -0.47   data arrival time
-----------------------------------------------------------------------------
                                  4.22   slack (MET)


Startpoint: _423_ (rising edge-triggered flip-flop clocked by clk)
Endpoint: B_out[5] (output port clocked by clk)
Path Group: clk
Path Type: min

Fanout     Cap    Slew   Delay    Time   Description
-----------------------------------------------------------------------------
                  0.15    0.00    0.00   clock clk (rise edge)
                          0.00    0.00   clock network delay (ideal)
                  0.15    0.00    0.00 ^ _423_/CLK (sky130_fd_sc_hd__dfrtp_2)
                  0.20    0.48    0.48 ^ _423_/Q (sky130_fd_sc_hd__dfrtp_2)
     3    0.04                           B_out[5] (net)
                  0.20    0.00    0.48 ^ B_out[5] (out)
                                  0.48   data arrival time

                  0.15    0.00    0.00   clock clk (rise edge)
                          0.00    0.00   clock network delay (ideal)
                          0.25    0.25   clock uncertainty
                          0.00    0.25   clock reconvergence pessimism
                         -4.00   -3.75   output external delay
                                 -3.75   data required time
-----------------------------------------------------------------------------
                                 -3.75   data required time
                                 -0.48   data arrival time
-----------------------------------------------------------------------------
                                  4.23   slack (MET)


Startpoint: _425_ (rising edge-triggered flip-flop clocked by clk)
Endpoint: B_out[7] (output port clocked by clk)
Path Group: clk
Path Type: min

Fanout     Cap    Slew   Delay    Time   Description
-----------------------------------------------------------------------------
                  0.15    0.00    0.00   clock clk (rise edge)
                          0.00    0.00   clock network delay (ideal)
                  0.15    0.00    0.00 ^ _425_/CLK (sky130_fd_sc_hd__dfrtp_2)
                  0.20    0.48    0.48 ^ _425_/Q (sky130_fd_sc_hd__dfrtp_2)
     3    0.04                           B_out[7] (net)
                  0.20    0.00    0.48 ^ B_out[7] (out)
                                  0.48   data arrival time

                  0.15    0.00    0.00   clock clk (rise edge)
                          0.00    0.00   clock network delay (ideal)
                          0.25    0.25   clock uncertainty
                          0.00    0.25   clock reconvergence pessimism
                         -4.00   -3.75   output external delay
                                 -3.75   data required time
-----------------------------------------------------------------------------
                                 -3.75   data required time
                                 -0.48   data arrival time
-----------------------------------------------------------------------------
                                  4.23   slack (MET)


Startpoint: _421_ (rising edge-triggered flip-flop clocked by clk)
Endpoint: B_out[3] (output port clocked by clk)
Path Group: clk
Path Type: min

Fanout     Cap    Slew   Delay    Time   Description
-----------------------------------------------------------------------------
                  0.15    0.00    0.00   clock clk (rise edge)
                          0.00    0.00   clock network delay (ideal)
                  0.15    0.00    0.00 ^ _421_/CLK (sky130_fd_sc_hd__dfrtp_2)
                  0.20    0.48    0.48 ^ _421_/Q (sky130_fd_sc_hd__dfrtp_2)
     4    0.04                           B_out[3] (net)
                  0.20    0.00    0.48 ^ B_out[3] (out)
                                  0.48   data arrival time

                  0.15    0.00    0.00   clock clk (rise edge)
                          0.00    0.00   clock network delay (ideal)
                          0.25    0.25   clock uncertainty
                          0.00    0.25   clock reconvergence pessimism
                         -4.00   -3.75   output external delay
                                 -3.75   data required time
-----------------------------------------------------------------------------
                                 -3.75   data required time
                                 -0.48   data arrival time
-----------------------------------------------------------------------------
                                  4.23   slack (MET)


Startpoint: _417_ (rising edge-triggered flip-flop clocked by clk)
Endpoint: flags_out[3] (output port clocked by clk)
Path Group: clk
Path Type: min

Fanout     Cap    Slew   Delay    Time   Description
-----------------------------------------------------------------------------
                  0.15    0.00    0.00   clock clk (rise edge)
                          0.00    0.00   clock network delay (ideal)
                  0.15    0.00    0.00 ^ _417_/CLK (sky130_fd_sc_hd__dfrtp_2)
                  0.20    0.48    0.48 ^ _417_/Q (sky130_fd_sc_hd__dfrtp_2)
     3    0.04                           flags_out[3] (net)
                  0.20    0.00    0.48 ^ flags_out[3] (out)
                                  0.48   data arrival time

                  0.15    0.00    0.00   clock clk (rise edge)
                          0.00    0.00   clock network delay (ideal)
                          0.25    0.25   clock uncertainty
                          0.00    0.25   clock reconvergence pessimism
                         -4.00   -3.75   output external delay
                                 -3.75   data required time
-----------------------------------------------------------------------------
                                 -3.75   data required time
                                 -0.48   data arrival time
-----------------------------------------------------------------------------
                                  4.23   slack (MET)


Startpoint: _419_ (rising edge-triggered flip-flop clocked by clk)
Endpoint: B_out[1] (output port clocked by clk)
Path Group: clk
Path Type: min

Fanout     Cap    Slew   Delay    Time   Description
-----------------------------------------------------------------------------
                  0.15    0.00    0.00   clock clk (rise edge)
                          0.00    0.00   clock network delay (ideal)
                  0.15    0.00    0.00 ^ _419_/CLK (sky130_fd_sc_hd__dfrtp_2)
                  0.21    0.49    0.49 ^ _419_/Q (sky130_fd_sc_hd__dfrtp_2)
     4    0.04                           B_out[1] (net)
                  0.21    0.00    0.49 ^ B_out[1] (out)
                                  0.49   data arrival time

                  0.15    0.00    0.00   clock clk (rise edge)
                          0.00    0.00   clock network delay (ideal)
                          0.25    0.25   clock uncertainty
                          0.00    0.25   clock reconvergence pessimism
                         -4.00   -3.75   output external delay
                                 -3.75   data required time
-----------------------------------------------------------------------------
                                 -3.75   data required time
                                 -0.49   data arrival time
-----------------------------------------------------------------------------
                                  4.24   slack (MET)


Startpoint: _404_ (rising edge-triggered flip-flop clocked by clk)
Endpoint: A_out[2] (output port clocked by clk)
Path Group: clk
Path Type: min

Fanout     Cap    Slew   Delay    Time   Description
-----------------------------------------------------------------------------
                  0.15    0.00    0.00   clock clk (rise edge)
                          0.00    0.00   clock network delay (ideal)
                  0.15    0.00    0.00 ^ _404_/CLK (sky130_fd_sc_hd__dfrtp_2)
                  0.21    0.49    0.49 ^ _404_/Q (sky130_fd_sc_hd__dfrtp_2)
     4    0.04                           A_out[2] (net)
                  0.21    0.00    0.49 ^ A_out[2] (out)
                                  0.49   data arrival time

                  0.15    0.00    0.00   clock clk (rise edge)
                          0.00    0.00   clock network delay (ideal)
                          0.25    0.25   clock uncertainty
                          0.00    0.25   clock reconvergence pessimism
                         -4.00   -3.75   output external delay
                                 -3.75   data required time
-----------------------------------------------------------------------------
                                 -3.75   data required time
                                 -0.49   data arrival time
-----------------------------------------------------------------------------
                                  4.24   slack (MET)


Startpoint: _402_ (rising edge-triggered flip-flop clocked by clk)
Endpoint: A_out[0] (output port clocked by clk)
Path Group: clk
Path Type: min

Fanout     Cap    Slew   Delay    Time   Description
-----------------------------------------------------------------------------
                  0.15    0.00    0.00   clock clk (rise edge)
                          0.00    0.00   clock network delay (ideal)
                  0.15    0.00    0.00 ^ _402_/CLK (sky130_fd_sc_hd__dfrtp_2)
                  0.21    0.49    0.49 ^ _402_/Q (sky130_fd_sc_hd__dfrtp_2)
     4    0.04                           A_out[0] (net)
                  0.21    0.00    0.49 ^ A_out[0] (out)
                                  0.49   data arrival time

                  0.15    0.00    0.00   clock clk (rise edge)
                          0.00    0.00   clock network delay (ideal)
                          0.25    0.25   clock uncertainty
                          0.00    0.25   clock reconvergence pessimism
                         -4.00   -3.75   output external delay
                                 -3.75   data required time
-----------------------------------------------------------------------------
                                 -3.75   data required time
                                 -0.49   data arrival time
-----------------------------------------------------------------------------
                                  4.24   slack (MET)


Startpoint: _422_ (rising edge-triggered flip-flop clocked by clk)
Endpoint: B_out[4] (output port clocked by clk)
Path Group: clk
Path Type: min

Fanout     Cap    Slew   Delay    Time   Description
-----------------------------------------------------------------------------
                  0.15    0.00    0.00   clock clk (rise edge)
                          0.00    0.00   clock network delay (ideal)
                  0.15    0.00    0.00 ^ _422_/CLK (sky130_fd_sc_hd__dfrtp_2)
                  0.22    0.49    0.49 ^ _422_/Q (sky130_fd_sc_hd__dfrtp_2)
     5    0.04                           B_out[4] (net)
                  0.22    0.00    0.49 ^ B_out[4] (out)
                                  0.49   data arrival time

                  0.15    0.00    0.00   clock clk (rise edge)
                          0.00    0.00   clock network delay (ideal)
                          0.25    0.25   clock uncertainty
                          0.00    0.25   clock reconvergence pessimism
                         -4.00   -3.75   output external delay
                                 -3.75   data required time
-----------------------------------------------------------------------------
                                 -3.75   data required time
                                 -0.49   data arrival time
-----------------------------------------------------------------------------
                                  4.24   slack (MET)


Startpoint: _420_ (rising edge-triggered flip-flop clocked by clk)
Endpoint: B_out[2] (output port clocked by clk)
Path Group: clk
Path Type: min

Fanout     Cap    Slew   Delay    Time   Description
-----------------------------------------------------------------------------
                  0.15    0.00    0.00   clock clk (rise edge)
                          0.00    0.00   clock network delay (ideal)
                  0.15    0.00    0.00 ^ _420_/CLK (sky130_fd_sc_hd__dfrtp_2)
                  0.23    0.50    0.50 ^ _420_/Q (sky130_fd_sc_hd__dfrtp_2)
     4    0.05                           B_out[2] (net)
                  0.23    0.00    0.50 ^ B_out[2] (out)
                                  0.50   data arrival time

                  0.15    0.00    0.00   clock clk (rise edge)
                          0.00    0.00   clock network delay (ideal)
                          0.25    0.25   clock uncertainty
                          0.00    0.25   clock reconvergence pessimism
                         -4.00   -3.75   output external delay
                                 -3.75   data required time
-----------------------------------------------------------------------------
                                 -3.75   data required time
                                 -0.50   data arrival time
-----------------------------------------------------------------------------
                                  4.25   slack (MET)


Startpoint: _424_ (rising edge-triggered flip-flop clocked by clk)
Endpoint: B_out[6] (output port clocked by clk)
Path Group: clk
Path Type: min

Fanout     Cap    Slew   Delay    Time   Description
-----------------------------------------------------------------------------
                  0.15    0.00    0.00   clock clk (rise edge)
                          0.00    0.00   clock network delay (ideal)
                  0.15    0.00    0.00 ^ _424_/CLK (sky130_fd_sc_hd__dfrtp_2)
                  0.24    0.50    0.50 ^ _424_/Q (sky130_fd_sc_hd__dfrtp_2)
     6    0.05                           B_out[6] (net)
                  0.24    0.00    0.50 ^ B_out[6] (out)
                                  0.50   data arrival time

                  0.15    0.00    0.00   clock clk (rise edge)
                          0.00    0.00   clock network delay (ideal)
                          0.25    0.25   clock uncertainty
                          0.00    0.25   clock reconvergence pessimism
                         -4.00   -3.75   output external delay
                                 -3.75   data required time
-----------------------------------------------------------------------------
                                 -3.75   data required time
                                 -0.50   data arrival time
-----------------------------------------------------------------------------
                                  4.25   slack (MET)


Startpoint: _418_ (rising edge-triggered flip-flop clocked by clk)
Endpoint: B_out[0] (output port clocked by clk)
Path Group: clk
Path Type: min

Fanout     Cap    Slew   Delay    Time   Description
-----------------------------------------------------------------------------
                  0.15    0.00    0.00   clock clk (rise edge)
                          0.00    0.00   clock network delay (ideal)
                  0.15    0.00    0.00 ^ _418_/CLK (sky130_fd_sc_hd__dfrtp_2)
                  0.14    0.51    0.51 v _418_/Q (sky130_fd_sc_hd__dfrtp_2)
     5    0.05                           B_out[0] (net)
                  0.14    0.00    0.51 v B_out[0] (out)
                                  0.51   data arrival time

                  0.15    0.00    0.00   clock clk (rise edge)
                          0.00    0.00   clock network delay (ideal)
                          0.25    0.25   clock uncertainty
                          0.00    0.25   clock reconvergence pessimism
                         -4.00   -3.75   output external delay
                                 -3.75   data required time
-----------------------------------------------------------------------------
                                 -3.75   data required time
                                 -0.51   data arrival time
-----------------------------------------------------------------------------
                                  4.26   slack (MET)


Startpoint: _413_ (rising edge-triggered flip-flop clocked by clk)
Endpoint: last_opcode_out[4] (output port clocked by clk)
Path Group: clk
Path Type: min

Fanout     Cap    Slew   Delay    Time   Description
-----------------------------------------------------------------------------
                  0.15    0.00    0.00   clock clk (rise edge)
                          0.00    0.00   clock network delay (ideal)
                  0.15    0.00    0.00 ^ _413_/CLK (sky130_fd_sc_hd__dfrtp_2)
                  0.12    0.49    0.49 v _413_/Q (sky130_fd_sc_hd__dfrtp_2)
     3    0.04                           last_opcode_out[6] (net)
                  0.12    0.00    0.49 v _428_/A (sky130_fd_sc_hd__buf_2)
                  0.09    0.20    0.69 v _428_/X (sky130_fd_sc_hd__buf_2)
     1    0.03                           last_opcode_out[4] (net)
                  0.09    0.00    0.69 v last_opcode_out[4] (out)
                                  0.69   data arrival time

                  0.15    0.00    0.00   clock clk (rise edge)
                          0.00    0.00   clock network delay (ideal)
                          0.25    0.25   clock uncertainty
                          0.00    0.25   clock reconvergence pessimism
                         -4.00   -3.75   output external delay
                                 -3.75   data required time
-----------------------------------------------------------------------------
                                 -3.75   data required time
                                 -0.69   data arrival time
-----------------------------------------------------------------------------
                                  4.44   slack (MET)


Startpoint: _410_ (rising edge-triggered flip-flop clocked by clk)
Endpoint: last_opcode_out[0] (output port clocked by clk)
Path Group: clk
Path Type: min

Fanout     Cap    Slew   Delay    Time   Description
-----------------------------------------------------------------------------
                  0.15    0.00    0.00   clock clk (rise edge)
                          0.00    0.00   clock network delay (ideal)
                  0.15    0.00    0.00 ^ _410_/CLK (sky130_fd_sc_hd__dfrtp_2)
                  0.12    0.49    0.49 v _410_/Q (sky130_fd_sc_hd__dfrtp_2)
     3    0.04                           last_opcode_out[1] (net)
                  0.12    0.00    0.49 v _427_/A (sky130_fd_sc_hd__buf_2)
                  0.09    0.20    0.69 v _427_/X (sky130_fd_sc_hd__buf_2)
     1    0.03                           last_opcode_out[0] (net)
                  0.09    0.00    0.69 v last_opcode_out[0] (out)
                                  0.69   data arrival time

                  0.15    0.00    0.00   clock clk (rise edge)
                          0.00    0.00   clock network delay (ideal)
                          0.25    0.25   clock uncertainty
                          0.00    0.25   clock reconvergence pessimism
                         -4.00   -3.75   output external delay
                                 -3.75   data required time
-----------------------------------------------------------------------------
                                 -3.75   data required time
                                 -0.69   data arrival time
-----------------------------------------------------------------------------
                                  4.44   slack (MET)



