
===========================================================================
report_checks -path_delay min (Hold)
============================================================================
======================= Typical Corner ===================================

Startpoint: _408_ (rising edge-triggered flip-flop clocked by clk)
Endpoint: _408_ (rising edge-triggered flip-flop clocked by clk)
Path Group: clk
Path Type: min

Fanout     Cap    Slew   Delay    Time   Description
-----------------------------------------------------------------------------
                          0.00    0.00   clock clk (rise edge)
                          0.00    0.00   clock source latency
                  0.20    0.14    0.14 ^ clk (in)
     1    0.04                           clk (net)
                  0.20    0.00    0.14 ^ clkbuf_0_clk/A (sky130_fd_sc_hd__clkbuf_16)
                  0.04    0.16    0.30 ^ clkbuf_0_clk/X (sky130_fd_sc_hd__clkbuf_16)
     2    0.02                           clknet_0_clk (net)
                  0.04    0.00    0.30 ^ clkbuf_1_0__f_clk/A (sky130_fd_sc_hd__clkbuf_16)
                  0.05    0.12    0.42 ^ clkbuf_1_0__f_clk/X (sky130_fd_sc_hd__clkbuf_16)
    14    0.03                           clknet_1_0__leaf_clk (net)
                  0.05    0.00    0.42 ^ _408_/CLK (sky130_fd_sc_hd__dfrtp_4)
                  0.06    0.38    0.80 ^ _408_/Q (sky130_fd_sc_hd__dfrtp_4)
     3    0.01                           net8 (net)
                  0.06    0.00    0.80 ^ _344_/A1 (sky130_fd_sc_hd__o21a_1)
                  0.04    0.11    0.91 ^ _344_/X (sky130_fd_sc_hd__o21a_1)
     1    0.00                           _034_ (net)
                  0.04    0.00    0.91 ^ _408_/D (sky130_fd_sc_hd__dfrtp_4)
                                  0.91   data arrival time

                          0.00    0.00   clock clk (rise edge)
                          0.00    0.00   clock source latency
                  0.20    0.15    0.15 ^ clk (in)
     1    0.04                           clk (net)
                  0.20    0.00    0.15 ^ clkbuf_0_clk/A (sky130_fd_sc_hd__clkbuf_16)
                  0.04    0.18    0.33 ^ clkbuf_0_clk/X (sky130_fd_sc_hd__clkbuf_16)
     2    0.02                           clknet_0_clk (net)
                  0.04    0.00    0.33 ^ clkbuf_1_0__f_clk/A (sky130_fd_sc_hd__clkbuf_16)
                  0.05    0.14    0.47 ^ clkbuf_1_0__f_clk/X (sky130_fd_sc_hd__clkbuf_16)
    14    0.03                           clknet_1_0__leaf_clk (net)
                  0.05    0.00    0.47 ^ _408_/CLK (sky130_fd_sc_hd__dfrtp_4)
                          0.25    0.72   clock uncertainty
                         -0.04    0.67   clock reconvergence pessimism
                         -0.03    0.64   library hold time
                                  0.64   data required time
-----------------------------------------------------------------------------
                                  0.64   data required time
                                 -0.91   data arrival time
-----------------------------------------------------------------------------
                                  0.27   slack (MET)


Startpoint: _399_ (rising edge-triggered flip-flop clocked by clk)
Endpoint: _398_ (rising edge-triggered flip-flop clocked by clk)
Path Group: clk
Path Type: min

Fanout     Cap    Slew   Delay    Time   Description
-----------------------------------------------------------------------------
                          0.00    0.00   clock clk (rise edge)
                          0.00    0.00   clock source latency
                  0.20    0.14    0.14 ^ clk (in)
     1    0.04                           clk (net)
                  0.20    0.00    0.14 ^ clkbuf_0_clk/A (sky130_fd_sc_hd__clkbuf_16)
                  0.04    0.16    0.30 ^ clkbuf_0_clk/X (sky130_fd_sc_hd__clkbuf_16)
     2    0.02                           clknet_0_clk (net)
                  0.04    0.00    0.30 ^ clkbuf_1_1__f_clk/A (sky130_fd_sc_hd__clkbuf_16)
                  0.05    0.12    0.42 ^ clkbuf_1_1__f_clk/X (sky130_fd_sc_hd__clkbuf_16)
    14    0.03                           clknet_1_1__leaf_clk (net)
                  0.05    0.00    0.42 ^ _399_/CLK (sky130_fd_sc_hd__dfrtp_4)
                  0.11    0.43    0.85 ^ _399_/Q (sky130_fd_sc_hd__dfrtp_4)
     9    0.03                           U_PC.pc[1] (net)
                  0.11    0.00    0.85 ^ _357_/A1 (sky130_fd_sc_hd__a21bo_1)
                  0.04    0.11    0.96 ^ _357_/X (sky130_fd_sc_hd__a21bo_1)
     1    0.00                           U_PC.next_pc[0] (net)
                  0.04    0.00    0.96 ^ _398_/D (sky130_fd_sc_hd__dfrtp_4)
                                  0.96   data arrival time

                          0.00    0.00   clock clk (rise edge)
                          0.00    0.00   clock source latency
                  0.20    0.15    0.15 ^ clk (in)
     1    0.04                           clk (net)
                  0.20    0.00    0.15 ^ clkbuf_0_clk/A (sky130_fd_sc_hd__clkbuf_16)
                  0.04    0.18    0.33 ^ clkbuf_0_clk/X (sky130_fd_sc_hd__clkbuf_16)
     2    0.02                           clknet_0_clk (net)
                  0.04    0.00    0.33 ^ clkbuf_1_1__f_clk/A (sky130_fd_sc_hd__clkbuf_16)
                  0.05    0.14    0.47 ^ clkbuf_1_1__f_clk/X (sky130_fd_sc_hd__clkbuf_16)
    14    0.03                           clknet_1_1__leaf_clk (net)
                  0.05    0.00    0.47 ^ _398_/CLK (sky130_fd_sc_hd__dfrtp_4)
                          0.25    0.72   clock uncertainty
                         -0.04    0.67   clock reconvergence pessimism
                         -0.03    0.64   library hold time
                                  0.64   data required time
-----------------------------------------------------------------------------
                                  0.64   data required time
                                 -0.96   data arrival time
-----------------------------------------------------------------------------
                                  0.32   slack (MET)


Startpoint: _418_ (rising edge-triggered flip-flop clocked by clk)
Endpoint: _418_ (rising edge-triggered flip-flop clocked by clk)
Path Group: clk
Path Type: min

Fanout     Cap    Slew   Delay    Time   Description
-----------------------------------------------------------------------------
                          0.00    0.00   clock clk (rise edge)
                          0.00    0.00   clock source latency
                  0.20    0.14    0.14 ^ clk (in)
     1    0.04                           clk (net)
                  0.20    0.00    0.14 ^ clkbuf_0_clk/A (sky130_fd_sc_hd__clkbuf_16)
                  0.04    0.16    0.30 ^ clkbuf_0_clk/X (sky130_fd_sc_hd__clkbuf_16)
     2    0.02                           clknet_0_clk (net)
                  0.04    0.00    0.30 ^ clkbuf_1_1__f_clk/A (sky130_fd_sc_hd__clkbuf_16)
                  0.05    0.12    0.42 ^ clkbuf_1_1__f_clk/X (sky130_fd_sc_hd__clkbuf_16)
    14    0.03                           clknet_1_1__leaf_clk (net)
                  0.05    0.00    0.42 ^ _418_/CLK (sky130_fd_sc_hd__dfrtp_4)
                  0.14    0.46    0.88 ^ _418_/Q (sky130_fd_sc_hd__dfrtp_4)
     5    0.04                           net10 (net)
                  0.14    0.00    0.88 ^ _301_/A1 (sky130_fd_sc_hd__a21oi_1)
                  0.05    0.08    0.96 v _301_/Y (sky130_fd_sc_hd__a21oi_1)
     1    0.00                           _044_ (net)
                  0.05    0.00    0.96 v _418_/D (sky130_fd_sc_hd__dfrtp_4)
                                  0.96   data arrival time

                          0.00    0.00   clock clk (rise edge)
                          0.00    0.00   clock source latency
                  0.20    0.15    0.15 ^ clk (in)
     1    0.04                           clk (net)
                  0.20    0.00    0.15 ^ clkbuf_0_clk/A (sky130_fd_sc_hd__clkbuf_16)
                  0.04    0.18    0.33 ^ clkbuf_0_clk/X (sky130_fd_sc_hd__clkbuf_16)
     2    0.02                           clknet_0_clk (net)
                  0.04    0.00    0.33 ^ clkbuf_1_1__f_clk/A (sky130_fd_sc_hd__clkbuf_16)
                  0.05    0.14    0.47 ^ clkbuf_1_1__f_clk/X (sky130_fd_sc_hd__clkbuf_16)
    14    0.03                           clknet_1_1__leaf_clk (net)
                  0.05    0.00    0.47 ^ _418_/CLK (sky130_fd_sc_hd__dfrtp_4)
                          0.25    0.72   clock uncertainty
                         -0.04    0.67   clock reconvergence pessimism
                         -0.04    0.63   library hold time
                                  0.63   data required time
-----------------------------------------------------------------------------
                                  0.63   data required time
                                 -0.96   data arrival time
-----------------------------------------------------------------------------
                                  0.33   slack (MET)


Startpoint: _415_ (rising edge-triggered flip-flop clocked by clk)
Endpoint: _415_ (rising edge-triggered flip-flop clocked by clk)
Path Group: clk
Path Type: min

Fanout     Cap    Slew   Delay    Time   Description
-----------------------------------------------------------------------------
                          0.00    0.00   clock clk (rise edge)
                          0.00    0.00   clock source latency
                  0.20    0.14    0.14 ^ clk (in)
     1    0.04                           clk (net)
                  0.20    0.00    0.14 ^ clkbuf_0_clk/A (sky130_fd_sc_hd__clkbuf_16)
                  0.04    0.16    0.30 ^ clkbuf_0_clk/X (sky130_fd_sc_hd__clkbuf_16)
     2    0.02                           clknet_0_clk (net)
                  0.04    0.00    0.30 ^ clkbuf_1_0__f_clk/A (sky130_fd_sc_hd__clkbuf_16)
                  0.05    0.12    0.42 ^ clkbuf_1_0__f_clk/X (sky130_fd_sc_hd__clkbuf_16)
    14    0.03                           clknet_1_0__leaf_clk (net)
                  0.05    0.00    0.42 ^ _415_/CLK (sky130_fd_sc_hd__dfrtp_4)
                  0.10    0.42    0.85 ^ _415_/Q (sky130_fd_sc_hd__dfrtp_4)
     2    0.02                           net19 (net)
                  0.10    0.00    0.85 ^ _327_/B2 (sky130_fd_sc_hd__a2bb2o_1)
                  0.04    0.13    0.97 ^ _327_/X (sky130_fd_sc_hd__a2bb2o_1)
     1    0.00                           _041_ (net)
                  0.04    0.00    0.97 ^ _415_/D (sky130_fd_sc_hd__dfrtp_4)
                                  0.97   data arrival time

                          0.00    0.00   clock clk (rise edge)
                          0.00    0.00   clock source latency
                  0.20    0.15    0.15 ^ clk (in)
     1    0.04                           clk (net)
                  0.20    0.00    0.15 ^ clkbuf_0_clk/A (sky130_fd_sc_hd__clkbuf_16)
                  0.04    0.18    0.33 ^ clkbuf_0_clk/X (sky130_fd_sc_hd__clkbuf_16)
     2    0.02                           clknet_0_clk (net)
                  0.04    0.00    0.33 ^ clkbuf_1_0__f_clk/A (sky130_fd_sc_hd__clkbuf_16)
                  0.05    0.14    0.47 ^ clkbuf_1_0__f_clk/X (sky130_fd_sc_hd__clkbuf_16)
    14    0.03                           clknet_1_0__leaf_clk (net)
                  0.05    0.00    0.47 ^ _415_/CLK (sky130_fd_sc_hd__dfrtp_4)
                          0.25    0.72   clock uncertainty
                         -0.04    0.67   clock reconvergence pessimism
                         -0.03    0.64   library hold time
                                  0.64   data required time
-----------------------------------------------------------------------------
                                  0.64   data required time
                                 -0.97   data arrival time
-----------------------------------------------------------------------------
                                  0.33   slack (MET)


Startpoint: _417_ (rising edge-triggered flip-flop clocked by clk)
Endpoint: _417_ (rising edge-triggered flip-flop clocked by clk)
Path Group: clk
Path Type: min

Fanout     Cap    Slew   Delay    Time   Description
-----------------------------------------------------------------------------
                          0.00    0.00   clock clk (rise edge)
                          0.00    0.00   clock source latency
                  0.20    0.14    0.14 ^ clk (in)
     1    0.04                           clk (net)
                  0.20    0.00    0.14 ^ clkbuf_0_clk/A (sky130_fd_sc_hd__clkbuf_16)
                  0.04    0.16    0.30 ^ clkbuf_0_clk/X (sky130_fd_sc_hd__clkbuf_16)
     2    0.02                           clknet_0_clk (net)
                  0.04    0.00    0.30 ^ clkbuf_1_0__f_clk/A (sky130_fd_sc_hd__clkbuf_16)
                  0.05    0.12    0.42 ^ clkbuf_1_0__f_clk/X (sky130_fd_sc_hd__clkbuf_16)
    14    0.03                           clknet_1_0__leaf_clk (net)
                  0.05    0.00    0.42 ^ _417_/CLK (sky130_fd_sc_hd__dfrtp_4)
                  0.11    0.43    0.85 ^ _417_/Q (sky130_fd_sc_hd__dfrtp_4)
     3    0.03                           net21 (net)
                  0.11    0.00    0.85 ^ _313_/A (sky130_fd_sc_hd__nand2_1)
                  0.04    0.06    0.91 v _313_/Y (sky130_fd_sc_hd__nand2_1)
     1    0.00                           _146_ (net)
                  0.04    0.00    0.91 v _314_/B1 (sky130_fd_sc_hd__o41ai_1)
                  0.06    0.06    0.97 ^ _314_/Y (sky130_fd_sc_hd__o41ai_1)
     1    0.00                           _043_ (net)
                  0.06    0.00    0.97 ^ _417_/D (sky130_fd_sc_hd__dfrtp_4)
                                  0.97   data arrival time

                          0.00    0.00   clock clk (rise edge)
                          0.00    0.00   clock source latency
                  0.20    0.15    0.15 ^ clk (in)
     1    0.04                           clk (net)
                  0.20    0.00    0.15 ^ clkbuf_0_clk/A (sky130_fd_sc_hd__clkbuf_16)
                  0.04    0.18    0.33 ^ clkbuf_0_clk/X (sky130_fd_sc_hd__clkbuf_16)
     2    0.02                           clknet_0_clk (net)
                  0.04    0.00    0.33 ^ clkbuf_1_0__f_clk/A (sky130_fd_sc_hd__clkbuf_16)
                  0.05    0.14    0.47 ^ clkbuf_1_0__f_clk/X (sky130_fd_sc_hd__clkbuf_16)
    14    0.03                           clknet_1_0__leaf_clk (net)
                  0.05    0.00    0.47 ^ _417_/CLK (sky130_fd_sc_hd__dfrtp_4)
                          0.25    0.72   clock uncertainty
                         -0.04    0.67   clock reconvergence pessimism
                         -0.04    0.64   library hold time
                                  0.64   data required time
-----------------------------------------------------------------------------
                                  0.64   data required time
                                 -0.97   data arrival time
-----------------------------------------------------------------------------
                                  0.34   slack (MET)


Startpoint: _403_ (rising edge-triggered flip-flop clocked by clk)
Endpoint: _403_ (rising edge-triggered flip-flop clocked by clk)
Path Group: clk
Path Type: min

Fanout     Cap    Slew   Delay    Time   Description
-----------------------------------------------------------------------------
                          0.00    0.00   clock clk (rise edge)
                          0.00    0.00   clock source latency
                  0.20    0.14    0.14 ^ clk (in)
     1    0.04                           clk (net)
                  0.20    0.00    0.14 ^ clkbuf_0_clk/A (sky130_fd_sc_hd__clkbuf_16)
                  0.04    0.16    0.30 ^ clkbuf_0_clk/X (sky130_fd_sc_hd__clkbuf_16)
     2    0.02                           clknet_0_clk (net)
                  0.04    0.00    0.30 ^ clkbuf_1_1__f_clk/A (sky130_fd_sc_hd__clkbuf_16)
                  0.05    0.12    0.42 ^ clkbuf_1_1__f_clk/X (sky130_fd_sc_hd__clkbuf_16)
    14    0.03                           clknet_1_1__leaf_clk (net)
                  0.05    0.00    0.42 ^ _403_/CLK (sky130_fd_sc_hd__dfrtp_4)
                  0.05    0.37    0.80 ^ _403_/Q (sky130_fd_sc_hd__dfrtp_4)
     3    0.01                           net3 (net)
                  0.05    0.00    0.80 ^ _353_/A0 (sky130_fd_sc_hd__mux2_1)
                  0.04    0.11    0.91 ^ _353_/X (sky130_fd_sc_hd__mux2_1)
     1    0.00                           _172_ (net)
                  0.04    0.00    0.91 ^ _354_/A (sky130_fd_sc_hd__clkbuf_1)
                  0.04    0.07    0.99 ^ _354_/X (sky130_fd_sc_hd__clkbuf_1)
     1    0.00                           _029_ (net)
                  0.04    0.00    0.99 ^ _403_/D (sky130_fd_sc_hd__dfrtp_4)
                                  0.99   data arrival time

                          0.00    0.00   clock clk (rise edge)
                          0.00    0.00   clock source latency
                  0.20    0.15    0.15 ^ clk (in)
     1    0.04                           clk (net)
                  0.20    0.00    0.15 ^ clkbuf_0_clk/A (sky130_fd_sc_hd__clkbuf_16)
                  0.04    0.18    0.33 ^ clkbuf_0_clk/X (sky130_fd_sc_hd__clkbuf_16)
     2    0.02                           clknet_0_clk (net)
                  0.04    0.00    0.33 ^ clkbuf_1_1__f_clk/A (sky130_fd_sc_hd__clkbuf_16)
                  0.05    0.14    0.47 ^ clkbuf_1_1__f_clk/X (sky130_fd_sc_hd__clkbuf_16)
    14    0.03                           clknet_1_1__leaf_clk (net)
                  0.05    0.00    0.47 ^ _403_/CLK (sky130_fd_sc_hd__dfrtp_4)
                          0.25    0.72   clock uncertainty
                         -0.04    0.67   clock reconvergence pessimism
                         -0.03    0.64   library hold time
                                  0.64   data required time
-----------------------------------------------------------------------------
                                  0.64   data required time
                                 -0.99   data arrival time
-----------------------------------------------------------------------------
                                  0.35   slack (MET)


Startpoint: _405_ (rising edge-triggered flip-flop clocked by clk)
Endpoint: _405_ (rising edge-triggered flip-flop clocked by clk)
Path Group: clk
Path Type: min

Fanout     Cap    Slew   Delay    Time   Description
-----------------------------------------------------------------------------
                          0.00    0.00   clock clk (rise edge)
                          0.00    0.00   clock source latency
                  0.20    0.14    0.14 ^ clk (in)
     1    0.04                           clk (net)
                  0.20    0.00    0.14 ^ clkbuf_0_clk/A (sky130_fd_sc_hd__clkbuf_16)
                  0.04    0.16    0.30 ^ clkbuf_0_clk/X (sky130_fd_sc_hd__clkbuf_16)
     2    0.02                           clknet_0_clk (net)
                  0.04    0.00    0.30 ^ clkbuf_1_1__f_clk/A (sky130_fd_sc_hd__clkbuf_16)
                  0.05    0.12    0.42 ^ clkbuf_1_1__f_clk/X (sky130_fd_sc_hd__clkbuf_16)
    14    0.03                           clknet_1_1__leaf_clk (net)
                  0.05    0.00    0.42 ^ _405_/CLK (sky130_fd_sc_hd__dfrtp_4)
                  0.05    0.37    0.80 ^ _405_/Q (sky130_fd_sc_hd__dfrtp_4)
     3    0.01                           net5 (net)
                  0.05    0.00    0.80 ^ _349_/A0 (sky130_fd_sc_hd__mux2_1)
                  0.04    0.11    0.91 ^ _349_/X (sky130_fd_sc_hd__mux2_1)
     1    0.00                           _170_ (net)
                  0.04    0.00    0.91 ^ _350_/A (sky130_fd_sc_hd__clkbuf_1)
                  0.04    0.08    0.98 ^ _350_/X (sky130_fd_sc_hd__clkbuf_1)
     1    0.00                           _031_ (net)
                  0.04    0.00    0.98 ^ _405_/D (sky130_fd_sc_hd__dfrtp_4)
                                  0.98   data arrival time

                          0.00    0.00   clock clk (rise edge)
                          0.00    0.00   clock source latency
                  0.20    0.15    0.15 ^ clk (in)
     1    0.04                           clk (net)
                  0.20    0.00    0.15 ^ clkbuf_0_clk/A (sky130_fd_sc_hd__clkbuf_16)
                  0.04    0.18    0.33 ^ clkbuf_0_clk/X (sky130_fd_sc_hd__clkbuf_16)
     2    0.02                           clknet_0_clk (net)
                  0.04    0.00    0.33 ^ clkbuf_1_1__f_clk/A (sky130_fd_sc_hd__clkbuf_16)
                  0.05    0.14    0.47 ^ clkbuf_1_1__f_clk/X (sky130_fd_sc_hd__clkbuf_16)
    14    0.03                           clknet_1_1__leaf_clk (net)
                  0.05    0.00    0.47 ^ _405_/CLK (sky130_fd_sc_hd__dfrtp_4)
                          0.25    0.72   clock uncertainty
                         -0.04    0.67   clock reconvergence pessimism
                         -0.03    0.64   library hold time
                                  0.64   data required time
-----------------------------------------------------------------------------
                                  0.64   data required time
                                 -0.98   data arrival time
-----------------------------------------------------------------------------
                                  0.35   slack (MET)


Startpoint: _407_ (rising edge-triggered flip-flop clocked by clk)
Endpoint: _407_ (rising edge-triggered flip-flop clocked by clk)
Path Group: clk
Path Type: min

Fanout     Cap    Slew   Delay    Time   Description
-----------------------------------------------------------------------------
                          0.00    0.00   clock clk (rise edge)
                          0.00    0.00   clock source latency
                  0.20    0.14    0.14 ^ clk (in)
     1    0.04                           clk (net)
                  0.20    0.00    0.14 ^ clkbuf_0_clk/A (sky130_fd_sc_hd__clkbuf_16)
                  0.04    0.16    0.30 ^ clkbuf_0_clk/X (sky130_fd_sc_hd__clkbuf_16)
     2    0.02                           clknet_0_clk (net)
                  0.04    0.00    0.30 ^ clkbuf_1_0__f_clk/A (sky130_fd_sc_hd__clkbuf_16)
                  0.05    0.12    0.42 ^ clkbuf_1_0__f_clk/X (sky130_fd_sc_hd__clkbuf_16)
    14    0.03                           clknet_1_0__leaf_clk (net)
                  0.05    0.00    0.42 ^ _407_/CLK (sky130_fd_sc_hd__dfrtp_4)
                  0.05    0.37    0.80 ^ _407_/Q (sky130_fd_sc_hd__dfrtp_4)
     3    0.00                           net7 (net)
                  0.05    0.00    0.80 ^ _345_/A0 (sky130_fd_sc_hd__mux2_1)
                  0.05    0.12    0.91 ^ _345_/X (sky130_fd_sc_hd__mux2_1)
     1    0.00                           _168_ (net)
                  0.05    0.00    0.91 ^ _346_/A (sky130_fd_sc_hd__clkbuf_1)
                  0.04    0.08    0.99 ^ _346_/X (sky130_fd_sc_hd__clkbuf_1)
     1    0.00                           _033_ (net)
                  0.04    0.00    0.99 ^ _407_/D (sky130_fd_sc_hd__dfrtp_4)
                                  0.99   data arrival time

                          0.00    0.00   clock clk (rise edge)
                          0.00    0.00   clock source latency
                  0.20    0.15    0.15 ^ clk (in)
     1    0.04                           clk (net)
                  0.20    0.00    0.15 ^ clkbuf_0_clk/A (sky130_fd_sc_hd__clkbuf_16)
                  0.04    0.18    0.33 ^ clkbuf_0_clk/X (sky130_fd_sc_hd__clkbuf_16)
     2    0.02                           clknet_0_clk (net)
                  0.04    0.00    0.33 ^ clkbuf_1_0__f_clk/A (sky130_fd_sc_hd__clkbuf_16)
                  0.05    0.14    0.47 ^ clkbuf_1_0__f_clk/X (sky130_fd_sc_hd__clkbuf_16)
    14    0.03                           clknet_1_0__leaf_clk (net)
                  0.05    0.00    0.47 ^ _407_/CLK (sky130_fd_sc_hd__dfrtp_4)
                          0.25    0.72   clock uncertainty
                         -0.04    0.67   clock reconvergence pessimism
                         -0.03    0.64   library hold time
                                  0.64   data required time
-----------------------------------------------------------------------------
                                  0.64   data required time
                                 -0.99   data arrival time
-----------------------------------------------------------------------------
                                  0.35   slack (MET)


Startpoint: _424_ (rising edge-triggered flip-flop clocked by clk)
Endpoint: _424_ (rising edge-triggered flip-flop clocked by clk)
Path Group: clk
Path Type: min

Fanout     Cap    Slew   Delay    Time   Description
-----------------------------------------------------------------------------
                          0.00    0.00   clock clk (rise edge)
                          0.00    0.00   clock source latency
                  0.20    0.14    0.14 ^ clk (in)
     1    0.04                           clk (net)
                  0.20    0.00    0.14 ^ clkbuf_0_clk/A (sky130_fd_sc_hd__clkbuf_16)
                  0.04    0.16    0.30 ^ clkbuf_0_clk/X (sky130_fd_sc_hd__clkbuf_16)
     2    0.02                           clknet_0_clk (net)
                  0.04    0.00    0.30 ^ clkbuf_1_0__f_clk/A (sky130_fd_sc_hd__clkbuf_16)
                  0.05    0.12    0.42 ^ clkbuf_1_0__f_clk/X (sky130_fd_sc_hd__clkbuf_16)
    14    0.03                           clknet_1_0__leaf_clk (net)
                  0.05    0.00    0.42 ^ _424_/CLK (sky130_fd_sc_hd__dfrtp_4)
                  0.13    0.45    0.87 ^ _424_/Q (sky130_fd_sc_hd__dfrtp_4)
     6    0.04                           net16 (net)
                  0.13    0.00    0.87 ^ _272_/A1 (sky130_fd_sc_hd__a21o_1)
                  0.04    0.12    0.99 ^ _272_/X (sky130_fd_sc_hd__a21o_1)
     1    0.00                           _050_ (net)
                  0.04    0.00    0.99 ^ _424_/D (sky130_fd_sc_hd__dfrtp_4)
                                  0.99   data arrival time

                          0.00    0.00   clock clk (rise edge)
                          0.00    0.00   clock source latency
                  0.20    0.15    0.15 ^ clk (in)
     1    0.04                           clk (net)
                  0.20    0.00    0.15 ^ clkbuf_0_clk/A (sky130_fd_sc_hd__clkbuf_16)
                  0.04    0.18    0.33 ^ clkbuf_0_clk/X (sky130_fd_sc_hd__clkbuf_16)
     2    0.02                           clknet_0_clk (net)
                  0.04    0.00    0.33 ^ clkbuf_1_0__f_clk/A (sky130_fd_sc_hd__clkbuf_16)
                  0.05    0.14    0.47 ^ clkbuf_1_0__f_clk/X (sky130_fd_sc_hd__clkbuf_16)
    14    0.03                           clknet_1_0__leaf_clk (net)
                  0.05    0.00    0.47 ^ _424_/CLK (sky130_fd_sc_hd__dfrtp_4)
                          0.25    0.72   clock uncertainty
                         -0.04    0.67   clock reconvergence pessimism
                         -0.03    0.64   library hold time
                                  0.64   data required time
-----------------------------------------------------------------------------
                                  0.64   data required time
                                 -0.99   data arrival time
-----------------------------------------------------------------------------
                                  0.35   slack (MET)


Startpoint: _414_ (rising edge-triggered flip-flop clocked by clk)
Endpoint: _414_ (rising edge-triggered flip-flop clocked by clk)
Path Group: clk
Path Type: min

Fanout     Cap    Slew   Delay    Time   Description
-----------------------------------------------------------------------------
                          0.00    0.00   clock clk (rise edge)
                          0.00    0.00   clock source latency
                  0.20    0.14    0.14 ^ clk (in)
     1    0.04                           clk (net)
                  0.20    0.00    0.14 ^ clkbuf_0_clk/A (sky130_fd_sc_hd__clkbuf_16)
                  0.04    0.16    0.30 ^ clkbuf_0_clk/X (sky130_fd_sc_hd__clkbuf_16)
     2    0.02                           clknet_0_clk (net)
                  0.04    0.00    0.30 ^ clkbuf_1_0__f_clk/A (sky130_fd_sc_hd__clkbuf_16)
                  0.05    0.12    0.42 ^ clkbuf_1_0__f_clk/X (sky130_fd_sc_hd__clkbuf_16)
    14    0.03                           clknet_1_0__leaf_clk (net)
                  0.05    0.00    0.42 ^ _414_/CLK (sky130_fd_sc_hd__dfrtp_4)
                  0.11    0.43    0.86 ^ _414_/Q (sky130_fd_sc_hd__dfrtp_4)
     2    0.03                           net18 (net)
                  0.11    0.00    0.86 ^ _333_/B2 (sky130_fd_sc_hd__a2bb2o_1)
                  0.05    0.14    1.00 ^ _333_/X (sky130_fd_sc_hd__a2bb2o_1)
     1    0.00                           _040_ (net)
                  0.05    0.00    1.00 ^ _414_/D (sky130_fd_sc_hd__dfrtp_4)
                                  1.00   data arrival time

                          0.00    0.00   clock clk (rise edge)
                          0.00    0.00   clock source latency
                  0.20    0.15    0.15 ^ clk (in)
     1    0.04                           clk (net)
                  0.20    0.00    0.15 ^ clkbuf_0_clk/A (sky130_fd_sc_hd__clkbuf_16)
                  0.04    0.18    0.33 ^ clkbuf_0_clk/X (sky130_fd_sc_hd__clkbuf_16)
     2    0.02                           clknet_0_clk (net)
                  0.04    0.00    0.33 ^ clkbuf_1_0__f_clk/A (sky130_fd_sc_hd__clkbuf_16)
                  0.05    0.14    0.47 ^ clkbuf_1_0__f_clk/X (sky130_fd_sc_hd__clkbuf_16)
    14    0.03                           clknet_1_0__leaf_clk (net)
                  0.05    0.00    0.47 ^ _414_/CLK (sky130_fd_sc_hd__dfrtp_4)
                          0.25    0.72   clock uncertainty
                         -0.04    0.67   clock reconvergence pessimism
                         -0.03    0.64   library hold time
                                  0.64   data required time
-----------------------------------------------------------------------------
                                  0.64   data required time
                                 -1.00   data arrival time
-----------------------------------------------------------------------------
                                  0.36   slack (MET)


Startpoint: _416_ (rising edge-triggered flip-flop clocked by clk)
Endpoint: _416_ (rising edge-triggered flip-flop clocked by clk)
Path Group: clk
Path Type: min

Fanout     Cap    Slew   Delay    Time   Description
-----------------------------------------------------------------------------
                          0.00    0.00   clock clk (rise edge)
                          0.00    0.00   clock source latency
                  0.20    0.14    0.14 ^ clk (in)
     1    0.04                           clk (net)
                  0.20    0.00    0.14 ^ clkbuf_0_clk/A (sky130_fd_sc_hd__clkbuf_16)
                  0.04    0.16    0.30 ^ clkbuf_0_clk/X (sky130_fd_sc_hd__clkbuf_16)
     2    0.02                           clknet_0_clk (net)
                  0.04    0.00    0.30 ^ clkbuf_1_0__f_clk/A (sky130_fd_sc_hd__clkbuf_16)
                  0.05    0.12    0.42 ^ clkbuf_1_0__f_clk/X (sky130_fd_sc_hd__clkbuf_16)
    14    0.03                           clknet_1_0__leaf_clk (net)
                  0.05    0.00    0.42 ^ _416_/CLK (sky130_fd_sc_hd__dfrtp_4)
                  0.05    0.37    0.79 ^ _416_/Q (sky130_fd_sc_hd__dfrtp_4)
     2    0.00                           net20 (net)
                  0.05    0.00    0.79 ^ _316_/A (sky130_fd_sc_hd__or2_1)
                  0.04    0.09    0.88 ^ _316_/X (sky130_fd_sc_hd__or2_1)
     1    0.00                           _148_ (net)
                  0.04    0.00    0.88 ^ _317_/B1 (sky130_fd_sc_hd__o31a_1)
                  0.05    0.12    1.00 ^ _317_/X (sky130_fd_sc_hd__o31a_1)
     1    0.00                           _042_ (net)
                  0.05    0.00    1.00 ^ _416_/D (sky130_fd_sc_hd__dfrtp_4)
                                  1.00   data arrival time

                          0.00    0.00   clock clk (rise edge)
                          0.00    0.00   clock source latency
                  0.20    0.15    0.15 ^ clk (in)
     1    0.04                           clk (net)
                  0.20    0.00    0.15 ^ clkbuf_0_clk/A (sky130_fd_sc_hd__clkbuf_16)
                  0.04    0.18    0.33 ^ clkbuf_0_clk/X (sky130_fd_sc_hd__clkbuf_16)
     2    0.02                           clknet_0_clk (net)
                  0.04    0.00    0.33 ^ clkbuf_1_0__f_clk/A (sky130_fd_sc_hd__clkbuf_16)
                  0.05    0.14    0.47 ^ clkbuf_1_0__f_clk/X (sky130_fd_sc_hd__clkbuf_16)
    14    0.03                           clknet_1_0__leaf_clk (net)
                  0.05    0.00    0.47 ^ _416_/CLK (sky130_fd_sc_hd__dfrtp_4)
                          0.25    0.72   clock uncertainty
                         -0.04    0.67   clock reconvergence pessimism
                         -0.04    0.64   library hold time
                                  0.64   data required time
-----------------------------------------------------------------------------
                                  0.64   data required time
                                 -1.00   data arrival time
-----------------------------------------------------------------------------
                                  0.36   slack (MET)


Startpoint: _413_ (rising edge-triggered flip-flop clocked by clk)
Endpoint: _413_ (rising edge-triggered flip-flop clocked by clk)
Path Group: clk
Path Type: min

Fanout     Cap    Slew   Delay    Time   Description
-----------------------------------------------------------------------------
                          0.00    0.00   clock clk (rise edge)
                          0.00    0.00   clock source latency
                  0.20    0.14    0.14 ^ clk (in)
     1    0.04                           clk (net)
                  0.20    0.00    0.14 ^ clkbuf_0_clk/A (sky130_fd_sc_hd__clkbuf_16)
                  0.04    0.16    0.30 ^ clkbuf_0_clk/X (sky130_fd_sc_hd__clkbuf_16)
     2    0.02                           clknet_0_clk (net)
                  0.04    0.00    0.30 ^ clkbuf_1_0__f_clk/A (sky130_fd_sc_hd__clkbuf_16)
                  0.05    0.12    0.42 ^ clkbuf_1_0__f_clk/X (sky130_fd_sc_hd__clkbuf_16)
    14    0.03                           clknet_1_0__leaf_clk (net)
                  0.05    0.00    0.42 ^ _413_/CLK (sky130_fd_sc_hd__dfrtp_4)
                  0.06    0.38    0.80 ^ _413_/Q (sky130_fd_sc_hd__dfrtp_4)
     3    0.01                           net27 (net)
                  0.06    0.00    0.80 ^ _334_/A (sky130_fd_sc_hd__and3_1)
                  0.05    0.13    0.93 ^ _334_/X (sky130_fd_sc_hd__and3_1)
     1    0.00                           _163_ (net)
                  0.05    0.00    0.93 ^ _335_/A (sky130_fd_sc_hd__clkbuf_1)
                  0.05    0.08    1.01 ^ _335_/X (sky130_fd_sc_hd__clkbuf_1)
     1    0.00                           _039_ (net)
                  0.05    0.00    1.01 ^ _413_/D (sky130_fd_sc_hd__dfrtp_4)
                                  1.01   data arrival time

                          0.00    0.00   clock clk (rise edge)
                          0.00    0.00   clock source latency
                  0.20    0.15    0.15 ^ clk (in)
     1    0.04                           clk (net)
                  0.20    0.00    0.15 ^ clkbuf_0_clk/A (sky130_fd_sc_hd__clkbuf_16)
                  0.04    0.18    0.33 ^ clkbuf_0_clk/X (sky130_fd_sc_hd__clkbuf_16)
     2    0.02                           clknet_0_clk (net)
                  0.04    0.00    0.33 ^ clkbuf_1_0__f_clk/A (sky130_fd_sc_hd__clkbuf_16)
                  0.05    0.14    0.47 ^ clkbuf_1_0__f_clk/X (sky130_fd_sc_hd__clkbuf_16)
    14    0.03                           clknet_1_0__leaf_clk (net)
                  0.05    0.00    0.47 ^ _413_/CLK (sky130_fd_sc_hd__dfrtp_4)
                          0.25    0.72   clock uncertainty
                         -0.04    0.67   clock reconvergence pessimism
                         -0.03    0.64   library hold time
                                  0.64   data required time
-----------------------------------------------------------------------------
                                  0.64   data required time
                                 -1.01   data arrival time
-----------------------------------------------------------------------------
                                  0.37   slack (MET)


Startpoint: _411_ (rising edge-triggered flip-flop clocked by clk)
Endpoint: _411_ (rising edge-triggered flip-flop clocked by clk)
Path Group: clk
Path Type: min

Fanout     Cap    Slew   Delay    Time   Description
-----------------------------------------------------------------------------
                          0.00    0.00   clock clk (rise edge)
                          0.00    0.00   clock source latency
                  0.20    0.14    0.14 ^ clk (in)
     1    0.04                           clk (net)
                  0.20    0.00    0.14 ^ clkbuf_0_clk/A (sky130_fd_sc_hd__clkbuf_16)
                  0.04    0.16    0.30 ^ clkbuf_0_clk/X (sky130_fd_sc_hd__clkbuf_16)
     2    0.02                           clknet_0_clk (net)
                  0.04    0.00    0.30 ^ clkbuf_1_1__f_clk/A (sky130_fd_sc_hd__clkbuf_16)
                  0.05    0.12    0.42 ^ clkbuf_1_1__f_clk/X (sky130_fd_sc_hd__clkbuf_16)
    14    0.03                           clknet_1_1__leaf_clk (net)
                  0.05    0.00    0.42 ^ _411_/CLK (sky130_fd_sc_hd__dfrtp_4)
                  0.05    0.37    0.79 ^ _411_/Q (sky130_fd_sc_hd__dfrtp_4)
     2    0.00                           net24 (net)
                  0.05    0.00    0.79 ^ _337_/A (sky130_fd_sc_hd__and3_1)
                  0.06    0.14    0.93 ^ _337_/X (sky130_fd_sc_hd__and3_1)
     1    0.00                           _164_ (net)
                  0.06    0.00    0.93 ^ _338_/A (sky130_fd_sc_hd__clkbuf_1)
                  0.05    0.09    1.02 ^ _338_/X (sky130_fd_sc_hd__clkbuf_1)
     1    0.00                           _037_ (net)
                  0.05    0.00    1.02 ^ _411_/D (sky130_fd_sc_hd__dfrtp_4)
                                  1.02   data arrival time

                          0.00    0.00   clock clk (rise edge)
                          0.00    0.00   clock source latency
                  0.20    0.15    0.15 ^ clk (in)
     1    0.04                           clk (net)
                  0.20    0.00    0.15 ^ clkbuf_0_clk/A (sky130_fd_sc_hd__clkbuf_16)
                  0.04    0.18    0.33 ^ clkbuf_0_clk/X (sky130_fd_sc_hd__clkbuf_16)
     2    0.02                           clknet_0_clk (net)
                  0.04    0.00    0.33 ^ clkbuf_1_1__f_clk/A (sky130_fd_sc_hd__clkbuf_16)
                  0.05    0.14    0.47 ^ clkbuf_1_1__f_clk/X (sky130_fd_sc_hd__clkbuf_16)
    14    0.03                           clknet_1_1__leaf_clk (net)
                  0.05    0.00    0.47 ^ _411_/CLK (sky130_fd_sc_hd__dfrtp_4)
                          0.25    0.72   clock uncertainty
                         -0.04    0.67   clock reconvergence pessimism
                         -0.04    0.64   library hold time
                                  0.64   data required time
-----------------------------------------------------------------------------
                                  0.64   data required time
                                 -1.02   data arrival time
-----------------------------------------------------------------------------
                                  0.38   slack (MET)


Startpoint: _409_ (rising edge-triggered flip-flop clocked by clk)
Endpoint: _409_ (rising edge-triggered flip-flop clocked by clk)
Path Group: clk
Path Type: min

Fanout     Cap    Slew   Delay    Time   Description
-----------------------------------------------------------------------------
                          0.00    0.00   clock clk (rise edge)
                          0.00    0.00   clock source latency
                  0.20    0.14    0.14 ^ clk (in)
     1    0.04                           clk (net)
                  0.20    0.00    0.14 ^ clkbuf_0_clk/A (sky130_fd_sc_hd__clkbuf_16)
                  0.04    0.16    0.30 ^ clkbuf_0_clk/X (sky130_fd_sc_hd__clkbuf_16)
     2    0.02                           clknet_0_clk (net)
                  0.04    0.00    0.30 ^ clkbuf_1_0__f_clk/A (sky130_fd_sc_hd__clkbuf_16)
                  0.05    0.12    0.42 ^ clkbuf_1_0__f_clk/X (sky130_fd_sc_hd__clkbuf_16)
    14    0.03                           clknet_1_0__leaf_clk (net)
                  0.05    0.00    0.42 ^ _409_/CLK (sky130_fd_sc_hd__dfrtp_4)
                  0.05    0.37    0.80 ^ _409_/Q (sky130_fd_sc_hd__dfrtp_4)
     3    0.01                           net9 (net)
                  0.05    0.00    0.80 ^ _341_/A (sky130_fd_sc_hd__or2_1)
                  0.05    0.09    0.89 ^ _341_/X (sky130_fd_sc_hd__or2_1)
     1    0.00                           _166_ (net)
                  0.05    0.00    0.89 ^ _342_/B1 (sky130_fd_sc_hd__o41a_1)
                  0.05    0.12    1.02 ^ _342_/X (sky130_fd_sc_hd__o41a_1)
     1    0.00                           _035_ (net)
                  0.05    0.00    1.02 ^ _409_/D (sky130_fd_sc_hd__dfrtp_4)
                                  1.02   data arrival time

                          0.00    0.00   clock clk (rise edge)
                          0.00    0.00   clock source latency
                  0.20    0.15    0.15 ^ clk (in)
     1    0.04                           clk (net)
                  0.20    0.00    0.15 ^ clkbuf_0_clk/A (sky130_fd_sc_hd__clkbuf_16)
                  0.04    0.18    0.33 ^ clkbuf_0_clk/X (sky130_fd_sc_hd__clkbuf_16)
     2    0.02                           clknet_0_clk (net)
                  0.04    0.00    0.33 ^ clkbuf_1_0__f_clk/A (sky130_fd_sc_hd__clkbuf_16)
                  0.05    0.14    0.47 ^ clkbuf_1_0__f_clk/X (sky130_fd_sc_hd__clkbuf_16)
    14    0.03                           clknet_1_0__leaf_clk (net)
                  0.05    0.00    0.47 ^ _409_/CLK (sky130_fd_sc_hd__dfrtp_4)
                          0.25    0.72   clock uncertainty
                         -0.04    0.67   clock reconvergence pessimism
                         -0.04    0.64   library hold time
                                  0.64   data required time
-----------------------------------------------------------------------------
                                  0.64   data required time
                                 -1.02   data arrival time
-----------------------------------------------------------------------------
                                  0.38   slack (MET)


Startpoint: _400_ (rising edge-triggered flip-flop clocked by clk)
Endpoint: _401_ (rising edge-triggered flip-flop clocked by clk)
Path Group: clk
Path Type: min

Fanout     Cap    Slew   Delay    Time   Description
-----------------------------------------------------------------------------
                          0.00    0.00   clock clk (rise edge)
                          0.00    0.00   clock source latency
                  0.20    0.14    0.14 ^ clk (in)
     1    0.04                           clk (net)
                  0.20    0.00    0.14 ^ clkbuf_0_clk/A (sky130_fd_sc_hd__clkbuf_16)
                  0.04    0.16    0.30 ^ clkbuf_0_clk/X (sky130_fd_sc_hd__clkbuf_16)
     2    0.02                           clknet_0_clk (net)
                  0.04    0.00    0.30 ^ clkbuf_1_1__f_clk/A (sky130_fd_sc_hd__clkbuf_16)
                  0.05    0.12    0.42 ^ clkbuf_1_1__f_clk/X (sky130_fd_sc_hd__clkbuf_16)
    14    0.03                           clknet_1_1__leaf_clk (net)
                  0.05    0.00    0.42 ^ _400_/CLK (sky130_fd_sc_hd__dfrtp_4)
                  0.10    0.43    0.85 ^ _400_/Q (sky130_fd_sc_hd__dfrtp_4)
     7    0.03                           U_PC.pc[2] (net)
                  0.10    0.00    0.85 ^ _365_/A (sky130_fd_sc_hd__inv_2)
                  0.02    0.03    0.88 v _365_/Y (sky130_fd_sc_hd__inv_2)
     1    0.00                           _179_ (net)
                  0.02    0.00    0.88 v _366_/A1 (sky130_fd_sc_hd__o21a_1)
                  0.03    0.16    1.05 v _366_/X (sky130_fd_sc_hd__o21a_1)
     1    0.00                           U_PC.next_pc[3] (net)
                  0.03    0.00    1.05 v _401_/D (sky130_fd_sc_hd__dfrtp_4)
                                  1.05   data arrival time

                          0.00    0.00   clock clk (rise edge)
                          0.00    0.00   clock source latency
                  0.20    0.15    0.15 ^ clk (in)
     1    0.04                           clk (net)
                  0.20    0.00    0.15 ^ clkbuf_0_clk/A (sky130_fd_sc_hd__clkbuf_16)
                  0.04    0.18    0.33 ^ clkbuf_0_clk/X (sky130_fd_sc_hd__clkbuf_16)
     2    0.02                           clknet_0_clk (net)
                  0.04    0.00    0.33 ^ clkbuf_1_1__f_clk/A (sky130_fd_sc_hd__clkbuf_16)
                  0.05    0.14    0.47 ^ clkbuf_1_1__f_clk/X (sky130_fd_sc_hd__clkbuf_16)
    14    0.03                           clknet_1_1__leaf_clk (net)
                  0.05    0.00    0.47 ^ _401_/CLK (sky130_fd_sc_hd__dfrtp_4)
                          0.25    0.72   clock uncertainty
                         -0.04    0.67   clock reconvergence pessimism
                         -0.04    0.64   library hold time
                                  0.64   data required time
-----------------------------------------------------------------------------
                                  0.64   data required time
                                 -1.05   data arrival time
-----------------------------------------------------------------------------
                                  0.41   slack (MET)


Startpoint: _410_ (rising edge-triggered flip-flop clocked by clk)
Endpoint: _410_ (rising edge-triggered flip-flop clocked by clk)
Path Group: clk
Path Type: min

Fanout     Cap    Slew   Delay    Time   Description
-----------------------------------------------------------------------------
                          0.00    0.00   clock clk (rise edge)
                          0.00    0.00   clock source latency
                  0.20    0.14    0.14 ^ clk (in)
     1    0.04                           clk (net)
                  0.20    0.00    0.14 ^ clkbuf_0_clk/A (sky130_fd_sc_hd__clkbuf_16)
                  0.04    0.16    0.30 ^ clkbuf_0_clk/X (sky130_fd_sc_hd__clkbuf_16)
     2    0.02                           clknet_0_clk (net)
                  0.04    0.00    0.30 ^ clkbuf_1_0__f_clk/A (sky130_fd_sc_hd__clkbuf_16)
                  0.05    0.12    0.42 ^ clkbuf_1_0__f_clk/X (sky130_fd_sc_hd__clkbuf_16)
    14    0.03                           clknet_1_0__leaf_clk (net)
                  0.05    0.00    0.42 ^ _410_/CLK (sky130_fd_sc_hd__dfrtp_4)
                  0.17    0.49    0.91 ^ _410_/Q (sky130_fd_sc_hd__dfrtp_4)
     3    0.05                           net23 (net)
                  0.17    0.00    0.91 ^ _339_/A1 (sky130_fd_sc_hd__a31o_1)
                  0.04    0.15    1.06 ^ _339_/X (sky130_fd_sc_hd__a31o_1)
     1    0.00                           _036_ (net)
                  0.04    0.00    1.06 ^ _410_/D (sky130_fd_sc_hd__dfrtp_4)
                                  1.06   data arrival time

                          0.00    0.00   clock clk (rise edge)
                          0.00    0.00   clock source latency
                  0.20    0.15    0.15 ^ clk (in)
     1    0.04                           clk (net)
                  0.20    0.00    0.15 ^ clkbuf_0_clk/A (sky130_fd_sc_hd__clkbuf_16)
                  0.04    0.18    0.33 ^ clkbuf_0_clk/X (sky130_fd_sc_hd__clkbuf_16)
     2    0.02                           clknet_0_clk (net)
                  0.04    0.00    0.33 ^ clkbuf_1_0__f_clk/A (sky130_fd_sc_hd__clkbuf_16)
                  0.05    0.14    0.47 ^ clkbuf_1_0__f_clk/X (sky130_fd_sc_hd__clkbuf_16)
    14    0.03                           clknet_1_0__leaf_clk (net)
                  0.05    0.00    0.47 ^ _410_/CLK (sky130_fd_sc_hd__dfrtp_4)
                          0.25    0.72   clock uncertainty
                         -0.04    0.67   clock reconvergence pessimism
                         -0.03    0.64   library hold time
                                  0.64   data required time
-----------------------------------------------------------------------------
                                  0.64   data required time
                                 -1.06   data arrival time
-----------------------------------------------------------------------------
                                  0.42   slack (MET)


Startpoint: _402_ (rising edge-triggered flip-flop clocked by clk)
Endpoint: _402_ (rising edge-triggered flip-flop clocked by clk)
Path Group: clk
Path Type: min

Fanout     Cap    Slew   Delay    Time   Description
-----------------------------------------------------------------------------
                          0.00    0.00   clock clk (rise edge)
                          0.00    0.00   clock source latency
                  0.20    0.14    0.14 ^ clk (in)
     1    0.04                           clk (net)
                  0.20    0.00    0.14 ^ clkbuf_0_clk/A (sky130_fd_sc_hd__clkbuf_16)
                  0.04    0.16    0.30 ^ clkbuf_0_clk/X (sky130_fd_sc_hd__clkbuf_16)
     2    0.02                           clknet_0_clk (net)
                  0.04    0.00    0.30 ^ clkbuf_1_1__f_clk/A (sky130_fd_sc_hd__clkbuf_16)
                  0.05    0.12    0.42 ^ clkbuf_1_1__f_clk/X (sky130_fd_sc_hd__clkbuf_16)
    14    0.03                           clknet_1_1__leaf_clk (net)
                  0.05    0.00    0.42 ^ _402_/CLK (sky130_fd_sc_hd__dfrtp_4)
                  0.11    0.43    0.85 ^ _402_/Q (sky130_fd_sc_hd__dfrtp_4)
     4    0.03                           net2 (net)
                  0.11    0.00    0.85 ^ _355_/A0 (sky130_fd_sc_hd__mux2_1)
                  0.05    0.13    0.99 ^ _355_/X (sky130_fd_sc_hd__mux2_1)
     1    0.00                           _173_ (net)
                  0.05    0.00    0.99 ^ _356_/A (sky130_fd_sc_hd__clkbuf_1)
                  0.05    0.08    1.07 ^ _356_/X (sky130_fd_sc_hd__clkbuf_1)
     1    0.00                           _028_ (net)
                  0.05    0.00    1.07 ^ _402_/D (sky130_fd_sc_hd__dfrtp_4)
                                  1.07   data arrival time

                          0.00    0.00   clock clk (rise edge)
                          0.00    0.00   clock source latency
                  0.20    0.15    0.15 ^ clk (in)
     1    0.04                           clk (net)
                  0.20    0.00    0.15 ^ clkbuf_0_clk/A (sky130_fd_sc_hd__clkbuf_16)
                  0.04    0.18    0.33 ^ clkbuf_0_clk/X (sky130_fd_sc_hd__clkbuf_16)
     2    0.02                           clknet_0_clk (net)
                  0.04    0.00    0.33 ^ clkbuf_1_1__f_clk/A (sky130_fd_sc_hd__clkbuf_16)
                  0.05    0.14    0.47 ^ clkbuf_1_1__f_clk/X (sky130_fd_sc_hd__clkbuf_16)
    14    0.03                           clknet_1_1__leaf_clk (net)
                  0.05    0.00    0.47 ^ _402_/CLK (sky130_fd_sc_hd__dfrtp_4)
                          0.25    0.72   clock uncertainty
                         -0.04    0.67   clock reconvergence pessimism
                         -0.03    0.64   library hold time
                                  0.64   data required time
-----------------------------------------------------------------------------
                                  0.64   data required time
                                 -1.07   data arrival time
-----------------------------------------------------------------------------
                                  0.43   slack (MET)


Startpoint: _421_ (rising edge-triggered flip-flop clocked by clk)
Endpoint: _421_ (rising edge-triggered flip-flop clocked by clk)
Path Group: clk
Path Type: min

Fanout     Cap    Slew   Delay    Time   Description
-----------------------------------------------------------------------------
                          0.00    0.00   clock clk (rise edge)
                          0.00    0.00   clock source latency
                  0.20    0.14    0.14 ^ clk (in)
     1    0.04                           clk (net)
                  0.20    0.00    0.14 ^ clkbuf_0_clk/A (sky130_fd_sc_hd__clkbuf_16)
                  0.04    0.16    0.30 ^ clkbuf_0_clk/X (sky130_fd_sc_hd__clkbuf_16)
     2    0.02                           clknet_0_clk (net)
                  0.04    0.00    0.30 ^ clkbuf_1_1__f_clk/A (sky130_fd_sc_hd__clkbuf_16)
                  0.05    0.12    0.42 ^ clkbuf_1_1__f_clk/X (sky130_fd_sc_hd__clkbuf_16)
    14    0.03                           clknet_1_1__leaf_clk (net)
                  0.05    0.00    0.42 ^ _421_/CLK (sky130_fd_sc_hd__dfrtp_4)
                  0.11    0.43    0.85 ^ _421_/Q (sky130_fd_sc_hd__dfrtp_4)
     4    0.03                           net13 (net)
                  0.11    0.00    0.86 ^ _285_/A0 (sky130_fd_sc_hd__mux2_1)
                  0.05    0.14    0.99 ^ _285_/X (sky130_fd_sc_hd__mux2_1)
     1    0.00                           _122_ (net)
                  0.05    0.00    0.99 ^ _286_/A (sky130_fd_sc_hd__clkbuf_1)
                  0.05    0.08    1.07 ^ _286_/X (sky130_fd_sc_hd__clkbuf_1)
     1    0.00                           _047_ (net)
                  0.05    0.00    1.07 ^ _421_/D (sky130_fd_sc_hd__dfrtp_4)
                                  1.07   data arrival time

                          0.00    0.00   clock clk (rise edge)
                          0.00    0.00   clock source latency
                  0.20    0.15    0.15 ^ clk (in)
     1    0.04                           clk (net)
                  0.20    0.00    0.15 ^ clkbuf_0_clk/A (sky130_fd_sc_hd__clkbuf_16)
                  0.04    0.18    0.33 ^ clkbuf_0_clk/X (sky130_fd_sc_hd__clkbuf_16)
     2    0.02                           clknet_0_clk (net)
                  0.04    0.00    0.33 ^ clkbuf_1_1__f_clk/A (sky130_fd_sc_hd__clkbuf_16)
                  0.05    0.14    0.47 ^ clkbuf_1_1__f_clk/X (sky130_fd_sc_hd__clkbuf_16)
    14    0.03                           clknet_1_1__leaf_clk (net)
                  0.05    0.00    0.47 ^ _421_/CLK (sky130_fd_sc_hd__dfrtp_4)
                          0.25    0.72   clock uncertainty
                         -0.04    0.67   clock reconvergence pessimism
                         -0.04    0.64   library hold time
                                  0.64   data required time
-----------------------------------------------------------------------------
                                  0.64   data required time
                                 -1.07   data arrival time
-----------------------------------------------------------------------------
                                  0.44   slack (MET)


Startpoint: _401_ (rising edge-triggered flip-flop clocked by clk)
Endpoint: _419_ (rising edge-triggered flip-flop clocked by clk)
Path Group: clk
Path Type: min

Fanout     Cap    Slew   Delay    Time   Description
-----------------------------------------------------------------------------
                          0.00    0.00   clock clk (rise edge)
                          0.00    0.00   clock source latency
                  0.20    0.14    0.14 ^ clk (in)
     1    0.04                           clk (net)
                  0.20    0.00    0.14 ^ clkbuf_0_clk/A (sky130_fd_sc_hd__clkbuf_16)
                  0.04    0.16    0.30 ^ clkbuf_0_clk/X (sky130_fd_sc_hd__clkbuf_16)
     2    0.02                           clknet_0_clk (net)
                  0.04    0.00    0.30 ^ clkbuf_1_1__f_clk/A (sky130_fd_sc_hd__clkbuf_16)
                  0.05    0.12    0.42 ^ clkbuf_1_1__f_clk/X (sky130_fd_sc_hd__clkbuf_16)
    14    0.03                           clknet_1_1__leaf_clk (net)
                  0.05    0.00    0.42 ^ _401_/CLK (sky130_fd_sc_hd__dfrtp_4)
                  0.10    0.43    0.85 ^ _401_/Q (sky130_fd_sc_hd__dfrtp_4)
     8    0.03                           U_PC.pc[3] (net)
                  0.10    0.00    0.85 ^ _232_/A (sky130_fd_sc_hd__nor3_2)
                  0.05    0.07    0.92 v _232_/Y (sky130_fd_sc_hd__nor3_2)
     5    0.01                           _073_ (net)
                  0.05    0.00    0.92 v _300_/A1 (sky130_fd_sc_hd__a21o_1)
                  0.04    0.15    1.07 v _300_/X (sky130_fd_sc_hd__a21o_1)
     1    0.00                           _045_ (net)
                  0.04    0.00    1.07 v _419_/D (sky130_fd_sc_hd__dfrtp_4)
                                  1.07   data arrival time

                          0.00    0.00   clock clk (rise edge)
                          0.00    0.00   clock source latency
                  0.20    0.15    0.15 ^ clk (in)
     1    0.04                           clk (net)
                  0.20    0.00    0.15 ^ clkbuf_0_clk/A (sky130_fd_sc_hd__clkbuf_16)
                  0.04    0.18    0.33 ^ clkbuf_0_clk/X (sky130_fd_sc_hd__clkbuf_16)
     2    0.02                           clknet_0_clk (net)
                  0.04    0.00    0.33 ^ clkbuf_1_1__f_clk/A (sky130_fd_sc_hd__clkbuf_16)
                  0.05    0.14    0.47 ^ clkbuf_1_1__f_clk/X (sky130_fd_sc_hd__clkbuf_16)
    14    0.03                           clknet_1_1__leaf_clk (net)
                  0.05    0.00    0.47 ^ _419_/CLK (sky130_fd_sc_hd__dfrtp_4)
                          0.25    0.72   clock uncertainty
                         -0.04    0.67   clock reconvergence pessimism
                         -0.04    0.64   library hold time
                                  0.64   data required time
-----------------------------------------------------------------------------
                                  0.64   data required time
                                 -1.07   data arrival time
-----------------------------------------------------------------------------
                                  0.44   slack (MET)


Startpoint: _401_ (rising edge-triggered flip-flop clocked by clk)
Endpoint: _420_ (rising edge-triggered flip-flop clocked by clk)
Path Group: clk
Path Type: min

Fanout     Cap    Slew   Delay    Time   Description
-----------------------------------------------------------------------------
                          0.00    0.00   clock clk (rise edge)
                          0.00    0.00   clock source latency
                  0.20    0.14    0.14 ^ clk (in)
     1    0.04                           clk (net)
                  0.20    0.00    0.14 ^ clkbuf_0_clk/A (sky130_fd_sc_hd__clkbuf_16)
                  0.04    0.16    0.30 ^ clkbuf_0_clk/X (sky130_fd_sc_hd__clkbuf_16)
     2    0.02                           clknet_0_clk (net)
                  0.04    0.00    0.30 ^ clkbuf_1_1__f_clk/A (sky130_fd_sc_hd__clkbuf_16)
                  0.05    0.12    0.42 ^ clkbuf_1_1__f_clk/X (sky130_fd_sc_hd__clkbuf_16)
    14    0.03                           clknet_1_1__leaf_clk (net)
                  0.05    0.00    0.42 ^ _401_/CLK (sky130_fd_sc_hd__dfrtp_4)
                  0.10    0.43    0.85 ^ _401_/Q (sky130_fd_sc_hd__dfrtp_4)
     8    0.03                           U_PC.pc[3] (net)
                  0.10    0.00    0.85 ^ _232_/A (sky130_fd_sc_hd__nor3_2)
                  0.05    0.07    0.92 v _232_/Y (sky130_fd_sc_hd__nor3_2)
     5    0.01                           _073_ (net)
                  0.05    0.00    0.92 v _292_/A1 (sky130_fd_sc_hd__a21bo_1)
                  0.03    0.16    1.08 v _292_/X (sky130_fd_sc_hd__a21bo_1)
     1    0.00                           _046_ (net)
                  0.03    0.00    1.08 v _420_/D (sky130_fd_sc_hd__dfrtp_4)
                                  1.08   data arrival time

                          0.00    0.00   clock clk (rise edge)
                          0.00    0.00   clock source latency
                  0.20    0.15    0.15 ^ clk (in)
     1    0.04                           clk (net)
                  0.20    0.00    0.15 ^ clkbuf_0_clk/A (sky130_fd_sc_hd__clkbuf_16)
                  0.04    0.18    0.33 ^ clkbuf_0_clk/X (sky130_fd_sc_hd__clkbuf_16)
     2    0.02                           clknet_0_clk (net)
                  0.04    0.00    0.33 ^ clkbuf_1_1__f_clk/A (sky130_fd_sc_hd__clkbuf_16)
                  0.05    0.14    0.47 ^ clkbuf_1_1__f_clk/X (sky130_fd_sc_hd__clkbuf_16)
    14    0.03                           clknet_1_1__leaf_clk (net)
                  0.05    0.00    0.47 ^ _420_/CLK (sky130_fd_sc_hd__dfrtp_4)
                          0.25    0.72   clock uncertainty
                         -0.04    0.67   clock reconvergence pessimism
                         -0.04    0.64   library hold time
                                  0.64   data required time
-----------------------------------------------------------------------------
                                  0.64   data required time
                                 -1.08   data arrival time
-----------------------------------------------------------------------------
                                  0.44   slack (MET)


Startpoint: _417_ (rising edge-triggered flip-flop clocked by clk)
Endpoint: _400_ (rising edge-triggered flip-flop clocked by clk)
Path Group: clk
Path Type: min

Fanout     Cap    Slew   Delay    Time   Description
-----------------------------------------------------------------------------
                          0.00    0.00   clock clk (rise edge)
                          0.00    0.00   clock source latency
                  0.20    0.14    0.14 ^ clk (in)
     1    0.04                           clk (net)
                  0.20    0.00    0.14 ^ clkbuf_0_clk/A (sky130_fd_sc_hd__clkbuf_16)
                  0.04    0.16    0.30 ^ clkbuf_0_clk/X (sky130_fd_sc_hd__clkbuf_16)
     2    0.02                           clknet_0_clk (net)
                  0.04    0.00    0.30 ^ clkbuf_1_0__f_clk/A (sky130_fd_sc_hd__clkbuf_16)
                  0.05    0.12    0.42 ^ clkbuf_1_0__f_clk/X (sky130_fd_sc_hd__clkbuf_16)
    14    0.03                           clknet_1_0__leaf_clk (net)
                  0.05    0.00    0.42 ^ _417_/CLK (sky130_fd_sc_hd__dfrtp_4)
                  0.11    0.43    0.85 ^ _417_/Q (sky130_fd_sc_hd__dfrtp_4)
     3    0.03                           net21 (net)
                  0.11    0.00    0.85 ^ _358_/A1 (sky130_fd_sc_hd__o21a_1)
                  0.05    0.13    0.98 ^ _358_/X (sky130_fd_sc_hd__o21a_1)
     2    0.00                           _174_ (net)
                  0.05    0.00    0.98 ^ _364_/B2 (sky130_fd_sc_hd__o2bb2a_1)
                  0.05    0.12    1.11 ^ _364_/X (sky130_fd_sc_hd__o2bb2a_1)
     1    0.00                           U_PC.next_pc[2] (net)
                  0.05    0.00    1.11 ^ _400_/D (sky130_fd_sc_hd__dfrtp_4)
                                  1.11   data arrival time

                          0.00    0.00   clock clk (rise edge)
                          0.00    0.00   clock source latency
                  0.20    0.15    0.15 ^ clk (in)
     1    0.04                           clk (net)
                  0.20    0.00    0.15 ^ clkbuf_0_clk/A (sky130_fd_sc_hd__clkbuf_16)
                  0.04    0.18    0.33 ^ clkbuf_0_clk/X (sky130_fd_sc_hd__clkbuf_16)
     2    0.02                           clknet_0_clk (net)
                  0.04    0.00    0.33 ^ clkbuf_1_1__f_clk/A (sky130_fd_sc_hd__clkbuf_16)
                  0.05    0.14    0.47 ^ clkbuf_1_1__f_clk/X (sky130_fd_sc_hd__clkbuf_16)
    14    0.03                           clknet_1_1__leaf_clk (net)
                  0.05    0.00    0.47 ^ _400_/CLK (sky130_fd_sc_hd__dfrtp_4)
                          0.25    0.72   clock uncertainty
                         -0.03    0.69   clock reconvergence pessimism
                         -0.03    0.65   library hold time
                                  0.65   data required time
-----------------------------------------------------------------------------
                                  0.65   data required time
                                 -1.11   data arrival time
-----------------------------------------------------------------------------
                                  0.45   slack (MET)


Startpoint: _404_ (rising edge-triggered flip-flop clocked by clk)
Endpoint: _404_ (rising edge-triggered flip-flop clocked by clk)
Path Group: clk
Path Type: min

Fanout     Cap    Slew   Delay    Time   Description
-----------------------------------------------------------------------------
                          0.00    0.00   clock clk (rise edge)
                          0.00    0.00   clock source latency
                  0.20    0.14    0.14 ^ clk (in)
     1    0.04                           clk (net)
                  0.20    0.00    0.14 ^ clkbuf_0_clk/A (sky130_fd_sc_hd__clkbuf_16)
                  0.04    0.16    0.30 ^ clkbuf_0_clk/X (sky130_fd_sc_hd__clkbuf_16)
     2    0.02                           clknet_0_clk (net)
                  0.04    0.00    0.30 ^ clkbuf_1_1__f_clk/A (sky130_fd_sc_hd__clkbuf_16)
                  0.05    0.12    0.42 ^ clkbuf_1_1__f_clk/X (sky130_fd_sc_hd__clkbuf_16)
    14    0.03                           clknet_1_1__leaf_clk (net)
                  0.05    0.00    0.42 ^ _404_/CLK (sky130_fd_sc_hd__dfrtp_4)
                  0.16    0.47    0.90 ^ _404_/Q (sky130_fd_sc_hd__dfrtp_4)
     4    0.05                           net4 (net)
                  0.16    0.00    0.90 ^ _351_/A0 (sky130_fd_sc_hd__mux2_1)
                  0.04    0.15    1.04 ^ _351_/X (sky130_fd_sc_hd__mux2_1)
     1    0.00                           _171_ (net)
                  0.04    0.00    1.04 ^ _352_/A (sky130_fd_sc_hd__clkbuf_1)
                  0.05    0.08    1.12 ^ _352_/X (sky130_fd_sc_hd__clkbuf_1)
     1    0.00                           _030_ (net)
                  0.05    0.00    1.12 ^ _404_/D (sky130_fd_sc_hd__dfrtp_4)
                                  1.12   data arrival time

                          0.00    0.00   clock clk (rise edge)
                          0.00    0.00   clock source latency
                  0.20    0.15    0.15 ^ clk (in)
     1    0.04                           clk (net)
                  0.20    0.00    0.15 ^ clkbuf_0_clk/A (sky130_fd_sc_hd__clkbuf_16)
                  0.04    0.18    0.33 ^ clkbuf_0_clk/X (sky130_fd_sc_hd__clkbuf_16)
     2    0.02                           clknet_0_clk (net)
                  0.04    0.00    0.33 ^ clkbuf_1_1__f_clk/A (sky130_fd_sc_hd__clkbuf_16)
                  0.05    0.14    0.47 ^ clkbuf_1_1__f_clk/X (sky130_fd_sc_hd__clkbuf_16)
    14    0.03                           clknet_1_1__leaf_clk (net)
                  0.05    0.00    0.47 ^ _404_/CLK (sky130_fd_sc_hd__dfrtp_4)
                          0.25    0.72   clock uncertainty
                         -0.04    0.67   clock reconvergence pessimism
                         -0.03    0.64   library hold time
                                  0.64   data required time
-----------------------------------------------------------------------------
                                  0.64   data required time
                                 -1.12   data arrival time
-----------------------------------------------------------------------------
                                  0.48   slack (MET)


Startpoint: _417_ (rising edge-triggered flip-flop clocked by clk)
Endpoint: _399_ (rising edge-triggered flip-flop clocked by clk)
Path Group: clk
Path Type: min

Fanout     Cap    Slew   Delay    Time   Description
-----------------------------------------------------------------------------
                          0.00    0.00   clock clk (rise edge)
                          0.00    0.00   clock source latency
                  0.20    0.14    0.14 ^ clk (in)
     1    0.04                           clk (net)
                  0.20    0.00    0.14 ^ clkbuf_0_clk/A (sky130_fd_sc_hd__clkbuf_16)
                  0.04    0.16    0.30 ^ clkbuf_0_clk/X (sky130_fd_sc_hd__clkbuf_16)
     2    0.02                           clknet_0_clk (net)
                  0.04    0.00    0.30 ^ clkbuf_1_0__f_clk/A (sky130_fd_sc_hd__clkbuf_16)
                  0.05    0.12    0.42 ^ clkbuf_1_0__f_clk/X (sky130_fd_sc_hd__clkbuf_16)
    14    0.03                           clknet_1_0__leaf_clk (net)
                  0.05    0.00    0.42 ^ _417_/CLK (sky130_fd_sc_hd__dfrtp_4)
                  0.11    0.43    0.85 ^ _417_/Q (sky130_fd_sc_hd__dfrtp_4)
     3    0.03                           net21 (net)
                  0.11    0.00    0.85 ^ _358_/A1 (sky130_fd_sc_hd__o21a_1)
                  0.05    0.13    0.98 ^ _358_/X (sky130_fd_sc_hd__o21a_1)
     2    0.00                           _174_ (net)
                  0.05    0.00    0.98 ^ _360_/B (sky130_fd_sc_hd__or3_1)
                  0.04    0.09    1.07 ^ _360_/X (sky130_fd_sc_hd__or3_1)
     1    0.00                           _176_ (net)
                  0.04    0.00    1.07 ^ _361_/A (sky130_fd_sc_hd__clkbuf_1)
                  0.05    0.08    1.15 ^ _361_/X (sky130_fd_sc_hd__clkbuf_1)
     1    0.00                           U_PC.next_pc[1] (net)
                  0.05    0.00    1.15 ^ _399_/D (sky130_fd_sc_hd__dfrtp_4)
                                  1.15   data arrival time

                          0.00    0.00   clock clk (rise edge)
                          0.00    0.00   clock source latency
                  0.20    0.15    0.15 ^ clk (in)
     1    0.04                           clk (net)
                  0.20    0.00    0.15 ^ clkbuf_0_clk/A (sky130_fd_sc_hd__clkbuf_16)
                  0.04    0.18    0.33 ^ clkbuf_0_clk/X (sky130_fd_sc_hd__clkbuf_16)
     2    0.02                           clknet_0_clk (net)
                  0.04    0.00    0.33 ^ clkbuf_1_1__f_clk/A (sky130_fd_sc_hd__clkbuf_16)
                  0.05    0.14    0.47 ^ clkbuf_1_1__f_clk/X (sky130_fd_sc_hd__clkbuf_16)
    14    0.03                           clknet_1_1__leaf_clk (net)
                  0.05    0.00    0.47 ^ _399_/CLK (sky130_fd_sc_hd__dfrtp_4)
                          0.25    0.72   clock uncertainty
                         -0.03    0.69   clock reconvergence pessimism
                         -0.04    0.65   library hold time
                                  0.65   data required time
-----------------------------------------------------------------------------
                                  0.65   data required time
                                 -1.15   data arrival time
-----------------------------------------------------------------------------
                                  0.50   slack (MET)


Startpoint: _425_ (rising edge-triggered flip-flop clocked by clk)
Endpoint: _425_ (rising edge-triggered flip-flop clocked by clk)
Path Group: clk
Path Type: min

Fanout     Cap    Slew   Delay    Time   Description
-----------------------------------------------------------------------------
                          0.00    0.00   clock clk (rise edge)
                          0.00    0.00   clock source latency
                  0.20    0.14    0.14 ^ clk (in)
     1    0.04                           clk (net)
                  0.20    0.00    0.14 ^ clkbuf_0_clk/A (sky130_fd_sc_hd__clkbuf_16)
                  0.04    0.16    0.30 ^ clkbuf_0_clk/X (sky130_fd_sc_hd__clkbuf_16)
     2    0.02                           clknet_0_clk (net)
                  0.04    0.00    0.30 ^ clkbuf_1_0__f_clk/A (sky130_fd_sc_hd__clkbuf_16)
                  0.05    0.12    0.42 ^ clkbuf_1_0__f_clk/X (sky130_fd_sc_hd__clkbuf_16)
    14    0.03                           clknet_1_0__leaf_clk (net)
                  0.05    0.00    0.42 ^ _425_/CLK (sky130_fd_sc_hd__dfrtp_4)
                  0.06    0.38    0.81 ^ _425_/Q (sky130_fd_sc_hd__dfrtp_4)
     3    0.01                           net17 (net)
                  0.06    0.00    0.81 ^ _199_/A (sky130_fd_sc_hd__and2_2)
                  0.11    0.18    0.99 ^ _199_/X (sky130_fd_sc_hd__and2_2)
     7    0.02                           _185_ (net)
                  0.11    0.00    0.99 ^ _268_/A (sky130_fd_sc_hd__or2_1)
                  0.05    0.11    1.10 ^ _268_/X (sky130_fd_sc_hd__or2_1)
     1    0.00                           _109_ (net)
                  0.05    0.00    1.10 ^ _269_/A (sky130_fd_sc_hd__clkbuf_1)
                  0.05    0.08    1.18 ^ _269_/X (sky130_fd_sc_hd__clkbuf_1)
     1    0.00                           _051_ (net)
                  0.05    0.00    1.18 ^ _425_/D (sky130_fd_sc_hd__dfrtp_4)
                                  1.18   data arrival time

                          0.00    0.00   clock clk (rise edge)
                          0.00    0.00   clock source latency
                  0.20    0.15    0.15 ^ clk (in)
     1    0.04                           clk (net)
                  0.20    0.00    0.15 ^ clkbuf_0_clk/A (sky130_fd_sc_hd__clkbuf_16)
                  0.04    0.18    0.33 ^ clkbuf_0_clk/X (sky130_fd_sc_hd__clkbuf_16)
     2    0.02                           clknet_0_clk (net)
                  0.04    0.00    0.33 ^ clkbuf_1_0__f_clk/A (sky130_fd_sc_hd__clkbuf_16)
                  0.05    0.14    0.47 ^ clkbuf_1_0__f_clk/X (sky130_fd_sc_hd__clkbuf_16)
    14    0.03                           clknet_1_0__leaf_clk (net)
                  0.05    0.00    0.47 ^ _425_/CLK (sky130_fd_sc_hd__dfrtp_4)
                          0.25    0.72   clock uncertainty
                         -0.04    0.67   clock reconvergence pessimism
                         -0.03    0.64   library hold time
                                  0.64   data required time
-----------------------------------------------------------------------------
                                  0.64   data required time
                                 -1.18   data arrival time
-----------------------------------------------------------------------------
                                  0.54   slack (MET)


Startpoint: _423_ (rising edge-triggered flip-flop clocked by clk)
Endpoint: _423_ (rising edge-triggered flip-flop clocked by clk)
Path Group: clk
Path Type: min

Fanout     Cap    Slew   Delay    Time   Description
-----------------------------------------------------------------------------
                          0.00    0.00   clock clk (rise edge)
                          0.00    0.00   clock source latency
                  0.20    0.14    0.14 ^ clk (in)
     1    0.04                           clk (net)
                  0.20    0.00    0.14 ^ clkbuf_0_clk/A (sky130_fd_sc_hd__clkbuf_16)
                  0.04    0.16    0.30 ^ clkbuf_0_clk/X (sky130_fd_sc_hd__clkbuf_16)
     2    0.02                           clknet_0_clk (net)
                  0.04    0.00    0.30 ^ clkbuf_1_0__f_clk/A (sky130_fd_sc_hd__clkbuf_16)
                  0.05    0.12    0.42 ^ clkbuf_1_0__f_clk/X (sky130_fd_sc_hd__clkbuf_16)
    14    0.03                           clknet_1_0__leaf_clk (net)
                  0.05    0.00    0.42 ^ _423_/CLK (sky130_fd_sc_hd__dfrtp_4)
                  0.11    0.43    0.86 ^ _423_/Q (sky130_fd_sc_hd__dfrtp_4)
     3    0.03                           net15 (net)
                  0.11    0.00    0.86 ^ _210_/A (sky130_fd_sc_hd__and2_1)
                  0.18    0.22    1.08 ^ _210_/X (sky130_fd_sc_hd__and2_1)
     5    0.02                           _196_ (net)
                  0.18    0.00    1.08 ^ _278_/B1 (sky130_fd_sc_hd__a21o_1)
                  0.04    0.11    1.19 ^ _278_/X (sky130_fd_sc_hd__a21o_1)
     1    0.00                           _049_ (net)
                  0.04    0.00    1.19 ^ _423_/D (sky130_fd_sc_hd__dfrtp_4)
                                  1.19   data arrival time

                          0.00    0.00   clock clk (rise edge)
                          0.00    0.00   clock source latency
                  0.20    0.15    0.15 ^ clk (in)
     1    0.04                           clk (net)
                  0.20    0.00    0.15 ^ clkbuf_0_clk/A (sky130_fd_sc_hd__clkbuf_16)
                  0.04    0.18    0.33 ^ clkbuf_0_clk/X (sky130_fd_sc_hd__clkbuf_16)
     2    0.02                           clknet_0_clk (net)
                  0.04    0.00    0.33 ^ clkbuf_1_0__f_clk/A (sky130_fd_sc_hd__clkbuf_16)
                  0.05    0.14    0.47 ^ clkbuf_1_0__f_clk/X (sky130_fd_sc_hd__clkbuf_16)
    14    0.03                           clknet_1_0__leaf_clk (net)
                  0.05    0.00    0.47 ^ _423_/CLK (sky130_fd_sc_hd__dfrtp_4)
                          0.25    0.72   clock uncertainty
                         -0.04    0.67   clock reconvergence pessimism
                         -0.03    0.64   library hold time
                                  0.64   data required time
-----------------------------------------------------------------------------
                                  0.64   data required time
                                 -1.19   data arrival time
-----------------------------------------------------------------------------
                                  0.55   slack (MET)


Startpoint: _399_ (rising edge-triggered flip-flop clocked by clk)
Endpoint: _412_ (rising edge-triggered flip-flop clocked by clk)
Path Group: clk
Path Type: min

Fanout     Cap    Slew   Delay    Time   Description
-----------------------------------------------------------------------------
                          0.00    0.00   clock clk (rise edge)
                          0.00    0.00   clock source latency
                  0.20    0.14    0.14 ^ clk (in)
     1    0.04                           clk (net)
                  0.20    0.00    0.14 ^ clkbuf_0_clk/A (sky130_fd_sc_hd__clkbuf_16)
                  0.04    0.16    0.30 ^ clkbuf_0_clk/X (sky130_fd_sc_hd__clkbuf_16)
     2    0.02                           clknet_0_clk (net)
                  0.04    0.00    0.30 ^ clkbuf_1_1__f_clk/A (sky130_fd_sc_hd__clkbuf_16)
                  0.05    0.12    0.42 ^ clkbuf_1_1__f_clk/X (sky130_fd_sc_hd__clkbuf_16)
    14    0.03                           clknet_1_1__leaf_clk (net)
                  0.05    0.00    0.42 ^ _399_/CLK (sky130_fd_sc_hd__dfrtp_4)
                  0.11    0.43    0.85 ^ _399_/Q (sky130_fd_sc_hd__dfrtp_4)
     9    0.03                           U_PC.pc[1] (net)
                  0.11    0.00    0.85 ^ _265_/A (sky130_fd_sc_hd__and2_1)
                  0.04    0.12    0.97 ^ _265_/X (sky130_fd_sc_hd__and2_1)
     1    0.00                           _106_ (net)
                  0.04    0.00    0.97 ^ _266_/A (sky130_fd_sc_hd__clkbuf_4)
                  0.08    0.15    1.12 ^ _266_/X (sky130_fd_sc_hd__clkbuf_4)
     9    0.02                           _107_ (net)
                  0.08    0.00    1.12 ^ _336_/B1 (sky130_fd_sc_hd__a21o_1)
                  0.04    0.08    1.21 ^ _336_/X (sky130_fd_sc_hd__a21o_1)
     1    0.00                           _038_ (net)
                  0.04    0.00    1.21 ^ _412_/D (sky130_fd_sc_hd__dfrtp_2)
                                  1.21   data arrival time

                          0.00    0.00   clock clk (rise edge)
                          0.00    0.00   clock source latency
                  0.20    0.15    0.15 ^ clk (in)
     1    0.04                           clk (net)
                  0.20    0.00    0.15 ^ clkbuf_0_clk/A (sky130_fd_sc_hd__clkbuf_16)
                  0.04    0.18    0.33 ^ clkbuf_0_clk/X (sky130_fd_sc_hd__clkbuf_16)
     2    0.02                           clknet_0_clk (net)
                  0.04    0.00    0.33 ^ clkbuf_1_1__f_clk/A (sky130_fd_sc_hd__clkbuf_16)
                  0.05    0.14    0.47 ^ clkbuf_1_1__f_clk/X (sky130_fd_sc_hd__clkbuf_16)
    14    0.03                           clknet_1_1__leaf_clk (net)
                  0.05    0.00    0.47 ^ _412_/CLK (sky130_fd_sc_hd__dfrtp_2)
                          0.25    0.72   clock uncertainty
                         -0.04    0.67   clock reconvergence pessimism
                         -0.03    0.64   library hold time
                                  0.64   data required time
-----------------------------------------------------------------------------
                                  0.64   data required time
                                 -1.21   data arrival time
-----------------------------------------------------------------------------
                                  0.56   slack (MET)


Startpoint: _422_ (rising edge-triggered flip-flop clocked by clk)
Endpoint: _422_ (rising edge-triggered flip-flop clocked by clk)
Path Group: clk
Path Type: min

Fanout     Cap    Slew   Delay    Time   Description
-----------------------------------------------------------------------------
                          0.00    0.00   clock clk (rise edge)
                          0.00    0.00   clock source latency
                  0.20    0.14    0.14 ^ clk (in)
     1    0.04                           clk (net)
                  0.20    0.00    0.14 ^ clkbuf_0_clk/A (sky130_fd_sc_hd__clkbuf_16)
                  0.04    0.16    0.30 ^ clkbuf_0_clk/X (sky130_fd_sc_hd__clkbuf_16)
     2    0.02                           clknet_0_clk (net)
                  0.04    0.00    0.30 ^ clkbuf_1_0__f_clk/A (sky130_fd_sc_hd__clkbuf_16)
                  0.05    0.12    0.42 ^ clkbuf_1_0__f_clk/X (sky130_fd_sc_hd__clkbuf_16)
    14    0.03                           clknet_1_0__leaf_clk (net)
                  0.05    0.00    0.42 ^ _422_/CLK (sky130_fd_sc_hd__dfrtp_4)
                  0.14    0.46    0.88 ^ _422_/Q (sky130_fd_sc_hd__dfrtp_4)
     5    0.04                           net14 (net)
                  0.14    0.00    0.88 ^ _214_/A (sky130_fd_sc_hd__and2_1)
                  0.10    0.18    1.06 ^ _214_/X (sky130_fd_sc_hd__and2_1)
     3    0.01                           _055_ (net)
                  0.10    0.00    1.06 ^ _280_/A (sky130_fd_sc_hd__or2_1)
                  0.05    0.11    1.17 ^ _280_/X (sky130_fd_sc_hd__or2_1)
     1    0.00                           _118_ (net)
                  0.05    0.00    1.17 ^ _281_/A (sky130_fd_sc_hd__clkbuf_1)
                  0.05    0.08    1.25 ^ _281_/X (sky130_fd_sc_hd__clkbuf_1)
     1    0.00                           _048_ (net)
                  0.05    0.00    1.25 ^ _422_/D (sky130_fd_sc_hd__dfrtp_4)
                                  1.25   data arrival time

                          0.00    0.00   clock clk (rise edge)
                          0.00    0.00   clock source latency
                  0.20    0.15    0.15 ^ clk (in)
     1    0.04                           clk (net)
                  0.20    0.00    0.15 ^ clkbuf_0_clk/A (sky130_fd_sc_hd__clkbuf_16)
                  0.04    0.18    0.33 ^ clkbuf_0_clk/X (sky130_fd_sc_hd__clkbuf_16)
     2    0.02                           clknet_0_clk (net)
                  0.04    0.00    0.33 ^ clkbuf_1_0__f_clk/A (sky130_fd_sc_hd__clkbuf_16)
                  0.05    0.14    0.47 ^ clkbuf_1_0__f_clk/X (sky130_fd_sc_hd__clkbuf_16)
    14    0.03                           clknet_1_0__leaf_clk (net)
                  0.05    0.00    0.47 ^ _422_/CLK (sky130_fd_sc_hd__dfrtp_4)
                          0.25    0.72   clock uncertainty
                         -0.04    0.67   clock reconvergence pessimism
                         -0.03    0.64   library hold time
                                  0.64   data required time
-----------------------------------------------------------------------------
                                  0.64   data required time
                                 -1.25   data arrival time
-----------------------------------------------------------------------------
                                  0.61   slack (MET)


Startpoint: _406_ (rising edge-triggered flip-flop clocked by clk)
Endpoint: _406_ (rising edge-triggered flip-flop clocked by clk)
Path Group: clk
Path Type: min

Fanout     Cap    Slew   Delay    Time   Description
-----------------------------------------------------------------------------
                          0.00    0.00   clock clk (rise edge)
                          0.00    0.00   clock source latency
                  0.20    0.14    0.14 ^ clk (in)
     1    0.04                           clk (net)
                  0.20    0.00    0.14 ^ clkbuf_0_clk/A (sky130_fd_sc_hd__clkbuf_16)
                  0.04    0.16    0.30 ^ clkbuf_0_clk/X (sky130_fd_sc_hd__clkbuf_16)
     2    0.02                           clknet_0_clk (net)
                  0.04    0.00    0.30 ^ clkbuf_1_0__f_clk/A (sky130_fd_sc_hd__clkbuf_16)
                  0.05    0.12    0.42 ^ clkbuf_1_0__f_clk/X (sky130_fd_sc_hd__clkbuf_16)
    14    0.03                           clknet_1_0__leaf_clk (net)
                  0.05    0.00    0.42 ^ _406_/CLK (sky130_fd_sc_hd__dfrtp_2)
                  0.05    0.33    0.75 ^ _406_/Q (sky130_fd_sc_hd__dfrtp_2)
     3    0.01                           net6 (net)
                  0.05    0.00    0.75 ^ _212_/A (sky130_fd_sc_hd__and3_1)
                  0.13    0.19    0.94 ^ _212_/X (sky130_fd_sc_hd__and3_1)
     4    0.01                           _053_ (net)
                  0.13    0.00    0.94 ^ _306_/A (sky130_fd_sc_hd__or2_1)
                  0.06    0.12    1.07 ^ _306_/X (sky130_fd_sc_hd__or2_1)
     2    0.00                           _139_ (net)
                  0.06    0.00    1.07 ^ _347_/B (sky130_fd_sc_hd__or3b_1)
                  0.04    0.10    1.16 ^ _347_/X (sky130_fd_sc_hd__or3b_1)
     1    0.00                           _169_ (net)
                  0.04    0.00    1.16 ^ _348_/B1 (sky130_fd_sc_hd__o21a_1)
                  0.04    0.10    1.26 ^ _348_/X (sky130_fd_sc_hd__o21a_1)
     1    0.00                           _032_ (net)
                  0.04    0.00    1.26 ^ _406_/D (sky130_fd_sc_hd__dfrtp_2)
                                  1.26   data arrival time

                          0.00    0.00   clock clk (rise edge)
                          0.00    0.00   clock source latency
                  0.20    0.15    0.15 ^ clk (in)
     1    0.04                           clk (net)
                  0.20    0.00    0.15 ^ clkbuf_0_clk/A (sky130_fd_sc_hd__clkbuf_16)
                  0.04    0.18    0.33 ^ clkbuf_0_clk/X (sky130_fd_sc_hd__clkbuf_16)
     2    0.02                           clknet_0_clk (net)
                  0.04    0.00    0.33 ^ clkbuf_1_0__f_clk/A (sky130_fd_sc_hd__clkbuf_16)
                  0.05    0.14    0.47 ^ clkbuf_1_0__f_clk/X (sky130_fd_sc_hd__clkbuf_16)
    14    0.03                           clknet_1_0__leaf_clk (net)
                  0.05    0.00    0.47 ^ _406_/CLK (sky130_fd_sc_hd__dfrtp_2)
                          0.25    0.72   clock uncertainty
                         -0.04    0.67   clock reconvergence pessimism
                         -0.03    0.64   library hold time
                                  0.64   data required time
-----------------------------------------------------------------------------
                                  0.64   data required time
                                 -1.26   data arrival time
-----------------------------------------------------------------------------
                                  0.62   slack (MET)


Startpoint: rst (input port clocked by clk)
Endpoint: _425_ (removal check against rising-edge clock clk)
Path Group: asynchronous
Path Type: min

Fanout     Cap    Slew   Delay    Time   Description
-----------------------------------------------------------------------------
                          0.00    0.00   clock clk (rise edge)
                          0.00    0.00   clock network delay (propagated)
                          4.00    4.00 v input external delay
                  0.02    0.01    4.01 v rst (in)
     1    0.01                           rst (net)
                  0.02    0.00    4.01 v input1/A (sky130_fd_sc_hd__buf_1)
                  0.08    0.11    4.12 v input1/X (sky130_fd_sc_hd__buf_1)
     1    0.01                           net1 (net)
                  0.08    0.00    4.12 v _367_/A (sky130_fd_sc_hd__buf_4)
                  0.08    0.19    4.32 v _367_/X (sky130_fd_sc_hd__buf_4)
    10    0.05                           _180_ (net)
                  0.08    0.00    4.32 v _397_/A (sky130_fd_sc_hd__inv_2)
                  0.03    0.05    4.37 ^ _397_/Y (sky130_fd_sc_hd__inv_2)
     1    0.00                           _027_ (net)
                  0.03    0.00    4.37 ^ _425_/RESET_B (sky130_fd_sc_hd__dfrtp_4)
                                  4.37   data arrival time

                          0.00    0.00   clock clk (rise edge)
                          0.00    0.00   clock source latency
                  0.20    0.15    0.15 ^ clk (in)
     1    0.04                           clk (net)
                  0.20    0.00    0.15 ^ clkbuf_0_clk/A (sky130_fd_sc_hd__clkbuf_16)
                  0.04    0.18    0.33 ^ clkbuf_0_clk/X (sky130_fd_sc_hd__clkbuf_16)
     2    0.02                           clknet_0_clk (net)
                  0.04    0.00    0.33 ^ clkbuf_1_0__f_clk/A (sky130_fd_sc_hd__clkbuf_16)
                  0.05    0.14    0.47 ^ clkbuf_1_0__f_clk/X (sky130_fd_sc_hd__clkbuf_16)
    14    0.03                           clknet_1_0__leaf_clk (net)
                  0.05    0.00    0.47 ^ _425_/CLK (sky130_fd_sc_hd__dfrtp_4)
                          0.25    0.72   clock uncertainty
                          0.00    0.72   clock reconvergence pessimism
                          0.32    1.04   library removal time
                                  1.04   data required time
-----------------------------------------------------------------------------
                                  1.04   data required time
                                 -4.37   data arrival time
-----------------------------------------------------------------------------
                                  3.33   slack (MET)


Startpoint: rst (input port clocked by clk)
Endpoint: _424_ (removal check against rising-edge clock clk)
Path Group: asynchronous
Path Type: min

Fanout     Cap    Slew   Delay    Time   Description
-----------------------------------------------------------------------------
                          0.00    0.00   clock clk (rise edge)
                          0.00    0.00   clock network delay (propagated)
                          4.00    4.00 v input external delay
                  0.02    0.01    4.01 v rst (in)
     1    0.01                           rst (net)
                  0.02    0.00    4.01 v input1/A (sky130_fd_sc_hd__buf_1)
                  0.08    0.11    4.12 v input1/X (sky130_fd_sc_hd__buf_1)
     1    0.01                           net1 (net)
                  0.08    0.00    4.12 v _367_/A (sky130_fd_sc_hd__buf_4)
                  0.08    0.19    4.32 v _367_/X (sky130_fd_sc_hd__buf_4)
    10    0.05                           _180_ (net)
                  0.08    0.00    4.32 v _396_/A (sky130_fd_sc_hd__inv_2)
                  0.04    0.06    4.38 ^ _396_/Y (sky130_fd_sc_hd__inv_2)
     1    0.01                           _026_ (net)
                  0.04    0.00    4.38 ^ _424_/RESET_B (sky130_fd_sc_hd__dfrtp_4)
                                  4.38   data arrival time

                          0.00    0.00   clock clk (rise edge)
                          0.00    0.00   clock source latency
                  0.20    0.15    0.15 ^ clk (in)
     1    0.04                           clk (net)
                  0.20    0.00    0.15 ^ clkbuf_0_clk/A (sky130_fd_sc_hd__clkbuf_16)
                  0.04    0.18    0.33 ^ clkbuf_0_clk/X (sky130_fd_sc_hd__clkbuf_16)
     2    0.02                           clknet_0_clk (net)
                  0.04    0.00    0.33 ^ clkbuf_1_0__f_clk/A (sky130_fd_sc_hd__clkbuf_16)
                  0.05    0.14    0.47 ^ clkbuf_1_0__f_clk/X (sky130_fd_sc_hd__clkbuf_16)
    14    0.03                           clknet_1_0__leaf_clk (net)
                  0.05    0.00    0.47 ^ _424_/CLK (sky130_fd_sc_hd__dfrtp_4)
                          0.25    0.72   clock uncertainty
                          0.00    0.72   clock reconvergence pessimism
                          0.32    1.04   library removal time
                                  1.04   data required time
-----------------------------------------------------------------------------
                                  1.04   data required time
                                 -4.38   data arrival time
-----------------------------------------------------------------------------
                                  3.34   slack (MET)


Startpoint: rst (input port clocked by clk)
Endpoint: _418_ (removal check against rising-edge clock clk)
Path Group: asynchronous
Path Type: min

Fanout     Cap    Slew   Delay    Time   Description
-----------------------------------------------------------------------------
                          0.00    0.00   clock clk (rise edge)
                          0.00    0.00   clock network delay (propagated)
                          4.00    4.00 v input external delay
                  0.02    0.01    4.01 v rst (in)
     1    0.01                           rst (net)
                  0.02    0.00    4.01 v input1/A (sky130_fd_sc_hd__buf_1)
                  0.08    0.11    4.12 v input1/X (sky130_fd_sc_hd__buf_1)
     1    0.01                           net1 (net)
                  0.08    0.00    4.12 v _367_/A (sky130_fd_sc_hd__buf_4)
                  0.08    0.19    4.32 v _367_/X (sky130_fd_sc_hd__buf_4)
    10    0.05                           _180_ (net)
                  0.08    0.01    4.32 v _390_/A (sky130_fd_sc_hd__inv_2)
                  0.03    0.06    4.38 ^ _390_/Y (sky130_fd_sc_hd__inv_2)
     1    0.00                           _020_ (net)
                  0.03    0.00    4.38 ^ _418_/RESET_B (sky130_fd_sc_hd__dfrtp_4)
                                  4.38   data arrival time

                          0.00    0.00   clock clk (rise edge)
                          0.00    0.00   clock source latency
                  0.20    0.15    0.15 ^ clk (in)
     1    0.04                           clk (net)
                  0.20    0.00    0.15 ^ clkbuf_0_clk/A (sky130_fd_sc_hd__clkbuf_16)
                  0.04    0.18    0.33 ^ clkbuf_0_clk/X (sky130_fd_sc_hd__clkbuf_16)
     2    0.02                           clknet_0_clk (net)
                  0.04    0.00    0.33 ^ clkbuf_1_1__f_clk/A (sky130_fd_sc_hd__clkbuf_16)
                  0.05    0.14    0.47 ^ clkbuf_1_1__f_clk/X (sky130_fd_sc_hd__clkbuf_16)
    14    0.03                           clknet_1_1__leaf_clk (net)
                  0.05    0.00    0.47 ^ _418_/CLK (sky130_fd_sc_hd__dfrtp_4)
                          0.25    0.72   clock uncertainty
                          0.00    0.72   clock reconvergence pessimism
                          0.32    1.04   library removal time
                                  1.04   data required time
-----------------------------------------------------------------------------
                                  1.04   data required time
                                 -4.38   data arrival time
-----------------------------------------------------------------------------
                                  3.34   slack (MET)


Startpoint: rst (input port clocked by clk)
Endpoint: _420_ (removal check against rising-edge clock clk)
Path Group: asynchronous
Path Type: min

Fanout     Cap    Slew   Delay    Time   Description
-----------------------------------------------------------------------------
                          0.00    0.00   clock clk (rise edge)
                          0.00    0.00   clock network delay (propagated)
                          4.00    4.00 v input external delay
                  0.02    0.01    4.01 v rst (in)
     1    0.01                           rst (net)
                  0.02    0.00    4.01 v input1/A (sky130_fd_sc_hd__buf_1)
                  0.08    0.11    4.12 v input1/X (sky130_fd_sc_hd__buf_1)
     1    0.01                           net1 (net)
                  0.08    0.00    4.12 v _367_/A (sky130_fd_sc_hd__buf_4)
                  0.08    0.19    4.32 v _367_/X (sky130_fd_sc_hd__buf_4)
    10    0.05                           _180_ (net)
                  0.08    0.00    4.32 v _392_/A (sky130_fd_sc_hd__inv_2)
                  0.04    0.06    4.38 ^ _392_/Y (sky130_fd_sc_hd__inv_2)
     1    0.00                           _022_ (net)
                  0.04    0.00    4.38 ^ _420_/RESET_B (sky130_fd_sc_hd__dfrtp_4)
                                  4.38   data arrival time

                          0.00    0.00   clock clk (rise edge)
                          0.00    0.00   clock source latency
                  0.20    0.15    0.15 ^ clk (in)
     1    0.04                           clk (net)
                  0.20    0.00    0.15 ^ clkbuf_0_clk/A (sky130_fd_sc_hd__clkbuf_16)
                  0.04    0.18    0.33 ^ clkbuf_0_clk/X (sky130_fd_sc_hd__clkbuf_16)
     2    0.02                           clknet_0_clk (net)
                  0.04    0.00    0.33 ^ clkbuf_1_1__f_clk/A (sky130_fd_sc_hd__clkbuf_16)
                  0.05    0.14    0.47 ^ clkbuf_1_1__f_clk/X (sky130_fd_sc_hd__clkbuf_16)
    14    0.03                           clknet_1_1__leaf_clk (net)
                  0.05    0.00    0.47 ^ _420_/CLK (sky130_fd_sc_hd__dfrtp_4)
                          0.25    0.72   clock uncertainty
                          0.00    0.72   clock reconvergence pessimism
                          0.32    1.04   library removal time
                                  1.04   data required time
-----------------------------------------------------------------------------
                                  1.04   data required time
                                 -4.38   data arrival time
-----------------------------------------------------------------------------
                                  3.34   slack (MET)


Startpoint: rst (input port clocked by clk)
Endpoint: _422_ (removal check against rising-edge clock clk)
Path Group: asynchronous
Path Type: min

Fanout     Cap    Slew   Delay    Time   Description
-----------------------------------------------------------------------------
                          0.00    0.00   clock clk (rise edge)
                          0.00    0.00   clock network delay (propagated)
                          4.00    4.00 v input external delay
                  0.02    0.01    4.01 v rst (in)
     1    0.01                           rst (net)
                  0.02    0.00    4.01 v input1/A (sky130_fd_sc_hd__buf_1)
                  0.08    0.11    4.12 v input1/X (sky130_fd_sc_hd__buf_1)
     1    0.01                           net1 (net)
                  0.08    0.00    4.12 v _367_/A (sky130_fd_sc_hd__buf_4)
                  0.08    0.19    4.32 v _367_/X (sky130_fd_sc_hd__buf_4)
    10    0.05                           _180_ (net)
                  0.08    0.00    4.32 v _394_/A (sky130_fd_sc_hd__inv_2)
                  0.04    0.06    4.38 ^ _394_/Y (sky130_fd_sc_hd__inv_2)
     1    0.00                           _024_ (net)
                  0.04    0.00    4.38 ^ _422_/RESET_B (sky130_fd_sc_hd__dfrtp_4)
                                  4.38   data arrival time

                          0.00    0.00   clock clk (rise edge)
                          0.00    0.00   clock source latency
                  0.20    0.15    0.15 ^ clk (in)
     1    0.04                           clk (net)
                  0.20    0.00    0.15 ^ clkbuf_0_clk/A (sky130_fd_sc_hd__clkbuf_16)
                  0.04    0.18    0.33 ^ clkbuf_0_clk/X (sky130_fd_sc_hd__clkbuf_16)
     2    0.02                           clknet_0_clk (net)
                  0.04    0.00    0.33 ^ clkbuf_1_0__f_clk/A (sky130_fd_sc_hd__clkbuf_16)
                  0.05    0.14    0.47 ^ clkbuf_1_0__f_clk/X (sky130_fd_sc_hd__clkbuf_16)
    14    0.03                           clknet_1_0__leaf_clk (net)
                  0.05    0.00    0.47 ^ _422_/CLK (sky130_fd_sc_hd__dfrtp_4)
                          0.25    0.72   clock uncertainty
                          0.00    0.72   clock reconvergence pessimism
                          0.32    1.04   library removal time
                                  1.04   data required time
-----------------------------------------------------------------------------
                                  1.04   data required time
                                 -4.38   data arrival time
-----------------------------------------------------------------------------
                                  3.34   slack (MET)


Startpoint: rst (input port clocked by clk)
Endpoint: _419_ (removal check against rising-edge clock clk)
Path Group: asynchronous
Path Type: min

Fanout     Cap    Slew   Delay    Time   Description
-----------------------------------------------------------------------------
                          0.00    0.00   clock clk (rise edge)
                          0.00    0.00   clock network delay (propagated)
                          4.00    4.00 v input external delay
                  0.02    0.01    4.01 v rst (in)
     1    0.01                           rst (net)
                  0.02    0.00    4.01 v input1/A (sky130_fd_sc_hd__buf_1)
                  0.08    0.11    4.12 v input1/X (sky130_fd_sc_hd__buf_1)
     1    0.01                           net1 (net)
                  0.08    0.00    4.12 v _367_/A (sky130_fd_sc_hd__buf_4)
                  0.08    0.19    4.32 v _367_/X (sky130_fd_sc_hd__buf_4)
    10    0.05                           _180_ (net)
                  0.08    0.00    4.32 v _391_/A (sky130_fd_sc_hd__inv_2)
                  0.04    0.06    4.38 ^ _391_/Y (sky130_fd_sc_hd__inv_2)
     1    0.00                           _021_ (net)
                  0.04    0.00    4.38 ^ _419_/RESET_B (sky130_fd_sc_hd__dfrtp_4)
                                  4.38   data arrival time

                          0.00    0.00   clock clk (rise edge)
                          0.00    0.00   clock source latency
                  0.20    0.15    0.15 ^ clk (in)
     1    0.04                           clk (net)
                  0.20    0.00    0.15 ^ clkbuf_0_clk/A (sky130_fd_sc_hd__clkbuf_16)
                  0.04    0.18    0.33 ^ clkbuf_0_clk/X (sky130_fd_sc_hd__clkbuf_16)
     2    0.02                           clknet_0_clk (net)
                  0.04    0.00    0.33 ^ clkbuf_1_1__f_clk/A (sky130_fd_sc_hd__clkbuf_16)
                  0.05    0.14    0.47 ^ clkbuf_1_1__f_clk/X (sky130_fd_sc_hd__clkbuf_16)
    14    0.03                           clknet_1_1__leaf_clk (net)
                  0.05    0.00    0.47 ^ _419_/CLK (sky130_fd_sc_hd__dfrtp_4)
                          0.25    0.72   clock uncertainty
                          0.00    0.72   clock reconvergence pessimism
                          0.32    1.04   library removal time
                                  1.04   data required time
-----------------------------------------------------------------------------
                                  1.04   data required time
                                 -4.38   data arrival time
-----------------------------------------------------------------------------
                                  3.34   slack (MET)


Startpoint: rst (input port clocked by clk)
Endpoint: _421_ (removal check against rising-edge clock clk)
Path Group: asynchronous
Path Type: min

Fanout     Cap    Slew   Delay    Time   Description
-----------------------------------------------------------------------------
                          0.00    0.00   clock clk (rise edge)
                          0.00    0.00   clock network delay (propagated)
                          4.00    4.00 v input external delay
                  0.02    0.01    4.01 v rst (in)
     1    0.01                           rst (net)
                  0.02    0.00    4.01 v input1/A (sky130_fd_sc_hd__buf_1)
                  0.08    0.11    4.12 v input1/X (sky130_fd_sc_hd__buf_1)
     1    0.01                           net1 (net)
                  0.08    0.00    4.12 v _367_/A (sky130_fd_sc_hd__buf_4)
                  0.08    0.19    4.32 v _367_/X (sky130_fd_sc_hd__buf_4)
    10    0.05                           _180_ (net)
                  0.08    0.01    4.32 v _393_/A (sky130_fd_sc_hd__inv_2)
                  0.04    0.06    4.38 ^ _393_/Y (sky130_fd_sc_hd__inv_2)
     1    0.00                           _023_ (net)
                  0.04    0.00    4.38 ^ _421_/RESET_B (sky130_fd_sc_hd__dfrtp_4)
                                  4.38   data arrival time

                          0.00    0.00   clock clk (rise edge)
                          0.00    0.00   clock source latency
                  0.20    0.15    0.15 ^ clk (in)
     1    0.04                           clk (net)
                  0.20    0.00    0.15 ^ clkbuf_0_clk/A (sky130_fd_sc_hd__clkbuf_16)
                  0.04    0.18    0.33 ^ clkbuf_0_clk/X (sky130_fd_sc_hd__clkbuf_16)
     2    0.02                           clknet_0_clk (net)
                  0.04    0.00    0.33 ^ clkbuf_1_1__f_clk/A (sky130_fd_sc_hd__clkbuf_16)
                  0.05    0.14    0.47 ^ clkbuf_1_1__f_clk/X (sky130_fd_sc_hd__clkbuf_16)
    14    0.03                           clknet_1_1__leaf_clk (net)
                  0.05    0.00    0.47 ^ _421_/CLK (sky130_fd_sc_hd__dfrtp_4)
                          0.25    0.72   clock uncertainty
                          0.00    0.72   clock reconvergence pessimism
                          0.32    1.04   library removal time
                                  1.04   data required time
-----------------------------------------------------------------------------
                                  1.04   data required time
                                 -4.38   data arrival time
-----------------------------------------------------------------------------
                                  3.34   slack (MET)


Startpoint: rst (input port clocked by clk)
Endpoint: _423_ (removal check against rising-edge clock clk)
Path Group: asynchronous
Path Type: min

Fanout     Cap    Slew   Delay    Time   Description
-----------------------------------------------------------------------------
                          0.00    0.00   clock clk (rise edge)
                          0.00    0.00   clock network delay (propagated)
                          4.00    4.00 v input external delay
                  0.02    0.01    4.01 v rst (in)
     1    0.01                           rst (net)
                  0.02    0.00    4.01 v input1/A (sky130_fd_sc_hd__buf_1)
                  0.08    0.11    4.12 v input1/X (sky130_fd_sc_hd__buf_1)
     1    0.01                           net1 (net)
                  0.08    0.00    4.12 v _367_/A (sky130_fd_sc_hd__buf_4)
                  0.08    0.19    4.32 v _367_/X (sky130_fd_sc_hd__buf_4)
    10    0.05                           _180_ (net)
                  0.08    0.00    4.32 v _395_/A (sky130_fd_sc_hd__inv_2)
                  0.04    0.06    4.38 ^ _395_/Y (sky130_fd_sc_hd__inv_2)
     1    0.01                           _025_ (net)
                  0.04    0.00    4.38 ^ _423_/RESET_B (sky130_fd_sc_hd__dfrtp_4)
                                  4.38   data arrival time

                          0.00    0.00   clock clk (rise edge)
                          0.00    0.00   clock source latency
                  0.20    0.15    0.15 ^ clk (in)
     1    0.04                           clk (net)
                  0.20    0.00    0.15 ^ clkbuf_0_clk/A (sky130_fd_sc_hd__clkbuf_16)
                  0.04    0.18    0.33 ^ clkbuf_0_clk/X (sky130_fd_sc_hd__clkbuf_16)
     2    0.02                           clknet_0_clk (net)
                  0.04    0.00    0.33 ^ clkbuf_1_0__f_clk/A (sky130_fd_sc_hd__clkbuf_16)
                  0.05    0.14    0.47 ^ clkbuf_1_0__f_clk/X (sky130_fd_sc_hd__clkbuf_16)
    14    0.03                           clknet_1_0__leaf_clk (net)
                  0.05    0.00    0.47 ^ _423_/CLK (sky130_fd_sc_hd__dfrtp_4)
                          0.25    0.72   clock uncertainty
                          0.00    0.72   clock reconvergence pessimism
                          0.32    1.04   library removal time
                                  1.04   data required time
-----------------------------------------------------------------------------
                                  1.04   data required time
                                 -4.38   data arrival time
-----------------------------------------------------------------------------
                                  3.34   slack (MET)


Startpoint: rst (input port clocked by clk)
Endpoint: _417_ (removal check against rising-edge clock clk)
Path Group: asynchronous
Path Type: min

Fanout     Cap    Slew   Delay    Time   Description
-----------------------------------------------------------------------------
                          0.00    0.00   clock clk (rise edge)
                          0.00    0.00   clock network delay (propagated)
                          4.00    4.00 v input external delay
                  0.02    0.01    4.01 v rst (in)
     1    0.01                           rst (net)
                  0.02    0.00    4.01 v input1/A (sky130_fd_sc_hd__buf_1)
                  0.08    0.11    4.12 v input1/X (sky130_fd_sc_hd__buf_1)
     1    0.01                           net1 (net)
                  0.08    0.00    4.12 v _367_/A (sky130_fd_sc_hd__buf_4)
                  0.08    0.19    4.32 v _367_/X (sky130_fd_sc_hd__buf_4)
    10    0.05                           _180_ (net)
                  0.08    0.00    4.32 v _379_/A (sky130_fd_sc_hd__buf_4)
                  0.07    0.18    4.50 v _379_/X (sky130_fd_sc_hd__buf_4)
    10    0.04                           _182_ (net)
                  0.07    0.00    4.50 v _389_/A (sky130_fd_sc_hd__inv_2)
                  0.03    0.05    4.55 ^ _389_/Y (sky130_fd_sc_hd__inv_2)
     1    0.00                           _019_ (net)
                  0.03    0.00    4.55 ^ _417_/RESET_B (sky130_fd_sc_hd__dfrtp_4)
                                  4.55   data arrival time

                          0.00    0.00   clock clk (rise edge)
                          0.00    0.00   clock source latency
                  0.20    0.15    0.15 ^ clk (in)
     1    0.04                           clk (net)
                  0.20    0.00    0.15 ^ clkbuf_0_clk/A (sky130_fd_sc_hd__clkbuf_16)
                  0.04    0.18    0.33 ^ clkbuf_0_clk/X (sky130_fd_sc_hd__clkbuf_16)
     2    0.02                           clknet_0_clk (net)
                  0.04    0.00    0.33 ^ clkbuf_1_0__f_clk/A (sky130_fd_sc_hd__clkbuf_16)
                  0.05    0.14    0.47 ^ clkbuf_1_0__f_clk/X (sky130_fd_sc_hd__clkbuf_16)
    14    0.03                           clknet_1_0__leaf_clk (net)
                  0.05    0.00    0.47 ^ _417_/CLK (sky130_fd_sc_hd__dfrtp_4)
                          0.25    0.72   clock uncertainty
                          0.00    0.72   clock reconvergence pessimism
                          0.32    1.04   library removal time
                                  1.04   data required time
-----------------------------------------------------------------------------
                                  1.04   data required time
                                 -4.55   data arrival time
-----------------------------------------------------------------------------
                                  3.52   slack (MET)


Startpoint: rst (input port clocked by clk)
Endpoint: _414_ (removal check against rising-edge clock clk)
Path Group: asynchronous
Path Type: min

Fanout     Cap    Slew   Delay    Time   Description
-----------------------------------------------------------------------------
                          0.00    0.00   clock clk (rise edge)
                          0.00    0.00   clock network delay (propagated)
                          4.00    4.00 v input external delay
                  0.02    0.01    4.01 v rst (in)
     1    0.01                           rst (net)
                  0.02    0.00    4.01 v input1/A (sky130_fd_sc_hd__buf_1)
                  0.08    0.11    4.12 v input1/X (sky130_fd_sc_hd__buf_1)
     1    0.01                           net1 (net)
                  0.08    0.00    4.12 v _367_/A (sky130_fd_sc_hd__buf_4)
                  0.08    0.19    4.32 v _367_/X (sky130_fd_sc_hd__buf_4)
    10    0.05                           _180_ (net)
                  0.08    0.00    4.32 v _379_/A (sky130_fd_sc_hd__buf_4)
                  0.07    0.18    4.50 v _379_/X (sky130_fd_sc_hd__buf_4)
    10    0.04                           _182_ (net)
                  0.07    0.00    4.50 v _386_/A (sky130_fd_sc_hd__inv_2)
                  0.03    0.05    4.55 ^ _386_/Y (sky130_fd_sc_hd__inv_2)
     1    0.00                           _016_ (net)
                  0.03    0.00    4.55 ^ _414_/RESET_B (sky130_fd_sc_hd__dfrtp_4)
                                  4.55   data arrival time

                          0.00    0.00   clock clk (rise edge)
                          0.00    0.00   clock source latency
                  0.20    0.15    0.15 ^ clk (in)
     1    0.04                           clk (net)
                  0.20    0.00    0.15 ^ clkbuf_0_clk/A (sky130_fd_sc_hd__clkbuf_16)
                  0.04    0.18    0.33 ^ clkbuf_0_clk/X (sky130_fd_sc_hd__clkbuf_16)
     2    0.02                           clknet_0_clk (net)
                  0.04    0.00    0.33 ^ clkbuf_1_0__f_clk/A (sky130_fd_sc_hd__clkbuf_16)
                  0.05    0.14    0.47 ^ clkbuf_1_0__f_clk/X (sky130_fd_sc_hd__clkbuf_16)
    14    0.03                           clknet_1_0__leaf_clk (net)
                  0.05    0.00    0.47 ^ _414_/CLK (sky130_fd_sc_hd__dfrtp_4)
                          0.25    0.72   clock uncertainty
                          0.00    0.72   clock reconvergence pessimism
                          0.32    1.04   library removal time
                                  1.04   data required time
-----------------------------------------------------------------------------
                                  1.04   data required time
                                 -4.55   data arrival time
-----------------------------------------------------------------------------
                                  3.52   slack (MET)


Startpoint: rst (input port clocked by clk)
Endpoint: _413_ (removal check against rising-edge clock clk)
Path Group: asynchronous
Path Type: min

Fanout     Cap    Slew   Delay    Time   Description
-----------------------------------------------------------------------------
                          0.00    0.00   clock clk (rise edge)
                          0.00    0.00   clock network delay (propagated)
                          4.00    4.00 v input external delay
                  0.02    0.01    4.01 v rst (in)
     1    0.01                           rst (net)
                  0.02    0.00    4.01 v input1/A (sky130_fd_sc_hd__buf_1)
                  0.08    0.11    4.12 v input1/X (sky130_fd_sc_hd__buf_1)
     1    0.01                           net1 (net)
                  0.08    0.00    4.12 v _367_/A (sky130_fd_sc_hd__buf_4)
                  0.08    0.19    4.32 v _367_/X (sky130_fd_sc_hd__buf_4)
    10    0.05                           _180_ (net)
                  0.08    0.00    4.32 v _379_/A (sky130_fd_sc_hd__buf_4)
                  0.07    0.18    4.50 v _379_/X (sky130_fd_sc_hd__buf_4)
    10    0.04                           _182_ (net)
                  0.07    0.00    4.50 v _385_/A (sky130_fd_sc_hd__inv_2)
                  0.03    0.05    4.55 ^ _385_/Y (sky130_fd_sc_hd__inv_2)
     1    0.00                           _015_ (net)
                  0.03    0.00    4.55 ^ _413_/RESET_B (sky130_fd_sc_hd__dfrtp_4)
                                  4.55   data arrival time

                          0.00    0.00   clock clk (rise edge)
                          0.00    0.00   clock source latency
                  0.20    0.15    0.15 ^ clk (in)
     1    0.04                           clk (net)
                  0.20    0.00    0.15 ^ clkbuf_0_clk/A (sky130_fd_sc_hd__clkbuf_16)
                  0.04    0.18    0.33 ^ clkbuf_0_clk/X (sky130_fd_sc_hd__clkbuf_16)
     2    0.02                           clknet_0_clk (net)
                  0.04    0.00    0.33 ^ clkbuf_1_0__f_clk/A (sky130_fd_sc_hd__clkbuf_16)
                  0.05    0.14    0.47 ^ clkbuf_1_0__f_clk/X (sky130_fd_sc_hd__clkbuf_16)
    14    0.03                           clknet_1_0__leaf_clk (net)
                  0.05    0.00    0.47 ^ _413_/CLK (sky130_fd_sc_hd__dfrtp_4)
                          0.25    0.72   clock uncertainty
                          0.00    0.72   clock reconvergence pessimism
                          0.32    1.04   library removal time
                                  1.04   data required time
-----------------------------------------------------------------------------
                                  1.04   data required time
                                 -4.55   data arrival time
-----------------------------------------------------------------------------
                                  3.52   slack (MET)


Startpoint: rst (input port clocked by clk)
Endpoint: _412_ (removal check against rising-edge clock clk)
Path Group: asynchronous
Path Type: min

Fanout     Cap    Slew   Delay    Time   Description
-----------------------------------------------------------------------------
                          0.00    0.00   clock clk (rise edge)
                          0.00    0.00   clock network delay (propagated)
                          4.00    4.00 v input external delay
                  0.02    0.01    4.01 v rst (in)
     1    0.01                           rst (net)
                  0.02    0.00    4.01 v input1/A (sky130_fd_sc_hd__buf_1)
                  0.08    0.11    4.12 v input1/X (sky130_fd_sc_hd__buf_1)
     1    0.01                           net1 (net)
                  0.08    0.00    4.12 v _367_/A (sky130_fd_sc_hd__buf_4)
                  0.08    0.19    4.32 v _367_/X (sky130_fd_sc_hd__buf_4)
    10    0.05                           _180_ (net)
                  0.08    0.00    4.32 v _379_/A (sky130_fd_sc_hd__buf_4)
                  0.07    0.18    4.50 v _379_/X (sky130_fd_sc_hd__buf_4)
    10    0.04                           _182_ (net)
                  0.07    0.00    4.50 v _384_/A (sky130_fd_sc_hd__inv_2)
                  0.03    0.05    4.55 ^ _384_/Y (sky130_fd_sc_hd__inv_2)
     1    0.00                           _014_ (net)
                  0.03    0.00    4.55 ^ _412_/RESET_B (sky130_fd_sc_hd__dfrtp_2)
                                  4.55   data arrival time

                          0.00    0.00   clock clk (rise edge)
                          0.00    0.00   clock source latency
                  0.20    0.15    0.15 ^ clk (in)
     1    0.04                           clk (net)
                  0.20    0.00    0.15 ^ clkbuf_0_clk/A (sky130_fd_sc_hd__clkbuf_16)
                  0.04    0.18    0.33 ^ clkbuf_0_clk/X (sky130_fd_sc_hd__clkbuf_16)
     2    0.02                           clknet_0_clk (net)
                  0.04    0.00    0.33 ^ clkbuf_1_1__f_clk/A (sky130_fd_sc_hd__clkbuf_16)
                  0.05    0.14    0.47 ^ clkbuf_1_1__f_clk/X (sky130_fd_sc_hd__clkbuf_16)
    14    0.03                           clknet_1_1__leaf_clk (net)
                  0.05    0.00    0.47 ^ _412_/CLK (sky130_fd_sc_hd__dfrtp_2)
                          0.25    0.72   clock uncertainty
                          0.00    0.72   clock reconvergence pessimism
                          0.32    1.04   library removal time
                                  1.04   data required time
-----------------------------------------------------------------------------
                                  1.04   data required time
                                 -4.55   data arrival time
-----------------------------------------------------------------------------
                                  3.52   slack (MET)


Startpoint: rst (input port clocked by clk)
Endpoint: _415_ (removal check against rising-edge clock clk)
Path Group: asynchronous
Path Type: min

Fanout     Cap    Slew   Delay    Time   Description
-----------------------------------------------------------------------------
                          0.00    0.00   clock clk (rise edge)
                          0.00    0.00   clock network delay (propagated)
                          4.00    4.00 v input external delay
                  0.02    0.01    4.01 v rst (in)
     1    0.01                           rst (net)
                  0.02    0.00    4.01 v input1/A (sky130_fd_sc_hd__buf_1)
                  0.08    0.11    4.12 v input1/X (sky130_fd_sc_hd__buf_1)
     1    0.01                           net1 (net)
                  0.08    0.00    4.12 v _367_/A (sky130_fd_sc_hd__buf_4)
                  0.08    0.19    4.32 v _367_/X (sky130_fd_sc_hd__buf_4)
    10    0.05                           _180_ (net)
                  0.08    0.00    4.32 v _379_/A (sky130_fd_sc_hd__buf_4)
                  0.07    0.18    4.50 v _379_/X (sky130_fd_sc_hd__buf_4)
    10    0.04                           _182_ (net)
                  0.07    0.00    4.50 v _387_/A (sky130_fd_sc_hd__inv_2)
                  0.03    0.05    4.55 ^ _387_/Y (sky130_fd_sc_hd__inv_2)
     1    0.00                           _017_ (net)
                  0.03    0.00    4.55 ^ _415_/RESET_B (sky130_fd_sc_hd__dfrtp_4)
                                  4.55   data arrival time

                          0.00    0.00   clock clk (rise edge)
                          0.00    0.00   clock source latency
                  0.20    0.15    0.15 ^ clk (in)
     1    0.04                           clk (net)
                  0.20    0.00    0.15 ^ clkbuf_0_clk/A (sky130_fd_sc_hd__clkbuf_16)
                  0.04    0.18    0.33 ^ clkbuf_0_clk/X (sky130_fd_sc_hd__clkbuf_16)
     2    0.02                           clknet_0_clk (net)
                  0.04    0.00    0.33 ^ clkbuf_1_0__f_clk/A (sky130_fd_sc_hd__clkbuf_16)
                  0.05    0.14    0.47 ^ clkbuf_1_0__f_clk/X (sky130_fd_sc_hd__clkbuf_16)
    14    0.03                           clknet_1_0__leaf_clk (net)
                  0.05    0.00    0.47 ^ _415_/CLK (sky130_fd_sc_hd__dfrtp_4)
                          0.25    0.72   clock uncertainty
                          0.00    0.72   clock reconvergence pessimism
                          0.32    1.04   library removal time
                                  1.04   data required time
-----------------------------------------------------------------------------
                                  1.04   data required time
                                 -4.55   data arrival time
-----------------------------------------------------------------------------
                                  3.52   slack (MET)


Startpoint: rst (input port clocked by clk)
Endpoint: _416_ (removal check against rising-edge clock clk)
Path Group: asynchronous
Path Type: min

Fanout     Cap    Slew   Delay    Time   Description
-----------------------------------------------------------------------------
                          0.00    0.00   clock clk (rise edge)
                          0.00    0.00   clock network delay (propagated)
                          4.00    4.00 v input external delay
                  0.02    0.01    4.01 v rst (in)
     1    0.01                           rst (net)
                  0.02    0.00    4.01 v input1/A (sky130_fd_sc_hd__buf_1)
                  0.08    0.11    4.12 v input1/X (sky130_fd_sc_hd__buf_1)
     1    0.01                           net1 (net)
                  0.08    0.00    4.12 v _367_/A (sky130_fd_sc_hd__buf_4)
                  0.08    0.19    4.32 v _367_/X (sky130_fd_sc_hd__buf_4)
    10    0.05                           _180_ (net)
                  0.08    0.00    4.32 v _379_/A (sky130_fd_sc_hd__buf_4)
                  0.07    0.18    4.50 v _379_/X (sky130_fd_sc_hd__buf_4)
    10    0.04                           _182_ (net)
                  0.07    0.00    4.50 v _388_/A (sky130_fd_sc_hd__inv_2)
                  0.03    0.05    4.55 ^ _388_/Y (sky130_fd_sc_hd__inv_2)
     1    0.00                           _018_ (net)
                  0.03    0.00    4.55 ^ _416_/RESET_B (sky130_fd_sc_hd__dfrtp_4)
                                  4.55   data arrival time

                          0.00    0.00   clock clk (rise edge)
                          0.00    0.00   clock source latency
                  0.20    0.15    0.15 ^ clk (in)
     1    0.04                           clk (net)
                  0.20    0.00    0.15 ^ clkbuf_0_clk/A (sky130_fd_sc_hd__clkbuf_16)
                  0.04    0.18    0.33 ^ clkbuf_0_clk/X (sky130_fd_sc_hd__clkbuf_16)
     2    0.02                           clknet_0_clk (net)
                  0.04    0.00    0.33 ^ clkbuf_1_0__f_clk/A (sky130_fd_sc_hd__clkbuf_16)
                  0.05    0.14    0.47 ^ clkbuf_1_0__f_clk/X (sky130_fd_sc_hd__clkbuf_16)
    14    0.03                           clknet_1_0__leaf_clk (net)
                  0.05    0.00    0.47 ^ _416_/CLK (sky130_fd_sc_hd__dfrtp_4)
                          0.25    0.72   clock uncertainty
                          0.00    0.72   clock reconvergence pessimism
                          0.32    1.04   library removal time
                                  1.04   data required time
-----------------------------------------------------------------------------
                                  1.04   data required time
                                 -4.55   data arrival time
-----------------------------------------------------------------------------
                                  3.52   slack (MET)


Startpoint: rst (input port clocked by clk)
Endpoint: _399_ (removal check against rising-edge clock clk)
Path Group: asynchronous
Path Type: min

Fanout     Cap    Slew   Delay    Time   Description
-----------------------------------------------------------------------------
                          0.00    0.00   clock clk (rise edge)
                          0.00    0.00   clock network delay (propagated)
                          4.00    4.00 v input external delay
                  0.02    0.01    4.01 v rst (in)
     1    0.01                           rst (net)
                  0.02    0.00    4.01 v input1/A (sky130_fd_sc_hd__buf_1)
                  0.08    0.11    4.12 v input1/X (sky130_fd_sc_hd__buf_1)
     1    0.01                           net1 (net)
                  0.08    0.00    4.12 v _367_/A (sky130_fd_sc_hd__buf_4)
                  0.08    0.19    4.32 v _367_/X (sky130_fd_sc_hd__buf_4)
    10    0.05                           _180_ (net)
                  0.08    0.01    4.32 v _368_/A (sky130_fd_sc_hd__buf_4)
                  0.07    0.18    4.50 v _368_/X (sky130_fd_sc_hd__buf_4)
    10    0.04                           _181_ (net)
                  0.07    0.00    4.50 v _370_/A (sky130_fd_sc_hd__inv_2)
                  0.03    0.05    4.55 ^ _370_/Y (sky130_fd_sc_hd__inv_2)
     1    0.00                           _001_ (net)
                  0.03    0.00    4.55 ^ _399_/RESET_B (sky130_fd_sc_hd__dfrtp_4)
                                  4.55   data arrival time

                          0.00    0.00   clock clk (rise edge)
                          0.00    0.00   clock source latency
                  0.20    0.15    0.15 ^ clk (in)
     1    0.04                           clk (net)
                  0.20    0.00    0.15 ^ clkbuf_0_clk/A (sky130_fd_sc_hd__clkbuf_16)
                  0.04    0.18    0.33 ^ clkbuf_0_clk/X (sky130_fd_sc_hd__clkbuf_16)
     2    0.02                           clknet_0_clk (net)
                  0.04    0.00    0.33 ^ clkbuf_1_1__f_clk/A (sky130_fd_sc_hd__clkbuf_16)
                  0.05    0.14    0.47 ^ clkbuf_1_1__f_clk/X (sky130_fd_sc_hd__clkbuf_16)
    14    0.03                           clknet_1_1__leaf_clk (net)
                  0.05    0.00    0.47 ^ _399_/CLK (sky130_fd_sc_hd__dfrtp_4)
                          0.25    0.72   clock uncertainty
                          0.00    0.72   clock reconvergence pessimism
                          0.32    1.04   library removal time
                                  1.04   data required time
-----------------------------------------------------------------------------
                                  1.04   data required time
                                 -4.55   data arrival time
-----------------------------------------------------------------------------
                                  3.52   slack (MET)


Startpoint: rst (input port clocked by clk)
Endpoint: _410_ (removal check against rising-edge clock clk)
Path Group: asynchronous
Path Type: min

Fanout     Cap    Slew   Delay    Time   Description
-----------------------------------------------------------------------------
                          0.00    0.00   clock clk (rise edge)
                          0.00    0.00   clock network delay (propagated)
                          4.00    4.00 v input external delay
                  0.02    0.01    4.01 v rst (in)
     1    0.01                           rst (net)
                  0.02    0.00    4.01 v input1/A (sky130_fd_sc_hd__buf_1)
                  0.08    0.11    4.12 v input1/X (sky130_fd_sc_hd__buf_1)
     1    0.01                           net1 (net)
                  0.08    0.00    4.12 v _367_/A (sky130_fd_sc_hd__buf_4)
                  0.08    0.19    4.32 v _367_/X (sky130_fd_sc_hd__buf_4)
    10    0.05                           _180_ (net)
                  0.08    0.00    4.32 v _379_/A (sky130_fd_sc_hd__buf_4)
                  0.07    0.18    4.50 v _379_/X (sky130_fd_sc_hd__buf_4)
    10    0.04                           _182_ (net)
                  0.07    0.00    4.50 v _382_/A (sky130_fd_sc_hd__inv_2)
                  0.04    0.06    4.56 ^ _382_/Y (sky130_fd_sc_hd__inv_2)
     1    0.01                           _012_ (net)
                  0.04    0.00    4.56 ^ _410_/RESET_B (sky130_fd_sc_hd__dfrtp_4)
                                  4.56   data arrival time

                          0.00    0.00   clock clk (rise edge)
                          0.00    0.00   clock source latency
                  0.20    0.15    0.15 ^ clk (in)
     1    0.04                           clk (net)
                  0.20    0.00    0.15 ^ clkbuf_0_clk/A (sky130_fd_sc_hd__clkbuf_16)
                  0.04    0.18    0.33 ^ clkbuf_0_clk/X (sky130_fd_sc_hd__clkbuf_16)
     2    0.02                           clknet_0_clk (net)
                  0.04    0.00    0.33 ^ clkbuf_1_0__f_clk/A (sky130_fd_sc_hd__clkbuf_16)
                  0.05    0.14    0.47 ^ clkbuf_1_0__f_clk/X (sky130_fd_sc_hd__clkbuf_16)
    14    0.03                           clknet_1_0__leaf_clk (net)
                  0.05    0.00    0.47 ^ _410_/CLK (sky130_fd_sc_hd__dfrtp_4)
                          0.25    0.72   clock uncertainty
                          0.00    0.72   clock reconvergence pessimism
                          0.32    1.04   library removal time
                                  1.04   data required time
-----------------------------------------------------------------------------
                                  1.04   data required time
                                 -4.56   data arrival time
-----------------------------------------------------------------------------
                                  3.52   slack (MET)


Startpoint: rst (input port clocked by clk)
Endpoint: _401_ (removal check against rising-edge clock clk)
Path Group: asynchronous
Path Type: min

Fanout     Cap    Slew   Delay    Time   Description
-----------------------------------------------------------------------------
                          0.00    0.00   clock clk (rise edge)
                          0.00    0.00   clock network delay (propagated)
                          4.00    4.00 v input external delay
                  0.02    0.01    4.01 v rst (in)
     1    0.01                           rst (net)
                  0.02    0.00    4.01 v input1/A (sky130_fd_sc_hd__buf_1)
                  0.08    0.11    4.12 v input1/X (sky130_fd_sc_hd__buf_1)
     1    0.01                           net1 (net)
                  0.08    0.00    4.12 v _367_/A (sky130_fd_sc_hd__buf_4)
                  0.08    0.19    4.32 v _367_/X (sky130_fd_sc_hd__buf_4)
    10    0.05                           _180_ (net)
                  0.08    0.01    4.32 v _368_/A (sky130_fd_sc_hd__buf_4)
                  0.07    0.18    4.50 v _368_/X (sky130_fd_sc_hd__buf_4)
    10    0.04                           _181_ (net)
                  0.07    0.00    4.50 v _372_/A (sky130_fd_sc_hd__inv_2)
                  0.03    0.05    4.56 ^ _372_/Y (sky130_fd_sc_hd__inv_2)
     1    0.00                           _003_ (net)
                  0.03    0.00    4.56 ^ _401_/RESET_B (sky130_fd_sc_hd__dfrtp_4)
                                  4.56   data arrival time

                          0.00    0.00   clock clk (rise edge)
                          0.00    0.00   clock source latency
                  0.20    0.15    0.15 ^ clk (in)
     1    0.04                           clk (net)
                  0.20    0.00    0.15 ^ clkbuf_0_clk/A (sky130_fd_sc_hd__clkbuf_16)
                  0.04    0.18    0.33 ^ clkbuf_0_clk/X (sky130_fd_sc_hd__clkbuf_16)
     2    0.02                           clknet_0_clk (net)
                  0.04    0.00    0.33 ^ clkbuf_1_1__f_clk/A (sky130_fd_sc_hd__clkbuf_16)
                  0.05    0.14    0.47 ^ clkbuf_1_1__f_clk/X (sky130_fd_sc_hd__clkbuf_16)
    14    0.03                           clknet_1_1__leaf_clk (net)
                  0.05    0.00    0.47 ^ _401_/CLK (sky130_fd_sc_hd__dfrtp_4)
                          0.25    0.72   clock uncertainty
                          0.00    0.72   clock reconvergence pessimism
                          0.32    1.04   library removal time
                                  1.04   data required time
-----------------------------------------------------------------------------
                                  1.04   data required time
                                 -4.56   data arrival time
-----------------------------------------------------------------------------
                                  3.52   slack (MET)


Startpoint: rst (input port clocked by clk)
Endpoint: _404_ (removal check against rising-edge clock clk)
Path Group: asynchronous
Path Type: min

Fanout     Cap    Slew   Delay    Time   Description
-----------------------------------------------------------------------------
                          0.00    0.00   clock clk (rise edge)
                          0.00    0.00   clock network delay (propagated)
                          4.00    4.00 v input external delay
                  0.02    0.01    4.01 v rst (in)
     1    0.01                           rst (net)
                  0.02    0.00    4.01 v input1/A (sky130_fd_sc_hd__buf_1)
                  0.08    0.11    4.12 v input1/X (sky130_fd_sc_hd__buf_1)
     1    0.01                           net1 (net)
                  0.08    0.00    4.12 v _367_/A (sky130_fd_sc_hd__buf_4)
                  0.08    0.19    4.32 v _367_/X (sky130_fd_sc_hd__buf_4)
    10    0.05                           _180_ (net)
                  0.08    0.01    4.32 v _368_/A (sky130_fd_sc_hd__buf_4)
                  0.07    0.18    4.50 v _368_/X (sky130_fd_sc_hd__buf_4)
    10    0.04                           _181_ (net)
                  0.07    0.00    4.50 v _375_/A (sky130_fd_sc_hd__inv_2)
                  0.03    0.05    4.56 ^ _375_/Y (sky130_fd_sc_hd__inv_2)
     1    0.00                           _006_ (net)
                  0.03    0.00    4.56 ^ _404_/RESET_B (sky130_fd_sc_hd__dfrtp_4)
                                  4.56   data arrival time

                          0.00    0.00   clock clk (rise edge)
                          0.00    0.00   clock source latency
                  0.20    0.15    0.15 ^ clk (in)
     1    0.04                           clk (net)
                  0.20    0.00    0.15 ^ clkbuf_0_clk/A (sky130_fd_sc_hd__clkbuf_16)
                  0.04    0.18    0.33 ^ clkbuf_0_clk/X (sky130_fd_sc_hd__clkbuf_16)
     2    0.02                           clknet_0_clk (net)
                  0.04    0.00    0.33 ^ clkbuf_1_1__f_clk/A (sky130_fd_sc_hd__clkbuf_16)
                  0.05    0.14    0.47 ^ clkbuf_1_1__f_clk/X (sky130_fd_sc_hd__clkbuf_16)
    14    0.03                           clknet_1_1__leaf_clk (net)
                  0.05    0.00    0.47 ^ _404_/CLK (sky130_fd_sc_hd__dfrtp_4)
                          0.25    0.72   clock uncertainty
                          0.00    0.72   clock reconvergence pessimism
                          0.32    1.04   library removal time
                                  1.04   data required time
-----------------------------------------------------------------------------
                                  1.04   data required time
                                 -4.56   data arrival time
-----------------------------------------------------------------------------
                                  3.52   slack (MET)


Startpoint: rst (input port clocked by clk)
Endpoint: _411_ (removal check against rising-edge clock clk)
Path Group: asynchronous
Path Type: min

Fanout     Cap    Slew   Delay    Time   Description
-----------------------------------------------------------------------------
                          0.00    0.00   clock clk (rise edge)
                          0.00    0.00   clock network delay (propagated)
                          4.00    4.00 v input external delay
                  0.02    0.01    4.01 v rst (in)
     1    0.01                           rst (net)
                  0.02    0.00    4.01 v input1/A (sky130_fd_sc_hd__buf_1)
                  0.08    0.11    4.12 v input1/X (sky130_fd_sc_hd__buf_1)
     1    0.01                           net1 (net)
                  0.08    0.00    4.12 v _367_/A (sky130_fd_sc_hd__buf_4)
                  0.08    0.19    4.32 v _367_/X (sky130_fd_sc_hd__buf_4)
    10    0.05                           _180_ (net)
                  0.08    0.00    4.32 v _379_/A (sky130_fd_sc_hd__buf_4)
                  0.07    0.18    4.50 v _379_/X (sky130_fd_sc_hd__buf_4)
    10    0.04                           _182_ (net)
                  0.07    0.00    4.50 v _383_/A (sky130_fd_sc_hd__inv_2)
                  0.04    0.06    4.56 ^ _383_/Y (sky130_fd_sc_hd__inv_2)
     1    0.01                           _013_ (net)
                  0.04    0.00    4.56 ^ _411_/RESET_B (sky130_fd_sc_hd__dfrtp_4)
                                  4.56   data arrival time

                          0.00    0.00   clock clk (rise edge)
                          0.00    0.00   clock source latency
                  0.20    0.15    0.15 ^ clk (in)
     1    0.04                           clk (net)
                  0.20    0.00    0.15 ^ clkbuf_0_clk/A (sky130_fd_sc_hd__clkbuf_16)
                  0.04    0.18    0.33 ^ clkbuf_0_clk/X (sky130_fd_sc_hd__clkbuf_16)
     2    0.02                           clknet_0_clk (net)
                  0.04    0.00    0.33 ^ clkbuf_1_1__f_clk/A (sky130_fd_sc_hd__clkbuf_16)
                  0.05    0.14    0.47 ^ clkbuf_1_1__f_clk/X (sky130_fd_sc_hd__clkbuf_16)
    14    0.03                           clknet_1_1__leaf_clk (net)
                  0.05    0.00    0.47 ^ _411_/CLK (sky130_fd_sc_hd__dfrtp_4)
                          0.25    0.72   clock uncertainty
                          0.00    0.72   clock reconvergence pessimism
                          0.32    1.04   library removal time
                                  1.04   data required time
-----------------------------------------------------------------------------
                                  1.04   data required time
                                 -4.56   data arrival time
-----------------------------------------------------------------------------
                                  3.52   slack (MET)


Startpoint: rst (input port clocked by clk)
Endpoint: _408_ (removal check against rising-edge clock clk)
Path Group: asynchronous
Path Type: min

Fanout     Cap    Slew   Delay    Time   Description
-----------------------------------------------------------------------------
                          0.00    0.00   clock clk (rise edge)
                          0.00    0.00   clock network delay (propagated)
                          4.00    4.00 v input external delay
                  0.02    0.01    4.01 v rst (in)
     1    0.01                           rst (net)
                  0.02    0.00    4.01 v input1/A (sky130_fd_sc_hd__buf_1)
                  0.08    0.11    4.12 v input1/X (sky130_fd_sc_hd__buf_1)
     1    0.01                           net1 (net)
                  0.08    0.00    4.12 v _367_/A (sky130_fd_sc_hd__buf_4)
                  0.08    0.19    4.32 v _367_/X (sky130_fd_sc_hd__buf_4)
    10    0.05                           _180_ (net)
                  0.08    0.00    4.32 v _379_/A (sky130_fd_sc_hd__buf_4)
                  0.07    0.18    4.50 v _379_/X (sky130_fd_sc_hd__buf_4)
    10    0.04                           _182_ (net)
                  0.07    0.00    4.50 v _380_/A (sky130_fd_sc_hd__inv_2)
                  0.04    0.06    4.56 ^ _380_/Y (sky130_fd_sc_hd__inv_2)
     1    0.01                           _010_ (net)
                  0.04    0.00    4.56 ^ _408_/RESET_B (sky130_fd_sc_hd__dfrtp_4)
                                  4.56   data arrival time

                          0.00    0.00   clock clk (rise edge)
                          0.00    0.00   clock source latency
                  0.20    0.15    0.15 ^ clk (in)
     1    0.04                           clk (net)
                  0.20    0.00    0.15 ^ clkbuf_0_clk/A (sky130_fd_sc_hd__clkbuf_16)
                  0.04    0.18    0.33 ^ clkbuf_0_clk/X (sky130_fd_sc_hd__clkbuf_16)
     2    0.02                           clknet_0_clk (net)
                  0.04    0.00    0.33 ^ clkbuf_1_0__f_clk/A (sky130_fd_sc_hd__clkbuf_16)
                  0.05    0.14    0.47 ^ clkbuf_1_0__f_clk/X (sky130_fd_sc_hd__clkbuf_16)
    14    0.03                           clknet_1_0__leaf_clk (net)
                  0.05    0.00    0.47 ^ _408_/CLK (sky130_fd_sc_hd__dfrtp_4)
                          0.25    0.72   clock uncertainty
                          0.00    0.72   clock reconvergence pessimism
                          0.32    1.04   library removal time
                                  1.04   data required time
-----------------------------------------------------------------------------
                                  1.04   data required time
                                 -4.56   data arrival time
-----------------------------------------------------------------------------
                                  3.52   slack (MET)


Startpoint: rst (input port clocked by clk)
Endpoint: _400_ (removal check against rising-edge clock clk)
Path Group: asynchronous
Path Type: min

Fanout     Cap    Slew   Delay    Time   Description
-----------------------------------------------------------------------------
                          0.00    0.00   clock clk (rise edge)
                          0.00    0.00   clock network delay (propagated)
                          4.00    4.00 v input external delay
                  0.02    0.01    4.01 v rst (in)
     1    0.01                           rst (net)
                  0.02    0.00    4.01 v input1/A (sky130_fd_sc_hd__buf_1)
                  0.08    0.11    4.12 v input1/X (sky130_fd_sc_hd__buf_1)
     1    0.01                           net1 (net)
                  0.08    0.00    4.12 v _367_/A (sky130_fd_sc_hd__buf_4)
                  0.08    0.19    4.32 v _367_/X (sky130_fd_sc_hd__buf_4)
    10    0.05                           _180_ (net)
                  0.08    0.01    4.32 v _368_/A (sky130_fd_sc_hd__buf_4)
                  0.07    0.18    4.50 v _368_/X (sky130_fd_sc_hd__buf_4)
    10    0.04                           _181_ (net)
                  0.07    0.00    4.50 v _371_/A (sky130_fd_sc_hd__inv_2)
                  0.03    0.05    4.56 ^ _371_/Y (sky130_fd_sc_hd__inv_2)
     1    0.00                           _002_ (net)
                  0.03    0.00    4.56 ^ _400_/RESET_B (sky130_fd_sc_hd__dfrtp_4)
                                  4.56   data arrival time

                          0.00    0.00   clock clk (rise edge)
                          0.00    0.00   clock source latency
                  0.20    0.15    0.15 ^ clk (in)
     1    0.04                           clk (net)
                  0.20    0.00    0.15 ^ clkbuf_0_clk/A (sky130_fd_sc_hd__clkbuf_16)
                  0.04    0.18    0.33 ^ clkbuf_0_clk/X (sky130_fd_sc_hd__clkbuf_16)
     2    0.02                           clknet_0_clk (net)
                  0.04    0.00    0.33 ^ clkbuf_1_1__f_clk/A (sky130_fd_sc_hd__clkbuf_16)
                  0.05    0.14    0.47 ^ clkbuf_1_1__f_clk/X (sky130_fd_sc_hd__clkbuf_16)
    14    0.03                           clknet_1_1__leaf_clk (net)
                  0.05    0.00    0.47 ^ _400_/CLK (sky130_fd_sc_hd__dfrtp_4)
                          0.25    0.72   clock uncertainty
                          0.00    0.72   clock reconvergence pessimism
                          0.32    1.04   library removal time
                                  1.04   data required time
-----------------------------------------------------------------------------
                                  1.04   data required time
                                 -4.56   data arrival time
-----------------------------------------------------------------------------
                                  3.52   slack (MET)


Startpoint: rst (input port clocked by clk)
Endpoint: _398_ (removal check against rising-edge clock clk)
Path Group: asynchronous
Path Type: min

Fanout     Cap    Slew   Delay    Time   Description
-----------------------------------------------------------------------------
                          0.00    0.00   clock clk (rise edge)
                          0.00    0.00   clock network delay (propagated)
                          4.00    4.00 v input external delay
                  0.02    0.01    4.01 v rst (in)
     1    0.01                           rst (net)
                  0.02    0.00    4.01 v input1/A (sky130_fd_sc_hd__buf_1)
                  0.08    0.11    4.12 v input1/X (sky130_fd_sc_hd__buf_1)
     1    0.01                           net1 (net)
                  0.08    0.00    4.12 v _367_/A (sky130_fd_sc_hd__buf_4)
                  0.08    0.19    4.32 v _367_/X (sky130_fd_sc_hd__buf_4)
    10    0.05                           _180_ (net)
                  0.08    0.01    4.32 v _368_/A (sky130_fd_sc_hd__buf_4)
                  0.07    0.18    4.50 v _368_/X (sky130_fd_sc_hd__buf_4)
    10    0.04                           _181_ (net)
                  0.07    0.00    4.50 v _369_/A (sky130_fd_sc_hd__inv_2)
                  0.03    0.05    4.56 ^ _369_/Y (sky130_fd_sc_hd__inv_2)
     1    0.00                           _000_ (net)
                  0.03    0.00    4.56 ^ _398_/RESET_B (sky130_fd_sc_hd__dfrtp_4)
                                  4.56   data arrival time

                          0.00    0.00   clock clk (rise edge)
                          0.00    0.00   clock source latency
                  0.20    0.15    0.15 ^ clk (in)
     1    0.04                           clk (net)
                  0.20    0.00    0.15 ^ clkbuf_0_clk/A (sky130_fd_sc_hd__clkbuf_16)
                  0.04    0.18    0.33 ^ clkbuf_0_clk/X (sky130_fd_sc_hd__clkbuf_16)
     2    0.02                           clknet_0_clk (net)
                  0.04    0.00    0.33 ^ clkbuf_1_1__f_clk/A (sky130_fd_sc_hd__clkbuf_16)
                  0.05    0.14    0.47 ^ clkbuf_1_1__f_clk/X (sky130_fd_sc_hd__clkbuf_16)
    14    0.03                           clknet_1_1__leaf_clk (net)
                  0.05    0.00    0.47 ^ _398_/CLK (sky130_fd_sc_hd__dfrtp_4)
                          0.25    0.72   clock uncertainty
                          0.00    0.72   clock reconvergence pessimism
                          0.32    1.04   library removal time
                                  1.04   data required time
-----------------------------------------------------------------------------
                                  1.04   data required time
                                 -4.56   data arrival time
-----------------------------------------------------------------------------
                                  3.52   slack (MET)


Startpoint: rst (input port clocked by clk)
Endpoint: _409_ (removal check against rising-edge clock clk)
Path Group: asynchronous
Path Type: min

Fanout     Cap    Slew   Delay    Time   Description
-----------------------------------------------------------------------------
                          0.00    0.00   clock clk (rise edge)
                          0.00    0.00   clock network delay (propagated)
                          4.00    4.00 v input external delay
                  0.02    0.01    4.01 v rst (in)
     1    0.01                           rst (net)
                  0.02    0.00    4.01 v input1/A (sky130_fd_sc_hd__buf_1)
                  0.08    0.11    4.12 v input1/X (sky130_fd_sc_hd__buf_1)
     1    0.01                           net1 (net)
                  0.08    0.00    4.12 v _367_/A (sky130_fd_sc_hd__buf_4)
                  0.08    0.19    4.32 v _367_/X (sky130_fd_sc_hd__buf_4)
    10    0.05                           _180_ (net)
                  0.08    0.00    4.32 v _379_/A (sky130_fd_sc_hd__buf_4)
                  0.07    0.18    4.50 v _379_/X (sky130_fd_sc_hd__buf_4)
    10    0.04                           _182_ (net)
                  0.07    0.00    4.50 v _381_/A (sky130_fd_sc_hd__inv_2)
                  0.04    0.06    4.56 ^ _381_/Y (sky130_fd_sc_hd__inv_2)
     1    0.01                           _011_ (net)
                  0.04    0.00    4.56 ^ _409_/RESET_B (sky130_fd_sc_hd__dfrtp_4)
                                  4.56   data arrival time

                          0.00    0.00   clock clk (rise edge)
                          0.00    0.00   clock source latency
                  0.20    0.15    0.15 ^ clk (in)
     1    0.04                           clk (net)
                  0.20    0.00    0.15 ^ clkbuf_0_clk/A (sky130_fd_sc_hd__clkbuf_16)
                  0.04    0.18    0.33 ^ clkbuf_0_clk/X (sky130_fd_sc_hd__clkbuf_16)
     2    0.02                           clknet_0_clk (net)
                  0.04    0.00    0.33 ^ clkbuf_1_0__f_clk/A (sky130_fd_sc_hd__clkbuf_16)
                  0.05    0.14    0.47 ^ clkbuf_1_0__f_clk/X (sky130_fd_sc_hd__clkbuf_16)
    14    0.03                           clknet_1_0__leaf_clk (net)
                  0.05    0.00    0.47 ^ _409_/CLK (sky130_fd_sc_hd__dfrtp_4)
                          0.25    0.72   clock uncertainty
                          0.00    0.72   clock reconvergence pessimism
                          0.32    1.04   library removal time
                                  1.04   data required time
-----------------------------------------------------------------------------
                                  1.04   data required time
                                 -4.56   data arrival time
-----------------------------------------------------------------------------
                                  3.52   slack (MET)


Startpoint: rst (input port clocked by clk)
Endpoint: _405_ (removal check against rising-edge clock clk)
Path Group: asynchronous
Path Type: min

Fanout     Cap    Slew   Delay    Time   Description
-----------------------------------------------------------------------------
                          0.00    0.00   clock clk (rise edge)
                          0.00    0.00   clock network delay (propagated)
                          4.00    4.00 v input external delay
                  0.02    0.01    4.01 v rst (in)
     1    0.01                           rst (net)
                  0.02    0.00    4.01 v input1/A (sky130_fd_sc_hd__buf_1)
                  0.08    0.11    4.12 v input1/X (sky130_fd_sc_hd__buf_1)
     1    0.01                           net1 (net)
                  0.08    0.00    4.12 v _367_/A (sky130_fd_sc_hd__buf_4)
                  0.08    0.19    4.32 v _367_/X (sky130_fd_sc_hd__buf_4)
    10    0.05                           _180_ (net)
                  0.08    0.01    4.32 v _368_/A (sky130_fd_sc_hd__buf_4)
                  0.07    0.18    4.50 v _368_/X (sky130_fd_sc_hd__buf_4)
    10    0.04                           _181_ (net)
                  0.07    0.00    4.50 v _376_/A (sky130_fd_sc_hd__inv_2)
                  0.03    0.05    4.56 ^ _376_/Y (sky130_fd_sc_hd__inv_2)
     1    0.00                           _007_ (net)
                  0.03    0.00    4.56 ^ _405_/RESET_B (sky130_fd_sc_hd__dfrtp_4)
                                  4.56   data arrival time

                          0.00    0.00   clock clk (rise edge)
                          0.00    0.00   clock source latency
                  0.20    0.15    0.15 ^ clk (in)
     1    0.04                           clk (net)
                  0.20    0.00    0.15 ^ clkbuf_0_clk/A (sky130_fd_sc_hd__clkbuf_16)
                  0.04    0.18    0.33 ^ clkbuf_0_clk/X (sky130_fd_sc_hd__clkbuf_16)
     2    0.02                           clknet_0_clk (net)
                  0.04    0.00    0.33 ^ clkbuf_1_1__f_clk/A (sky130_fd_sc_hd__clkbuf_16)
                  0.05    0.14    0.47 ^ clkbuf_1_1__f_clk/X (sky130_fd_sc_hd__clkbuf_16)
    14    0.03                           clknet_1_1__leaf_clk (net)
                  0.05    0.00    0.47 ^ _405_/CLK (sky130_fd_sc_hd__dfrtp_4)
                          0.25    0.72   clock uncertainty
                          0.00    0.72   clock reconvergence pessimism
                          0.32    1.04   library removal time
                                  1.04   data required time
-----------------------------------------------------------------------------
                                  1.04   data required time
                                 -4.56   data arrival time
-----------------------------------------------------------------------------
                                  3.52   slack (MET)


Startpoint: rst (input port clocked by clk)
Endpoint: _406_ (removal check against rising-edge clock clk)
Path Group: asynchronous
Path Type: min

Fanout     Cap    Slew   Delay    Time   Description
-----------------------------------------------------------------------------
                          0.00    0.00   clock clk (rise edge)
                          0.00    0.00   clock network delay (propagated)
                          4.00    4.00 v input external delay
                  0.02    0.01    4.01 v rst (in)
     1    0.01                           rst (net)
                  0.02    0.00    4.01 v input1/A (sky130_fd_sc_hd__buf_1)
                  0.08    0.11    4.12 v input1/X (sky130_fd_sc_hd__buf_1)
     1    0.01                           net1 (net)
                  0.08    0.00    4.12 v _367_/A (sky130_fd_sc_hd__buf_4)
                  0.08    0.19    4.32 v _367_/X (sky130_fd_sc_hd__buf_4)
    10    0.05                           _180_ (net)
                  0.08    0.01    4.32 v _368_/A (sky130_fd_sc_hd__buf_4)
                  0.07    0.18    4.50 v _368_/X (sky130_fd_sc_hd__buf_4)
    10    0.04                           _181_ (net)
                  0.07    0.00    4.50 v _377_/A (sky130_fd_sc_hd__inv_2)
                  0.03    0.05    4.56 ^ _377_/Y (sky130_fd_sc_hd__inv_2)
     1    0.00                           _008_ (net)
                  0.03    0.00    4.56 ^ _406_/RESET_B (sky130_fd_sc_hd__dfrtp_2)
                                  4.56   data arrival time

                          0.00    0.00   clock clk (rise edge)
                          0.00    0.00   clock source latency
                  0.20    0.15    0.15 ^ clk (in)
     1    0.04                           clk (net)
                  0.20    0.00    0.15 ^ clkbuf_0_clk/A (sky130_fd_sc_hd__clkbuf_16)
                  0.04    0.18    0.33 ^ clkbuf_0_clk/X (sky130_fd_sc_hd__clkbuf_16)
     2    0.02                           clknet_0_clk (net)
                  0.04    0.00    0.33 ^ clkbuf_1_0__f_clk/A (sky130_fd_sc_hd__clkbuf_16)
                  0.05    0.14    0.47 ^ clkbuf_1_0__f_clk/X (sky130_fd_sc_hd__clkbuf_16)
    14    0.03                           clknet_1_0__leaf_clk (net)
                  0.05    0.00    0.47 ^ _406_/CLK (sky130_fd_sc_hd__dfrtp_2)
                          0.25    0.72   clock uncertainty
                          0.00    0.72   clock reconvergence pessimism
                          0.32    1.04   library removal time
                                  1.04   data required time
-----------------------------------------------------------------------------
                                  1.04   data required time
                                 -4.56   data arrival time
-----------------------------------------------------------------------------
                                  3.52   slack (MET)


Startpoint: rst (input port clocked by clk)
Endpoint: _403_ (removal check against rising-edge clock clk)
Path Group: asynchronous
Path Type: min

Fanout     Cap    Slew   Delay    Time   Description
-----------------------------------------------------------------------------
                          0.00    0.00   clock clk (rise edge)
                          0.00    0.00   clock network delay (propagated)
                          4.00    4.00 v input external delay
                  0.02    0.01    4.01 v rst (in)
     1    0.01                           rst (net)
                  0.02    0.00    4.01 v input1/A (sky130_fd_sc_hd__buf_1)
                  0.08    0.11    4.12 v input1/X (sky130_fd_sc_hd__buf_1)
     1    0.01                           net1 (net)
                  0.08    0.00    4.12 v _367_/A (sky130_fd_sc_hd__buf_4)
                  0.08    0.19    4.32 v _367_/X (sky130_fd_sc_hd__buf_4)
    10    0.05                           _180_ (net)
                  0.08    0.01    4.32 v _368_/A (sky130_fd_sc_hd__buf_4)
                  0.07    0.18    4.50 v _368_/X (sky130_fd_sc_hd__buf_4)
    10    0.04                           _181_ (net)
                  0.07    0.00    4.50 v _374_/A (sky130_fd_sc_hd__inv_2)
                  0.03    0.05    4.56 ^ _374_/Y (sky130_fd_sc_hd__inv_2)
     1    0.00                           _005_ (net)
                  0.03    0.00    4.56 ^ _403_/RESET_B (sky130_fd_sc_hd__dfrtp_4)
                                  4.56   data arrival time

                          0.00    0.00   clock clk (rise edge)
                          0.00    0.00   clock source latency
                  0.20    0.15    0.15 ^ clk (in)
     1    0.04                           clk (net)
                  0.20    0.00    0.15 ^ clkbuf_0_clk/A (sky130_fd_sc_hd__clkbuf_16)
                  0.04    0.18    0.33 ^ clkbuf_0_clk/X (sky130_fd_sc_hd__clkbuf_16)
     2    0.02                           clknet_0_clk (net)
                  0.04    0.00    0.33 ^ clkbuf_1_1__f_clk/A (sky130_fd_sc_hd__clkbuf_16)
                  0.05    0.14    0.47 ^ clkbuf_1_1__f_clk/X (sky130_fd_sc_hd__clkbuf_16)
    14    0.03                           clknet_1_1__leaf_clk (net)
                  0.05    0.00    0.47 ^ _403_/CLK (sky130_fd_sc_hd__dfrtp_4)
                          0.25    0.72   clock uncertainty
                          0.00    0.72   clock reconvergence pessimism
                          0.32    1.04   library removal time
                                  1.04   data required time
-----------------------------------------------------------------------------
                                  1.04   data required time
                                 -4.56   data arrival time
-----------------------------------------------------------------------------
                                  3.52   slack (MET)


Startpoint: rst (input port clocked by clk)
Endpoint: _407_ (removal check against rising-edge clock clk)
Path Group: asynchronous
Path Type: min

Fanout     Cap    Slew   Delay    Time   Description
-----------------------------------------------------------------------------
                          0.00    0.00   clock clk (rise edge)
                          0.00    0.00   clock network delay (propagated)
                          4.00    4.00 v input external delay
                  0.02    0.01    4.01 v rst (in)
     1    0.01                           rst (net)
                  0.02    0.00    4.01 v input1/A (sky130_fd_sc_hd__buf_1)
                  0.08    0.11    4.12 v input1/X (sky130_fd_sc_hd__buf_1)
     1    0.01                           net1 (net)
                  0.08    0.00    4.12 v _367_/A (sky130_fd_sc_hd__buf_4)
                  0.08    0.19    4.32 v _367_/X (sky130_fd_sc_hd__buf_4)
    10    0.05                           _180_ (net)
                  0.08    0.01    4.32 v _368_/A (sky130_fd_sc_hd__buf_4)
                  0.07    0.18    4.50 v _368_/X (sky130_fd_sc_hd__buf_4)
    10    0.04                           _181_ (net)
                  0.07    0.00    4.50 v _378_/A (sky130_fd_sc_hd__inv_2)
                  0.03    0.05    4.56 ^ _378_/Y (sky130_fd_sc_hd__inv_2)
     1    0.00                           _009_ (net)
                  0.03    0.00    4.56 ^ _407_/RESET_B (sky130_fd_sc_hd__dfrtp_4)
                                  4.56   data arrival time

                          0.00    0.00   clock clk (rise edge)
                          0.00    0.00   clock source latency
                  0.20    0.15    0.15 ^ clk (in)
     1    0.04                           clk (net)
                  0.20    0.00    0.15 ^ clkbuf_0_clk/A (sky130_fd_sc_hd__clkbuf_16)
                  0.04    0.18    0.33 ^ clkbuf_0_clk/X (sky130_fd_sc_hd__clkbuf_16)
     2    0.02                           clknet_0_clk (net)
                  0.04    0.00    0.33 ^ clkbuf_1_0__f_clk/A (sky130_fd_sc_hd__clkbuf_16)
                  0.05    0.14    0.47 ^ clkbuf_1_0__f_clk/X (sky130_fd_sc_hd__clkbuf_16)
    14    0.03                           clknet_1_0__leaf_clk (net)
                  0.05    0.00    0.47 ^ _407_/CLK (sky130_fd_sc_hd__dfrtp_4)
                          0.25    0.72   clock uncertainty
                          0.00    0.72   clock reconvergence pessimism
                          0.32    1.04   library removal time
                                  1.04   data required time
-----------------------------------------------------------------------------
                                  1.04   data required time
                                 -4.56   data arrival time
-----------------------------------------------------------------------------
                                  3.52   slack (MET)


Startpoint: rst (input port clocked by clk)
Endpoint: _402_ (removal check against rising-edge clock clk)
Path Group: asynchronous
Path Type: min

Fanout     Cap    Slew   Delay    Time   Description
-----------------------------------------------------------------------------
                          0.00    0.00   clock clk (rise edge)
                          0.00    0.00   clock network delay (propagated)
                          4.00    4.00 v input external delay
                  0.02    0.01    4.01 v rst (in)
     1    0.01                           rst (net)
                  0.02    0.00    4.01 v input1/A (sky130_fd_sc_hd__buf_1)
                  0.08    0.11    4.12 v input1/X (sky130_fd_sc_hd__buf_1)
     1    0.01                           net1 (net)
                  0.08    0.00    4.12 v _367_/A (sky130_fd_sc_hd__buf_4)
                  0.08    0.19    4.32 v _367_/X (sky130_fd_sc_hd__buf_4)
    10    0.05                           _180_ (net)
                  0.08    0.01    4.32 v _368_/A (sky130_fd_sc_hd__buf_4)
                  0.07    0.18    4.50 v _368_/X (sky130_fd_sc_hd__buf_4)
    10    0.04                           _181_ (net)
                  0.07    0.00    4.50 v _373_/A (sky130_fd_sc_hd__inv_2)
                  0.04    0.06    4.56 ^ _373_/Y (sky130_fd_sc_hd__inv_2)
     1    0.01                           _004_ (net)
                  0.04    0.00    4.56 ^ _402_/RESET_B (sky130_fd_sc_hd__dfrtp_4)
                                  4.56   data arrival time

                          0.00    0.00   clock clk (rise edge)
                          0.00    0.00   clock source latency
                  0.20    0.15    0.15 ^ clk (in)
     1    0.04                           clk (net)
                  0.20    0.00    0.15 ^ clkbuf_0_clk/A (sky130_fd_sc_hd__clkbuf_16)
                  0.04    0.18    0.33 ^ clkbuf_0_clk/X (sky130_fd_sc_hd__clkbuf_16)
     2    0.02                           clknet_0_clk (net)
                  0.04    0.00    0.33 ^ clkbuf_1_1__f_clk/A (sky130_fd_sc_hd__clkbuf_16)
                  0.05    0.14    0.47 ^ clkbuf_1_1__f_clk/X (sky130_fd_sc_hd__clkbuf_16)
    14    0.03                           clknet_1_1__leaf_clk (net)
                  0.05    0.00    0.47 ^ _402_/CLK (sky130_fd_sc_hd__dfrtp_4)
                          0.25    0.72   clock uncertainty
                          0.00    0.72   clock reconvergence pessimism
                          0.32    1.04   library removal time
                                  1.04   data required time
-----------------------------------------------------------------------------
                                  1.04   data required time
                                 -4.56   data arrival time
-----------------------------------------------------------------------------
                                  3.52   slack (MET)


Startpoint: _406_ (rising edge-triggered flip-flop clocked by clk)
Endpoint: A_out[4] (output port clocked by clk)
Path Group: clk
Path Type: min

Fanout     Cap    Slew   Delay    Time   Description
-----------------------------------------------------------------------------
                          0.00    0.00   clock clk (rise edge)
                          0.00    0.00   clock source latency
                  0.20    0.14    0.14 ^ clk (in)
     1    0.04                           clk (net)
                  0.20    0.00    0.14 ^ clkbuf_0_clk/A (sky130_fd_sc_hd__clkbuf_16)
                  0.04    0.16    0.30 ^ clkbuf_0_clk/X (sky130_fd_sc_hd__clkbuf_16)
     2    0.02                           clknet_0_clk (net)
                  0.04    0.00    0.30 ^ clkbuf_1_0__f_clk/A (sky130_fd_sc_hd__clkbuf_16)
                  0.05    0.12    0.42 ^ clkbuf_1_0__f_clk/X (sky130_fd_sc_hd__clkbuf_16)
    14    0.03                           clknet_1_0__leaf_clk (net)
                  0.05    0.00    0.42 ^ _406_/CLK (sky130_fd_sc_hd__dfrtp_2)
                  0.05    0.33    0.75 ^ _406_/Q (sky130_fd_sc_hd__dfrtp_2)
     3    0.01                           net6 (net)
                  0.05    0.00    0.75 ^ output6/A (sky130_fd_sc_hd__clkbuf_4)
                  0.11    0.18    0.93 ^ output6/X (sky130_fd_sc_hd__clkbuf_4)
     1    0.03                           A_out[4] (net)
                  0.11    0.00    0.93 ^ A_out[4] (out)
                                  0.93   data arrival time

                          0.00    0.00   clock clk (rise edge)
                          0.00    0.00   clock network delay (propagated)
                          0.25    0.25   clock uncertainty
                          0.00    0.25   clock reconvergence pessimism
                         -4.00   -3.75   output external delay
                                 -3.75   data required time
-----------------------------------------------------------------------------
                                 -3.75   data required time
                                 -0.93   data arrival time
-----------------------------------------------------------------------------
                                  4.68   slack (MET)


Startpoint: _411_ (rising edge-triggered flip-flop clocked by clk)
Endpoint: last_opcode_out[2] (output port clocked by clk)
Path Group: clk
Path Type: min

Fanout     Cap    Slew   Delay    Time   Description
-----------------------------------------------------------------------------
                          0.00    0.00   clock clk (rise edge)
                          0.00    0.00   clock source latency
                  0.20    0.14    0.14 ^ clk (in)
     1    0.04                           clk (net)
                  0.20    0.00    0.14 ^ clkbuf_0_clk/A (sky130_fd_sc_hd__clkbuf_16)
                  0.04    0.16    0.30 ^ clkbuf_0_clk/X (sky130_fd_sc_hd__clkbuf_16)
     2    0.02                           clknet_0_clk (net)
                  0.04    0.00    0.30 ^ clkbuf_1_1__f_clk/A (sky130_fd_sc_hd__clkbuf_16)
                  0.05    0.12    0.42 ^ clkbuf_1_1__f_clk/X (sky130_fd_sc_hd__clkbuf_16)
    14    0.03                           clknet_1_1__leaf_clk (net)
                  0.05    0.00    0.42 ^ _411_/CLK (sky130_fd_sc_hd__dfrtp_4)
                  0.05    0.37    0.79 ^ _411_/Q (sky130_fd_sc_hd__dfrtp_4)
     2    0.00                           net24 (net)
                  0.05    0.00    0.79 ^ output24/A (sky130_fd_sc_hd__clkbuf_4)
                  0.11    0.18    0.97 ^ output24/X (sky130_fd_sc_hd__clkbuf_4)
     1    0.03                           last_opcode_out[2] (net)
                  0.11    0.00    0.97 ^ last_opcode_out[2] (out)
                                  0.97   data arrival time

                          0.00    0.00   clock clk (rise edge)
                          0.00    0.00   clock network delay (propagated)
                          0.25    0.25   clock uncertainty
                          0.00    0.25   clock reconvergence pessimism
                         -4.00   -3.75   output external delay
                                 -3.75   data required time
-----------------------------------------------------------------------------
                                 -3.75   data required time
                                 -0.97   data arrival time
-----------------------------------------------------------------------------
                                  4.72   slack (MET)


Startpoint: _403_ (rising edge-triggered flip-flop clocked by clk)
Endpoint: A_out[1] (output port clocked by clk)
Path Group: clk
Path Type: min

Fanout     Cap    Slew   Delay    Time   Description
-----------------------------------------------------------------------------
                          0.00    0.00   clock clk (rise edge)
                          0.00    0.00   clock source latency
                  0.20    0.14    0.14 ^ clk (in)
     1    0.04                           clk (net)
                  0.20    0.00    0.14 ^ clkbuf_0_clk/A (sky130_fd_sc_hd__clkbuf_16)
                  0.04    0.16    0.30 ^ clkbuf_0_clk/X (sky130_fd_sc_hd__clkbuf_16)
     2    0.02                           clknet_0_clk (net)
                  0.04    0.00    0.30 ^ clkbuf_1_1__f_clk/A (sky130_fd_sc_hd__clkbuf_16)
                  0.05    0.12    0.42 ^ clkbuf_1_1__f_clk/X (sky130_fd_sc_hd__clkbuf_16)
    14    0.03                           clknet_1_1__leaf_clk (net)
                  0.05    0.00    0.42 ^ _403_/CLK (sky130_fd_sc_hd__dfrtp_4)
                  0.05    0.37    0.80 ^ _403_/Q (sky130_fd_sc_hd__dfrtp_4)
     3    0.01                           net3 (net)
                  0.05    0.00    0.80 ^ output3/A (sky130_fd_sc_hd__clkbuf_4)
                  0.11    0.18    0.98 ^ output3/X (sky130_fd_sc_hd__clkbuf_4)
     1    0.03                           A_out[1] (net)
                  0.11    0.00    0.98 ^ A_out[1] (out)
                                  0.98   data arrival time

                          0.00    0.00   clock clk (rise edge)
                          0.00    0.00   clock network delay (propagated)
                          0.25    0.25   clock uncertainty
                          0.00    0.25   clock reconvergence pessimism
                         -4.00   -3.75   output external delay
                                 -3.75   data required time
-----------------------------------------------------------------------------
                                 -3.75   data required time
                                 -0.98   data arrival time
-----------------------------------------------------------------------------
                                  4.73   slack (MET)


Startpoint: _416_ (rising edge-triggered flip-flop clocked by clk)
Endpoint: flags_out[2] (output port clocked by clk)
Path Group: clk
Path Type: min

Fanout     Cap    Slew   Delay    Time   Description
-----------------------------------------------------------------------------
                          0.00    0.00   clock clk (rise edge)
                          0.00    0.00   clock source latency
                  0.20    0.14    0.14 ^ clk (in)
     1    0.04                           clk (net)
                  0.20    0.00    0.14 ^ clkbuf_0_clk/A (sky130_fd_sc_hd__clkbuf_16)
                  0.04    0.16    0.30 ^ clkbuf_0_clk/X (sky130_fd_sc_hd__clkbuf_16)
     2    0.02                           clknet_0_clk (net)
                  0.04    0.00    0.30 ^ clkbuf_1_0__f_clk/A (sky130_fd_sc_hd__clkbuf_16)
                  0.05    0.12    0.42 ^ clkbuf_1_0__f_clk/X (sky130_fd_sc_hd__clkbuf_16)
    14    0.03                           clknet_1_0__leaf_clk (net)
                  0.05    0.00    0.42 ^ _416_/CLK (sky130_fd_sc_hd__dfrtp_4)
                  0.05    0.37    0.79 ^ _416_/Q (sky130_fd_sc_hd__dfrtp_4)
     2    0.00                           net20 (net)
                  0.05    0.00    0.79 ^ output20/A (sky130_fd_sc_hd__buf_2)
                  0.17    0.19    0.98 ^ output20/X (sky130_fd_sc_hd__buf_2)
     1    0.03                           flags_out[2] (net)
                  0.17    0.00    0.98 ^ flags_out[2] (out)
                                  0.98   data arrival time

                          0.00    0.00   clock clk (rise edge)
                          0.00    0.00   clock network delay (propagated)
                          0.25    0.25   clock uncertainty
                          0.00    0.25   clock reconvergence pessimism
                         -4.00   -3.75   output external delay
                                 -3.75   data required time
-----------------------------------------------------------------------------
                                 -3.75   data required time
                                 -0.98   data arrival time
-----------------------------------------------------------------------------
                                  4.73   slack (MET)


Startpoint: _413_ (rising edge-triggered flip-flop clocked by clk)
Endpoint: last_opcode_out[6] (output port clocked by clk)
Path Group: clk
Path Type: min

Fanout     Cap    Slew   Delay    Time   Description
-----------------------------------------------------------------------------
                          0.00    0.00   clock clk (rise edge)
                          0.00    0.00   clock source latency
                  0.20    0.14    0.14 ^ clk (in)
     1    0.04                           clk (net)
                  0.20    0.00    0.14 ^ clkbuf_0_clk/A (sky130_fd_sc_hd__clkbuf_16)
                  0.04    0.16    0.30 ^ clkbuf_0_clk/X (sky130_fd_sc_hd__clkbuf_16)
     2    0.02                           clknet_0_clk (net)
                  0.04    0.00    0.30 ^ clkbuf_1_0__f_clk/A (sky130_fd_sc_hd__clkbuf_16)
                  0.05    0.12    0.42 ^ clkbuf_1_0__f_clk/X (sky130_fd_sc_hd__clkbuf_16)
    14    0.03                           clknet_1_0__leaf_clk (net)
                  0.05    0.00    0.42 ^ _413_/CLK (sky130_fd_sc_hd__dfrtp_4)
                  0.06    0.38    0.80 ^ _413_/Q (sky130_fd_sc_hd__dfrtp_4)
     3    0.01                           net27 (net)
                  0.06    0.00    0.80 ^ output27/A (sky130_fd_sc_hd__clkbuf_4)
                  0.12    0.18    0.98 ^ output27/X (sky130_fd_sc_hd__clkbuf_4)
     1    0.04                           last_opcode_out[6] (net)
                  0.12    0.00    0.98 ^ last_opcode_out[6] (out)
                                  0.98   data arrival time

                          0.00    0.00   clock clk (rise edge)
                          0.00    0.00   clock network delay (propagated)
                          0.25    0.25   clock uncertainty
                          0.00    0.25   clock reconvergence pessimism
                         -4.00   -3.75   output external delay
                                 -3.75   data required time
-----------------------------------------------------------------------------
                                 -3.75   data required time
                                 -0.98   data arrival time
-----------------------------------------------------------------------------
                                  4.73   slack (MET)


Startpoint: _409_ (rising edge-triggered flip-flop clocked by clk)
Endpoint: A_out[7] (output port clocked by clk)
Path Group: clk
Path Type: min

Fanout     Cap    Slew   Delay    Time   Description
-----------------------------------------------------------------------------
                          0.00    0.00   clock clk (rise edge)
                          0.00    0.00   clock source latency
                  0.20    0.14    0.14 ^ clk (in)
     1    0.04                           clk (net)
                  0.20    0.00    0.14 ^ clkbuf_0_clk/A (sky130_fd_sc_hd__clkbuf_16)
                  0.04    0.16    0.30 ^ clkbuf_0_clk/X (sky130_fd_sc_hd__clkbuf_16)
     2    0.02                           clknet_0_clk (net)
                  0.04    0.00    0.30 ^ clkbuf_1_0__f_clk/A (sky130_fd_sc_hd__clkbuf_16)
                  0.05    0.12    0.42 ^ clkbuf_1_0__f_clk/X (sky130_fd_sc_hd__clkbuf_16)
    14    0.03                           clknet_1_0__leaf_clk (net)
                  0.05    0.00    0.42 ^ _409_/CLK (sky130_fd_sc_hd__dfrtp_4)
                  0.05    0.37    0.80 ^ _409_/Q (sky130_fd_sc_hd__dfrtp_4)
     3    0.01                           net9 (net)
                  0.05    0.00    0.80 ^ output9/A (sky130_fd_sc_hd__clkbuf_4)
                  0.12    0.19    0.98 ^ output9/X (sky130_fd_sc_hd__clkbuf_4)
     1    0.04                           A_out[7] (net)
                  0.12    0.00    0.98 ^ A_out[7] (out)
                                  0.98   data arrival time

                          0.00    0.00   clock clk (rise edge)
                          0.00    0.00   clock network delay (propagated)
                          0.25    0.25   clock uncertainty
                          0.00    0.25   clock reconvergence pessimism
                         -4.00   -3.75   output external delay
                                 -3.75   data required time
-----------------------------------------------------------------------------
                                 -3.75   data required time
                                 -0.98   data arrival time
-----------------------------------------------------------------------------
                                  4.73   slack (MET)


Startpoint: _405_ (rising edge-triggered flip-flop clocked by clk)
Endpoint: A_out[3] (output port clocked by clk)
Path Group: clk
Path Type: min

Fanout     Cap    Slew   Delay    Time   Description
-----------------------------------------------------------------------------
                          0.00    0.00   clock clk (rise edge)
                          0.00    0.00   clock source latency
                  0.20    0.14    0.14 ^ clk (in)
     1    0.04                           clk (net)
                  0.20    0.00    0.14 ^ clkbuf_0_clk/A (sky130_fd_sc_hd__clkbuf_16)
                  0.04    0.16    0.30 ^ clkbuf_0_clk/X (sky130_fd_sc_hd__clkbuf_16)
     2    0.02                           clknet_0_clk (net)
                  0.04    0.00    0.30 ^ clkbuf_1_1__f_clk/A (sky130_fd_sc_hd__clkbuf_16)
                  0.05    0.12    0.42 ^ clkbuf_1_1__f_clk/X (sky130_fd_sc_hd__clkbuf_16)
    14    0.03                           clknet_1_1__leaf_clk (net)
                  0.05    0.00    0.42 ^ _405_/CLK (sky130_fd_sc_hd__dfrtp_4)
                  0.05    0.37    0.80 ^ _405_/Q (sky130_fd_sc_hd__dfrtp_4)
     3    0.01                           net5 (net)
                  0.05    0.00    0.80 ^ output5/A (sky130_fd_sc_hd__clkbuf_4)
                  0.12    0.19    0.98 ^ output5/X (sky130_fd_sc_hd__clkbuf_4)
     1    0.04                           A_out[3] (net)
                  0.12    0.00    0.98 ^ A_out[3] (out)
                                  0.98   data arrival time

                          0.00    0.00   clock clk (rise edge)
                          0.00    0.00   clock network delay (propagated)
                          0.25    0.25   clock uncertainty
                          0.00    0.25   clock reconvergence pessimism
                         -4.00   -3.75   output external delay
                                 -3.75   data required time
-----------------------------------------------------------------------------
                                 -3.75   data required time
                                 -0.98   data arrival time
-----------------------------------------------------------------------------
                                  4.73   slack (MET)


Startpoint: _419_ (rising edge-triggered flip-flop clocked by clk)
Endpoint: B_out[1] (output port clocked by clk)
Path Group: clk
Path Type: min

Fanout     Cap    Slew   Delay    Time   Description
-----------------------------------------------------------------------------
                          0.00    0.00   clock clk (rise edge)
                          0.00    0.00   clock source latency
                  0.20    0.14    0.14 ^ clk (in)
     1    0.04                           clk (net)
                  0.20    0.00    0.14 ^ clkbuf_0_clk/A (sky130_fd_sc_hd__clkbuf_16)
                  0.04    0.16    0.30 ^ clkbuf_0_clk/X (sky130_fd_sc_hd__clkbuf_16)
     2    0.02                           clknet_0_clk (net)
                  0.04    0.00    0.30 ^ clkbuf_1_1__f_clk/A (sky130_fd_sc_hd__clkbuf_16)
                  0.05    0.12    0.42 ^ clkbuf_1_1__f_clk/X (sky130_fd_sc_hd__clkbuf_16)
    14    0.03                           clknet_1_1__leaf_clk (net)
                  0.05    0.00    0.42 ^ _419_/CLK (sky130_fd_sc_hd__dfrtp_4)
                  0.06    0.38    0.81 ^ _419_/Q (sky130_fd_sc_hd__dfrtp_4)
     4    0.01                           net11 (net)
                  0.06    0.00    0.81 ^ output11/A (sky130_fd_sc_hd__clkbuf_4)
                  0.11    0.18    0.99 ^ output11/X (sky130_fd_sc_hd__clkbuf_4)
     1    0.03                           B_out[1] (net)
                  0.11    0.00    0.99 ^ B_out[1] (out)
                                  0.99   data arrival time

                          0.00    0.00   clock clk (rise edge)
                          0.00    0.00   clock network delay (propagated)
                          0.25    0.25   clock uncertainty
                          0.00    0.25   clock reconvergence pessimism
                         -4.00   -3.75   output external delay
                                 -3.75   data required time
-----------------------------------------------------------------------------
                                 -3.75   data required time
                                 -0.99   data arrival time
-----------------------------------------------------------------------------
                                  4.74   slack (MET)


Startpoint: _407_ (rising edge-triggered flip-flop clocked by clk)
Endpoint: A_out[5] (output port clocked by clk)
Path Group: clk
Path Type: min

Fanout     Cap    Slew   Delay    Time   Description
-----------------------------------------------------------------------------
                          0.00    0.00   clock clk (rise edge)
                          0.00    0.00   clock source latency
                  0.20    0.14    0.14 ^ clk (in)
     1    0.04                           clk (net)
                  0.20    0.00    0.14 ^ clkbuf_0_clk/A (sky130_fd_sc_hd__clkbuf_16)
                  0.04    0.16    0.30 ^ clkbuf_0_clk/X (sky130_fd_sc_hd__clkbuf_16)
     2    0.02                           clknet_0_clk (net)
                  0.04    0.00    0.30 ^ clkbuf_1_0__f_clk/A (sky130_fd_sc_hd__clkbuf_16)
                  0.05    0.12    0.42 ^ clkbuf_1_0__f_clk/X (sky130_fd_sc_hd__clkbuf_16)
    14    0.03                           clknet_1_0__leaf_clk (net)
                  0.05    0.00    0.42 ^ _407_/CLK (sky130_fd_sc_hd__dfrtp_4)
                  0.05    0.37    0.80 ^ _407_/Q (sky130_fd_sc_hd__dfrtp_4)
     3    0.00                           net7 (net)
                  0.05    0.00    0.80 ^ output7/A (sky130_fd_sc_hd__buf_2)
                  0.17    0.19    0.99 ^ output7/X (sky130_fd_sc_hd__buf_2)
     1    0.03                           A_out[5] (net)
                  0.17    0.00    0.99 ^ A_out[5] (out)
                                  0.99   data arrival time

                          0.00    0.00   clock clk (rise edge)
                          0.00    0.00   clock network delay (propagated)
                          0.25    0.25   clock uncertainty
                          0.00    0.25   clock reconvergence pessimism
                         -4.00   -3.75   output external delay
                                 -3.75   data required time
-----------------------------------------------------------------------------
                                 -3.75   data required time
                                 -0.99   data arrival time
-----------------------------------------------------------------------------
                                  4.74   slack (MET)


Startpoint: _425_ (rising edge-triggered flip-flop clocked by clk)
Endpoint: B_out[7] (output port clocked by clk)
Path Group: clk
Path Type: min

Fanout     Cap    Slew   Delay    Time   Description
-----------------------------------------------------------------------------
                          0.00    0.00   clock clk (rise edge)
                          0.00    0.00   clock source latency
                  0.20    0.14    0.14 ^ clk (in)
     1    0.04                           clk (net)
                  0.20    0.00    0.14 ^ clkbuf_0_clk/A (sky130_fd_sc_hd__clkbuf_16)
                  0.04    0.16    0.30 ^ clkbuf_0_clk/X (sky130_fd_sc_hd__clkbuf_16)
     2    0.02                           clknet_0_clk (net)
                  0.04    0.00    0.30 ^ clkbuf_1_0__f_clk/A (sky130_fd_sc_hd__clkbuf_16)
                  0.05    0.12    0.42 ^ clkbuf_1_0__f_clk/X (sky130_fd_sc_hd__clkbuf_16)
    14    0.03                           clknet_1_0__leaf_clk (net)
                  0.05    0.00    0.42 ^ _425_/CLK (sky130_fd_sc_hd__dfrtp_4)
                  0.06    0.38    0.81 ^ _425_/Q (sky130_fd_sc_hd__dfrtp_4)
     3    0.01                           net17 (net)
                  0.06    0.00    0.81 ^ output17/A (sky130_fd_sc_hd__clkbuf_4)
                  0.11    0.18    0.99 ^ output17/X (sky130_fd_sc_hd__clkbuf_4)
     1    0.03                           B_out[7] (net)
                  0.11    0.00    0.99 ^ B_out[7] (out)
                                  0.99   data arrival time

                          0.00    0.00   clock clk (rise edge)
                          0.00    0.00   clock network delay (propagated)
                          0.25    0.25   clock uncertainty
                          0.00    0.25   clock reconvergence pessimism
                         -4.00   -3.75   output external delay
                                 -3.75   data required time
-----------------------------------------------------------------------------
                                 -3.75   data required time
                                 -0.99   data arrival time
-----------------------------------------------------------------------------
                                  4.74   slack (MET)


Startpoint: _408_ (rising edge-triggered flip-flop clocked by clk)
Endpoint: A_out[6] (output port clocked by clk)
Path Group: clk
Path Type: min

Fanout     Cap    Slew   Delay    Time   Description
-----------------------------------------------------------------------------
                          0.00    0.00   clock clk (rise edge)
                          0.00    0.00   clock source latency
                  0.20    0.14    0.14 ^ clk (in)
     1    0.04                           clk (net)
                  0.20    0.00    0.14 ^ clkbuf_0_clk/A (sky130_fd_sc_hd__clkbuf_16)
                  0.04    0.16    0.30 ^ clkbuf_0_clk/X (sky130_fd_sc_hd__clkbuf_16)
     2    0.02                           clknet_0_clk (net)
                  0.04    0.00    0.30 ^ clkbuf_1_0__f_clk/A (sky130_fd_sc_hd__clkbuf_16)
                  0.05    0.12    0.42 ^ clkbuf_1_0__f_clk/X (sky130_fd_sc_hd__clkbuf_16)
    14    0.03                           clknet_1_0__leaf_clk (net)
                  0.05    0.00    0.42 ^ _408_/CLK (sky130_fd_sc_hd__dfrtp_4)
                  0.06    0.38    0.80 ^ _408_/Q (sky130_fd_sc_hd__dfrtp_4)
     3    0.01                           net8 (net)
                  0.06    0.00    0.80 ^ output8/A (sky130_fd_sc_hd__buf_2)
                  0.17    0.19    0.99 ^ output8/X (sky130_fd_sc_hd__buf_2)
     1    0.03                           A_out[6] (net)
                  0.17    0.00    0.99 ^ A_out[6] (out)
                                  0.99   data arrival time

                          0.00    0.00   clock clk (rise edge)
                          0.00    0.00   clock network delay (propagated)
                          0.25    0.25   clock uncertainty
                          0.00    0.25   clock reconvergence pessimism
                         -4.00   -3.75   output external delay
                                 -3.75   data required time
-----------------------------------------------------------------------------
                                 -3.75   data required time
                                 -0.99   data arrival time
-----------------------------------------------------------------------------
                                  4.74   slack (MET)


Startpoint: _412_ (rising edge-triggered flip-flop clocked by clk)
Endpoint: last_opcode_out[3] (output port clocked by clk)
Path Group: clk
Path Type: min

Fanout     Cap    Slew   Delay    Time   Description
-----------------------------------------------------------------------------
                          0.00    0.00   clock clk (rise edge)
                          0.00    0.00   clock source latency
                  0.20    0.14    0.14 ^ clk (in)
     1    0.04                           clk (net)
                  0.20    0.00    0.14 ^ clkbuf_0_clk/A (sky130_fd_sc_hd__clkbuf_16)
                  0.04    0.16    0.30 ^ clkbuf_0_clk/X (sky130_fd_sc_hd__clkbuf_16)
     2    0.02                           clknet_0_clk (net)
                  0.04    0.00    0.30 ^ clkbuf_1_1__f_clk/A (sky130_fd_sc_hd__clkbuf_16)
                  0.05    0.12    0.42 ^ clkbuf_1_1__f_clk/X (sky130_fd_sc_hd__clkbuf_16)
    14    0.03                           clknet_1_1__leaf_clk (net)
                  0.05    0.00    0.42 ^ _412_/CLK (sky130_fd_sc_hd__dfrtp_2)
                  0.12    0.38    0.81 ^ _412_/Q (sky130_fd_sc_hd__dfrtp_2)
     2    0.02                           net25 (net)
                  0.12    0.00    0.81 ^ output25/A (sky130_fd_sc_hd__clkbuf_4)
                  0.11    0.20    1.01 ^ output25/X (sky130_fd_sc_hd__clkbuf_4)
     1    0.03                           last_opcode_out[3] (net)
                  0.11    0.00    1.01 ^ last_opcode_out[3] (out)
                                  1.01   data arrival time

                          0.00    0.00   clock clk (rise edge)
                          0.00    0.00   clock network delay (propagated)
                          0.25    0.25   clock uncertainty
                          0.00    0.25   clock reconvergence pessimism
                         -4.00   -3.75   output external delay
                                 -3.75   data required time
-----------------------------------------------------------------------------
                                 -3.75   data required time
                                 -1.01   data arrival time
-----------------------------------------------------------------------------
                                  4.76   slack (MET)


Startpoint: _415_ (rising edge-triggered flip-flop clocked by clk)
Endpoint: flags_out[1] (output port clocked by clk)
Path Group: clk
Path Type: min

Fanout     Cap    Slew   Delay    Time   Description
-----------------------------------------------------------------------------
                          0.00    0.00   clock clk (rise edge)
                          0.00    0.00   clock source latency
                  0.20    0.14    0.14 ^ clk (in)
     1    0.04                           clk (net)
                  0.20    0.00    0.14 ^ clkbuf_0_clk/A (sky130_fd_sc_hd__clkbuf_16)
                  0.04    0.16    0.30 ^ clkbuf_0_clk/X (sky130_fd_sc_hd__clkbuf_16)
     2    0.02                           clknet_0_clk (net)
                  0.04    0.00    0.30 ^ clkbuf_1_0__f_clk/A (sky130_fd_sc_hd__clkbuf_16)
                  0.05    0.12    0.42 ^ clkbuf_1_0__f_clk/X (sky130_fd_sc_hd__clkbuf_16)
    14    0.03                           clknet_1_0__leaf_clk (net)
                  0.05    0.00    0.42 ^ _415_/CLK (sky130_fd_sc_hd__dfrtp_4)
                  0.10    0.42    0.85 ^ _415_/Q (sky130_fd_sc_hd__dfrtp_4)
     2    0.02                           net19 (net)
                  0.10    0.00    0.85 ^ output19/A (sky130_fd_sc_hd__clkbuf_4)
                  0.11    0.19    1.04 ^ output19/X (sky130_fd_sc_hd__clkbuf_4)
     1    0.03                           flags_out[1] (net)
                  0.11    0.00    1.04 ^ flags_out[1] (out)
                                  1.04   data arrival time

                          0.00    0.00   clock clk (rise edge)
                          0.00    0.00   clock network delay (propagated)
                          0.25    0.25   clock uncertainty
                          0.00    0.25   clock reconvergence pessimism
                         -4.00   -3.75   output external delay
                                 -3.75   data required time
-----------------------------------------------------------------------------
                                 -3.75   data required time
                                 -1.04   data arrival time
-----------------------------------------------------------------------------
                                  4.79   slack (MET)


Startpoint: _402_ (rising edge-triggered flip-flop clocked by clk)
Endpoint: A_out[0] (output port clocked by clk)
Path Group: clk
Path Type: min

Fanout     Cap    Slew   Delay    Time   Description
-----------------------------------------------------------------------------
                          0.00    0.00   clock clk (rise edge)
                          0.00    0.00   clock source latency
                  0.20    0.14    0.14 ^ clk (in)
     1    0.04                           clk (net)
                  0.20    0.00    0.14 ^ clkbuf_0_clk/A (sky130_fd_sc_hd__clkbuf_16)
                  0.04    0.16    0.30 ^ clkbuf_0_clk/X (sky130_fd_sc_hd__clkbuf_16)
     2    0.02                           clknet_0_clk (net)
                  0.04    0.00    0.30 ^ clkbuf_1_1__f_clk/A (sky130_fd_sc_hd__clkbuf_16)
                  0.05    0.12    0.42 ^ clkbuf_1_1__f_clk/X (sky130_fd_sc_hd__clkbuf_16)
    14    0.03                           clknet_1_1__leaf_clk (net)
                  0.05    0.00    0.42 ^ _402_/CLK (sky130_fd_sc_hd__dfrtp_4)
                  0.11    0.43    0.85 ^ _402_/Q (sky130_fd_sc_hd__dfrtp_4)
     4    0.03                           net2 (net)
                  0.11    0.00    0.85 ^ output2/A (sky130_fd_sc_hd__clkbuf_4)
                  0.11    0.20    1.05 ^ output2/X (sky130_fd_sc_hd__clkbuf_4)
     1    0.03                           A_out[0] (net)
                  0.11    0.00    1.05 ^ A_out[0] (out)
                                  1.05   data arrival time

                          0.00    0.00   clock clk (rise edge)
                          0.00    0.00   clock network delay (propagated)
                          0.25    0.25   clock uncertainty
                          0.00    0.25   clock reconvergence pessimism
                         -4.00   -3.75   output external delay
                                 -3.75   data required time
-----------------------------------------------------------------------------
                                 -3.75   data required time
                                 -1.05   data arrival time
-----------------------------------------------------------------------------
                                  4.80   slack (MET)


Startpoint: _417_ (rising edge-triggered flip-flop clocked by clk)
Endpoint: flags_out[3] (output port clocked by clk)
Path Group: clk
Path Type: min

Fanout     Cap    Slew   Delay    Time   Description
-----------------------------------------------------------------------------
                          0.00    0.00   clock clk (rise edge)
                          0.00    0.00   clock source latency
                  0.20    0.14    0.14 ^ clk (in)
     1    0.04                           clk (net)
                  0.20    0.00    0.14 ^ clkbuf_0_clk/A (sky130_fd_sc_hd__clkbuf_16)
                  0.04    0.16    0.30 ^ clkbuf_0_clk/X (sky130_fd_sc_hd__clkbuf_16)
     2    0.02                           clknet_0_clk (net)
                  0.04    0.00    0.30 ^ clkbuf_1_0__f_clk/A (sky130_fd_sc_hd__clkbuf_16)
                  0.05    0.12    0.42 ^ clkbuf_1_0__f_clk/X (sky130_fd_sc_hd__clkbuf_16)
    14    0.03                           clknet_1_0__leaf_clk (net)
                  0.05    0.00    0.42 ^ _417_/CLK (sky130_fd_sc_hd__dfrtp_4)
                  0.11    0.43    0.85 ^ _417_/Q (sky130_fd_sc_hd__dfrtp_4)
     3    0.03                           net21 (net)
                  0.11    0.00    0.85 ^ output21/A (sky130_fd_sc_hd__clkbuf_4)
                  0.11    0.20    1.05 ^ output21/X (sky130_fd_sc_hd__clkbuf_4)
     1    0.03                           flags_out[3] (net)
                  0.11    0.00    1.05 ^ flags_out[3] (out)
                                  1.05   data arrival time

                          0.00    0.00   clock clk (rise edge)
                          0.00    0.00   clock network delay (propagated)
                          0.25    0.25   clock uncertainty
                          0.00    0.25   clock reconvergence pessimism
                         -4.00   -3.75   output external delay
                                 -3.75   data required time
-----------------------------------------------------------------------------
                                 -3.75   data required time
                                 -1.05   data arrival time
-----------------------------------------------------------------------------
                                  4.80   slack (MET)


Startpoint: _421_ (rising edge-triggered flip-flop clocked by clk)
Endpoint: B_out[3] (output port clocked by clk)
Path Group: clk
Path Type: min

Fanout     Cap    Slew   Delay    Time   Description
-----------------------------------------------------------------------------
                          0.00    0.00   clock clk (rise edge)
                          0.00    0.00   clock source latency
                  0.20    0.14    0.14 ^ clk (in)
     1    0.04                           clk (net)
                  0.20    0.00    0.14 ^ clkbuf_0_clk/A (sky130_fd_sc_hd__clkbuf_16)
                  0.04    0.16    0.30 ^ clkbuf_0_clk/X (sky130_fd_sc_hd__clkbuf_16)
     2    0.02                           clknet_0_clk (net)
                  0.04    0.00    0.30 ^ clkbuf_1_1__f_clk/A (sky130_fd_sc_hd__clkbuf_16)
                  0.05    0.12    0.42 ^ clkbuf_1_1__f_clk/X (sky130_fd_sc_hd__clkbuf_16)
    14    0.03                           clknet_1_1__leaf_clk (net)
                  0.05    0.00    0.42 ^ _421_/CLK (sky130_fd_sc_hd__dfrtp_4)
                  0.11    0.43    0.85 ^ _421_/Q (sky130_fd_sc_hd__dfrtp_4)
     4    0.03                           net13 (net)
                  0.11    0.00    0.86 ^ output13/A (sky130_fd_sc_hd__clkbuf_4)
                  0.11    0.20    1.05 ^ output13/X (sky130_fd_sc_hd__clkbuf_4)
     1    0.03                           B_out[3] (net)
                  0.11    0.00    1.06 ^ B_out[3] (out)
                                  1.06   data arrival time

                          0.00    0.00   clock clk (rise edge)
                          0.00    0.00   clock network delay (propagated)
                          0.25    0.25   clock uncertainty
                          0.00    0.25   clock reconvergence pessimism
                         -4.00   -3.75   output external delay
                                 -3.75   data required time
-----------------------------------------------------------------------------
                                 -3.75   data required time
                                 -1.06   data arrival time
-----------------------------------------------------------------------------
                                  4.81   slack (MET)


Startpoint: _423_ (rising edge-triggered flip-flop clocked by clk)
Endpoint: B_out[5] (output port clocked by clk)
Path Group: clk
Path Type: min

Fanout     Cap    Slew   Delay    Time   Description
-----------------------------------------------------------------------------
                          0.00    0.00   clock clk (rise edge)
                          0.00    0.00   clock source latency
                  0.20    0.14    0.14 ^ clk (in)
     1    0.04                           clk (net)
                  0.20    0.00    0.14 ^ clkbuf_0_clk/A (sky130_fd_sc_hd__clkbuf_16)
                  0.04    0.16    0.30 ^ clkbuf_0_clk/X (sky130_fd_sc_hd__clkbuf_16)
     2    0.02                           clknet_0_clk (net)
                  0.04    0.00    0.30 ^ clkbuf_1_0__f_clk/A (sky130_fd_sc_hd__clkbuf_16)
                  0.05    0.12    0.42 ^ clkbuf_1_0__f_clk/X (sky130_fd_sc_hd__clkbuf_16)
    14    0.03                           clknet_1_0__leaf_clk (net)
                  0.05    0.00    0.42 ^ _423_/CLK (sky130_fd_sc_hd__dfrtp_4)
                  0.11    0.43    0.86 ^ _423_/Q (sky130_fd_sc_hd__dfrtp_4)
     3    0.03                           net15 (net)
                  0.11    0.00    0.86 ^ output15/A (sky130_fd_sc_hd__clkbuf_4)
                  0.11    0.20    1.06 ^ output15/X (sky130_fd_sc_hd__clkbuf_4)
     1    0.03                           B_out[5] (net)
                  0.11    0.00    1.06 ^ B_out[5] (out)
                                  1.06   data arrival time

                          0.00    0.00   clock clk (rise edge)
                          0.00    0.00   clock network delay (propagated)
                          0.25    0.25   clock uncertainty
                          0.00    0.25   clock reconvergence pessimism
                         -4.00   -3.75   output external delay
                                 -3.75   data required time
-----------------------------------------------------------------------------
                                 -3.75   data required time
                                 -1.06   data arrival time
-----------------------------------------------------------------------------
                                  4.81   slack (MET)


Startpoint: _414_ (rising edge-triggered flip-flop clocked by clk)
Endpoint: flags_out[0] (output port clocked by clk)
Path Group: clk
Path Type: min

Fanout     Cap    Slew   Delay    Time   Description
-----------------------------------------------------------------------------
                          0.00    0.00   clock clk (rise edge)
                          0.00    0.00   clock source latency
                  0.20    0.14    0.14 ^ clk (in)
     1    0.04                           clk (net)
                  0.20    0.00    0.14 ^ clkbuf_0_clk/A (sky130_fd_sc_hd__clkbuf_16)
                  0.04    0.16    0.30 ^ clkbuf_0_clk/X (sky130_fd_sc_hd__clkbuf_16)
     2    0.02                           clknet_0_clk (net)
                  0.04    0.00    0.30 ^ clkbuf_1_0__f_clk/A (sky130_fd_sc_hd__clkbuf_16)
                  0.05    0.12    0.42 ^ clkbuf_1_0__f_clk/X (sky130_fd_sc_hd__clkbuf_16)
    14    0.03                           clknet_1_0__leaf_clk (net)
                  0.05    0.00    0.42 ^ _414_/CLK (sky130_fd_sc_hd__dfrtp_4)
                  0.11    0.43    0.86 ^ _414_/Q (sky130_fd_sc_hd__dfrtp_4)
     2    0.03                           net18 (net)
                  0.11    0.00    0.86 ^ output18/A (sky130_fd_sc_hd__clkbuf_4)
                  0.11    0.20    1.06 ^ output18/X (sky130_fd_sc_hd__clkbuf_4)
     1    0.03                           flags_out[0] (net)
                  0.11    0.00    1.06 ^ flags_out[0] (out)
                                  1.06   data arrival time

                          0.00    0.00   clock clk (rise edge)
                          0.00    0.00   clock network delay (propagated)
                          0.25    0.25   clock uncertainty
                          0.00    0.25   clock reconvergence pessimism
                         -4.00   -3.75   output external delay
                                 -3.75   data required time
-----------------------------------------------------------------------------
                                 -3.75   data required time
                                 -1.06   data arrival time
-----------------------------------------------------------------------------
                                  4.81   slack (MET)


Startpoint: _413_ (rising edge-triggered flip-flop clocked by clk)
Endpoint: last_opcode_out[4] (output port clocked by clk)
Path Group: clk
Path Type: min

Fanout     Cap    Slew   Delay    Time   Description
-----------------------------------------------------------------------------
                          0.00    0.00   clock clk (rise edge)
                          0.00    0.00   clock source latency
                  0.20    0.14    0.14 ^ clk (in)
     1    0.04                           clk (net)
                  0.20    0.00    0.14 ^ clkbuf_0_clk/A (sky130_fd_sc_hd__clkbuf_16)
                  0.04    0.16    0.30 ^ clkbuf_0_clk/X (sky130_fd_sc_hd__clkbuf_16)
     2    0.02                           clknet_0_clk (net)
                  0.04    0.00    0.30 ^ clkbuf_1_0__f_clk/A (sky130_fd_sc_hd__clkbuf_16)
                  0.05    0.12    0.42 ^ clkbuf_1_0__f_clk/X (sky130_fd_sc_hd__clkbuf_16)
    14    0.03                           clknet_1_0__leaf_clk (net)
                  0.05    0.00    0.42 ^ _413_/CLK (sky130_fd_sc_hd__dfrtp_4)
                  0.06    0.38    0.80 ^ _413_/Q (sky130_fd_sc_hd__dfrtp_4)
     3    0.01                           net27 (net)
                  0.06    0.00    0.80 ^ _428_/A (sky130_fd_sc_hd__clkbuf_1)
                  0.06    0.09    0.89 ^ _428_/X (sky130_fd_sc_hd__clkbuf_1)
     1    0.00                           net26 (net)
                  0.06    0.00    0.89 ^ output26/A (sky130_fd_sc_hd__clkbuf_4)
                  0.11    0.18    1.07 ^ output26/X (sky130_fd_sc_hd__clkbuf_4)
     1    0.03                           last_opcode_out[4] (net)
                  0.11    0.00    1.07 ^ last_opcode_out[4] (out)
                                  1.07   data arrival time

                          0.00    0.00   clock clk (rise edge)
                          0.00    0.00   clock network delay (propagated)
                          0.25    0.25   clock uncertainty
                          0.00    0.25   clock reconvergence pessimism
                         -4.00   -3.75   output external delay
                                 -3.75   data required time
-----------------------------------------------------------------------------
                                 -3.75   data required time
                                 -1.07   data arrival time
-----------------------------------------------------------------------------
                                  4.82   slack (MET)


Startpoint: _424_ (rising edge-triggered flip-flop clocked by clk)
Endpoint: B_out[6] (output port clocked by clk)
Path Group: clk
Path Type: min

Fanout     Cap    Slew   Delay    Time   Description
-----------------------------------------------------------------------------
                          0.00    0.00   clock clk (rise edge)
                          0.00    0.00   clock source latency
                  0.20    0.14    0.14 ^ clk (in)
     1    0.04                           clk (net)
                  0.20    0.00    0.14 ^ clkbuf_0_clk/A (sky130_fd_sc_hd__clkbuf_16)
                  0.04    0.16    0.30 ^ clkbuf_0_clk/X (sky130_fd_sc_hd__clkbuf_16)
     2    0.02                           clknet_0_clk (net)
                  0.04    0.00    0.30 ^ clkbuf_1_0__f_clk/A (sky130_fd_sc_hd__clkbuf_16)
                  0.05    0.12    0.42 ^ clkbuf_1_0__f_clk/X (sky130_fd_sc_hd__clkbuf_16)
    14    0.03                           clknet_1_0__leaf_clk (net)
                  0.05    0.00    0.42 ^ _424_/CLK (sky130_fd_sc_hd__dfrtp_4)
                  0.13    0.45    0.87 ^ _424_/Q (sky130_fd_sc_hd__dfrtp_4)
     6    0.04                           net16 (net)
                  0.13    0.00    0.87 ^ output16/A (sky130_fd_sc_hd__buf_2)
                  0.17    0.22    1.09 ^ output16/X (sky130_fd_sc_hd__buf_2)
     1    0.03                           B_out[6] (net)
                  0.17    0.00    1.09 ^ B_out[6] (out)
                                  1.09   data arrival time

                          0.00    0.00   clock clk (rise edge)
                          0.00    0.00   clock network delay (propagated)
                          0.25    0.25   clock uncertainty
                          0.00    0.25   clock reconvergence pessimism
                         -4.00   -3.75   output external delay
                                 -3.75   data required time
-----------------------------------------------------------------------------
                                 -3.75   data required time
                                 -1.09   data arrival time
-----------------------------------------------------------------------------
                                  4.84   slack (MET)


Startpoint: _418_ (rising edge-triggered flip-flop clocked by clk)
Endpoint: B_out[0] (output port clocked by clk)
Path Group: clk
Path Type: min

Fanout     Cap    Slew   Delay    Time   Description
-----------------------------------------------------------------------------
                          0.00    0.00   clock clk (rise edge)
                          0.00    0.00   clock source latency
                  0.20    0.14    0.14 ^ clk (in)
     1    0.04                           clk (net)
                  0.20    0.00    0.14 ^ clkbuf_0_clk/A (sky130_fd_sc_hd__clkbuf_16)
                  0.04    0.16    0.30 ^ clkbuf_0_clk/X (sky130_fd_sc_hd__clkbuf_16)
     2    0.02                           clknet_0_clk (net)
                  0.04    0.00    0.30 ^ clkbuf_1_1__f_clk/A (sky130_fd_sc_hd__clkbuf_16)
                  0.05    0.12    0.42 ^ clkbuf_1_1__f_clk/X (sky130_fd_sc_hd__clkbuf_16)
    14    0.03                           clknet_1_1__leaf_clk (net)
                  0.05    0.00    0.42 ^ _418_/CLK (sky130_fd_sc_hd__dfrtp_4)
                  0.14    0.46    0.88 ^ _418_/Q (sky130_fd_sc_hd__dfrtp_4)
     5    0.04                           net10 (net)
                  0.14    0.00    0.88 ^ output10/A (sky130_fd_sc_hd__clkbuf_4)
                  0.11    0.21    1.09 ^ output10/X (sky130_fd_sc_hd__clkbuf_4)
     1    0.03                           B_out[0] (net)
                  0.11    0.00    1.09 ^ B_out[0] (out)
                                  1.09   data arrival time

                          0.00    0.00   clock clk (rise edge)
                          0.00    0.00   clock network delay (propagated)
                          0.25    0.25   clock uncertainty
                          0.00    0.25   clock reconvergence pessimism
                         -4.00   -3.75   output external delay
                                 -3.75   data required time
-----------------------------------------------------------------------------
                                 -3.75   data required time
                                 -1.09   data arrival time
-----------------------------------------------------------------------------
                                  4.84   slack (MET)


Startpoint: _422_ (rising edge-triggered flip-flop clocked by clk)
Endpoint: B_out[4] (output port clocked by clk)
Path Group: clk
Path Type: min

Fanout     Cap    Slew   Delay    Time   Description
-----------------------------------------------------------------------------
                          0.00    0.00   clock clk (rise edge)
                          0.00    0.00   clock source latency
                  0.20    0.14    0.14 ^ clk (in)
     1    0.04                           clk (net)
                  0.20    0.00    0.14 ^ clkbuf_0_clk/A (sky130_fd_sc_hd__clkbuf_16)
                  0.04    0.16    0.30 ^ clkbuf_0_clk/X (sky130_fd_sc_hd__clkbuf_16)
     2    0.02                           clknet_0_clk (net)
                  0.04    0.00    0.30 ^ clkbuf_1_0__f_clk/A (sky130_fd_sc_hd__clkbuf_16)
                  0.05    0.12    0.42 ^ clkbuf_1_0__f_clk/X (sky130_fd_sc_hd__clkbuf_16)
    14    0.03                           clknet_1_0__leaf_clk (net)
                  0.05    0.00    0.42 ^ _422_/CLK (sky130_fd_sc_hd__dfrtp_4)
                  0.14    0.46    0.88 ^ _422_/Q (sky130_fd_sc_hd__dfrtp_4)
     5    0.04                           net14 (net)
                  0.14    0.00    0.89 ^ output14/A (sky130_fd_sc_hd__clkbuf_4)
                  0.11    0.21    1.10 ^ output14/X (sky130_fd_sc_hd__clkbuf_4)
     1    0.03                           B_out[4] (net)
                  0.11    0.00    1.10 ^ B_out[4] (out)
                                  1.10   data arrival time

                          0.00    0.00   clock clk (rise edge)
                          0.00    0.00   clock network delay (propagated)
                          0.25    0.25   clock uncertainty
                          0.00    0.25   clock reconvergence pessimism
                         -4.00   -3.75   output external delay
                                 -3.75   data required time
-----------------------------------------------------------------------------
                                 -3.75   data required time
                                 -1.10   data arrival time
-----------------------------------------------------------------------------
                                  4.85   slack (MET)


Startpoint: _420_ (rising edge-triggered flip-flop clocked by clk)
Endpoint: B_out[2] (output port clocked by clk)
Path Group: clk
Path Type: min

Fanout     Cap    Slew   Delay    Time   Description
-----------------------------------------------------------------------------
                          0.00    0.00   clock clk (rise edge)
                          0.00    0.00   clock source latency
                  0.20    0.14    0.14 ^ clk (in)
     1    0.04                           clk (net)
                  0.20    0.00    0.14 ^ clkbuf_0_clk/A (sky130_fd_sc_hd__clkbuf_16)
                  0.04    0.16    0.30 ^ clkbuf_0_clk/X (sky130_fd_sc_hd__clkbuf_16)
     2    0.02                           clknet_0_clk (net)
                  0.04    0.00    0.30 ^ clkbuf_1_1__f_clk/A (sky130_fd_sc_hd__clkbuf_16)
                  0.05    0.12    0.42 ^ clkbuf_1_1__f_clk/X (sky130_fd_sc_hd__clkbuf_16)
    14    0.03                           clknet_1_1__leaf_clk (net)
                  0.05    0.00    0.42 ^ _420_/CLK (sky130_fd_sc_hd__dfrtp_4)
                  0.15    0.46    0.88 ^ _420_/Q (sky130_fd_sc_hd__dfrtp_4)
     4    0.04                           net12 (net)
                  0.15    0.00    0.89 ^ output12/A (sky130_fd_sc_hd__buf_2)
                  0.17    0.22    1.11 ^ output12/X (sky130_fd_sc_hd__buf_2)
     1    0.03                           B_out[2] (net)
                  0.17    0.00    1.11 ^ B_out[2] (out)
                                  1.11   data arrival time

                          0.00    0.00   clock clk (rise edge)
                          0.00    0.00   clock network delay (propagated)
                          0.25    0.25   clock uncertainty
                          0.00    0.25   clock reconvergence pessimism
                         -4.00   -3.75   output external delay
                                 -3.75   data required time
-----------------------------------------------------------------------------
                                 -3.75   data required time
                                 -1.11   data arrival time
-----------------------------------------------------------------------------
                                  4.86   slack (MET)


Startpoint: _404_ (rising edge-triggered flip-flop clocked by clk)
Endpoint: A_out[2] (output port clocked by clk)
Path Group: clk
Path Type: min

Fanout     Cap    Slew   Delay    Time   Description
-----------------------------------------------------------------------------
                          0.00    0.00   clock clk (rise edge)
                          0.00    0.00   clock source latency
                  0.20    0.14    0.14 ^ clk (in)
     1    0.04                           clk (net)
                  0.20    0.00    0.14 ^ clkbuf_0_clk/A (sky130_fd_sc_hd__clkbuf_16)
                  0.04    0.16    0.30 ^ clkbuf_0_clk/X (sky130_fd_sc_hd__clkbuf_16)
     2    0.02                           clknet_0_clk (net)
                  0.04    0.00    0.30 ^ clkbuf_1_1__f_clk/A (sky130_fd_sc_hd__clkbuf_16)
                  0.05    0.12    0.42 ^ clkbuf_1_1__f_clk/X (sky130_fd_sc_hd__clkbuf_16)
    14    0.03                           clknet_1_1__leaf_clk (net)
                  0.05    0.00    0.42 ^ _404_/CLK (sky130_fd_sc_hd__dfrtp_4)
                  0.16    0.47    0.90 ^ _404_/Q (sky130_fd_sc_hd__dfrtp_4)
     4    0.05                           net4 (net)
                  0.16    0.01    0.90 ^ output4/A (sky130_fd_sc_hd__clkbuf_4)
                  0.11    0.21    1.11 ^ output4/X (sky130_fd_sc_hd__clkbuf_4)
     1    0.03                           A_out[2] (net)
                  0.11    0.00    1.11 ^ A_out[2] (out)
                                  1.11   data arrival time

                          0.00    0.00   clock clk (rise edge)
                          0.00    0.00   clock network delay (propagated)
                          0.25    0.25   clock uncertainty
                          0.00    0.25   clock reconvergence pessimism
                         -4.00   -3.75   output external delay
                                 -3.75   data required time
-----------------------------------------------------------------------------
                                 -3.75   data required time
                                 -1.11   data arrival time
-----------------------------------------------------------------------------
                                  4.86   slack (MET)


Startpoint: _410_ (rising edge-triggered flip-flop clocked by clk)
Endpoint: last_opcode_out[1] (output port clocked by clk)
Path Group: clk
Path Type: min

Fanout     Cap    Slew   Delay    Time   Description
-----------------------------------------------------------------------------
                          0.00    0.00   clock clk (rise edge)
                          0.00    0.00   clock source latency
                  0.20    0.14    0.14 ^ clk (in)
     1    0.04                           clk (net)
                  0.20    0.00    0.14 ^ clkbuf_0_clk/A (sky130_fd_sc_hd__clkbuf_16)
                  0.04    0.16    0.30 ^ clkbuf_0_clk/X (sky130_fd_sc_hd__clkbuf_16)
     2    0.02                           clknet_0_clk (net)
                  0.04    0.00    0.30 ^ clkbuf_1_0__f_clk/A (sky130_fd_sc_hd__clkbuf_16)
                  0.05    0.12    0.42 ^ clkbuf_1_0__f_clk/X (sky130_fd_sc_hd__clkbuf_16)
    14    0.03                           clknet_1_0__leaf_clk (net)
                  0.05    0.00    0.42 ^ _410_/CLK (sky130_fd_sc_hd__dfrtp_4)
                  0.17    0.49    0.91 ^ _410_/Q (sky130_fd_sc_hd__dfrtp_4)
     3    0.05                           net23 (net)
                  0.17    0.01    0.91 ^ output23/A (sky130_fd_sc_hd__buf_2)
                  0.17    0.23    1.14 ^ output23/X (sky130_fd_sc_hd__buf_2)
     1    0.03                           last_opcode_out[1] (net)
                  0.17    0.00    1.14 ^ last_opcode_out[1] (out)
                                  1.14   data arrival time

                          0.00    0.00   clock clk (rise edge)
                          0.00    0.00   clock network delay (propagated)
                          0.25    0.25   clock uncertainty
                          0.00    0.25   clock reconvergence pessimism
                         -4.00   -3.75   output external delay
                                 -3.75   data required time
-----------------------------------------------------------------------------
                                 -3.75   data required time
                                 -1.14   data arrival time
-----------------------------------------------------------------------------
                                  4.89   slack (MET)


Startpoint: _410_ (rising edge-triggered flip-flop clocked by clk)
Endpoint: last_opcode_out[0] (output port clocked by clk)
Path Group: clk
Path Type: min

Fanout     Cap    Slew   Delay    Time   Description
-----------------------------------------------------------------------------
                          0.00    0.00   clock clk (rise edge)
                          0.00    0.00   clock source latency
                  0.20    0.14    0.14 ^ clk (in)
     1    0.04                           clk (net)
                  0.20    0.00    0.14 ^ clkbuf_0_clk/A (sky130_fd_sc_hd__clkbuf_16)
                  0.04    0.16    0.30 ^ clkbuf_0_clk/X (sky130_fd_sc_hd__clkbuf_16)
     2    0.02                           clknet_0_clk (net)
                  0.04    0.00    0.30 ^ clkbuf_1_0__f_clk/A (sky130_fd_sc_hd__clkbuf_16)
                  0.05    0.12    0.42 ^ clkbuf_1_0__f_clk/X (sky130_fd_sc_hd__clkbuf_16)
    14    0.03                           clknet_1_0__leaf_clk (net)
                  0.05    0.00    0.42 ^ _410_/CLK (sky130_fd_sc_hd__dfrtp_4)
                  0.17    0.49    0.91 ^ _410_/Q (sky130_fd_sc_hd__dfrtp_4)
     3    0.05                           net23 (net)
                  0.17    0.00    0.91 ^ _427_/A (sky130_fd_sc_hd__clkbuf_1)
                  0.06    0.11    1.02 ^ _427_/X (sky130_fd_sc_hd__clkbuf_1)
     1    0.00                           net22 (net)
                  0.06    0.00    1.03 ^ output22/A (sky130_fd_sc_hd__clkbuf_4)
                  0.11    0.18    1.21 ^ output22/X (sky130_fd_sc_hd__clkbuf_4)
     1    0.03                           last_opcode_out[0] (net)
                  0.11    0.00    1.21 ^ last_opcode_out[0] (out)
                                  1.21   data arrival time

                          0.00    0.00   clock clk (rise edge)
                          0.00    0.00   clock network delay (propagated)
                          0.25    0.25   clock uncertainty
                          0.00    0.25   clock reconvergence pessimism
                         -4.00   -3.75   output external delay
                                 -3.75   data required time
-----------------------------------------------------------------------------
                                 -3.75   data required time
                                 -1.21   data arrival time
-----------------------------------------------------------------------------
                                  4.96   slack (MET)



